ID,Source,loc_key,score_Expert,label_Expert,score_EWM,label_EWM,score_CRITIC,label_CRITIC,score_AHP,label_AHP,score_Multiplicative,label_Multiplicative,score_MeanDev,label_MeanDev
1.0,1-1,location1,0.411,高风险,0.248,中风险,0.573,高风险,0.635,高风险,0.459,高风险,0.485,高风险
1.0,1-2,location1,0.0,低风险,0.0,低风险,0.0,低风险,0.0,低风险,0.0,低风险,0.0,低风险
2.0,1-2,location1,0.0,低风险,0.0,低风险,0.0,低风险,0.0,低风险,0.0,低风险,0.0,低风险
3.0,1-1,location1,0.371,高风险,0.25,中风险,0.468,高风险,0.586,高风险,0.422,高风险,0.435,高风险
3.0,1-2,location1,0.288,中风险,0.141,中风险,0.45,高风险,0.538,高风险,0.353,高风险,0.377,高风险
4.0,1-2,location1,0.002,低风险,0.002,低风险,0.002,低风险,0.001,低风险,0.002,低风险,0.002,低风险
5.0,1-1,location1,0.0,低风险,0.0,低风险,0.0,低风险,0.0,低风险,0.0,低风险,0.0,低风险
6.0,1-1,location1,0.0,低风险,0.0,低风险,0.0,低风险,0.0,低风险,0.0,低风险,0.0,低风险
6.0,1-2,location1,0.0,低风险,0.0,低风险,0.0,低风险,0.0,低风险,0.0,低风险,0.0,低风险
7.0,1-1,location1,0.309,中风险,0.192,中风险,0.422,高风险,0.461,高风险,0.339,高风险,0.358,高风险
7.0,1-2,location1,0.305,中风险,0.152,中风险,0.47,高风险,0.589,高风险,0.382,高风险,0.403,高风险
9.0,1-1,location1,0.107,低风险,0.043,低风险,0.182,中风险,0.228,中风险,0.141,中风险,0.151,中风险
9.0,1-2,location1,0.128,中风险,0.051,低风险,0.217,中风险,0.271,中风险,0.168,中风险,0.18,中风险
10.0,1-1,location1,0.531,高风险,0.415,高风险,0.577,高风险,0.727,高风险,0.568,高风险,0.573,高风险
11.0,1-1,location1,0.0,低风险,0.0,低风险,0.0,低风险,0.0,低风险,0.0,低风险,0.0,低风险
11.0,1-2,location1,0.325,高风险,0.281,中风险,0.309,中风险,0.391,高风险,0.33,高风险,0.327,高风险
12.0,1-1,location1,0.271,中风险,0.285,中风险,0.197,中风险,0.071,低风险,0.184,中风险,0.184,中风险
13.0,1-1,location1,0.369,高风险,0.254,中风险,0.455,高风险,0.572,高风险,0.416,高风险,0.427,高风险
13.0,1-2,location1,0.0,低风险,0.0,低风险,0.0,低风险,0.0,低风险,0.0,低风险,0.0,低风险
14.0,1-2,location1,0.0,低风险,0.0,低风险,0.0,低风险,0.0,低风险,0.0,低风险,0.0,低风险
15.0,1-1,location1,0.182,中风险,0.088,低风险,0.287,中风险,0.345,高风险,0.225,中风险,0.24,中风险
16.0,1-2,location1,0.131,中风险,0.053,低风险,0.223,中风险,0.279,中风险,0.172,中风险,0.185,中风险
17.0,1-2,location1,0.0,低风险,0.0,低风险,0.0,低风险,0.0,低风险,0.0,低风险,0.0,低风险
18.0,1-1,location1,0.161,中风险,0.07,低风险,0.265,中风险,0.332,高风险,0.209,中风险,0.222,中风险
19.0,1-1,location1,0.0,低风险,0.0,低风险,0.0,低风险,0.0,低风险,0.0,低风险,0.0,低风险
20.0,1-1,location1,0.0,低风险,0.0,低风险,0.0,低风险,0.0,低风险,0.0,低风险,0.0,低风险
20.0,1-2,location1,0.112,中风险,0.118,中风险,0.082,低风险,0.029,低风险,0.076,低风险,0.076,低风险
21.0,1-1,location1,0.052,低风险,0.055,低风险,0.038,低风险,0.014,低风险,0.035,低风险,0.035,低风险
22.0,1-1,location1,0.306,中风险,0.176,中风险,0.434,高风险,0.545,高风险,0.368,高风险,0.385,高风险
22.0,1-2,location1,0.135,中风险,0.054,低风险,0.229,中风险,0.287,中风险,0.178,中风险,0.19,中风险
23.0,1-1,location1,0.237,中风险,0.163,中风险,0.3,中风险,0.309,中风险,0.245,中风险,0.257,中风险
24.0,1-2,location1,0.286,中风险,0.115,中风险,0.485,高风险,0.607,高风险,0.375,高风险,0.402,高风险
25.0,1-1,location1,0.337,高风险,0.213,中风险,0.447,高风险,0.562,高风险,0.393,高风险,0.407,高风险
25.0,1-2,location1,0.344,高风险,0.226,中风险,0.443,高风险,0.556,高风险,0.395,高风险,0.408,高风险
26.0,1-1,location1,0.008,低风险,0.009,低风险,0.006,低风险,0.002,低风险,0.006,低风险,0.006,低风险
28.0,1-1,location1,0.025,低风险,0.01,低风险,0.043,低风险,0.054,低风险,0.033,低风险,0.036,低风险
30.0,1-1,location1,0.182,中风险,0.073,低风险,0.308,中风险,0.386,高风险,0.238,中风险,0.256,中风险
31.0,1-1,location1,0.0,低风险,0.0,低风险,0.0,低风险,0.0,低风险,0.0,低风险,0.0,低风险
31.0,1-2,location1,0.265,中风险,0.106,低风险,0.449,高风险,0.562,高风险,0.348,高风险,0.372,高风险
32.0,1-1,location1,0.3,中风险,0.12,中风险,0.508,高风险,0.636,高风险,0.393,高风险,0.421,高风险
33.0,1-1,location1,0.274,中风险,0.182,中风险,0.355,高风险,0.373,高风险,0.288,中风险,0.304,中风险
34.0,1-1,location1,0.057,低风险,0.06,低风险,0.042,低风险,0.015,低风险,0.039,低风险,0.039,低风险
36.0,1-1,location1,0.0,低风险,0.0,低风险,0.0,低风险,0.0,低风险,0.0,低风险,0.0,低风险
37.0,1-1,location1,0.0,低风险,0.0,低风险,0.0,低风险,0.0,低风险,0.0,低风险,0.0,低风险
38.0,1-1,location1,0.196,中风险,0.079,低风险,0.333,高风险,0.417,高风险,0.258,中风险,0.276,中风险
39.0,1-1,location1,0.45,高风险,0.29,中风险,0.588,高风险,0.738,高风险,0.521,高风险,0.539,高风险
39.0,1-2,location1,0.248,中风险,0.125,中风险,0.382,高风险,0.453,高风险,0.3,中风险,0.32,高风险
41.0,1-1,location1,0.041,低风险,0.016,低风险,0.07,低风险,0.087,低风险,0.054,低风险,0.058,低风险
42.0,1-1,location1,0.303,中风险,0.172,中风险,0.439,高风险,0.499,高风险,0.349,高风险,0.37,高风险
43.0,1-1,location1,0.491,高风险,0.345,高风险,0.612,高风险,0.62,高风险,0.501,高风险,0.526,高风险
43.0,1-2,location1,0.0,低风险,0.0,低风险,0.0,低风险,0.0,低风险,0.0,低风险,0.0,低风险
45.0,1-1,location1,0.444,高风险,0.303,中风险,0.552,高风险,0.694,高风险,0.502,高风险,0.516,高风险
46.0,1-1,location1,0.204,中风险,0.084,低风险,0.343,高风险,0.427,高风险,0.266,中风险,0.284,中风险
47.0,1-1,location1,0.166,中风险,0.082,低风险,0.256,中风险,0.321,高风险,0.207,中风险,0.219,中风险
48.0,1-1,location1,0.19,中风险,0.076,低风险,0.322,高风险,0.403,高风险,0.249,中风险,0.267,中风险
50.0,1-1,location1,0.259,中风险,0.127,中风险,0.405,高风险,0.485,高风险,0.318,高风险,0.339,高风险
50.0,1-2,location1,0.195,中风险,0.078,低风险,0.331,高风险,0.414,高风险,0.256,中风险,0.274,中风险
51.0,1-1,location1,0.298,中风险,0.161,中风险,0.439,高风险,0.55,高风险,0.364,高风险,0.383,高风险
52.0,1-1,location1,0.229,中风险,0.092,低风险,0.389,高风险,0.487,高风险,0.301,中风险,0.323,高风险
53.0,1-1,location1,0.444,高风险,0.292,中风险,0.584,高风险,0.617,高风险,0.472,高风险,0.498,高风险
56.0,1-1,location1,0.224,中风险,0.145,中风险,0.294,中风险,0.339,高风险,0.248,中风险,0.259,中风险
57.0,1-1,location1,0.265,中风险,0.106,低风险,0.449,高风险,0.562,高风险,0.348,高风险,0.372,高风险
58.0,1-2,location1,0.0,低风险,0.0,低风险,0.0,低风险,0.0,低风险,0.0,低风险,0.0,低风险
59.0,1-1,location1,0.069,低风险,0.028,低风险,0.117,中风险,0.147,中风险,0.091,低风险,0.097,低风险
60.0,1-1,location1,0.203,中风险,0.081,低风险,0.344,高风险,0.431,高风险,0.267,中风险,0.286,中风险
62.0,1-1,location1,0.065,低风险,0.026,低风险,0.11,低风险,0.138,中风险,0.085,低风险,0.091,低风险
63.0,1-1,location1,0.0,低风险,0.0,低风险,0.0,低风险,0.0,低风险,0.0,低风险,0.0,低风险
63.0,1-2,location1,0.321,高风险,0.201,中风险,0.435,高风险,0.473,高风险,0.35,高风险,0.37,高风险
64.0,1-1,location1,0.092,低风险,0.037,低风险,0.156,中风险,0.195,中风险,0.121,中风险,0.129,中风险
65.0,1-1,location1,0.0,低风险,0.0,低风险,0.0,低风险,0.0,低风险,0.0,低风险,0.0,低风险
67.0,1-1,location1,0.128,中风险,0.051,低风险,0.216,中风险,0.271,中风险,0.168,中风险,0.179,中风险
68.0,1-1,location1,0.004,低风险,0.004,低风险,0.003,低风险,0.001,低风险,0.003,低风险,0.003,低风险
69.0,1-1,location1,0.201,中风险,0.211,中风险,0.146,中风险,0.053,低风险,0.136,中风险,0.137,中风险
69.0,1-2,location1,0.169,中风险,0.068,低风险,0.287,中风险,0.36,高风险,0.222,中风险,0.238,中风险
70.0,1-1,location1,0.189,中风险,0.076,低风险,0.321,高风险,0.402,高风险,0.249,中风险,0.266,中风险
71.0,1-1,location1,0.43,高风险,0.279,中风险,0.558,高风险,0.701,高风险,0.496,高风险,0.513,高风险
72.0,1-1,location1,0.0,低风险,0.0,低风险,0.0,低风险,0.0,低风险,0.0,低风险,0.0,低风险
73.0,1-2,location1,0.211,中风险,0.084,低风险,0.357,高风险,0.448,高风险,0.277,中风险,0.297,中风险
74.0,1-1,location1,0.246,中风险,0.099,低风险,0.418,高风险,0.523,高风险,0.324,高风险,0.347,高风险
75.0,1-1,location1,0.237,中风险,0.102,低风险,0.39,高风险,0.489,高风险,0.306,中风险,0.327,高风险
76.0,1-1,location1,0.0,低风险,0.0,低风险,0.0,低风险,0.0,低风险,0.0,低风险,0.0,低风险
76.0,1-2,location1,0.176,中风险,0.071,低风险,0.299,中风险,0.374,高风险,0.231,中风险,0.248,中风险
77.0,1-1,location1,0.182,中风险,0.073,低风险,0.308,中风险,0.386,高风险,0.239,中风险,0.256,中风险
77.0,1-2,location1,0.281,中风险,0.113,中风险,0.476,高风险,0.597,高风险,0.369,高风险,0.395,高风险
78.0,1-1,location1,0.0,低风险,0.0,低风险,0.0,低风险,0.0,低风险,0.0,低风险,0.0,低风险
79.0,1-1,location1,0.0,低风险,0.0,低风险,0.0,低风险,0.0,低风险,0.0,低风险,0.0,低风险
80.0,1-2,location1,0.487,高风险,0.349,高风险,0.58,高风险,0.729,高风险,0.541,高风险,0.553,高风险
81.0,1-1,location1,0.089,低风险,0.094,低风险,0.065,低风险,0.023,低风险,0.061,低风险,0.061,低风险
81.0,1-2,location1,0.223,中风险,0.089,低风险,0.377,高风险,0.473,高风险,0.292,中风险,0.313,高风险
82.0,1-1,location1,0.056,低风险,0.022,低风险,0.094,低风险,0.118,中风险,0.073,低风险,0.078,低风险
82.0,1-2,location1,0.0,低风险,0.0,低风险,0.0,低风险,0.0,低风险,0.0,低风险,0.0,低风险
83.0,1-1,location1,0.0,低风险,0.0,低风险,0.0,低风险,0.0,低风险,0.0,低风险,0.0,低风险
83.0,1-2,location1,0.207,中风险,0.083,低风险,0.351,高风险,0.44,高风险,0.272,中风险,0.292,中风险
84.0,1-1,location1,0.24,中风险,0.117,中风险,0.374,高风险,0.469,高风险,0.302,中风险,0.32,高风险
85.0,1-2,location1,0.282,中风险,0.119,中风险,0.469,高风险,0.582,高风险,0.364,高风险,0.39,高风险
86.0,1-1,location1,0.259,中风险,0.104,低风险,0.439,高风险,0.549,高风险,0.34,高风险,0.364,高风险
86.0,1-2,location1,0.191,中风险,0.078,低风险,0.322,高风险,0.401,高风险,0.249,中风险,0.267,中风险
87.0,1-1,location1,0.0,低风险,0.0,低风险,0.0,低风险,0.0,低风险,0.0,低风险,0.0,低风险
87.0,1-2,location1,0.309,中风险,0.187,中风险,0.431,高风险,0.476,高风险,0.345,高风险,0.365,高风险
88.0,1-1,location1,0.0,低风险,0.0,低风险,0.0,低风险,0.0,低风险,0.0,低风险,0.0,低风险
90.0,1-1,location1,0.0,低风险,0.0,低风险,0.0,低风险,0.0,低风险,0.0,低风险,0.0,低风险
91.0,1-1,location1,0.0,低风险,0.0,低风险,0.0,低风险,0.0,低风险,0.0,低风险,0.0,低风险
92.0,1-2,location1,0.454,高风险,0.309,中风险,0.567,高风险,0.713,高风险,0.515,高风险,0.53,高风险
93.0,1-1,location1,0.0,低风险,0.0,低风险,0.0,低风险,0.0,低风险,0.0,低风险,0.0,低风险
93.0,1-2,location1,0.239,中风险,0.096,低风险,0.405,高风险,0.507,高风险,0.314,高风险,0.336,高风险
94.0,1-1,location1,0.0,低风险,0.0,低风险,0.0,低风险,0.0,低风险,0.0,低风险,0.0,低风险
95.0,1-1,location1,0.0,低风险,0.0,低风险,0.0,低风险,0.0,低风险,0.0,低风险,0.0,低风险
96.0,1-1,location1,0.156,中风险,0.063,低风险,0.265,中风险,0.332,高风险,0.205,中风险,0.22,中风险
96.0,1-2,location1,0.0,低风险,0.0,低风险,0.0,低风险,0.0,低风险,0.0,低风险,0.0,低风险
97.0,1-2,location1,0.0,低风险,0.0,低风险,0.0,低风险,0.0,低风险,0.0,低风险,0.0,低风险
98.0,1-2,location1,0.242,中风险,0.097,低风险,0.411,高风险,0.514,高风险,0.318,高风险,0.341,高风险
101.0,1-2,location1,0.198,中风险,0.079,低风险,0.336,高风险,0.421,高风险,0.26,中风险,0.279,中风险
104.0,1-2,location1,0.066,低风险,0.027,低风险,0.113,中风险,0.141,中风险,0.087,低风险,0.093,低风险
107.0,1-1,location1,0.0,低风险,0.0,低风险,0.0,低风险,0.0,低风险,0.0,低风险,0.0,低风险
107.0,1-2,location1,0.164,中风险,0.173,中风险,0.119,中风险,0.043,低风险,0.112,中风险,0.112,中风险
112.0,1-2,location1,0.346,高风险,0.252,中风险,0.418,高风险,0.422,高风险,0.348,高风险,0.364,高风险
114.0,1-1,location1,0.0,低风险,0.0,低风险,0.0,低风险,0.0,低风险,0.0,低风险,0.0,低风险
116.0,1-2,location1,0.729,高风险,0.59,高风险,0.759,高风险,0.957,高风险,0.766,高风险,0.769,高风险
117.0,1-1,location1,0.0,低风险,0.0,低风险,0.0,低风险,0.0,低风险,0.0,低风险,0.0,低风险
118.0,1-1,location1,0.072,低风险,0.029,低风险,0.122,中风险,0.152,中风险,0.094,低风险,0.101,低风险
118.0,1-2,location1,0.281,中风险,0.113,中风险,0.477,高风险,0.597,高风险,0.369,高风险,0.396,高风险
119.0,1-1,location1,0.0,低风险,0.0,低风险,0.0,低风险,0.0,低风险,0.0,低风险,0.0,低风险
119.0,1-2,location1,0.049,低风险,0.052,低风险,0.036,低风险,0.013,低风险,0.033,低风险,0.033,低风险
120.0,1-2,location1,0.047,低风险,0.019,低风险,0.08,低风险,0.101,低风险,0.062,低风险,0.067,低风险
121.0,1-1,location1,0.139,中风险,0.056,低风险,0.235,中风险,0.294,中风险,0.182,中风险,0.195,中风险
123.0,1-1,location1,0.0,低风险,0.0,低风险,0.0,低风险,0.0,低风险,0.0,低风险,0.0,低风险
123.0,1-2,location1,0.0,低风险,0.0,低风险,0.0,低风险,0.0,低风险,0.0,低风险,0.0,低风险
124.0,1-1,location1,0.215,中风险,0.086,低风险,0.365,高风险,0.457,高风险,0.282,中风险,0.302,中风险
125.0,1-1,location1,0.011,低风险,0.011,低风险,0.008,低风险,0.003,低风险,0.007,低风险,0.007,低风险
127.0,1-1,location1,0.247,中风险,0.099,低风险,0.419,高风险,0.525,高风险,0.324,高风险,0.348,高风险
127.0,1-2,location1,0.0,低风险,0.0,低风险,0.0,低风险,0.0,低风险,0.0,低风险,0.0,低风险
128.0,1-1,location1,0.312,高风险,0.186,中风险,0.431,高风险,0.539,高风险,0.37,高风险,0.386,高风险
129.0,1-1,location1,0.042,低风险,0.017,低风险,0.071,低风险,0.089,低风险,0.055,低风险,0.059,低风险
129.0,1-2,location1,0.188,中风险,0.079,低风险,0.314,高风险,0.389,高风险,0.243,中风险,0.261,中风险
130.0,1-1,location1,0.0,低风险,0.0,低风险,0.0,低风险,0.0,低风险,0.0,低风险,0.0,低风险
131.0,1-1,location1,0.0,低风险,0.0,低风险,0.0,低风险,0.0,低风险,0.0,低风险,0.0,低风险
131.0,1-2,location1,0.203,中风险,0.081,低风险,0.344,高风险,0.43,高风险,0.266,中风险,0.285,中风险
132.0,1-2,location1,0.0,低风险,0.0,低风险,0.0,低风险,0.0,低风险,0.0,低风险,0.0,低风险
133.0,1-1,location1,0.156,中风险,0.063,低风险,0.265,中风险,0.332,高风险,0.205,中风险,0.22,中风险
134.0,1-1,location1,0.337,高风险,0.209,中风险,0.453,高风险,0.568,高风险,0.395,高风险,0.41,高风险
135.0,1-1,location1,0.0,低风险,0.0,低风险,0.0,低风险,0.0,低风险,0.0,低风险,0.0,低风险
135.0,1-2,location1,0.144,中风险,0.07,低风险,0.227,中风险,0.272,中风险,0.178,中风险,0.19,中风险
136.0,1-2,location1,0.0,低风险,0.0,低风险,0.0,低风险,0.0,低风险,0.0,低风险,0.0,低风险
137.0,1-1,location1,0.0,低风险,0.0,低风险,0.0,低风险,0.0,低风险,0.0,低风险,0.0,低风险
138.0,1-1,location1,0.0,低风险,0.0,低风险,0.0,低风险,0.0,低风险,0.0,低风险,0.0,低风险
139.0,1-1,location1,0.0,低风险,0.0,低风险,0.0,低风险,0.0,低风险,0.0,低风险,0.0,低风险
139.0,1-2,location1,0.226,中风险,0.09,低风险,0.383,高风险,0.479,高风险,0.296,中风险,0.317,高风险
140.0,1-1,location1,0.0,低风险,0.0,低风险,0.0,低风险,0.0,低风险,0.0,低风险,0.0,低风险
141.0,1-1,location1,0.212,中风险,0.085,低风险,0.36,高风险,0.451,高风险,0.279,中风险,0.299,中风险
142.0,1-1,location1,0.162,中风险,0.107,低风险,0.212,中风险,0.223,中风险,0.172,中风险,0.181,中风险
143.0,1-2,location1,0.063,低风险,0.025,低风险,0.107,低风险,0.134,中风险,0.083,低风险,0.089,低风险
144.0,1-1,location1,0.229,中风险,0.092,低风险,0.388,高风险,0.486,高风险,0.301,中风险,0.322,高风险
145.0,1-1,location1,0.408,高风险,0.279,中风险,0.507,高风险,0.638,高风险,0.462,高风险,0.475,高风险
146.0,1-2,location1,0.315,高风险,0.184,中风险,0.442,高风险,0.554,高风险,0.377,高风险,0.393,高风险
147.0,1-1,location1,0.124,中风险,0.05,低风险,0.21,中风险,0.263,中风险,0.163,中风险,0.174,中风险
148.0,1-1,location1,0.257,中风险,0.15,中风险,0.36,高风险,0.452,高风险,0.307,中风险,0.32,高风险
148.0,1-2,location1,0.0,低风险,0.0,低风险,0.0,低风险,0.0,低风险,0.0,低风险,0.0,低风险
150.0,1-1,location1,0.0,低风险,0.0,低风险,0.0,低风险,0.0,低风险,0.0,低风险,0.0,低风险
150.0,1-2,location1,0.047,低风险,0.019,低风险,0.081,低风险,0.101,低风险,0.062,低风险,0.067,低风险
151.0,1-2,location1,0.078,低风险,0.031,低风险,0.133,中风险,0.167,中风险,0.103,低风险,0.11,中风险
152.0,1-1,location1,0.116,中风险,0.046,低风险,0.197,中风险,0.246,中风险,0.152,中风险,0.163,中风险
153.0,1-1,location1,0.197,中风险,0.079,低风险,0.334,高风险,0.418,高风险,0.259,中风险,0.277,中风险
153.0,1-2,location1,0.0,低风险,0.0,低风险,0.0,低风险,0.0,低风险,0.0,低风险,0.0,低风险
154.0,1-2,location1,0.104,低风险,0.042,低风险,0.177,中风险,0.222,中风险,0.137,中风险,0.147,中风险
155.0,1-1,location1,0.106,低风险,0.042,低风险,0.179,中风险,0.224,中风险,0.139,中风险,0.148,中风险
155.0,1-2,location1,0.224,中风险,0.09,低风险,0.381,高风险,0.477,高风险,0.295,中风险,0.316,高风险
159.0,1-1,location1,0.177,中风险,0.083,低风险,0.281,中风险,0.352,高风险,0.224,中风险,0.238,中风险
160.0,1-1,location1,0.154,中风险,0.09,低风险,0.219,中风险,0.246,中风险,0.175,中风险,0.185,中风险
161.0,1-1,location1,0.266,中风险,0.161,中风险,0.364,高风险,0.457,高风险,0.314,高风险,0.327,高风险
163.0,1-1,location1,0.069,低风险,0.073,低风险,0.05,低风险,0.018,低风险,0.047,低风险,0.047,低风险
163.0,1-2,location1,0.304,中风险,0.22,中风险,0.37,高风险,0.366,高风险,0.304,中风险,0.319,高风险
164.0,1-1,location1,0.084,低风险,0.089,低风险,0.061,低风险,0.022,低风险,0.057,低风险,0.057,低风险
164.0,1-2,location1,0.128,中风险,0.066,低风险,0.197,中风险,0.233,中风险,0.155,中风险,0.165,中风险
165.0,1-2,location1,0.39,高风险,0.24,中风险,0.527,高风险,0.662,高风险,0.458,高风险,0.476,高风险
166.0,1-1,location1,0.232,中风险,0.116,中风险,0.36,高风险,0.428,高风险,0.283,中风险,0.301,中风险
168.0,1-1,location1,0.136,中风险,0.143,中风险,0.099,低风险,0.036,低风险,0.092,低风险,0.093,低风险
168.0,1-2,location1,0.042,低风险,0.017,低风险,0.072,低风险,0.09,低风险,0.056,低风险,0.06,低风险
170.0,1-1,location1,0.217,中风险,0.125,中风险,0.308,中风险,0.386,高风险,0.261,中风险,0.273,中风险
170.0,1-2,location1,0.202,中风险,0.081,低风险,0.343,高风险,0.43,高风险,0.266,中风险,0.285,中风险
171.0,1-1,location1,0.147,中风险,0.059,低风险,0.25,中风险,0.313,高风险,0.194,中风险,0.207,中风险
171.0,1-2,location1,0.319,高风险,0.222,中风险,0.39,高风险,0.491,高风险,0.358,高风险,0.368,高风险
172.0,1-1,location1,0.288,中风险,0.177,中风险,0.39,高风险,0.49,高风险,0.339,高风险,0.352,高风险
172.0,1-2,location1,0.113,中风险,0.045,低风险,0.192,中风险,0.24,中风险,0.148,中风险,0.159,中风险
173.0,1-1,location1,0.063,低风险,0.025,低风险,0.108,低风险,0.135,中风险,0.083,低风险,0.089,低风险
174.0,1-1,location1,0.186,中风险,0.126,中风险,0.233,中风险,0.293,中风险,0.211,中风险,0.217,中风险
175.0,1-1,location1,0.054,低风险,0.057,低风险,0.039,低风险,0.014,低风险,0.037,低风险,0.037,低风险
175.0,1-2,location1,0.228,中风险,0.091,低风险,0.386,高风险,0.484,高风险,0.299,中风险,0.321,高风险
176.0,1-2,location1,0.0,低风险,0.0,低风险,0.0,低风险,0.0,低风险,0.0,低风险,0.0,低风险
177.0,1-1,location1,0.114,中风险,0.046,低风险,0.193,中风险,0.242,中风险,0.15,中风险,0.16,中风险
177.0,1-2,location1,0.308,中风险,0.124,中风险,0.523,高风险,0.655,高风险,0.405,高风险,0.434,高风险
179.0,1-1,location1,0.387,高风险,0.242,中风险,0.518,高风险,0.65,高风险,0.453,高风险,0.47,高风险
180.0,1-2,location1,0.0,低风险,0.0,低风险,0.0,低风险,0.0,低风险,0.0,低风险,0.0,低风险
181.0,1-1,location1,0.021,低风险,0.022,低风险,0.015,低风险,0.006,低风险,0.014,低风险,0.014,低风险
181.0,1-2,location1,0.206,中风险,0.082,低风险,0.349,高风险,0.437,高风险,0.27,中风险,0.29,中风险
182.0,1-2,location1,0.277,中风险,0.111,中风险,0.47,高风险,0.589,高风险,0.364,高风险,0.39,高风险
183.0,1-1,location1,0.256,中风险,0.128,中风险,0.393,高风险,0.493,高风险,0.32,高风险,0.338,高风险
183.0,1-2,location1,0.336,高风险,0.197,中风险,0.471,高风险,0.591,高风险,0.402,高风险,0.42,高风险
184.0,1-1,location1,0.0,低风险,0.0,低风险,0.0,低风险,0.0,低风险,0.0,低风险,0.0,低风险
185.0,1-1,location1,0.0,低风险,0.0,低风险,0.0,低风险,0.0,低风险,0.0,低风险,0.0,低风险
185.0,1-2,location1,0.172,中风险,0.08,低风险,0.274,中风险,0.344,高风险,0.219,中风险,0.233,中风险
186.0,1-1,location1,0.195,中风险,0.078,低风险,0.33,高风险,0.414,高风险,0.256,中风险,0.274,中风险
186.0,1-2,location1,0.229,中风险,0.092,低风险,0.388,高风险,0.485,高风险,0.3,中风险,0.322,高风险
187.0,1-1,location1,0.0,低风险,0.0,低风险,0.0,低风险,0.0,低风险,0.0,低风险,0.0,低风险
187.0,1-2,location1,0.07,低风险,0.028,低风险,0.119,中风险,0.149,中风险,0.092,低风险,0.099,低风险
188.0,1-1,location1,0.0,低风险,0.0,低风险,0.0,低风险,0.0,低风险,0.0,低风险,0.0,低风险
188.0,1-2,location1,0.0,低风险,0.0,低风险,0.0,低风险,0.0,低风险,0.0,低风险,0.0,低风险
189.0,1-2,location1,0.201,中风险,0.141,中风险,0.251,中风险,0.254,中风险,0.205,中风险,0.215,中风险
193.0,1-1,location1,0.0,低风险,0.0,低风险,0.0,低风险,0.0,低风险,0.0,低风险,0.0,低风险
193.0,1-2,location1,0.0,低风险,0.0,低风险,0.0,低风险,0.0,低风险,0.0,低风险,0.0,低风险
194.0,1-1,location1,0.0,低风险,0.0,低风险,0.0,低风险,0.0,低风险,0.0,低风险,0.0,低风险
194.0,1-2,location1,0.0,低风险,0.0,低风险,0.0,低风险,0.0,低风险,0.0,低风险,0.0,低风险
197.0,1-2,location1,0.0,低风险,0.0,低风险,0.0,低风险,0.0,低风险,0.0,低风险,0.0,低风险
198.0,1-1,location1,0.0,低风险,0.0,低风险,0.0,低风险,0.0,低风险,0.0,低风险,0.0,低风险
198.0,1-2,location1,0.09,低风险,0.036,低风险,0.153,中风险,0.192,中风险,0.119,中风险,0.127,中风险
199.0,1-2,location1,0.026,低风险,0.01,低风险,0.044,低风险,0.055,低风险,0.034,低风险,0.036,低风险
200.0,1-1,location1,0.0,低风险,0.0,低风险,0.0,低风险,0.0,低风险,0.0,低风险,0.0,低风险
202.0,1-1,location1,0.064,低风险,0.026,低风险,0.109,低风险,0.136,中风险,0.084,低风险,0.09,低风险
202.0,1-2,location1,0.0,低风险,0.0,低风险,0.0,低风险,0.0,低风险,0.0,低风险,0.0,低风险
203.0,1-2,location1,0.061,低风险,0.064,低风险,0.044,低风险,0.016,低风险,0.041,低风险,0.041,低风险
204.0,1-2,location1,0.252,中风险,0.172,中风险,0.314,高风险,0.395,高风险,0.286,中风险,0.294,中风险
205.0,1-2,location1,0.0,低风险,0.0,低风险,0.0,低风险,0.0,低风险,0.0,低风险,0.0,低风险
206.0,1-2,location1,0.286,中风险,0.164,中风险,0.407,高风险,0.511,高风险,0.345,高风险,0.361,高风险
207.0,1-1,location1,0.091,低风险,0.061,低风险,0.118,中风险,0.123,中风险,0.096,低风险,0.101,低风险
207.0,1-2,location1,0.192,中风险,0.14,中风险,0.228,中风险,0.254,中风险,0.201,中风险,0.207,中风险
208.0,1-1,location1,0.178,中风险,0.071,低风险,0.302,中风险,0.378,高风险,0.234,中风险,0.251,中风险
208.0,1-2,location1,0.296,中风险,0.146,中风险,0.461,高风险,0.549,高风险,0.362,高风险,0.385,高风险
209.0,1-1,location1,0.395,高风险,0.287,中风险,0.478,高风险,0.471,高风险,0.393,高风险,0.412,高风险
209.0,1-2,location1,0.168,中风险,0.068,低风险,0.286,中风险,0.358,高风险,0.221,中风险,0.237,中风险
210.0,1-2,location1,0.005,低风险,0.005,低风险,0.004,低风险,0.001,低风险,0.003,低风险,0.003,低风险
211.0,1-1,location1,0.01,低风险,0.01,低风险,0.007,低风险,0.002,低风险,0.006,低风险,0.006,低风险
211.0,1-2,location1,0.216,中风险,0.086,低风险,0.366,高风险,0.458,高风险,0.283,中风险,0.303,中风险
212.0,1-1,location1,0.114,中风险,0.046,低风险,0.194,中风险,0.243,中风险,0.15,中风险,0.161,中风险
212.0,1-2,location1,0.0,低风险,0.0,低风险,0.0,低风险,0.0,低风险,0.0,低风险,0.0,低风险
213.0,1-1,location1,0.073,低风险,0.029,低风险,0.124,中风险,0.155,中风险,0.096,低风险,0.103,低风险
213.0,1-2,location1,0.0,低风险,0.0,低风险,0.0,低风险,0.0,低风险,0.0,低风险,0.0,低风险
214.0,1-1,location1,0.068,低风险,0.027,低风险,0.115,中风险,0.144,中风险,0.089,低风险,0.095,低风险
215.0,1-2,location1,0.245,中风险,0.129,中风险,0.37,高风险,0.433,高风险,0.292,中风险,0.311,高风险
216.0,1-1,location1,0.178,中风险,0.088,低风险,0.276,中风险,0.328,高风险,0.216,中风险,0.231,中风险
216.0,1-2,location1,0.222,中风险,0.093,低风险,0.371,高风险,0.465,高风险,0.29,中风险,0.31,中风险
217.0,1-1,location1,0.319,高风险,0.128,中风险,0.54,高风险,0.676,高风险,0.418,高风险,0.448,高风险
217.0,1-2,location1,0.134,中风险,0.054,低风险,0.227,中风险,0.284,中风险,0.176,中风险,0.188,中风险
218.0,1-1,location1,0.18,中风险,0.072,低风险,0.306,中风险,0.383,高风险,0.237,中风险,0.254,中风险
218.0,1-2,location1,0.163,中风险,0.065,低风险,0.277,中风险,0.347,高风险,0.214,中风险,0.23,中风险
219.0,1-1,location1,0.188,中风险,0.075,低风险,0.318,高风险,0.398,高风险,0.246,中风险,0.264,中风险
219.0,1-2,location1,0.193,中风险,0.077,低风险,0.327,高风险,0.409,高风险,0.253,中风险,0.271,中风险
220.0,1-1,location1,0.0,低风险,0.0,低风险,0.0,低风险,0.0,低风险,0.0,低风险,0.0,低风险
220.0,1-2,location1,0.0,低风险,0.0,低风险,0.0,低风险,0.0,低风险,0.0,低风险,0.0,低风险
221.0,1-1,location1,0.0,低风险,0.0,低风险,0.0,低风险,0.0,低风险,0.0,低风险,0.0,低风险
221.0,1-2,location1,0.0,低风险,0.0,低风险,0.0,低风险,0.0,低风险,0.0,低风险,0.0,低风险
222.0,1-2,location1,0.158,中风险,0.064,低风险,0.267,中风险,0.334,高风险,0.207,中风险,0.222,中风险
223.0,1-2,location1,0.109,低风险,0.043,低风险,0.184,中风险,0.23,中风险,0.143,中风险,0.153,中风险
224.0,1-1,location1,0.278,中风险,0.255,中风险,0.242,中风险,0.306,中风险,0.273,中风险,0.267,中风险
224.0,1-2,location1,0.165,中风险,0.079,低风险,0.258,中风险,0.324,高风险,0.208,中风险,0.22,中风险
225.0,1-2,location1,0.063,低风险,0.025,低风险,0.106,低风险,0.133,中风险,0.082,低风险,0.088,低风险
226.0,1-1,location1,0.0,低风险,0.0,低风险,0.0,低风险,0.0,低风险,0.0,低风险,0.0,低风险
228.0,1-1,location1,0.238,中风险,0.095,低风险,0.403,高风险,0.505,高风险,0.312,高风险,0.334,高风险
228.0,1-2,location1,0.154,中风险,0.122,中风险,0.171,中风险,0.154,中风险,0.143,中风险,0.149,中风险
229.0,1-1,location1,0.097,低风险,0.039,低风险,0.165,中风险,0.206,中风险,0.127,中风险,0.137,中风险
230.0,1-1,location1,0.193,中风险,0.203,中风险,0.14,中风险,0.05,低风险,0.131,中风险,0.131,中风险
230.0,1-2,location1,0.056,低风险,0.04,低风险,0.068,低风险,0.085,低风险,0.063,低风险,0.064,低风险
231.0,1-2,location1,0.013,低风险,0.013,低风险,0.009,低风险,0.003,低风险,0.009,低风险,0.009,低风险
232.0,1-2,location1,0.038,低风险,0.04,低风险,0.027,低风险,0.01,低风险,0.026,低风险,0.026,低风险
234.0,1-1,location1,0.21,中风险,0.084,低风险,0.356,高风险,0.446,高风险,0.276,中风险,0.295,中风险
234.0,1-2,location1,0.139,中风险,0.056,低风险,0.236,中风险,0.296,中风险,0.183,中风险,0.196,中风险
235.0,1-1,location1,0.0,低风险,0.0,低风险,0.0,低风险,0.0,低风险,0.0,低风险,0.0,低风险
235.0,1-2,location1,0.424,高风险,0.303,中风险,0.52,高风险,0.52,高风险,0.427,高风险,0.448,高风险
236.0,1-1,location1,0.134,中风险,0.054,低风险,0.227,中风险,0.284,中风险,0.176,中风险,0.188,中风险
237.0,1-1,location1,0.134,中风险,0.054,低风险,0.227,中风险,0.284,中风险,0.176,中风险,0.188,中风险
238.0,1-1,location1,0.225,中风险,0.09,低风险,0.381,高风险,0.477,高风险,0.295,中风险,0.316,高风险
240.0,1-1,location1,0.195,中风险,0.078,低风险,0.331,高风险,0.414,高风险,0.256,中风险,0.274,中风险
241.0,1-2,location1,0.153,中风险,0.061,低风险,0.26,中风险,0.325,高风险,0.201,中风险,0.215,中风险
242.0,1-1,location1,0.126,中风险,0.05,低风险,0.213,中风险,0.267,中风险,0.165,中风险,0.177,中风险
244.0,1-1,location1,0.123,中风险,0.129,中风险,0.089,低风险,0.032,低风险,0.083,低风险,0.083,低风险
245.0,1-1,location1,0.295,中风险,0.185,中风险,0.394,高风险,0.495,高风险,0.345,高风险,0.358,高风险
245.0,1-2,location1,0.0,低风险,0.0,低风险,0.0,低风险,0.0,低风险,0.0,低风险,0.0,低风险
246.0,1-1,location1,0.07,低风险,0.028,低风险,0.118,中风险,0.148,中风险,0.092,低风险,0.098,低风险
247.0,1-1,location1,0.103,低风险,0.108,低风险,0.074,低风险,0.027,低风险,0.07,低风险,0.07,低风险
251.0,1-1,location1,0.16,中风险,0.064,低风险,0.272,中风险,0.34,高风险,0.21,中风险,0.225,中风险
251.0,1-2,location1,0.112,中风险,0.045,低风险,0.19,中风险,0.237,中风险,0.147,中风险,0.157,中风险
252.0,1-1,location1,0.439,高风险,0.29,中风险,0.562,高风险,0.707,高风险,0.504,高风险,0.52,高风险
252.0,1-2,location1,0.0,低风险,0.0,低风险,0.0,低风险,0.0,低风险,0.0,低风险,0.0,低风险
253.0,1-1,location1,0.158,中风险,0.071,低风险,0.257,中风险,0.315,高风险,0.201,中风险,0.214,中风险
253.0,1-2,location1,0.315,高风险,0.191,中风险,0.431,高风险,0.541,高风险,0.372,高风险,0.388,高风险
254.0,1-2,location1,0.0,低风险,0.0,低风险,0.0,低风险,0.0,低风险,0.0,低风险,0.0,低风险
255.0,1-1,location1,0.269,中风险,0.13,中风险,0.425,高风险,0.51,高风险,0.333,高风险,0.355,高风险
255.0,1-2,location1,0.074,低风险,0.078,低风险,0.054,低风险,0.019,低风险,0.05,低风险,0.05,低风险
256.0,1-1,location1,0.28,中风险,0.112,中风险,0.475,高风险,0.595,高风险,0.368,高风险,0.394,高风险
256.0,1-2,location1,0.234,中风险,0.094,低风险,0.397,高风险,0.497,高风险,0.307,中风险,0.329,高风险
257.0,1-2,location1,0.0,低风险,0.0,低风险,0.0,低风险,0.0,低风险,0.0,低风险,0.0,低风险
258.0,1-1,location1,0.091,低风险,0.036,低风险,0.153,中风险,0.192,中风险,0.119,中风险,0.127,中风险
259.0,1-1,location1,0.237,中风险,0.125,中风险,0.356,高风险,0.416,高风险,0.281,中风险,0.299,中风险
259.0,1-2,location1,0.194,中风险,0.113,中风险,0.277,中风险,0.313,高风险,0.221,中风险,0.234,中风险
260.0,1-1,location1,0.0,低风险,0.0,低风险,0.0,低风险,0.0,低风险,0.0,低风险,0.0,低风险
260.0,1-2,location1,0.336,高风险,0.24,中风险,0.402,高风险,0.505,高风险,0.374,高风险,0.382,高风险
261.0,1-1,location1,0.148,中风险,0.096,低风险,0.192,中风险,0.241,中风险,0.17,中风险,0.176,中风险
262.0,1-1,location1,0.005,低风险,0.005,低风险,0.004,低风险,0.001,低风险,0.003,低风险,0.003,低风险
263.0,1-1,location1,0.217,中风险,0.087,低风险,0.368,高风险,0.461,高风险,0.285,中风险,0.305,中风险
264.0,1-1,location1,0.176,中风险,0.071,低风险,0.299,中风险,0.375,高风险,0.232,中风险,0.248,中风险
264.0,1-2,location1,0.109,低风险,0.044,低风险,0.185,中风险,0.231,中风险,0.143,中风险,0.153,中风险
266.0,1-1,location1,0.0,低风险,0.0,低风险,0.0,低风险,0.0,低风险,0.0,低风险,0.0,低风险
267.0,1-1,location1,0.473,高风险,0.377,高风险,0.503,高风险,0.635,高风险,0.502,高风险,0.505,高风险
268.0,1-1,location1,0.0,低风险,0.0,低风险,0.0,低风险,0.0,低风险,0.0,低风险,0.0,低风险
269.0,1-1,location1,0.205,中风险,0.086,低风险,0.342,高风险,0.424,高风险,0.265,中风险,0.284,中风险
270.0,1-1,location1,0.214,中风险,0.086,低风险,0.363,高风险,0.455,高风险,0.281,中风险,0.301,中风险
271.0,1-1,location1,0.0,低风险,0.0,低风险,0.0,低风险,0.0,低风险,0.0,低风险,0.0,低风险
271.0,1-2,location1,0.0,低风险,0.0,低风险,0.0,低风险,0.0,低风险,0.0,低风险,0.0,低风险
272.0,1-1,location1,0.053,低风险,0.021,低风险,0.09,低风险,0.113,中风险,0.07,低风险,0.075,低风险
272.0,1-2,location1,0.001,低风险,0.001,低风险,0.0,低风险,0.0,低风险,0.0,低风险,0.0,低风险
273.0,1-1,location1,0.064,低风险,0.067,低风险,0.046,低风险,0.017,低风险,0.043,低风险,0.043,低风险
273.0,1-2,location1,0.053,低风险,0.056,低风险,0.038,低风险,0.014,低风险,0.036,低风险,0.036,低风险
274.0,1-1,location1,0.06,低风险,0.024,低风险,0.102,低风险,0.127,中风险,0.079,低风险,0.084,低风险
275.0,1-1,location1,0.254,中风险,0.102,低风险,0.431,高风险,0.54,高风险,0.334,高风险,0.358,高风险
275.0,1-2,location1,0.069,低风险,0.028,低风险,0.117,中风险,0.147,中风险,0.091,低风险,0.097,低风险
276.0,1-1,location1,0.177,中风险,0.071,低风险,0.3,中风险,0.376,高风险,0.233,中风险,0.249,中风险
278.0,1-1,location1,0.313,高风险,0.174,中风险,0.453,高风险,0.568,高风险,0.38,高风险,0.398,高风险
279.0,1-1,location1,0.295,中风险,0.118,中风险,0.501,高风险,0.627,高风险,0.388,高风险,0.415,高风险
279.0,1-2,location1,0.33,高风险,0.179,中风险,0.486,高风险,0.61,高风险,0.404,高风险,0.425,高风险
280.0,1-1,location1,0.301,中风险,0.187,中风险,0.406,高风险,0.51,高风险,0.354,高风险,0.367,高风险
281.0,1-1,location1,0.21,中风险,0.084,低风险,0.356,高风险,0.446,高风险,0.276,中风险,0.295,中风险
281.0,1-2,location1,0.12,中风险,0.048,低风险,0.204,中风险,0.256,中风险,0.158,中风险,0.169,中风险
282.0,1-1,location1,0.334,高风险,0.15,中风险,0.543,高风险,0.665,高风险,0.423,高风险,0.453,高风险
282.0,1-2,location1,0.0,低风险,0.0,低风险,0.0,低风险,0.0,低风险,0.0,低风险,0.0,低风险
284.0,1-1,location1,0.233,中风险,0.093,低风险,0.395,高风险,0.494,高风险,0.306,中风险,0.328,高风险
284.0,1-2,location1,0.202,中风险,0.136,中风险,0.256,中风险,0.322,高风险,0.231,中风险,0.238,中风险
285.0,1-2,location1,0.0,低风险,0.0,低风险,0.0,低风险,0.0,低风险,0.0,低风险,0.0,低风险
286.0,1-1,location1,0.321,高风险,0.206,中风险,0.422,高风险,0.531,高风险,0.373,高风险,0.386,高风险
286.0,1-2,location1,0.147,中风险,0.059,低风险,0.25,中风险,0.313,高风险,0.193,中风险,0.207,中风险
287.0,1-2,location1,0.0,低风险,0.0,低风险,0.0,低风险,0.0,低风险,0.0,低风险,0.0,低风险
289.0,1-1,location1,0.034,低风险,0.014,低风险,0.058,低风险,0.073,低风险,0.045,低风险,0.049,低风险
289.0,1-2,location1,0.0,低风险,0.0,低风险,0.0,低风险,0.0,低风险,0.0,低风险,0.0,低风险
290.0,1-1,location1,0.152,中风险,0.063,低风险,0.255,中风险,0.319,高风险,0.199,中风险,0.212,中风险
291.0,1-1,location1,0.0,低风险,0.0,低风险,0.0,低风险,0.0,低风险,0.0,低风险,0.0,低风险
291.0,1-2,location1,0.0,低风险,0.0,低风险,0.0,低风险,0.0,低风险,0.0,低风险,0.0,低风险
292.0,1-2,location1,0.024,低风险,0.025,低风险,0.017,低风险,0.006,低风险,0.016,低风险,0.016,低风险
293.0,1-2,location1,0.355,高风险,0.16,中风险,0.574,高风险,0.719,高风险,0.455,高风险,0.484,高风险
294.0,1-1,location1,0.0,低风险,0.0,低风险,0.0,低风险,0.0,低风险,0.0,低风险,0.0,低风险
294.0,1-2,location1,0.064,低风险,0.026,低风险,0.108,低风险,0.135,中风险,0.084,低风险,0.09,低风险
295.0,1-2,location1,0.122,中风险,0.049,低风险,0.206,中风险,0.258,中风险,0.16,中风险,0.171,中风险
296.0,1-1,location1,0.0,低风险,0.0,低风险,0.0,低风险,0.0,低风险,0.0,低风险,0.0,低风险
296.0,1-2,location1,0.248,中风险,0.099,低风险,0.42,高风险,0.526,高风险,0.325,高风险,0.348,高风险
297.0,1-2,location1,0.385,高风险,0.224,中风险,0.541,高风险,0.679,高风险,0.461,高风险,0.482,高风险
298.0,1-1,location1,0.202,中风险,0.081,低风险,0.342,高风险,0.428,高风险,0.265,中风险,0.284,中风险
298.0,1-2,location1,0.023,低风险,0.009,低风险,0.039,低风险,0.048,低风险,0.03,低风险,0.032,低风险
299.0,1-1,location1,0.044,低风险,0.046,低风险,0.032,低风险,0.011,低风险,0.03,低风险,0.03,低风险
299.0,1-2,location1,0.155,中风险,0.062,低风险,0.262,中风险,0.328,高风险,0.203,中风险,0.217,中风险
300.0,1-1,location1,0.1,低风险,0.04,低风险,0.17,中风险,0.213,中风险,0.132,中风险,0.141,中风险
300.0,1-2,location1,0.0,低风险,0.0,低风险,0.0,低风险,0.0,低风险,0.0,低风险,0.0,低风险
301.0,1-2,location1,0.032,低风险,0.034,低风险,0.024,低风险,0.009,低风险,0.022,低风险,0.022,低风险
302.0,1-2,location1,0.211,中风险,0.105,低风险,0.325,高风险,0.407,高风险,0.263,中风险,0.279,中风险
303.0,1-1,location1,0.068,低风险,0.072,低风险,0.049,低风险,0.018,低风险,0.046,低风险,0.046,低风险
303.0,1-2,location1,0.103,低风险,0.109,低风险,0.075,低风险,0.027,低风险,0.07,低风险,0.07,低风险
305.0,1-2,location1,0.054,低风险,0.021,低风险,0.091,低风险,0.114,中风险,0.07,低风险,0.075,低风险
306.0,1-1,location1,0.201,中风险,0.08,低风险,0.34,高风险,0.426,高风险,0.263,中风险,0.282,中风险
306.0,1-2,location1,0.256,中风险,0.141,中风险,0.372,高风险,0.466,高风险,0.311,高风险,0.326,高风险
307.0,1-1,location1,0.0,低风险,0.0,低风险,0.0,低风险,0.0,低风险,0.0,低风险,0.0,低风险
308.0,1-1,location1,0.057,低风险,0.025,低风险,0.093,低风险,0.116,中风险,0.073,低风险,0.078,低风险
309.0,1-1,location1,0.415,高风险,0.307,中风险,0.494,高风险,0.478,高风险,0.408,高风险,0.426,高风险
310.0,1-1,location1,0.0,低风险,0.0,低风险,0.0,低风险,0.0,低风险,0.0,低风险,0.0,低风险
310.0,1-2,location1,0.112,中风险,0.045,低风险,0.19,中风险,0.238,中风险,0.147,中风险,0.158,中风险
311.0,1-2,location1,0.39,高风险,0.341,高风险,0.367,高风险,0.464,高风险,0.395,高风险,0.391,高风险
312.0,1-1,location1,0.104,低风险,0.109,低风险,0.075,低风险,0.027,低风险,0.071,低风险,0.071,低风险
313.0,1-1,location1,0.0,低风险,0.0,低风险,0.0,低风险,0.0,低风险,0.0,低风险,0.0,低风险
313.0,1-2,location1,0.262,中风险,0.158,中风险,0.366,高风险,0.406,高风险,0.293,中风险,0.31,中风险
314.0,1-1,location1,0.218,中风险,0.159,中风险,0.256,中风险,0.322,高风险,0.241,中风险,0.246,中风险
314.0,1-2,location1,0.304,中风险,0.152,中风险,0.47,高风险,0.558,高风险,0.369,高风险,0.393,高风险
315.0,1-1,location1,0.064,低风险,0.067,低风险,0.046,低风险,0.017,低风险,0.043,低风险,0.043,低风险
316.0,1-1,location1,0.14,中风险,0.056,低风险,0.238,中风险,0.298,中风险,0.184,中风险,0.197,中风险
317.0,1-1,location1,0.127,中风险,0.051,低风险,0.216,中风险,0.271,中风险,0.167,中风险,0.179,中风险
318.0,1-2,location1,0.318,高风险,0.199,中风险,0.423,高风险,0.531,高风险,0.371,高风险,0.385,高风险
320.0,1-1,location1,0.0,低风险,0.0,低风险,0.0,低风险,0.0,低风险,0.0,低风险,0.0,低风险
321.0,1-2,location1,0.021,低风险,0.022,低风险,0.015,低风险,0.006,低风险,0.014,低风险,0.014,低风险
322.0,1-1,location1,0.0,低风险,0.0,低风险,0.0,低风险,0.0,低风险,0.0,低风险,0.0,低风险
323.0,1-1,location1,0.052,低风险,0.021,低风险,0.089,低风险,0.111,中风险,0.069,低风险,0.074,低风险
324.0,1-2,location1,0.0,低风险,0.0,低风险,0.0,低风险,0.0,低风险,0.0,低风险,0.0,低风险
326.0,1-1,location1,0.0,低风险,0.0,低风险,0.0,低风险,0.0,低风险,0.0,低风险,0.0,低风险
328.0,1-2,location1,0.028,低风险,0.029,低风险,0.02,低风险,0.007,低风险,0.019,低风险,0.019,低风险
329.0,1-2,location1,0.0,低风险,0.0,低风险,0.0,低风险,0.0,低风险,0.0,低风险,0.0,低风险
330.0,1-2,location1,0.179,中风险,0.072,低风险,0.304,中风险,0.38,高风险,0.235,中风险,0.252,中风险
333.0,1-1,location1,0.101,低风险,0.053,低风险,0.152,中风险,0.191,中风险,0.125,中风险,0.132,中风险
333.0,1-2,location1,0.251,中风险,0.101,低风险,0.426,高风险,0.533,高风险,0.33,高风险,0.353,高风险
335.0,1-1,location1,0.175,中风险,0.08,低风险,0.282,中风险,0.344,高风险,0.22,中风险,0.235,中风险
335.0,1-2,location1,0.305,中风险,0.214,中风险,0.381,高风险,0.386,高风险,0.311,高风险,0.327,高风险
336.0,1-2,location1,0.238,中风险,0.115,中风险,0.372,高风险,0.466,高风险,0.3,中风险,0.318,高风险
338.0,1-1,location1,0.0,低风险,0.0,低风险,0.0,低风险,0.0,低风险,0.0,低风险,0.0,低风险
338.0,1-2,location1,0.094,低风险,0.046,低风险,0.147,中风险,0.176,中风险,0.115,中风险,0.123,中风险
339.0,1-2,location1,0.178,中风险,0.071,低风险,0.302,中风险,0.378,高风险,0.234,中风险,0.251,中风险
340.0,1-1,location1,0.0,低风险,0.0,低风险,0.0,低风险,0.0,低风险,0.0,低风险,0.0,低风险
341.0,1-1,location1,0.161,中风险,0.065,低风险,0.274,中风险,0.343,高风险,0.212,中风险,0.227,中风险
341.0,1-2,location1,0.073,低风险,0.029,低风险,0.123,中风险,0.154,中风险,0.095,低风险,0.102,低风险
342.0,1-2,location1,0.159,中风险,0.064,低风险,0.27,中风险,0.339,高风险,0.209,中风险,0.224,中风险
343.0,1-1,location1,0.0,低风险,0.0,低风险,0.0,低风险,0.0,低风险,0.0,低风险,0.0,低风险
344.0,1-1,location1,0.115,中风险,0.121,中风险,0.084,低风险,0.03,低风险,0.078,低风险,0.078,低风险
345.0,1-2,location1,0.004,低风险,0.005,低风险,0.003,低风险,0.001,低风险,0.003,低风险,0.003,低风险
346.0,1-1,location1,0.126,中风险,0.133,中风险,0.092,低风险,0.033,低风险,0.086,低风险,0.086,低风险
346.0,1-2,location1,0.0,低风险,0.0,低风险,0.0,低风险,0.0,低风险,0.0,低风险,0.0,低风险
348.0,1-1,location1,0.307,中风险,0.188,中风险,0.418,高风险,0.525,高风险,0.362,高风险,0.377,高风险
349.0,1-1,location1,0.401,高风险,0.304,中风险,0.467,高风险,0.442,高风险,0.387,高风险,0.404,高风险
349.0,1-2,location1,0.277,中风险,0.204,中风险,0.333,高风险,0.325,高风险,0.274,中风险,0.287,中风险
350.0,1-1,location1,0.162,中风险,0.171,中风险,0.118,中风险,0.042,低风险,0.11,中风险,0.11,中风险
351.0,1-2,location1,0.109,低风险,0.061,低风险,0.157,中风险,0.197,中风险,0.132,中风险,0.138,中风险
352.0,1-2,location1,0.267,中风险,0.107,低风险,0.453,高风险,0.567,高风险,0.351,高风险,0.376,高风险
353.0,1-1,location1,0.384,高风险,0.231,中风险,0.528,高风险,0.663,高风险,0.455,高风险,0.474,高风险
353.0,1-2,location1,0.079,低风险,0.032,低风险,0.134,中风险,0.167,中风险,0.103,低风险,0.111,中风险
355.0,1-1,location1,0.068,低风险,0.027,低风险,0.115,中风险,0.144,中风险,0.089,低风险,0.095,低风险
356.0,1-1,location1,0.298,中风险,0.264,中风险,0.274,中风险,0.347,高风险,0.299,中风险,0.295,中风险
356.0,1-2,location1,0.149,中风险,0.06,低风险,0.253,中风险,0.317,高风险,0.196,中风险,0.21,中风险
357.0,1-2,location1,0.0,低风险,0.0,低风险,0.0,低风险,0.0,低风险,0.0,低风险,0.0,低风险
358.0,1-1,location1,0.154,中风险,0.062,低风险,0.26,中风险,0.326,高风险,0.202,中风险,0.216,中风险
358.0,1-2,location1,0.0,低风险,0.0,低风险,0.0,低风险,0.0,低风险,0.0,低风险,0.0,低风险
359.0,1-1,location1,0.021,低风险,0.022,低风险,0.015,低风险,0.005,低风险,0.014,低风险,0.014,低风险
359.0,1-2,location1,0.0,低风险,0.0,低风险,0.0,低风险,0.0,低风险,0.0,低风险,0.0,低风险
360.0,1-1,location1,0.0,低风险,0.0,低风险,0.0,低风险,0.0,低风险,0.0,低风险,0.0,低风险
360.0,1-2,location1,0.229,中风险,0.092,低风险,0.388,高风险,0.486,高风险,0.301,中风险,0.322,高风险
361.0,1-2,location1,0.092,低风险,0.037,低风险,0.157,中风险,0.196,中风险,0.121,中风险,0.13,中风险
362.0,1-1,location1,0.229,中风险,0.092,低风险,0.388,高风险,0.485,高风险,0.3,中风险,0.322,高风险
362.0,1-2,location1,0.0,低风险,0.0,低风险,0.0,低风险,0.0,低风险,0.0,低风险,0.0,低风险
363.0,1-2,location1,0.0,低风险,0.0,低风险,0.0,低风险,0.0,低风险,0.0,低风险,0.0,低风险
364.0,1-2,location1,0.083,低风险,0.033,低风险,0.141,中风险,0.177,中风险,0.109,低风险,0.117,中风险
365.0,1-1,location1,0.523,高风险,0.395,高风险,0.61,高风险,0.579,高风险,0.506,高风险,0.528,高风险
365.0,1-2,location1,0.332,高风险,0.202,中风险,0.46,高风险,0.508,高风险,0.369,高风险,0.39,高风险
367.0,1-1,location1,0.0,低风险,0.0,低风险,0.0,低风险,0.0,低风险,0.0,低风险,0.0,低风险
367.0,1-2,location1,0.254,中风险,0.102,低风险,0.431,高风险,0.539,高风险,0.333,高风险,0.357,高风险
368.0,1-2,location1,0.0,低风险,0.0,低风险,0.0,低风险,0.0,低风险,0.0,低风险,0.0,低风险
369.0,1-1,location1,0.179,中风险,0.188,中风险,0.13,中风险,0.047,低风险,0.122,中风险,0.122,中风险
369.0,1-2,location1,0.602,高风险,0.428,高风险,0.722,高风险,0.908,高风险,0.671,高风险,0.686,高风险
370.0,1-1,location1,0.593,高风险,0.499,高风险,0.588,高风险,0.742,高风险,0.612,高风险,0.61,高风险
370.0,1-2,location1,0.335,高风险,0.134,中风险,0.568,高风险,0.711,高风险,0.44,高风险,0.471,高风险
371.0,1-1,location1,0.434,高风险,0.308,中风险,0.523,高风险,0.657,高风险,0.485,高风险,0.496,高风险
372.0,1-1,location1,0.0,低风险,0.0,低风险,0.0,低风险,0.0,低风险,0.0,低风险,0.0,低风险
372.0,1-2,location1,0.264,中风险,0.106,低风险,0.448,高风险,0.561,高风险,0.347,高风险,0.372,高风险
373.0,1-1,location1,0.074,低风险,0.077,低风险,0.053,低风险,0.019,低风险,0.05,低风险,0.05,低风险
373.0,1-2,location1,0.238,中风险,0.129,中风险,0.352,高风险,0.408,高风险,0.279,中风险,0.296,中风险
374.0,1-1,location1,0.132,中风险,0.053,低风险,0.223,中风险,0.28,中风险,0.173,中风险,0.185,中风险
374.0,1-2,location1,0.15,中风险,0.095,低风险,0.202,中风险,0.218,中风险,0.163,中风险,0.172,中风险
375.0,1-1,location1,0.306,中风险,0.164,中风险,0.458,高风险,0.534,高风险,0.362,高风险,0.385,高风险
376.0,1-2,location1,0.208,中风险,0.083,低风险,0.353,高风险,0.441,高风险,0.273,中风险,0.292,中风险
377.0,1-2,location1,0.259,中风险,0.104,低风险,0.439,高风险,0.55,高风险,0.34,高风险,0.364,高风险
378.0,1-1,location1,0.0,低风险,0.0,低风险,0.0,低风险,0.0,低风险,0.0,低风险,0.0,低风险
378.0,1-2,location1,0.145,中风险,0.058,低风险,0.245,中风险,0.307,中风险,0.19,中风险,0.204,中风险
379.0,1-1,location1,0.21,中风险,0.105,低风险,0.322,高风险,0.404,高风险,0.262,中风险,0.277,中风险
379.0,1-2,location1,0.061,低风险,0.025,低风险,0.104,低风险,0.13,中风险,0.08,低风险,0.086,低风险
385.0,1-1,location1,0.237,中风险,0.147,中风险,0.32,高风险,0.401,高风险,0.278,中风险,0.289,中风险
386.0,1-1,location1,0.135,中风险,0.054,低风险,0.228,中风险,0.286,中风险,0.177,中风险,0.189,中风险
387.0,1-1,location1,0.217,中风险,0.169,中风险,0.237,中风险,0.299,中风险,0.233,中风险,0.235,中风险
392.0,1-1,location1,0.45,高风险,0.345,高风险,0.518,高风险,0.485,高风险,0.431,高风险,0.449,高风险
393.0,1-2,location1,0.12,中风险,0.048,低风险,0.203,中风险,0.255,中风险,0.158,中风险,0.169,中风险
395.0,1-2,location1,0.0,低风险,0.0,低风险,0.0,低风险,0.0,低风险,0.0,低风险,0.0,低风险
396.0,1-2,location1,0.079,低风险,0.032,低风险,0.134,中风险,0.168,中风险,0.104,低风险,0.111,中风险
399.0,1-2,location1,0.177,中风险,0.072,低风险,0.297,中风险,0.371,高风险,0.231,中风险,0.247,中风险
401.0,1-2,location1,0.0,低风险,0.0,低风险,0.0,低风险,0.0,低风险,0.0,低风险,0.0,低风险
402.0,1-1,location1,0.0,低风险,0.0,低风险,0.0,低风险,0.0,低风险,0.0,低风险,0.0,低风险
404.0,1-1,location1,0.28,中风险,0.156,中风险,0.409,高风险,0.469,高风险,0.325,高风险,0.345,高风险
404.0,1-2,location1,0.26,中风险,0.152,中风险,0.371,高风险,0.417,高风险,0.296,中风险,0.313,高风险
407.0,1-2,location1,0.0,低风险,0.0,低风险,0.0,低风险,0.0,低风险,0.0,低风险,0.0,低风险
408.0,1-1,location1,0.306,中风险,0.251,中风险,0.327,高风险,0.285,中风险,0.278,中风险,0.288,中风险
409.0,1-2,location1,0.284,中风险,0.168,中风险,0.394,高风险,0.494,高风险,0.338,高风险,0.352,高风险
412.0,1-1,location1,0.345,高风险,0.273,中风险,0.384,高风险,0.346,高风险,0.321,高风险,0.334,高风险
412.0,1-2,location1,0.279,中风险,0.112,中风险,0.474,高风险,0.593,高风险,0.367,高风险,0.393,高风险
413.0,1-2,location1,0.123,中风险,0.049,低风险,0.209,中风险,0.262,中风险,0.162,中风险,0.173,中风险
414.0,1-1,location1,0.278,中风险,0.112,中风险,0.472,高风险,0.591,高风险,0.365,高风险,0.391,高风险
415.0,1-2,location1,0.256,中风险,0.103,低风险,0.434,高风险,0.544,高风险,0.336,高风险,0.36,高风险
417.0,1-1,location1,0.25,中风险,0.132,中风险,0.378,高风险,0.442,高风险,0.298,中风险,0.317,高风险
418.0,1-2,location1,0.113,中风险,0.119,中风险,0.082,低风险,0.03,低风险,0.077,低风险,0.077,低风险
422.0,1-1,location1,0.292,中风险,0.212,中风险,0.348,高风险,0.39,高风险,0.307,中风险,0.317,高风险
423.0,1-2,location1,0.268,中风险,0.158,中风险,0.374,高风险,0.469,高风险,0.32,高风险,0.333,高风险
424.0,1-1,location1,0.158,中风险,0.109,低风险,0.195,中风险,0.233,中风险,0.173,中风险,0.179,中风险
424.0,1-2,location1,0.152,中风险,0.061,低风险,0.257,中风险,0.322,高风险,0.199,中风险,0.213,中风险
425.0,1-1,location1,0.0,低风险,0.0,低风险,0.0,低风险,0.0,低风险,0.0,低风险,0.0,低风险
425.0,1-2,location1,0.342,高风险,0.219,中风险,0.449,高风险,0.564,高风险,0.397,高风险,0.411,高风险
426.0,1-1,location1,0.102,低风险,0.041,低风险,0.174,中风险,0.218,中风险,0.135,中风险,0.144,中风险
426.0,1-2,location1,0.221,中风险,0.089,低风险,0.375,高风险,0.47,高风险,0.29,中风险,0.311,高风险
427.0,1-2,location1,0.0,低风险,0.0,低风险,0.0,低风险,0.0,低风险,0.0,低风险,0.0,低风险
428.0,1-1,location1,0.304,中风险,0.186,中风险,0.412,高风险,0.517,高风险,0.357,高风险,0.372,高风险
428.0,1-2,location1,0.0,低风险,0.0,低风险,0.0,低风险,0.0,低风险,0.0,低风险,0.0,低风险
430.0,1-2,location1,0.137,中风险,0.055,低风险,0.232,中风险,0.29,中风险,0.179,中风险,0.192,中风险
431.0,1-2,location1,0.052,低风险,0.055,低风险,0.038,低风险,0.014,低风险,0.035,低风险,0.035,低风险
434.0,1-2,location1,0.375,高风险,0.224,中风险,0.526,高风险,0.585,高风险,0.42,高风险,0.445,高风险
435.0,1-2,location1,0.0,低风险,0.0,低风险,0.0,低风险,0.0,低风险,0.0,低风险,0.0,低风险
437.0,1-2,location1,0.416,高风险,0.278,中风险,0.527,高风险,0.662,高风险,0.475,高风险,0.489,高风险
438.0,1-2,location1,0.0,低风险,0.0,低风险,0.0,低风险,0.0,低风险,0.0,低风险,0.0,低风险
439.0,1-2,location1,0.132,中风险,0.053,低风险,0.224,中风险,0.28,中风险,0.173,中风险,0.186,中风险
440.0,1-1,location1,0.0,低风险,0.0,低风险,0.0,低风险,0.0,低风险,0.0,低风险,0.0,低风险
441.0,1-2,location1,0.204,中风险,0.082,低风险,0.346,高风险,0.433,高风险,0.268,中风险,0.287,中风险
442.0,1-2,location1,0.058,低风险,0.061,低风险,0.042,低风险,0.015,低风险,0.04,低风险,0.04,低风险
443.0,1-2,location1,0.237,中风险,0.095,低风险,0.401,高风险,0.503,高风险,0.311,高风险,0.333,高风险
444.0,1-2,location1,0.296,中风险,0.178,中风险,0.406,高风险,0.509,高风险,0.35,高风险,0.364,高风险
445.0,1-2,location1,0.096,低风险,0.057,低风险,0.134,中风险,0.168,中风险,0.115,中风险,0.12,中风险
446.0,1-2,location1,0.209,中风险,0.084,低风险,0.354,高风险,0.443,高风险,0.274,中风险,0.293,中风险
447.0,1-2,location1,0.195,中风险,0.078,低风险,0.33,高风险,0.414,高风险,0.256,中风险,0.274,中风险
449.0,1-2,location1,0.209,中风险,0.084,低风险,0.355,高风险,0.445,高风险,0.275,中风险,0.295,中风险
450.0,1-2,location1,0.509,高风险,0.358,高风险,0.616,高风险,0.774,高风险,0.569,高风险,0.583,高风险
451.0,1-2,location1,0.0,低风险,0.0,低风险,0.0,低风险,0.0,低风险,0.0,低风险,0.0,低风险
454.0,1-1,location1,0.0,低风险,0.0,低风险,0.0,低风险,0.0,低风险,0.0,低风险,0.0,低风险
454.0,1-2,location1,0.277,中风险,0.111,中风险,0.469,高风险,0.587,高风险,0.363,高风险,0.389,高风险
455.0,1-2,location1,0.196,中风险,0.079,低风险,0.333,高风险,0.417,高风险,0.258,中风险,0.276,中风险
458.0,1-2,location1,0.086,低风险,0.09,低风险,0.062,低风险,0.022,低风险,0.058,低风险,0.058,低风险
459.0,1-2,location1,0.202,中风险,0.117,中风险,0.29,中风险,0.327,高风险,0.231,中风险,0.245,中风险
460.0,1-2,location1,0.0,低风险,0.0,低风险,0.0,低风险,0.0,低风险,0.0,低风险,0.0,低风险
461.0,1-1,location1,0.112,中风险,0.045,低风险,0.19,中风险,0.237,中风险,0.147,中风险,0.157,中风险
461.0,1-2,location1,0.298,中风险,0.161,中风险,0.44,高风险,0.552,高风险,0.365,高风险,0.384,高风险
464.0,1-1,location1,0.0,低风险,0.0,低风险,0.0,低风险,0.0,低风险,0.0,低风险,0.0,低风险
464.0,1-2,location1,0.0,低风险,0.0,低风险,0.0,低风险,0.0,低风险,0.0,低风险,0.0,低风险
466.0,1-2,location1,0.311,高风险,0.164,中风险,0.464,高风险,0.582,高风险,0.383,高风险,0.404,高风险
467.0,1-1,location1,0.057,低风险,0.023,低风险,0.097,低风险,0.121,中风险,0.075,低风险,0.08,低风险
467.0,1-2,location1,0.0,低风险,0.0,低风险,0.0,低风险,0.0,低风险,0.0,低风险,0.0,低风险
468.0,1-1,location1,0.209,中风险,0.116,中风险,0.307,中风险,0.352,高风险,0.244,中风险,0.259,中风险
468.0,1-2,location1,0.268,中风险,0.108,低风险,0.455,高风险,0.57,高风险,0.352,高风险,0.377,高风险
470.0,1-2,location1,0.238,中风险,0.095,低风险,0.403,高风险,0.505,高风险,0.312,高风险,0.335,高风险
471.0,1-2,location1,0.261,中风险,0.105,低风险,0.443,高风险,0.555,高风险,0.343,高风险,0.367,高风险
472.0,1-1,location1,0.151,中风险,0.061,低风险,0.256,中风险,0.321,高风险,0.198,中风险,0.212,中风险
474.0,1-1,location1,0.312,高风险,0.17,中风险,0.459,高风险,0.571,高风险,0.38,高风险,0.4,高风险
474.0,1-2,location1,0.578,高风险,0.463,高风险,0.63,高风险,0.613,高风险,0.552,高风险,0.568,高风险
475.0,1-2,location1,0.563,高风险,0.469,高风险,0.582,高风险,0.57,高风险,0.529,高风险,0.541,高风险
476.0,1-1,location1,0.058,低风险,0.061,低风险,0.042,低风险,0.015,低风险,0.039,低风险,0.039,低风险
476.0,1-2,location1,0.218,中风险,0.087,低风险,0.369,高风险,0.463,高风险,0.286,中风险,0.306,中风险
477.0,1-1,location1,0.0,低风险,0.0,低风险,0.0,低风险,0.0,低风险,0.0,低风险,0.0,低风险
477.0,1-2,location1,0.082,低风险,0.086,低风险,0.059,低风险,0.021,低风险,0.056,低风险,0.056,低风险
479.0,1-1,location1,0.0,低风险,0.0,低风险,0.0,低风险,0.0,低风险,0.0,低风险,0.0,低风险
480.0,1-1,location1,0.309,中风险,0.129,中风险,0.515,高风险,0.645,高风险,0.402,高风险,0.43,高风险
480.0,1-2,location1,0.24,中风险,0.096,低风险,0.407,高风险,0.509,高风险,0.315,高风险,0.338,高风险
481.0,1-1,location1,0.277,中风险,0.158,中风险,0.396,高风险,0.497,高风险,0.335,高风险,0.35,高风险
482.0,1-2,location1,0.149,中风险,0.063,低风险,0.248,中风险,0.307,中风险,0.193,中风险,0.206,中风险
483.0,1-1,location1,0.048,低风险,0.019,低风险,0.081,低风险,0.102,低风险,0.063,低风险,0.068,低风险
484.0,1-1,location1,0.0,低风险,0.0,低风险,0.0,低风险,0.0,低风险,0.0,低风险,0.0,低风险
484.0,1-2,location1,0.388,高风险,0.229,中风险,0.55,高风险,0.616,高风险,0.439,高风险,0.465,高风险
485.0,1-2,location1,0.0,低风险,0.0,低风险,0.0,低风险,0.0,低风险,0.0,低风险,0.0,低风险
486.0,1-2,location1,0.099,低风险,0.04,低风险,0.168,中风险,0.211,中风险,0.13,中风险,0.14,中风险
488.0,1-2,location1,0.626,高风险,0.493,高风险,0.692,高风险,0.705,高风险,0.612,高风险,0.63,高风险
490.0,1-2,location1,0.0,低风险,0.0,低风险,0.0,低风险,0.0,低风险,0.0,低风险,0.0,低风险
491.0,1-1,location1,0.086,低风险,0.034,低风险,0.145,中风险,0.182,中风险,0.112,中风险,0.12,中风险
492.0,1-2,location1,0.348,高风险,0.199,中风险,0.494,高风险,0.62,高风险,0.418,高风险,0.438,高风险
493.0,1-1,location1,0.0,低风险,0.0,低风险,0.0,低风险,0.0,低风险,0.0,低风险,0.0,低风险
493.0,1-2,location1,0.262,中风险,0.105,低风险,0.444,高风险,0.555,高风险,0.343,高风险,0.368,高风险
494.0,1-2,location1,0.335,高风险,0.16,中风险,0.529,高风险,0.637,高风险,0.414,高风险,0.442,高风险
495.0,1-1,location1,0.158,中风险,0.128,中风险,0.171,中风险,0.151,中风险,0.144,中风险,0.15,中风险
495.0,1-2,location1,0.0,低风险,0.0,低风险,0.0,低风险,0.0,低风险,0.0,低风险,0.0,低风险
496.0,1-1,location1,0.28,中风险,0.112,中风险,0.474,高风险,0.594,高风险,0.367,高风险,0.393,高风险
496.0,1-2,location1,0.15,中风险,0.06,低风险,0.255,中风险,0.319,高风险,0.198,中风险,0.212,中风险
498.0,1-2,location1,0.223,中风险,0.104,低风险,0.356,高风险,0.432,高风险,0.279,中风险,0.297,中风险
499.0,1-1,location1,0.086,低风险,0.09,低风险,0.062,低风险,0.022,低风险,0.058,低风险,0.058,低风险
500.0,1-2,location1,0.005,低风险,0.005,低风险,0.004,低风险,0.001,低风险,0.003,低风险,0.003,低风险
501.0,1-1,location1,0.284,中风险,0.114,中风险,0.481,高风险,0.603,高风险,0.373,高风险,0.399,高风险
501.0,1-2,location1,0.207,中风险,0.1,低风险,0.325,高风险,0.407,高风险,0.262,中风险,0.277,中风险
502.0,1-1,location1,0.277,中风险,0.16,中风险,0.39,高风险,0.489,高风险,0.331,高风险,0.346,高风险
502.0,1-2,location1,0.238,中风险,0.095,低风险,0.403,高风险,0.504,高风险,0.312,高风险,0.334,高风险
503.0,1-1,location1,0.084,低风险,0.034,低风险,0.142,中风险,0.178,中风险,0.11,中风险,0.118,中风险
504.0,1-1,location1,0.0,低风险,0.0,低风险,0.0,低风险,0.0,低风险,0.0,低风险,0.0,低风险
504.0,1-2,location1,0.0,低风险,0.0,低风险,0.0,低风险,0.0,低风险,0.0,低风险,0.0,低风险
505.0,1-1,location1,0.0,低风险,0.0,低风险,0.0,低风险,0.0,低风险,0.0,低风险,0.0,低风险
506.0,1-1,location1,0.0,低风险,0.0,低风险,0.0,低风险,0.0,低风险,0.0,低风险,0.0,低风险
506.0,1-2,location1,0.223,中风险,0.089,低风险,0.378,高风险,0.473,高风险,0.292,中风险,0.313,高风险
507.0,1-1,location1,0.04,低风险,0.017,低风险,0.067,低风险,0.084,低风险,0.052,低风险,0.056,低风险
509.0,1-1,location1,0.0,低风险,0.0,低风险,0.0,低风险,0.0,低风险,0.0,低风险,0.0,低风险
509.0,1-2,location1,0.54,高风险,0.377,高风险,0.659,高风险,0.829,高风险,0.606,高风险,0.622,高风险
510.0,1-1,location1,0.0,低风险,0.0,低风险,0.0,低风险,0.0,低风险,0.0,低风险,0.0,低风险
511.0,1-1,location1,0.261,中风险,0.274,中风险,0.189,中风险,0.068,低风险,0.177,中风险,0.177,中风险
511.0,1-2,location1,0.161,中风险,0.064,低风险,0.273,中风险,0.342,高风险,0.211,中风险,0.226,中风险
512.0,1-1,location1,0.0,低风险,0.0,低风险,0.0,低风险,0.0,低风险,0.0,低风险,0.0,低风险
513.0,1-1,location1,0.053,低风险,0.056,低风险,0.039,低风险,0.014,低风险,0.036,低风险,0.036,低风险
513.0,1-2,location1,0.319,高风险,0.183,中风险,0.457,高风险,0.518,高风险,0.364,高风险,0.386,高风险
514.0,1-1,location1,0.112,中风险,0.045,低风险,0.191,中风险,0.239,中风险,0.148,中风险,0.158,中风险
514.0,1-2,location1,0.327,高风险,0.131,中风险,0.554,高风险,0.694,高风险,0.429,高风险,0.46,高风险
515.0,1-2,location1,0.08,低风险,0.032,低风险,0.136,中风险,0.17,中风险,0.105,低风险,0.113,中风险
516.0,1-1,location1,0.003,低风险,0.003,低风险,0.002,低风险,0.001,低风险,0.002,低风险,0.002,低风险
516.0,1-2,location1,0.137,中风险,0.055,低风险,0.232,中风险,0.291,中风险,0.18,中风险,0.193,中风险
517.0,1-2,location1,0.0,低风险,0.0,低风险,0.0,低风险,0.0,低风险,0.0,低风险,0.0,低风险
518.0,1-1,location1,0.199,中风险,0.08,低风险,0.338,高风险,0.423,高风险,0.261,中风险,0.28,中风险
518.0,1-2,location1,0.071,低风险,0.029,低风险,0.121,中风险,0.151,中风险,0.094,低风险,0.1,低风险
519.0,1-1,location1,0.0,低风险,0.0,低风险,0.0,低风险,0.0,低风险,0.0,低风险,0.0,低风险
520.0,1-1,location1,0.093,低风险,0.037,低风险,0.158,中风险,0.198,中风险,0.123,中风险,0.131,中风险
521.0,1-1,location1,0.226,中风险,0.134,中风险,0.314,高风险,0.395,高风险,0.269,中风险,0.281,中风险
523.0,1-1,location1,0.277,中风险,0.291,中风险,0.201,中风险,0.072,低风险,0.188,中风险,0.188,中风险
524.0,1-1,location1,0.206,中风险,0.082,低风险,0.349,高风险,0.437,高风险,0.27,中风险,0.29,中风险
525.0,1-1,location1,0.227,中风险,0.114,中风险,0.35,高风险,0.415,高风险,0.275,中风险,0.293,中风险
525.0,1-2,location1,0.0,低风险,0.0,低风险,0.0,低风险,0.0,低风险,0.0,低风险,0.0,低风险
527.0,1-1,location1,0.556,高风险,0.401,高风险,0.657,高风险,0.826,高风险,0.615,高风险,0.628,高风险
527.0,1-2,location1,0.338,高风险,0.194,中风险,0.48,高风险,0.602,高风险,0.407,高风险,0.425,高风险
529.0,1-1,location1,0.241,中风险,0.097,低风险,0.409,高风险,0.512,高风险,0.317,高风险,0.339,高风险
529.0,1-2,location1,0.0,低风险,0.0,低风险,0.0,低风险,0.0,低风险,0.0,低风险,0.0,低风险
530.0,1-1,location1,0.205,中风险,0.082,低风险,0.347,高风险,0.435,高风险,0.269,中风险,0.288,中风险
531.0,1-2,location1,0.0,低风险,0.0,低风险,0.0,低风险,0.0,低风险,0.0,低风险,0.0,低风险
534.0,1-1,location1,0.063,低风险,0.025,低风险,0.107,低风险,0.135,中风险,0.083,低风险,0.089,低风险
535.0,1-1,location1,0.11,低风险,0.064,低风险,0.157,中风险,0.176,中风险,0.125,中风险,0.132,中风险
538.0,1-1,location1,0.207,中风险,0.114,中风险,0.301,中风险,0.378,高风险,0.252,中风险,0.264,中风险
541.0,1-1,location1,0.269,中风险,0.108,低风险,0.457,高风险,0.572,高风险,0.354,高风险,0.379,高风险
542.0,1-1,location1,0.149,中风险,0.06,低风险,0.253,中风险,0.316,高风险,0.196,中风险,0.21,中风险
542.0,1-2,location1,0.194,中风险,0.143,中风险,0.231,中风险,0.224,中风险,0.19,中风险,0.199,中风险
543.0,1-1,location1,0.0,低风险,0.0,低风险,0.0,低风险,0.0,低风险,0.0,低风险,0.0,低风险
544.0,1-1,location1,0.385,高风险,0.278,中风险,0.469,高风险,0.464,高风险,0.385,高风险,0.403,高风险
545.0,1-1,location1,0.243,中风险,0.161,中风险,0.317,高风险,0.334,高风险,0.257,中风险,0.271,中风险
545.0,1-2,location1,0.172,中风险,0.069,低风险,0.292,中风险,0.366,高风险,0.226,中风险,0.242,中风险
546.0,1-2,location1,0.0,低风险,0.0,低风险,0.0,低风险,0.0,低风险,0.0,低风险,0.0,低风险
547.0,1-1,location1,0.13,中风险,0.07,低风险,0.192,中风险,0.241,中风险,0.159,中风险,0.168,中风险
548.0,1-1,location1,0.298,中风险,0.123,中风险,0.5,高风险,0.626,高风险,0.389,高风险,0.416,高风险
550.0,1-1,location1,0.36,高风险,0.24,中风险,0.458,高风险,0.576,高风险,0.412,高风险,0.425,高风险
550.0,1-2,location1,0.31,中风险,0.326,高风险,0.225,中风险,0.081,低风险,0.21,中风险,0.211,中风险
551.0,1-1,location1,0.0,低风险,0.0,低风险,0.0,低风险,0.0,低风险,0.0,低风险,0.0,低风险
551.0,1-2,location1,0.466,高风险,0.325,高风险,0.584,高风险,0.594,高风险,0.477,高风险,0.501,高风险
552.0,1-1,location1,0.0,低风险,0.0,低风险,0.0,低风险,0.0,低风险,0.0,低风险,0.0,低风险
552.0,1-2,location1,0.501,高风险,0.376,高风险,0.582,高风险,0.627,高风险,0.512,高风险,0.528,高风险
553.0,1-1,location1,0.253,中风险,0.102,低风险,0.429,高风险,0.538,高风险,0.333,高风险,0.356,高风险
554.0,1-1,location1,0.0,低风险,0.0,低风险,0.0,低风险,0.0,低风险,0.0,低风险,0.0,低风险
556.0,1-1,location1,0.28,中风险,0.156,中风险,0.403,高风险,0.506,高风险,0.339,高风险,0.355,高风险
557.0,1-2,location1,0.201,中风险,0.103,低风险,0.307,中风险,0.384,高风险,0.25,中风险,0.265,中风险
558.0,1-2,location1,0.241,中风险,0.097,低风险,0.409,高风险,0.512,高风险,0.317,高风险,0.339,高风险
559.0,1-1,location1,0.059,低风险,0.033,低风险,0.088,低风险,0.101,低风险,0.07,低风险,0.074,低风险
559.0,1-2,location1,0.181,中风险,0.081,低风险,0.294,中风险,0.368,高风险,0.233,中风险,0.248,中风险
560.0,1-2,location1,0.468,高风险,0.352,高风险,0.548,高风险,0.522,高风险,0.454,高风险,0.474,高风险
561.0,1-1,location1,0.229,中风险,0.092,低风险,0.388,高风险,0.485,高风险,0.3,中风险,0.322,高风险
561.0,1-2,location1,0.0,低风险,0.0,低风险,0.0,低风险,0.0,低风险,0.0,低风险,0.0,低风险
564.0,1-2,location1,0.0,低风险,0.0,低风险,0.0,低风险,0.0,低风险,0.0,低风险,0.0,低风险
566.0,1-2,location1,0.206,中风险,0.217,中风险,0.15,中风险,0.054,低风险,0.14,中风险,0.14,中风险
567.0,1-1,location1,0.338,高风险,0.136,中风险,0.574,高风险,0.718,高风险,0.444,高风险,0.476,高风险
568.0,1-1,location1,0.0,低风险,0.0,低风险,0.0,低风险,0.0,低风险,0.0,低风险,0.0,低风险
568.0,1-2,location1,0.302,中风险,0.121,中风险,0.512,高风险,0.641,高风险,0.396,高风险,0.424,高风险
570.0,1-1,location1,0.142,中风险,0.059,低风险,0.237,中风险,0.297,中风险,0.185,中风险,0.198,中风险
571.0,1-1,location1,0.186,中风险,0.196,中风险,0.135,中风险,0.049,低风险,0.126,中风险,0.127,中风险
571.0,1-2,location1,0.0,低风险,0.0,低风险,0.0,低风险,0.0,低风险,0.0,低风险,0.0,低风险
572.0,1-2,location1,0.158,中风险,0.063,低风险,0.268,中风险,0.335,高风险,0.207,中风险,0.222,中风险
573.0,1-1,location1,0.0,低风险,0.0,低风险,0.0,低风险,0.0,低风险,0.0,低风险,0.0,低风险
574.0,1-1,location1,0.0,低风险,0.0,低风险,0.0,低风险,0.0,低风险,0.0,低风险,0.0,低风险
574.0,1-2,location1,0.0,低风险,0.0,低风险,0.0,低风险,0.0,低风险,0.0,低风险,0.0,低风险
575.0,1-1,location1,0.166,中风险,0.067,低风险,0.282,中风险,0.353,高风险,0.218,中风险,0.234,中风险
575.0,1-2,location1,0.038,低风险,0.015,低风险,0.064,低风险,0.08,低风险,0.049,低风险,0.053,低风险
576.0,1-1,location1,0.0,低风险,0.0,低风险,0.0,低风险,0.0,低风险,0.0,低风险,0.0,低风险
577.0,1-1,location1,0.415,高风险,0.306,中风险,0.48,高风险,0.604,高风险,0.455,高风险,0.463,高风险
579.0,1-1,location1,0.233,中风险,0.174,中风险,0.275,中风险,0.264,中风险,0.227,中风险,0.237,中风险
579.0,1-2,location1,0.0,低风险,0.0,低风险,0.0,低风险,0.0,低风险,0.0,低风险,0.0,低风险
580.0,1-1,location1,0.265,中风险,0.116,中风险,0.433,高风险,0.543,高风险,0.341,高风险,0.364,高风险
580.0,1-2,location1,0.019,低风险,0.02,低风险,0.014,低风险,0.005,低风险,0.013,低风险,0.013,低风险
581.0,1-1,location1,0.08,低风险,0.032,低风险,0.136,中风险,0.17,中风险,0.105,低风险,0.113,中风险
581.0,1-2,location1,0.031,低风险,0.033,低风险,0.023,低风险,0.008,低风险,0.021,低风险,0.021,低风险
582.0,1-2,location1,0.291,中风险,0.117,中风险,0.494,高风险,0.618,高风险,0.382,高风险,0.41,高风险
585.0,1-1,location1,0.08,低风险,0.032,低风险,0.135,中风险,0.169,中风险,0.105,低风险,0.112,中风险
585.0,1-2,location1,0.198,中风险,0.079,低风险,0.335,高风险,0.419,高风险,0.259,中风险,0.278,中风险
586.0,1-2,location1,0.0,低风险,0.0,低风险,0.0,低风险,0.0,低风险,0.0,低风险,0.0,低风险
587.0,1-2,location1,0.0,低风险,0.0,低风险,0.0,低风险,0.0,低风险,0.0,低风险,0.0,低风险
588.0,1-1,location1,0.09,低风险,0.036,低风险,0.152,中风险,0.191,中风险,0.118,中风险,0.126,中风险
588.0,1-2,location1,0.332,高风险,0.215,中风险,0.443,高风险,0.473,高风险,0.357,高风险,0.377,高风险
589.0,1-1,location1,0.272,中风险,0.109,低风险,0.461,高风险,0.577,高风险,0.357,高风险,0.382,高风险
589.0,1-2,location1,0.15,中风险,0.083,低风险,0.217,中风险,0.272,中风险,0.182,中风险,0.191,中风险
590.0,1-2,location1,0.356,高风险,0.236,中风险,0.455,高风险,0.572,高风险,0.408,高风险,0.421,高风险
591.0,1-2,location1,0.066,低风险,0.027,低风险,0.113,中风险,0.141,中风险,0.087,低风险,0.093,低风险
592.0,1-1,location1,0.0,低风险,0.0,低风险,0.0,低风险,0.0,低风险,0.0,低风险,0.0,低风险
593.0,1-2,location1,0.246,中风险,0.099,低风险,0.418,高风险,0.523,高风险,0.324,高风险,0.347,高风险
594.0,1-2,location1,0.0,低风险,0.0,低风险,0.0,低风险,0.0,低风险,0.0,低风险,0.0,低风险
596.0,1-2,location1,0.0,低风险,0.0,低风险,0.0,低风险,0.0,低风险,0.0,低风险,0.0,低风险
599.0,1-2,location1,0.155,中风险,0.086,低风险,0.228,中风险,0.261,中风险,0.181,中风险,0.192,中风险
602.0,1-2,location1,0.329,高风险,0.206,中风险,0.439,高风险,0.551,高风险,0.384,高风险,0.399,高风险
603.0,1-1,location1,0.148,中风险,0.085,低风险,0.209,中风险,0.263,中风险,0.178,中风险,0.186,中风险
603.0,1-2,location1,0.15,中风险,0.06,低风险,0.254,中风险,0.318,高风险,0.197,中风险,0.211,中风险
604.0,1-1,location1,0.095,低风险,0.038,低风险,0.161,中风险,0.201,中风险,0.124,中风险,0.133,中风险
604.0,1-2,location1,0.137,中风险,0.055,低风险,0.233,中风险,0.292,中风险,0.18,中风险,0.193,中风险
605.0,1-1,location1,0.182,中风险,0.073,低风险,0.309,中风险,0.387,高风险,0.239,中风险,0.256,中风险
605.0,1-2,location1,0.0,低风险,0.0,低风险,0.0,低风险,0.0,低风险,0.0,低风险,0.0,低风险
606.0,1-1,location1,0.0,低风险,0.0,低风险,0.0,低风险,0.0,低风险,0.0,低风险,0.0,低风险
607.0,1-1,location1,0.0,低风险,0.0,低风险,0.0,低风险,0.0,低风险,0.0,低风险,0.0,低风险
609.0,1-1,location1,0.29,中风险,0.14,中风险,0.453,高风险,0.567,高风险,0.365,高风险,0.387,高风险
609.0,1-2,location1,0.0,低风险,0.0,低风险,0.0,低风险,0.0,低风险,0.0,低风险,0.0,低风险
610.0,1-1,location1,0.276,中风险,0.136,中风险,0.427,高风险,0.535,高风险,0.346,高风险,0.366,高风险
610.0,1-2,location1,0.219,中风险,0.088,低风险,0.371,高风险,0.465,高风险,0.287,中风险,0.308,中风险
612.0,1-1,location1,0.264,中风险,0.106,低风险,0.447,高风险,0.56,高风险,0.346,高风险,0.371,高风险
612.0,1-2,location1,0.0,低风险,0.0,低风险,0.0,低风险,0.0,低风险,0.0,低风险,0.0,低风险
614.0,1-1,location1,0.219,中风险,0.182,中风险,0.232,中风险,0.197,中风险,0.197,中风险,0.204,中风险
614.0,1-2,location1,0.0,低风险,0.0,低风险,0.0,低风险,0.0,低风险,0.0,低风险,0.0,低风险
615.0,1-1,location1,0.0,低风险,0.0,低风险,0.0,低风险,0.0,低风险,0.0,低风险,0.0,低风险
615.0,1-2,location1,0.298,中风险,0.119,中风险,0.505,高风险,0.633,高风险,0.391,高风险,0.419,高风险
616.0,1-1,location1,0.271,中风险,0.108,低风险,0.459,高风险,0.574,高风险,0.355,高风险,0.381,高风险
616.0,1-2,location1,0.0,低风险,0.0,低风险,0.0,低风险,0.0,低风险,0.0,低风险,0.0,低风险
618.0,1-1,location1,0.0,低风险,0.0,低风险,0.0,低风险,0.0,低风险,0.0,低风险,0.0,低风险
618.0,1-2,location1,0.0,低风险,0.0,低风险,0.0,低风险,0.0,低风险,0.0,低风险,0.0,低风险
620.0,1-1,location1,0.081,低风险,0.032,低风险,0.137,中风险,0.172,中风险,0.106,低风险,0.114,中风险
620.0,1-2,location1,0.044,低风险,0.018,低风险,0.075,低风险,0.093,低风险,0.058,低风险,0.062,低风险
621.0,1-2,location1,0.0,低风险,0.0,低风险,0.0,低风险,0.0,低风险,0.0,低风险,0.0,低风险
622.0,1-1,location1,0.047,低风险,0.05,低风险,0.034,低风险,0.012,低风险,0.032,低风险,0.032,低风险
622.0,1-2,location1,0.049,低风险,0.052,低风险,0.036,低风险,0.013,低风险,0.034,低风险,0.034,低风险
623.0,1-1,location1,0.0,低风险,0.0,低风险,0.0,低风险,0.0,低风险,0.0,低风险,0.0,低风险
623.0,1-2,location1,0.229,中风险,0.154,中风险,0.296,中风险,0.308,中风险,0.24,中风险,0.253,中风险
624.0,1-1,location1,0.0,低风险,0.0,低风险,0.0,低风险,0.0,低风险,0.0,低风险,0.0,低风险
624.0,1-2,location1,0.181,中风险,0.073,低风险,0.307,中风险,0.384,高风险,0.238,中风险,0.255,中风险
626.0,1-1,location1,0.0,低风险,0.0,低风险,0.0,低风险,0.0,低风险,0.0,低风险,0.0,低风险
626.0,1-2,location1,0.0,低风险,0.0,低风险,0.0,低风险,0.0,低风险,0.0,低风险,0.0,低风险
627.0,1-1,location1,0.239,中风险,0.096,低风险,0.405,高风险,0.507,高风险,0.313,高风险,0.336,高风险
627.0,1-2,location1,0.081,低风险,0.043,低风险,0.121,中风险,0.152,中风险,0.1,低风险,0.105,低风险
628.0,1-1,location1,0.253,中风险,0.137,中风险,0.37,高风险,0.464,高风险,0.308,中风险,0.324,高风险
628.0,1-2,location1,0.3,中风险,0.204,中风险,0.375,高风险,0.471,高风险,0.34,高风险,0.35,高风险
629.0,1-1,location1,0.224,中风险,0.09,低风险,0.379,高风险,0.475,高风险,0.294,中风险,0.314,高风险
630.0,1-2,location1,0.0,低风险,0.0,低风险,0.0,低风险,0.0,低风险,0.0,低风险,0.0,低风险
631.0,1-1,location1,0.12,中风险,0.048,低风险,0.204,中风险,0.255,中风险,0.158,中风险,0.169,中风险
632.0,1-1,location1,0.344,高风险,0.206,中风险,0.482,高风险,0.536,高风险,0.386,高风险,0.408,高风险
633.0,1-2,location1,0.275,中风险,0.217,中风险,0.307,中风险,0.279,中风险,0.257,中风险,0.268,中风险
635.0,1-1,location1,0.305,中风险,0.139,中风险,0.492,高风险,0.599,高风险,0.384,高风险,0.41,高风险
637.0,1-2,location1,0.477,高风险,0.328,高风险,0.59,高风险,0.742,高风险,0.539,高风险,0.553,高风险
638.0,1-1,location1,0.224,中风险,0.149,中风险,0.286,中风险,0.36,高风险,0.257,中风险,0.265,中风险
639.0,1-1,location1,0.161,中风险,0.064,低风险,0.273,中风险,0.341,高风险,0.211,中风险,0.226,中风险
640.0,1-1,location1,0.3,中风险,0.12,中风险,0.509,高风险,0.638,高风险,0.394,高风险,0.422,高风险
640.0,1-2,location1,0.16,中风险,0.081,低风险,0.243,中风险,0.305,中风险,0.199,中风险,0.21,中风险
641.0,1-1,location1,0.0,低风险,0.0,低风险,0.0,低风险,0.0,低风险,0.0,低风险,0.0,低风险
641.0,1-2,location1,0.0,低风险,0.0,低风险,0.0,低风险,0.0,低风险,0.0,低风险,0.0,低风险
644.0,1-1,location1,0.0,低风险,0.0,低风险,0.0,低风险,0.0,低风险,0.0,低风险,0.0,低风险
645.0,1-1,location1,0.0,低风险,0.0,低风险,0.0,低风险,0.0,低风险,0.0,低风险,0.0,低风险
646.0,1-1,location1,0.004,低风险,0.005,低风险,0.003,低风险,0.001,低风险,0.003,低风险,0.003,低风险
647.0,1-1,location1,0.476,高风险,0.34,高风险,0.586,高风险,0.586,高风险,0.48,高风险,0.504,高风险
647.0,1-2,location1,0.248,中风险,0.099,低风险,0.421,高风险,0.527,高风险,0.326,高风险,0.349,高风险
648.0,1-1,location1,0.042,低风险,0.045,低风险,0.031,低风险,0.011,低风险,0.029,低风险,0.029,低风险
649.0,1-1,location1,0.393,高风险,0.19,中风险,0.616,高风险,0.772,高风险,0.496,高风险,0.526,高风险
650.0,1-1,location1,0.18,中风险,0.072,低风险,0.305,中风险,0.383,高风险,0.237,中风险,0.253,中风险
650.0,1-2,location1,0.0,低风险,0.0,低风险,0.0,低风险,0.0,低风险,0.0,低风险,0.0,低风险
651.0,1-2,location1,0.322,高风险,0.218,中风险,0.415,高风险,0.432,高风险,0.337,高风险,0.355,高风险
652.0,1-1,location1,0.22,中风险,0.088,低风险,0.374,高风险,0.468,高风险,0.289,中风险,0.31,高风险
652.0,1-2,location1,0.0,低风险,0.0,低风险,0.0,低风险,0.0,低风险,0.0,低风险,0.0,低风险
653.0,1-1,location1,0.0,低风险,0.0,低风险,0.0,低风险,0.0,低风险,0.0,低风险,0.0,低风险
653.0,1-2,location1,0.352,高风险,0.224,中风险,0.472,高风险,0.509,高风险,0.381,高风险,0.402,高风险
654.0,1-1,location1,0.062,低风险,0.025,低风险,0.105,低风险,0.131,中风险,0.081,低风险,0.087,低风险
654.0,1-2,location1,0.314,高风险,0.221,中风险,0.38,高风险,0.478,高风险,0.351,高风险,0.36,高风险
655.0,1-1,location1,0.216,中风险,0.111,中风险,0.328,高风险,0.411,高风险,0.268,中风险,0.283,中风险
655.0,1-2,location1,0.148,中风险,0.06,低风险,0.252,中风险,0.315,高风险,0.195,中风险,0.209,中风险
656.0,1-2,location1,0.0,低风险,0.0,低风险,0.0,低风险,0.0,低风险,0.0,低风险,0.0,低风险
657.0,1-1,location1,0.0,低风险,0.0,低风险,0.0,低风险,0.0,低风险,0.0,低风险,0.0,低风险
657.0,1-2,location1,0.232,中风险,0.093,低风险,0.393,高风险,0.492,高风险,0.304,中风险,0.326,高风险
658.0,1-1,location1,0.0,低风险,0.0,低风险,0.0,低风险,0.0,低风险,0.0,低风险,0.0,低风险
658.0,1-2,location1,0.0,低风险,0.0,低风险,0.0,低风险,0.0,低风险,0.0,低风险,0.0,低风险
659.0,1-1,location1,0.0,低风险,0.0,低风险,0.0,低风险,0.0,低风险,0.0,低风险,0.0,低风险
659.0,1-2,location1,0.0,低风险,0.0,低风险,0.0,低风险,0.0,低风险,0.0,低风险,0.0,低风险
660.0,1-1,location1,0.129,中风险,0.052,低风险,0.219,中风险,0.274,中风险,0.169,中风险,0.181,中风险
660.0,1-2,location1,0.0,低风险,0.0,低风险,0.0,低风险,0.0,低风险,0.0,低风险,0.0,低风险
661.0,1-1,location1,0.072,低风险,0.029,低风险,0.121,中风险,0.152,中风险,0.094,低风险,0.101,低风险
661.0,1-2,location1,0.0,低风险,0.0,低风险,0.0,低风险,0.0,低风险,0.0,低风险,0.0,低风险
663.0,1-1,location1,0.213,中风险,0.132,中风险,0.286,中风险,0.359,高风险,0.249,中风险,0.259,中风险
663.0,1-2,location1,0.093,低风险,0.098,低风险,0.067,低风险,0.024,低风险,0.063,低风险,0.063,低风险
664.0,1-1,location1,0.0,低风险,0.0,低风险,0.0,低风险,0.0,低风险,0.0,低风险,0.0,低风险
664.0,1-2,location1,0.0,低风险,0.0,低风险,0.0,低风险,0.0,低风险,0.0,低风险,0.0,低风险
665.0,1-1,location1,0.243,中风险,0.097,低风险,0.412,高风险,0.516,高风险,0.319,高风险,0.342,高风险
665.0,1-2,location1,0.322,高风险,0.152,中风险,0.51,高风险,0.639,高风险,0.409,高风险,0.434,高风险
666.0,1-2,location1,0.126,中风险,0.079,低风险,0.167,中风险,0.209,中风险,0.146,中风险,0.152,中风险
667.0,1-1,location1,0.02,低风险,0.021,低风险,0.015,低风险,0.005,低风险,0.014,低风险,0.014,低风险
667.0,1-2,location1,0.126,中风险,0.051,低风险,0.214,中风险,0.268,中风险,0.166,中风险,0.178,中风险
668.0,1-2,location1,0.128,中风险,0.051,低风险,0.218,中风险,0.272,中风险,0.168,中风险,0.18,中风险
669.0,1-2,location1,0.0,低风险,0.0,低风险,0.0,低风险,0.0,低风险,0.0,低风险,0.0,低风险
671.0,1-2,location1,0.072,低风险,0.076,低风险,0.053,低风险,0.019,低风险,0.049,低风险,0.049,低风险
675.0,1-1,location1,0.125,中风险,0.132,中风险,0.091,低风险,0.033,低风险,0.085,低风险,0.085,低风险
677.0,1-1,location1,0.089,低风险,0.093,低风险,0.064,低风险,0.023,低风险,0.06,低风险,0.06,低风险
678.0,1-1,location1,0.335,高风险,0.206,中风险,0.454,高风险,0.57,高风险,0.395,高风险,0.41,高风险
682.0,1-1,location1,0.0,低风险,0.0,低风险,0.0,低风险,0.0,低风险,0.0,低风险,0.0,低风险
682.0,1-2,location1,0.233,中风险,0.16,中风险,0.296,中风险,0.304,中风险,0.241,中风险,0.253,中风险
683.0,1-1,location1,0.379,高风险,0.18,中风险,0.597,高风险,0.749,高风险,0.479,高风险,0.509,高风险
683.0,1-2,location1,0.324,高风险,0.209,中风险,0.423,高风险,0.532,高风险,0.375,高风险,0.388,高风险
684.0,1-1,location1,0.034,低风险,0.013,低风险,0.057,低风险,0.071,低风险,0.044,低风险,0.047,低风险
684.0,1-2,location1,0.236,中风险,0.115,中风险,0.367,高风险,0.46,高风险,0.296,中风险,0.314,高风险
687.0,1-2,location1,0.0,低风险,0.0,低风险,0.0,低风险,0.0,低风险,0.0,低风险,0.0,低风险
689.0,1-1,location1,0.125,中风险,0.132,中风险,0.091,低风险,0.033,低风险,0.085,低风险,0.085,低风险
689.0,1-2,location1,0.0,低风险,0.0,低风险,0.0,低风险,0.0,低风险,0.0,低风险,0.0,低风险
690.0,1-2,location1,0.0,低风险,0.0,低风险,0.0,低风险,0.0,低风险,0.0,低风险,0.0,低风险
691.0,1-2,location1,0.122,中风险,0.053,低风险,0.199,中风险,0.249,中风险,0.157,中风险,0.167,中风险
693.0,1-1,location1,0.086,低风险,0.034,低风险,0.145,中风险,0.182,中风险,0.113,中风险,0.121,中风险
694.0,1-2,location1,0.153,中风险,0.061,低风险,0.26,中风险,0.325,高风险,0.201,中风险,0.215,中风险
698.0,1-1,location1,0.435,高风险,0.3,中风险,0.535,高风险,0.673,高风险,0.49,高风险,0.503,高风险
698.0,1-2,location1,0.179,中风险,0.072,低风险,0.304,中风险,0.381,高风险,0.235,中风险,0.252,中风险
699.0,1-2,location1,0.14,中风险,0.065,低风险,0.224,中风险,0.271,中风险,0.175,中风险,0.187,中风险
700.0,1-1,location1,0.418,高风险,0.267,中风险,0.551,高风险,0.692,高风险,0.486,高风险,0.503,高风险
700.0,1-2,location1,0.017,低风险,0.018,低风险,0.013,低风险,0.005,低风险,0.012,低风险,0.012,低风险
702.0,1-2,location1,0.355,高风险,0.142,中风险,0.602,高风险,0.754,高风险,0.466,高风险,0.499,高风险
703.0,1-2,location1,0.05,低风险,0.053,低风险,0.036,低风险,0.013,低风险,0.034,低风险,0.034,低风险
705.0,1-2,location1,0.0,低风险,0.0,低风险,0.0,低风险,0.0,低风险,0.0,低风险,0.0,低风险
706.0,1-2,location1,0.0,低风险,0.0,低风险,0.0,低风险,0.0,低风险,0.0,低风险,0.0,低风险
707.0,1-2,location1,0.048,低风险,0.019,低风险,0.082,低风险,0.102,低风险,0.063,低风险,0.068,低风险
708.0,1-2,location1,0.178,中风险,0.074,低风险,0.299,中风险,0.374,高风险,0.233,中风险,0.249,中风险
709.0,1-2,location1,0.204,中风险,0.099,低风险,0.319,高风险,0.399,高风险,0.257,中风险,0.272,中风险
710.0,1-1,location1,0.112,中风险,0.045,低风险,0.19,中风险,0.237,中风险,0.147,中风险,0.157,中风险
711.0,1-2,location1,0.392,高风险,0.269,中风险,0.486,高风险,0.611,高风险,0.443,高风险,0.455,高风险
712.0,1-2,location1,0.187,中风险,0.075,低风险,0.317,高风险,0.397,高风险,0.246,中风险,0.263,中风险
713.0,1-2,location1,0.386,高风险,0.29,中风险,0.452,高风险,0.432,高风险,0.375,高风险,0.392,高风险
714.0,1-2,location1,0.202,中风险,0.081,低风险,0.343,高风险,0.43,高风险,0.266,中风险,0.285,中风险
715.0,1-1,location1,0.203,中风险,0.081,低风险,0.344,高风险,0.431,高风险,0.266,中风险,0.285,中风险
715.0,1-2,location1,0.216,中风险,0.086,低风险,0.366,高风险,0.458,高风险,0.283,中风险,0.303,中风险
716.0,1-1,location1,0.264,中风险,0.106,低风险,0.448,高风险,0.561,高风险,0.347,高风险,0.372,高风险
716.0,1-2,location1,0.247,中风险,0.099,低风险,0.419,高风险,0.524,高风险,0.324,高风险,0.347,高风险
717.0,1-1,location1,0.249,中风险,0.1,低风险,0.423,高风险,0.529,高风险,0.327,高风险,0.351,高风险
718.0,1-1,location1,0.12,中风险,0.05,低风险,0.2,中风险,0.251,中风险,0.156,中风险,0.167,中风险
718.0,1-2,location1,0.09,低风险,0.036,低风险,0.153,中风险,0.191,中风险,0.118,中风险,0.127,中风险
719.0,1-1,location1,0.26,中风险,0.104,低风险,0.44,高风险,0.552,高风险,0.341,高风险,0.365,高风险
720.0,1-1,location1,0.0,低风险,0.0,低风险,0.0,低风险,0.0,低风险,0.0,低风险,0.0,低风险
720.0,1-2,location1,0.099,低风险,0.105,低风险,0.072,低风险,0.026,低风险,0.068,低风险,0.068,低风险
722.0,1-1,location1,0.286,中风险,0.156,中风险,0.419,高风险,0.526,高风险,0.35,高风险,0.367,高风险
722.0,1-2,location1,0.292,中风险,0.117,中风险,0.496,高风险,0.621,高风险,0.384,高风险,0.411,高风险
723.0,1-2,location1,0.203,中风险,0.082,低风险,0.345,高风险,0.432,高风险,0.267,中风险,0.286,中风险
724.0,1-2,location1,0.0,低风险,0.0,低风险,0.0,低风险,0.0,低风险,0.0,低风险,0.0,低风险
725.0,1-2,location1,0.249,中风险,0.1,低风险,0.421,高风险,0.528,高风险,0.326,高风险,0.35,高风险
727.0,1-2,location1,0.363,高风险,0.23,中风险,0.481,高风险,0.604,高风险,0.423,高风险,0.438,高风险
728.0,1-1,location1,0.105,低风险,0.042,低风险,0.178,中风险,0.223,中风险,0.138,中风险,0.147,中风险
729.0,1-1,location1,0.0,低风险,0.0,低风险,0.0,低风险,0.0,低风险,0.0,低风险,0.0,低风险
730.0,1-1,location1,0.441,高风险,0.329,高风险,0.52,高风险,0.5,高风险,0.431,高风险,0.45,高风险
730.0,1-2,location1,0.227,中风险,0.149,中风险,0.292,中风险,0.367,高风险,0.261,中风险,0.269,中风险
731.0,1-2,location1,0.205,中风险,0.216,中风险,0.149,中风险,0.054,低风险,0.139,中风险,0.139,中风险
732.0,1-2,location1,0.215,中风险,0.086,低风险,0.364,高风险,0.456,高风险,0.282,中风险,0.302,中风险
733.0,1-1,location1,0.134,中风险,0.054,低风险,0.227,中风险,0.284,中风险,0.176,中风险,0.188,中风险
734.0,1-1,location1,0.25,中风险,0.1,低风险,0.424,高风险,0.531,高风险,0.328,高风险,0.352,高风险
735.0,1-1,location1,0.0,低风险,0.0,低风险,0.0,低风险,0.0,低风险,0.0,低风险,0.0,低风险
735.0,1-2,location1,0.19,中风险,0.076,低风险,0.322,高风险,0.403,高风险,0.249,中风险,0.267,中风险
736.0,1-1,location1,0.242,中风险,0.151,中风险,0.33,高风险,0.362,高风险,0.266,中风险,0.281,中风险
736.0,1-2,location1,0.0,低风险,0.0,低风险,0.0,低风险,0.0,低风险,0.0,低风险,0.0,低风险
737.0,1-1,location1,0.262,中风险,0.105,低风险,0.444,高风险,0.556,高风险,0.344,高风险,0.368,高风险
737.0,1-2,location1,0.059,低风险,0.062,低风险,0.043,低风险,0.015,低风险,0.04,低风险,0.04,低风险
738.0,1-1,location1,0.099,低风险,0.04,低风险,0.168,中风险,0.21,中风险,0.13,中风险,0.139,中风险
739.0,1-1,location1,0.424,高风险,0.29,中风险,0.527,高风险,0.662,高风险,0.48,高风险,0.493,高风险
740.0,1-2,location1,0.16,中风险,0.077,低风险,0.25,中风险,0.314,高风险,0.202,中风险,0.214,中风险
741.0,1-1,location1,0.119,中风险,0.07,低风险,0.169,中风险,0.19,中风险,0.135,中风险,0.143,中风险
741.0,1-2,location1,0.364,高风险,0.315,高风险,0.364,高风险,0.288,中风险,0.313,高风险,0.323,高风险
742.0,1-1,location1,0.27,中风险,0.108,低风险,0.458,高风险,0.574,高风险,0.355,高风险,0.38,高风险
742.0,1-2,location1,0.202,中风险,0.081,低风险,0.343,高风险,0.429,高风险,0.265,中风险,0.284,中风险
744.0,1-1,location1,0.217,中风险,0.087,低风险,0.368,高风险,0.46,高风险,0.285,中风险,0.305,中风险
746.0,1-1,location1,0.0,低风险,0.0,低风险,0.0,低风险,0.0,低风险,0.0,低风险,0.0,低风险
747.0,1-2,location1,0.507,高风险,0.34,高风险,0.657,高风险,0.687,高风险,0.533,高风险,0.561,高风险
748.0,1-2,location1,0.224,中风险,0.134,中风险,0.31,高风险,0.39,高风险,0.267,中风险,0.278,中风险
749.0,1-2,location1,0.377,高风险,0.255,中风险,0.486,高风险,0.506,高风险,0.395,高风险,0.415,高风险
750.0,1-1,location1,0.0,低风险,0.0,低风险,0.0,低风险,0.0,低风险,0.0,低风险,0.0,低风险
750.0,1-2,location1,0.301,中风险,0.187,中风险,0.404,高风险,0.507,高风险,0.352,高风险,0.366,高风险
751.0,1-2,location1,0.251,中风险,0.101,低风险,0.426,高风险,0.534,高风险,0.33,高风险,0.354,高风险
752.0,1-2,location1,0.0,低风险,0.0,低风险,0.0,低风险,0.0,低风险,0.0,低风险,0.0,低风险
753.0,1-2,location1,0.257,中风险,0.103,低风险,0.436,高风险,0.546,高风险,0.337,高风险,0.361,高风险
755.0,1-2,location1,0.508,高风险,0.394,高风险,0.578,高风险,0.535,高风险,0.482,高风险,0.502,高风险
756.0,1-2,location1,0.104,低风险,0.042,低风险,0.177,中风险,0.221,中风险,0.137,中风险,0.146,中风险
758.0,1-2,location1,0.248,中风险,0.099,低风险,0.42,高风险,0.526,高风险,0.325,高风险,0.348,高风险
761.0,1-2,location1,0.134,中风险,0.054,低风险,0.227,中风险,0.284,中风险,0.176,中风险,0.188,中风险
762.0,1-2,location1,0.0,低风险,0.0,低风险,0.0,低风险,0.0,低风险,0.0,低风险,0.0,低风险
763.0,1-2,location1,0.185,中风险,0.096,低风险,0.28,中风险,0.352,高风险,0.23,中风险,0.243,中风险
766.0,1-1,location1,0.0,低风险,0.0,低风险,0.0,低风险,0.0,低风险,0.0,低风险,0.0,低风险
766.0,1-2,location1,0.0,低风险,0.0,低风险,0.0,低风险,0.0,低风险,0.0,低风险,0.0,低风险
767.0,1-1,location1,0.126,中风险,0.051,低风险,0.214,中风险,0.268,中风险,0.166,中风险,0.178,中风险
767.0,1-2,location1,0.286,中风险,0.192,中风险,0.362,高风险,0.455,高风险,0.327,高风险,0.336,高风险
768.0,1-2,location1,0.247,中风险,0.099,低风险,0.42,高风险,0.525,高风险,0.325,高风险,0.348,高风险
769.0,1-1,location1,0.267,中风险,0.166,中风险,0.365,高风险,0.398,高风险,0.293,中风险,0.31,中风险
770.0,1-1,location1,0.0,低风险,0.0,低风险,0.0,低风险,0.0,低风险,0.0,低风险,0.0,低风险
771.0,1-2,location1,0.144,中风险,0.058,低风险,0.244,中风险,0.306,中风险,0.189,中风险,0.203,中风险
772.0,1-1,location1,0.121,中风险,0.048,低风险,0.204,中风险,0.256,中风险,0.158,中风险,0.17,中风险
772.0,1-2,location1,0.094,低风险,0.038,低风险,0.16,中风险,0.201,中风险,0.124,中风险,0.133,中风险
773.0,1-1,location1,0.0,低风险,0.0,低风险,0.0,低风险,0.0,低风险,0.0,低风险,0.0,低风险
774.0,1-2,location1,0.155,中风险,0.079,低风险,0.237,中风险,0.297,中风险,0.193,中风险,0.204,中风险
775.0,1-1,location1,0.243,中风险,0.097,低风险,0.412,高风险,0.516,高风险,0.319,高风险,0.342,高风险
775.0,1-2,location1,0.0,低风险,0.0,低风险,0.0,低风险,0.0,低风险,0.0,低风险,0.0,低风险
776.0,1-1,location1,0.251,中风险,0.101,低风险,0.426,高风险,0.533,高风险,0.33,高风险,0.353,高风险
776.0,1-2,location1,0.112,中风险,0.045,低风险,0.19,中风险,0.238,中风险,0.147,中风险,0.158,中风险
777.0,1-1,location1,0.089,低风险,0.094,低风险,0.065,低风险,0.023,低风险,0.061,低风险,0.061,低风险
777.0,1-2,location1,0.0,低风险,0.0,低风险,0.0,低风险,0.0,低风险,0.0,低风险,0.0,低风险
778.0,1-1,location1,0.204,中风险,0.082,低风险,0.346,高风险,0.434,高风险,0.268,中风险,0.287,中风险
778.0,1-2,location1,0.0,低风险,0.0,低风险,0.0,低风险,0.0,低风险,0.0,低风险,0.0,低风险
780.0,1-1,location1,0.251,中风险,0.101,低风险,0.426,高风险,0.534,高风险,0.33,高风险,0.354,高风险
780.0,1-2,location1,0.0,低风险,0.0,低风险,0.0,低风险,0.0,低风险,0.0,低风险,0.0,低风险
781.0,1-1,location1,0.052,低风险,0.021,低风险,0.088,低风险,0.11,中风险,0.068,低风险,0.073,低风险
781.0,1-2,location1,0.154,中风险,0.135,中风险,0.152,中风险,0.118,中风险,0.131,中风险,0.135,中风险
782.0,1-1,location1,0.234,中风险,0.094,低风险,0.397,高风险,0.498,高风险,0.308,中风险,0.33,高风险
784.0,1-1,location1,0.0,低风险,0.0,低风险,0.0,低风险,0.0,低风险,0.0,低风险,0.0,低风险
784.0,1-2,location1,0.0,低风险,0.0,低风险,0.0,低风险,0.0,低风险,0.0,低风险,0.0,低风险
785.0,1-2,location1,0.028,低风险,0.011,低风险,0.048,低风险,0.06,低风险,0.037,低风险,0.04,低风险
786.0,1-1,location1,0.377,高风险,0.235,中风险,0.514,高风险,0.56,高风险,0.413,高风险,0.436,高风险
786.0,1-2,location1,0.0,低风险,0.0,低风险,0.0,低风险,0.0,低风险,0.0,低风险,0.0,低风险
787.0,1-1,location1,0.296,中风险,0.168,中风险,0.428,高风险,0.487,高风险,0.34,高风险,0.361,高风险
788.0,1-2,location1,0.419,高风险,0.303,中风险,0.51,高风险,0.504,高风险,0.419,高风险,0.439,高风险
789.0,1-2,location1,0.199,中风险,0.21,中风险,0.145,中风险,0.052,低风险,0.135,中风险,0.136,中风险
790.0,1-1,location1,0.217,中风险,0.087,低风险,0.368,高风险,0.461,高风险,0.285,中风险,0.305,中风险
790.0,1-2,location1,0.313,高风险,0.211,中风险,0.394,高风险,0.495,高风险,0.356,高风险,0.366,高风险
791.0,1-1,location1,0.11,中风险,0.052,低风险,0.175,中风险,0.219,中风险,0.14,中风险,0.149,中风险
791.0,1-2,location1,0.446,高风险,0.328,高风险,0.519,高风险,0.645,高风险,0.488,高风险,0.497,高风险
792.0,1-2,location1,0.193,中风险,0.077,低风险,0.327,高风险,0.41,高风险,0.253,中风险,0.271,中风险
793.0,1-2,location1,0.275,中风险,0.172,中风险,0.367,高风险,0.461,高风险,0.321,高风险,0.333,高风险
794.0,1-1,location1,0.298,中风险,0.196,中风险,0.381,高风险,0.479,高风险,0.342,高风险,0.352,高风险
796.0,1-2,location1,0.206,中风险,0.082,低风险,0.349,高风险,0.437,高风险,0.27,中风险,0.29,中风险
797.0,1-2,location1,0.515,高风险,0.38,高风险,0.594,高风险,0.748,高风险,0.564,高风险,0.574,高风险
799.0,1-1,location1,0.0,低风险,0.0,低风险,0.0,低风险,0.0,低风险,0.0,低风险,0.0,低风险
799.0,1-2,location1,0.243,中风险,0.102,低风险,0.406,高风险,0.504,高风险,0.315,高风险,0.338,高风险
800.0,1-1,location1,0.057,低风险,0.023,低风险,0.096,低风险,0.12,中风险,0.074,低风险,0.079,低风险
801.0,1-1,location1,0.0,低风险,0.0,低风险,0.0,低风险,0.0,低风险,0.0,低风险,0.0,低风险
801.0,1-2,location1,0.223,中风险,0.089,低风险,0.378,高风险,0.474,高风险,0.293,中风险,0.314,高风险
802.0,1-1,location1,0.0,低风险,0.0,低风险,0.0,低风险,0.0,低风险,0.0,低风险,0.0,低风险
803.0,1-1,location1,0.106,低风险,0.112,中风险,0.077,低风险,0.028,低风险,0.072,低风险,0.072,低风险
804.0,1-1,location1,0.2,中风险,0.08,低风险,0.34,高风险,0.426,高风险,0.263,中风险,0.282,中风险
804.0,1-2,location1,0.0,低风险,0.0,低风险,0.0,低风险,0.0,低风险,0.0,低风险,0.0,低风险
806.0,1-1,location1,0.0,低风险,0.0,低风险,0.0,低风险,0.0,低风险,0.0,低风险,0.0,低风险
807.0,1-1,location1,0.383,高风险,0.257,中风险,0.492,高风险,0.532,高风险,0.407,高风险,0.427,高风险
807.0,1-2,location1,0.25,中风险,0.16,中风险,0.335,高风险,0.36,高风险,0.27,中风险,0.285,中风险
809.0,1-2,location1,0.0,低风险,0.0,低风险,0.0,低风险,0.0,低风险,0.0,低风险,0.0,低风险
811.0,1-2,location1,0.0,低风险,0.0,低风险,0.0,低风险,0.0,低风险,0.0,低风险,0.0,低风险
812.0,1-2,location1,0.206,中风险,0.083,低风险,0.35,高风险,0.438,高风险,0.271,中风险,0.29,中风险
813.0,1-2,location1,0.0,低风险,0.0,低风险,0.0,低风险,0.0,低风险,0.0,低风险,0.0,低风险
814.0,1-1,location1,0.193,中风险,0.077,低风险,0.327,高风险,0.41,高风险,0.253,中风险,0.271,中风险
814.0,1-2,location1,0.16,中风险,0.064,低风险,0.272,中风险,0.34,高风险,0.21,中风险,0.225,中风险
815.0,1-2,location1,0.337,高风险,0.213,中风险,0.446,高风险,0.56,高风险,0.392,高风险,0.406,高风险
816.0,1-1,location1,0.0,低风险,0.0,低风险,0.0,低风险,0.0,低风险,0.0,低风险,0.0,低风险
816.0,1-2,location1,0.129,中风险,0.052,低风险,0.219,中风险,0.274,中风险,0.169,中风险,0.181,中风险
818.0,1-1,location1,0.196,中风险,0.079,低风险,0.333,高风险,0.417,高风险,0.258,中风险,0.276,中风险
818.0,1-2,location1,0.21,中风险,0.084,低风险,0.356,高风险,0.446,高风险,0.276,中风险,0.296,中风险
819.0,1-1,location1,0.0,低风险,0.0,低风险,0.0,低风险,0.0,低风险,0.0,低风险,0.0,低风险
819.0,1-2,location1,0.17,中风险,0.068,低风险,0.288,中风险,0.36,高风险,0.223,中风险,0.239,中风险
821.0,1-2,location1,0.269,中风险,0.136,中风险,0.414,高风险,0.49,高风险,0.325,高风险,0.347,高风险
822.0,1-2,location1,0.369,高风险,0.182,中风险,0.57,高风险,0.715,高风险,0.462,高风险,0.489,高风险
823.0,1-2,location1,0.126,中风险,0.05,低风险,0.213,中风险,0.267,中风险,0.165,中风险,0.177,中风险
824.0,1-1,location1,0.0,低风险,0.0,低风险,0.0,低风险,0.0,低风险,0.0,低风险,0.0,低风险
824.0,1-2,location1,0.037,低风险,0.039,低风险,0.027,低风险,0.01,低风险,0.025,低风险,0.025,低风险
825.0,1-1,location1,0.0,低风险,0.0,低风险,0.0,低风险,0.0,低风险,0.0,低风险,0.0,低风险
825.0,1-2,location1,0.0,低风险,0.0,低风险,0.0,低风险,0.0,低风险,0.0,低风险,0.0,低风险
826.0,1-2,location1,0.081,低风险,0.032,低风险,0.137,中风险,0.172,中风险,0.106,低风险,0.114,中风险
827.0,1-1,location1,0.342,高风险,0.214,中风险,0.466,高风险,0.508,高风险,0.375,高风险,0.396,高风险
827.0,1-2,location1,0.024,低风险,0.01,低风险,0.041,低风险,0.052,低风险,0.032,低风险,0.034,低风险
828.0,1-1,location1,0.46,高风险,0.337,高风险,0.536,高风险,0.675,高风险,0.507,高风险,0.516,高风险
828.0,1-2,location1,0.0,低风险,0.0,低风险,0.0,低风险,0.0,低风险,0.0,低风险,0.0,低风险
829.0,1-1,location1,0.0,低风险,0.0,低风险,0.0,低风险,0.0,低风险,0.0,低风险,0.0,低风险
829.0,1-2,location1,0.0,低风险,0.0,低风险,0.0,低风险,0.0,低风险,0.0,低风险,0.0,低风险
831.0,1-1,location1,0.0,低风险,0.0,低风险,0.0,低风险,0.0,低风险,0.0,低风险,0.0,低风险
832.0,1-1,location1,0.0,低风险,0.0,低风险,0.0,低风险,0.0,低风险,0.0,低风险,0.0,低风险
833.0,1-1,location1,0.291,中风险,0.117,中风险,0.494,高风险,0.618,高风险,0.382,高风险,0.409,高风险
835.0,1-1,location1,0.198,中风险,0.079,低风险,0.335,高风险,0.42,高风险,0.26,中风险,0.278,中风险
837.0,1-2,location1,0.247,中风险,0.194,中风险,0.277,中风险,0.253,中风险,0.232,中风险,0.242,中风险
838.0,1-1,location1,0.155,中风险,0.164,中风险,0.113,中风险,0.041,低风险,0.106,低风险,0.106,低风险
839.0,1-1,location1,0.192,中风险,0.096,低风险,0.297,中风险,0.372,高风险,0.241,中风险,0.255,中风险
840.0,1-2,location1,0.0,低风险,0.0,低风险,0.0,低风险,0.0,低风险,0.0,低风险,0.0,低风险
841.0,1-1,location1,0.319,高风险,0.164,中风险,0.487,高风险,0.575,高风险,0.384,高风险,0.408,高风险
842.0,1-2,location1,0.193,中风险,0.1,低风险,0.29,中风险,0.364,高风险,0.238,中风险,0.251,中风险
843.0,1-1,location1,0.0,低风险,0.0,低风险,0.0,低风险,0.0,低风险,0.0,低风险,0.0,低风险
843.0,1-2,location1,0.454,高风险,0.298,中风险,0.585,高风险,0.735,高风险,0.522,高风险,0.539,高风险
844.0,1-1,location1,0.26,中风险,0.151,中风险,0.366,高风险,0.459,高风险,0.311,高风险,0.325,高风险
845.0,1-1,location1,0.247,中风险,0.099,低风险,0.419,高风险,0.524,高风险,0.324,高风险,0.347,高风险
845.0,1-2,location1,0.001,低风险,0.001,低风险,0.001,低风险,0.0,低风险,0.001,低风险,0.001,低风险
846.0,1-1,location1,0.096,低风险,0.087,低风险,0.09,低风险,0.064,低风险,0.078,低风险,0.08,低风险
847.0,1-1,location1,0.064,低风险,0.067,低风险,0.046,低风险,0.017,低风险,0.043,低风险,0.043,低风险
848.0,1-2,location1,0.0,低风险,0.0,低风险,0.0,低风险,0.0,低风险,0.0,低风险,0.0,低风险
849.0,1-1,location1,0.372,高风险,0.197,中风险,0.556,高风险,0.697,高风险,0.459,高风险,0.483,高风险
849.0,1-2,location1,0.055,低风险,0.058,低风险,0.04,低风险,0.014,低风险,0.038,低风险,0.038,低风险
850.0,1-1,location1,0.0,低风险,0.0,低风险,0.0,低风险,0.0,低风险,0.0,低风险,0.0,低风险
850.0,1-2,location1,0.0,低风险,0.0,低风险,0.0,低风险,0.0,低风险,0.0,低风险,0.0,低风险
851.0,1-1,location1,0.334,高风险,0.239,中风险,0.397,高风险,0.5,高风险,0.371,高风险,0.379,高风险
851.0,1-2,location1,0.127,中风险,0.052,低风险,0.213,中风险,0.266,中风险,0.166,中风险,0.177,中风险
852.0,1-1,location1,0.0,低风险,0.0,低风险,0.0,低风险,0.0,低风险,0.0,低风险,0.0,低风险
853.0,1-1,location1,0.237,中风险,0.095,低风险,0.401,高风险,0.503,高风险,0.311,高风险,0.333,高风险
853.0,1-2,location1,0.207,中风险,0.083,低风险,0.351,高风险,0.439,高风险,0.272,中风险,0.291,中风险
854.0,1-1,location1,0.268,中风险,0.186,中风险,0.337,高风险,0.344,高风险,0.275,中风险,0.289,中风险
854.0,1-2,location1,0.208,中风险,0.083,低风险,0.353,高风险,0.442,高风险,0.273,中风险,0.293,中风险
855.0,1-1,location1,0.0,低风险,0.0,低风险,0.0,低风险,0.0,低风险,0.0,低风险,0.0,低风险
855.0,1-2,location1,0.017,低风险,0.018,低风险,0.012,低风险,0.005,低风险,0.012,低风险,0.012,低风险
856.0,1-1,location1,0.0,低风险,0.0,低风险,0.0,低风险,0.0,低风险,0.0,低风险,0.0,低风险
856.0,1-2,location1,0.237,中风险,0.123,中风险,0.361,高风险,0.424,高风险,0.284,中风险,0.302,中风险
857.0,1-1,location1,0.203,中风险,0.081,低风险,0.344,高风险,0.431,高风险,0.267,中风险,0.286,中风险
858.0,1-1,location1,0.224,中风险,0.09,低风险,0.38,高风险,0.476,高风险,0.294,中风险,0.315,高风险
858.0,1-2,location1,0.063,低风险,0.025,低风险,0.107,低风险,0.134,中风险,0.083,低风险,0.089,低风险
859.0,1-1,location1,0.343,高风险,0.218,中风险,0.462,高风险,0.498,高风险,0.372,高风险,0.393,高风险
859.0,1-2,location1,0.462,高风险,0.365,高风险,0.516,高风险,0.468,高风险,0.432,高风险,0.449,高风险
860.0,1-1,location1,0.0,低风险,0.0,低风险,0.0,低风险,0.0,低风险,0.0,低风险,0.0,低风险
860.0,1-2,location1,0.225,中风险,0.119,中风险,0.334,高风险,0.419,高风险,0.276,中风险,0.291,中风险
861.0,1-1,location1,0.0,低风险,0.0,低风险,0.0,低风险,0.0,低风险,0.0,低风险,0.0,低风险
861.0,1-2,location1,0.153,中风险,0.065,低风险,0.253,中风险,0.317,高风险,0.198,中风险,0.212,中风险
862.0,1-1,location1,0.379,高风险,0.263,中风险,0.465,高风险,0.585,高风险,0.427,高风险,0.438,高风险
862.0,1-2,location1,0.0,低风险,0.0,低风险,0.0,低风险,0.0,低风险,0.0,低风险,0.0,低风险
864.0,1-1,location1,0.113,中风险,0.045,低风险,0.192,中风险,0.24,中风险,0.149,中风险,0.159,中风险
869.0,1-1,location1,0.239,中风险,0.139,中风险,0.341,高风险,0.384,高风险,0.272,中风险,0.288,中风险
869.0,1-2,location1,0.521,高风险,0.454,高风险,0.493,高风险,0.622,高风险,0.528,高风险,0.523,高风险
871.0,1-1,location1,0.142,中风险,0.057,低风险,0.241,中风险,0.301,中风险,0.186,中风险,0.2,中风险
874.0,1-1,location1,0.29,中风险,0.176,中风险,0.395,高风险,0.496,高风险,0.342,高风险,0.356,高风险
875.0,1-1,location1,0.074,低风险,0.03,低风险,0.126,中风险,0.158,中风险,0.097,低风险,0.104,低风险
875.0,1-2,location1,0.0,低风险,0.0,低风险,0.0,低风险,0.0,低风险,0.0,低风险,0.0,低风险
876.0,1-1,location1,0.0,低风险,0.0,低风险,0.0,低风险,0.0,低风险,0.0,低风险,0.0,低风险
877.0,1-2,location1,0.0,低风险,0.0,低风险,0.0,低风险,0.0,低风险,0.0,低风险,0.0,低风险
879.0,1-1,location1,0.039,低风险,0.016,低风险,0.067,低风险,0.084,低风险,0.052,低风险,0.055,低风险
881.0,1-2,location1,0.309,中风险,0.202,中风险,0.407,高风险,0.431,高风险,0.329,高风险,0.347,高风险
882.0,1-2,location1,0.068,低风险,0.072,低风险,0.049,低风险,0.018,低风险,0.046,低风险,0.046,低风险
886.0,1-2,location1,0.0,低风险,0.0,低风险,0.0,低风险,0.0,低风险,0.0,低风险,0.0,低风险
890.0,1-2,location1,0.0,低风险,0.0,低风险,0.0,低风险,0.0,低风险,0.0,低风险,0.0,低风险
891.0,1-2,location1,0.414,高风险,0.263,中风险,0.547,高风险,0.687,高风险,0.482,高风险,0.499,高风险
893.0,1-1,location1,0.091,低风险,0.036,低风险,0.154,中风险,0.193,中风险,0.119,中风险,0.128,中风险
896.0,1-1,location1,0.204,中风险,0.082,低风险,0.346,高风险,0.433,高风险,0.268,中风险,0.287,中风险
896.0,1-2,location1,0.141,中风险,0.057,低风险,0.239,中风险,0.3,中风险,0.185,中风险,0.199,中风险
899.0,1-2,location1,0.055,低风险,0.022,低风险,0.094,低风险,0.118,中风险,0.073,低风险,0.078,低风险
900.0,1-1,location1,0.106,低风险,0.043,低风险,0.18,中风险,0.226,中风险,0.139,中风险,0.149,中风险
901.0,1-2,location1,0.075,低风险,0.03,低风险,0.127,中风险,0.158,中风险,0.098,低风险,0.105,低风险
902.0,1-2,location1,0.127,中风险,0.051,低风险,0.216,中风险,0.27,中风险,0.167,中风险,0.179,中风险
903.0,1-2,location1,0.263,中风险,0.105,低风险,0.446,高风险,0.558,高风险,0.345,高风险,0.37,高风险
907.0,1-1,location1,0.345,高风险,0.138,中风险,0.584,高风险,0.732,高风险,0.452,高风险,0.485,高风险
910.0,1-2,location1,0.233,中风险,0.094,低风险,0.396,高风险,0.496,高风险,0.307,中风险,0.328,高风险
914.0,1-1,location1,0.0,低风险,0.0,低风险,0.0,低风险,0.0,低风险,0.0,低风险,0.0,低风险
914.0,1-2,location1,0.181,中风险,0.19,中风险,0.131,中风险,0.047,低风险,0.123,中风险,0.123,中风险
917.0,1-1,location1,0.028,低风险,0.03,低风险,0.02,低风险,0.007,低风险,0.019,低风险,0.019,低风险
918.0,1-2,location1,0.164,中风险,0.071,低风险,0.271,中风险,0.339,高风险,0.213,中风险,0.227,中风险
919.0,1-2,location1,0.226,中风险,0.091,低风险,0.384,高风险,0.48,高风险,0.297,中风险,0.318,高风险
920.0,1-1,location1,0.195,中风险,0.205,中风险,0.141,中风险,0.051,低风险,0.132,中风险,0.132,中风险
921.0,1-1,location1,0.311,高风险,0.125,中风险,0.527,高风险,0.66,高风险,0.408,高风险,0.437,高风险
922.0,1-2,location1,0.303,中风险,0.153,中风险,0.467,高风险,0.553,高风险,0.367,高风险,0.391,高风险
923.0,1-1,location1,0.0,低风险,0.0,低风险,0.0,低风险,0.0,低风险,0.0,低风险,0.0,低风险
924.0,1-2,location1,0.533,高风险,0.387,高风险,0.627,高风险,0.789,高风险,0.589,高风险,0.601,高风险
925.0,1-1,location1,0.196,中风险,0.102,低风险,0.294,中风险,0.368,高风险,0.242,中风险,0.255,中风险
927.0,1-2,location1,0.321,高风险,0.176,中风险,0.469,高风险,0.588,高风险,0.392,高风险,0.411,高风险
929.0,1-1,location1,0.0,低风险,0.0,低风险,0.0,低风险,0.0,低风险,0.0,低风险,0.0,低风险
929.0,1-2,location1,0.28,中风险,0.156,中风险,0.406,高风险,0.51,高风险,0.341,高风险,0.357,高风险
930.0,1-1,location1,0.111,中风险,0.044,低风险,0.188,中风险,0.235,中风险,0.146,中风险,0.156,中风险
931.0,1-2,location1,0.078,低风险,0.032,低风险,0.132,中风险,0.165,中风险,0.103,低风险,0.11,低风险
932.0,1-1,location1,0.0,低风险,0.0,低风险,0.0,低风险,0.0,低风险,0.0,低风险,0.0,低风险
932.0,1-2,location1,0.0,低风险,0.0,低风险,0.0,低风险,0.0,低风险,0.0,低风险,0.0,低风险
933.0,1-1,location1,0.14,中风险,0.056,低风险,0.237,中风险,0.297,中风险,0.184,中风险,0.197,中风险
934.0,1-1,location1,0.025,低风险,0.01,低风险,0.043,低风险,0.054,低风险,0.033,低风险,0.036,低风险
936.0,1-1,location1,0.175,中风险,0.07,低风险,0.296,中风险,0.371,高风险,0.23,中风险,0.246,中风险
936.0,1-2,location1,0.352,高风险,0.141,中风险,0.596,高风险,0.747,高风险,0.462,高风险,0.495,高风险
937.0,1-2,location1,0.216,中风险,0.087,低风险,0.366,高风险,0.458,高风险,0.283,中风险,0.304,中风险
939.0,1-1,location1,0.129,中风险,0.052,低风险,0.218,中风险,0.273,中风险,0.169,中风险,0.181,中风险
940.0,1-2,location1,0.111,中风险,0.044,低风险,0.188,中风险,0.235,中风险,0.145,中风险,0.156,中风险
942.0,1-2,location1,0.375,高风险,0.394,高风险,0.272,中风险,0.098,低风险,0.254,中风险,0.255,中风险
943.0,1-1,location1,0.043,低风险,0.045,低风险,0.031,低风险,0.011,低风险,0.029,低风险,0.029,低风险
944.0,1-1,location1,0.145,中风险,0.061,低风险,0.24,中风险,0.301,中风险,0.188,中风险,0.201,中风险
945.0,1-2,location1,0.321,高风险,0.129,中风险,0.544,高风险,0.681,高风险,0.421,高风险,0.451,高风险
947.0,1-2,location1,0.0,低风险,0.0,低风险,0.0,低风险,0.0,低风险,0.0,低风险,0.0,低风险
948.0,1-2,location1,0.399,高风险,0.286,中风险,0.475,高风险,0.598,高风险,0.444,高风险,0.453,高风险
950.0,1-2,location1,0.26,中风险,0.104,低风险,0.441,高风险,0.552,高风险,0.341,高风险,0.366,高风险
952.0,1-2,location1,0.046,低风险,0.018,低风险,0.077,低风险,0.097,低风险,0.06,低风险,0.064,低风险
953.0,1-2,location1,0.124,中风险,0.05,低风险,0.211,中风险,0.264,中风险,0.163,中风险,0.175,中风险
954.0,1-1,location1,0.0,低风险,0.0,低风险,0.0,低风险,0.0,低风险,0.0,低风险,0.0,低风险
955.0,1-1,location1,0.192,中风险,0.077,低风险,0.326,高风险,0.408,高风险,0.252,中风险,0.27,中风险
955.0,1-2,location1,0.222,中风险,0.091,低风险,0.372,高风险,0.464,高风险,0.289,中风险,0.309,中风险
956.0,1-1,location1,0.0,低风险,0.0,低风险,0.0,低风险,0.0,低风险,0.0,低风险,0.0,低风险
956.0,1-2,location1,0.0,低风险,0.0,低风险,0.0,低风险,0.0,低风险,0.0,低风险,0.0,低风险
957.0,1-1,location1,0.269,中风险,0.145,中风险,0.396,高风险,0.495,高风险,0.328,高风险,0.345,高风险
958.0,1-1,location1,0.198,中风险,0.08,低风险,0.336,高风险,0.421,高风险,0.261,中风险,0.279,中风险
959.0,1-1,location1,0.582,高风险,0.464,高风险,0.636,高风险,0.64,高风险,0.564,高风险,0.58,高风险
960.0,1-1,location1,0.356,高风险,0.223,中风险,0.476,高风险,0.598,高风险,0.417,高风险,0.432,高风险
960.0,1-2,location1,0.337,高风险,0.241,中风险,0.401,高风险,0.504,高风险,0.374,高风险,0.382,高风险
961.0,1-1,location1,0.246,中风险,0.098,低风险,0.416,高风险,0.522,高风险,0.322,高风险,0.345,高风险
961.0,1-2,location1,0.0,低风险,0.0,低风险,0.0,低风险,0.0,低风险,0.0,低风险,0.0,低风险
965.0,1-2,location1,0.0,低风险,0.0,低风险,0.0,低风险,0.0,低风险,0.0,低风险,0.0,低风险
966.0,1-1,location1,0.0,低风险,0.0,低风险,0.0,低风险,0.0,低风险,0.0,低风险,0.0,低风险
967.0,1-1,location1,0.0,低风险,0.0,低风险,0.0,低风险,0.0,低风险,0.0,低风险,0.0,低风险
968.0,1-1,location1,0.0,低风险,0.0,低风险,0.0,低风险,0.0,低风险,0.0,低风险,0.0,低风险
968.0,1-2,location1,0.119,中风险,0.048,低风险,0.202,中风险,0.253,中风险,0.157,中风险,0.168,中风险
969.0,1-1,location1,0.0,低风险,0.0,低风险,0.0,低风险,0.0,低风险,0.0,低风险,0.0,低风险
970.0,1-1,location1,0.183,中风险,0.073,低风险,0.31,中风险,0.388,高风险,0.24,中风险,0.257,中风险
971.0,1-1,location1,0.088,低风险,0.041,低风险,0.14,中风险,0.176,中风险,0.112,中风险,0.119,中风险
972.0,1-1,location1,0.0,低风险,0.0,低风险,0.0,低风险,0.0,低风险,0.0,低风险,0.0,低风险
973.0,1-1,location1,0.0,低风险,0.0,低风险,0.0,低风险,0.0,低风险,0.0,低风险,0.0,低风险
974.0,1-1,location1,0.0,低风险,0.0,低风险,0.0,低风险,0.0,低风险,0.0,低风险,0.0,低风险
974.0,1-2,location1,0.0,低风险,0.0,低风险,0.0,低风险,0.0,低风险,0.0,低风险,0.0,低风险
975.0,1-1,location1,0.163,中风险,0.066,低风险,0.275,中风险,0.344,高风险,0.213,中风险,0.228,中风险
975.0,1-2,location1,0.0,低风险,0.0,低风险,0.0,低风险,0.0,低风险,0.0,低风险,0.0,低风险
976.0,1-1,location1,0.065,低风险,0.029,低风险,0.106,低风险,0.132,中风险,0.083,低风险,0.089,低风险
976.0,1-2,location1,0.0,低风险,0.0,低风险,0.0,低风险,0.0,低风险,0.0,低风险,0.0,低风险
977.0,1-1,location1,0.0,低风险,0.0,低风险,0.0,低风险,0.0,低风险,0.0,低风险,0.0,低风险
977.0,1-2,location1,0.19,中风险,0.076,低风险,0.322,高风险,0.404,高风险,0.25,中风险,0.268,中风险
978.0,1-1,location1,0.131,中风险,0.053,低风险,0.223,中风险,0.279,中风险,0.172,中风险,0.185,中风险
979.0,1-1,location1,0.0,低风险,0.0,低风险,0.0,低风险,0.0,低风险,0.0,低风险,0.0,低风险
980.0,1-2,location1,0.0,低风险,0.0,低风险,0.0,低风险,0.0,低风险,0.0,低风险,0.0,低风险
981.0,1-1,location1,0.0,低风险,0.0,低风险,0.0,低风险,0.0,低风险,0.0,低风险,0.0,低风险
982.0,1-1,location1,0.0,低风险,0.0,低风险,0.0,低风险,0.0,低风险,0.0,低风险,0.0,低风险
983.0,1-1,location1,0.276,中风险,0.18,中风险,0.366,高风险,0.389,高风险,0.296,中风险,0.312,高风险
983.0,1-2,location1,0.285,中风险,0.225,中风险,0.317,高风险,0.287,中风险,0.266,中风险,0.276,中风险
984.0,1-2,location1,0.0,低风险,0.0,低风险,0.0,低风险,0.0,低风险,0.0,低风险,0.0,低风险
986.0,1-2,location1,0.222,中风险,0.089,低风险,0.377,高风险,0.472,高风险,0.292,中风险,0.313,高风险
987.0,1-1,location1,0.0,低风险,0.0,低风险,0.0,低风险,0.0,低风险,0.0,低风险,0.0,低风险
989.0,1-1,location1,0.257,中风险,0.103,低风险,0.436,高风险,0.546,高风险,0.338,高风险,0.362,高风险
989.0,1-2,location1,0.111,中风险,0.045,低风险,0.188,中风险,0.236,中风险,0.146,中风险,0.156,中风险
990.0,1-1,location1,0.323,高风险,0.161,中风险,0.501,高风险,0.596,高风险,0.394,高风险,0.42,高风险
991.0,1-1,location1,0.0,低风险,0.0,低风险,0.0,低风险,0.0,低风险,0.0,低风险,0.0,低风险
992.0,1-1,location1,0.229,中风险,0.092,低风险,0.388,高风险,0.486,高风险,0.3,中风险,0.322,高风险
992.0,1-2,location1,0.246,中风险,0.098,低风险,0.416,高风险,0.522,高风险,0.322,高风险,0.345,高风险
993.0,1-2,location1,0.0,低风险,0.0,低风险,0.0,低风险,0.0,低风险,0.0,低风险,0.0,低风险
994.0,1-1,location1,0.0,低风险,0.0,低风险,0.0,低风险,0.0,低风险,0.0,低风险,0.0,低风险
994.0,1-2,location1,0.0,低风险,0.0,低风险,0.0,低风险,0.0,低风险,0.0,低风险,0.0,低风险
995.0,1-1,location1,0.223,中风险,0.09,低风险,0.379,高风险,0.474,高风险,0.293,中风险,0.314,高风险
995.0,1-2,location1,0.103,低风险,0.041,低风险,0.174,中风险,0.218,中风险,0.135,中风险,0.144,中风险
996.0,1-1,location1,0.0,低风险,0.0,低风险,0.0,低风险,0.0,低风险,0.0,低风险,0.0,低风险
996.0,1-2,location1,0.0,低风险,0.0,低风险,0.0,低风险,0.0,低风险,0.0,低风险,0.0,低风险
998.0,1-1,location1,0.0,低风险,0.0,低风险,0.0,低风险,0.0,低风险,0.0,低风险,0.0,低风险
998.0,1-2,location1,0.0,低风险,0.0,低风险,0.0,低风险,0.0,低风险,0.0,低风险,0.0,低风险
999.0,1-1,location1,0.0,低风险,0.0,低风险,0.0,低风险,0.0,低风险,0.0,低风险,0.0,低风险
999.0,1-2,location1,0.0,低风险,0.0,低风险,0.0,低风险,0.0,低风险,0.0,低风险,0.0,低风险
1001.0,1-1,location1,0.047,低风险,0.02,低风险,0.078,低风险,0.098,低风险,0.061,低风险,0.065,低风险
1001.0,1-2,location1,0.0,低风险,0.0,低风险,0.0,低风险,0.0,低风险,0.0,低风险,0.0,低风险
1002.0,1-1,location1,0.0,低风险,0.0,低风险,0.0,低风险,0.0,低风险,0.0,低风险,0.0,低风险
1002.0,1-2,location1,0.158,中风险,0.063,低风险,0.269,中风险,0.336,高风险,0.208,中风险,0.223,中风险
1003.0,1-2,location1,0.0,低风险,0.0,低风险,0.0,低风险,0.0,低风险,0.0,低风险,0.0,低风险
1004.0,1-1,location1,0.083,低风险,0.087,低风险,0.06,低风险,0.022,低风险,0.056,低风险,0.056,低风险
1004.0,1-2,location1,0.057,低风险,0.023,低风险,0.097,低风险,0.121,中风险,0.075,低风险,0.08,低风险
1005.0,1-1,location1,0.228,中风险,0.24,中风险,0.165,中风险,0.06,低风险,0.155,中风险,0.155,中风险
1006.0,1-1,location1,0.648,高风险,0.512,高风险,0.699,高风险,0.834,高风险,0.673,高风险,0.682,高风险
1006.0,1-2,location1,0.0,低风险,0.0,低风险,0.0,低风险,0.0,低风险,0.0,低风险,0.0,低风险
1007.0,1-1,location1,0.205,中风险,0.082,低风险,0.347,高风险,0.435,高风险,0.269,中风险,0.288,中风险
1007.0,1-2,location1,0.171,中风险,0.18,中风险,0.124,中风险,0.045,低风险,0.116,中风险,0.116,中风险
1008.0,1-1,location1,0.267,中风险,0.132,中风险,0.412,高风险,0.517,高风险,0.334,高风险,0.354,高风险
1008.0,1-2,location1,0.0,低风险,0.0,低风险,0.0,低风险,0.0,低风险,0.0,低风险,0.0,低风险
1009.0,1-1,location1,0.054,低风险,0.022,低风险,0.092,低风险,0.115,中风险,0.071,低风险,0.076,低风险
1009.0,1-2,location1,0.176,中风险,0.071,低风险,0.299,中风险,0.375,高风险,0.232,中风险,0.248,中风险
1010.0,1-1,location1,0.447,高风险,0.294,中风险,0.573,高风险,0.72,高风险,0.513,高风险,0.529,高风险
1011.0,1-1,location1,0.084,低风险,0.034,低风险,0.142,中风险,0.178,中风险,0.11,低风险,0.118,中风险
1011.0,1-2,location1,0.0,低风险,0.0,低风险,0.0,低风险,0.0,低风险,0.0,低风险,0.0,低风险
1012.0,1-1,location1,0.239,中风险,0.096,低风险,0.406,高风险,0.508,高风险,0.314,高风险,0.337,高风险
1013.0,1-1,location1,0.26,中风险,0.181,中风险,0.326,高风险,0.331,高风险,0.266,中风险,0.279,中风险
1013.0,1-2,location1,0.165,中风险,0.066,低风险,0.281,中风险,0.351,高风险,0.217,中风险,0.233,中风险
1014.0,1-2,location1,0.0,低风险,0.0,低风险,0.0,低风险,0.0,低风险,0.0,低风险,0.0,低风险
1015.0,1-2,location1,0.0,低风险,0.0,低风险,0.0,低风险,0.0,低风险,0.0,低风险,0.0,低风险
1016.0,1-2,location1,0.0,低风险,0.0,低风险,0.0,低风险,0.0,低风险,0.0,低风险,0.0,低风险
1017.0,1-2,location1,0.0,低风险,0.0,低风险,0.0,低风险,0.0,低风险,0.0,低风险,0.0,低风险
1018.0,1-2,location1,0.098,低风险,0.039,低风险,0.166,中风险,0.208,中风险,0.129,中风险,0.138,中风险
1019.0,1-2,location1,0.159,中风险,0.064,低风险,0.269,中风险,0.337,高风险,0.209,中风险,0.223,中风险
1020.0,1-2,location1,0.122,中风险,0.049,低风险,0.207,中风险,0.259,中风险,0.16,中风险,0.172,中风险
1021.0,1-1,location1,0.093,低风险,0.037,低风险,0.158,中风险,0.198,中风险,0.122,中风险,0.131,中风险
1022.0,1-1,location1,0.177,中风险,0.071,低风险,0.299,中风险,0.375,高风险,0.232,中风险,0.248,中风险
1022.0,1-2,location1,0.0,低风险,0.0,低风险,0.0,低风险,0.0,低风险,0.0,低风险,0.0,低风险
1023.0,1-2,location1,0.114,中风险,0.046,低风险,0.193,中风险,0.241,中风险,0.149,中风险,0.16,中风险
1024.0,1-1,location1,0.0,低风险,0.0,低风险,0.0,低风险,0.0,低风险,0.0,低风险,0.0,低风险
1024.0,1-2,location1,0.239,中风险,0.096,低风险,0.406,高风险,0.508,高风险,0.314,高风险,0.336,高风险
1025.0,1-2,location1,0.122,中风险,0.049,低风险,0.208,中风险,0.26,中风险,0.161,中风险,0.172,中风险
1026.0,1-1,location1,0.325,高风险,0.19,中风险,0.463,高风险,0.52,高风险,0.369,高风险,0.391,高风险
1027.0,1-1,location1,0.218,中风险,0.117,中风险,0.321,高风险,0.403,高风险,0.267,中风险,0.281,中风险
1027.0,1-2,location1,0.2,中风险,0.08,低风险,0.339,高风险,0.425,高风险,0.263,中风险,0.281,中风险
1028.0,1-1,location1,0.376,高风险,0.218,中风险,0.53,高风险,0.665,高风险,0.451,高风险,0.471,高风险
1029.0,1-1,location1,0.067,低风险,0.027,低风险,0.114,中风险,0.143,中风险,0.089,低风险,0.095,低风险
1030.0,1-1,location1,0.28,中风险,0.146,中风险,0.42,高风险,0.527,高风险,0.346,高风险,0.364,高风险
1031.0,1-2,location1,0.0,低风险,0.0,低风险,0.0,低风险,0.0,低风险,0.0,低风险,0.0,低风险
1032.0,1-1,location1,0.39,高风险,0.254,中风险,0.505,高风险,0.635,高风险,0.45,高风险,0.465,高风险
1032.0,1-2,location1,0.122,中风险,0.049,低风险,0.206,中风险,0.259,中风险,0.16,中风险,0.171,中风险
1033.0,1-2,location1,0.207,中风险,0.083,低风险,0.352,高风险,0.441,高风险,0.272,中风险,0.292,中风险
1034.0,1-2,location1,0.0,低风险,0.0,低风险,0.0,低风险,0.0,低风险,0.0,低风险,0.0,低风险
1035.0,1-1,location1,0.056,低风险,0.022,低风险,0.094,低风险,0.118,中风险,0.073,低风险,0.078,低风险
1036.0,1-1,location1,0.214,中风险,0.179,中风险,0.223,中风险,0.187,中风险,0.19,中风险,0.196,中风险
1036.0,1-2,location1,0.105,低风险,0.042,低风险,0.178,中风险,0.223,中风险,0.138,中风险,0.148,中风险
1037.0,1-1,location1,0.167,中风险,0.067,低风险,0.284,中风险,0.355,高风险,0.22,中风险,0.235,中风险
1037.0,1-2,location1,0.053,低风险,0.021,低风险,0.09,低风险,0.113,中风险,0.07,低风险,0.075,低风险
1039.0,1-1,location1,0.484,高风险,0.357,高风险,0.559,高风险,0.703,高风险,0.53,高风险,0.54,高风险
1040.0,1-1,location1,0.151,中风险,0.159,中风险,0.11,低风险,0.04,低风险,0.103,低风险,0.103,低风险
1040.0,1-2,location1,0.0,低风险,0.0,低风险,0.0,低风险,0.0,低风险,0.0,低风险,0.0,低风险
1041.0,1-1,location1,0.423,高风险,0.314,高风险,0.486,高风险,0.612,高风险,0.463,高风险,0.471,高风险
1042.0,1-1,location1,0.448,高风险,0.305,中风险,0.561,高风险,0.705,高风险,0.509,高风险,0.523,高风险
1042.0,1-2,location1,0.0,低风险,0.0,低风险,0.0,低风险,0.0,低风险,0.0,低风险,0.0,低风险
1043.0,1-1,location1,0.115,中风险,0.046,低风险,0.195,中风险,0.244,中风险,0.151,中风险,0.162,中风险
1045.0,1-2,location1,0.0,低风险,0.0,低风险,0.0,低风险,0.0,低风险,0.0,低风险,0.0,低风险
1047.0,1-2,location1,0.0,低风险,0.0,低风险,0.0,低风险,0.0,低风险,0.0,低风险,0.0,低风险
1049.0,1-1,location1,0.222,中风险,0.106,低风险,0.35,高风险,0.438,高风险,0.281,中风险,0.298,中风险
1049.0,1-2,location1,0.0,低风险,0.0,低风险,0.0,低风险,0.0,低风险,0.0,低风险,0.0,低风险
1051.0,1-1,location1,0.357,高风险,0.224,中风险,0.475,高风险,0.597,高风险,0.417,高风险,0.432,高风险
1052.0,1-1,location1,0.0,低风险,0.0,低风险,0.0,低风险,0.0,低风险,0.0,低风险,0.0,低风险
1052.0,1-2,location1,0.172,中风险,0.112,中风险,0.222,中风险,0.279,中风险,0.198,中风险,0.204,中风险
1053.0,1-1,location1,0.23,中风险,0.123,中风险,0.344,高风险,0.4,高风险,0.272,中风险,0.289,中风险
1053.0,1-2,location1,0.0,低风险,0.0,低风险,0.0,低风险,0.0,低风险,0.0,低风险,0.0,低风险
1054.0,1-2,location1,0.004,低风险,0.005,低风险,0.003,低风险,0.001,低风险,0.003,低风险,0.003,低风险
1055.0,1-1,location1,0.003,低风险,0.004,低风险,0.003,低风险,0.001,低风险,0.002,低风险,0.002,低风险
1055.0,1-2,location1,0.0,低风险,0.0,低风险,0.0,低风险,0.0,低风险,0.0,低风险,0.0,低风险
1056.0,1-2,location1,0.113,中风险,0.045,低风险,0.192,中风险,0.24,中风险,0.149,中风险,0.159,中风险
1057.0,1-2,location1,0.089,低风险,0.094,低风险,0.065,低风险,0.023,低风险,0.06,低风险,0.06,低风险
1058.0,1-1,location1,0.0,低风险,0.0,低风险,0.0,低风险,0.0,低风险,0.0,低风险,0.0,低风险
1058.0,1-2,location1,0.0,低风险,0.0,低风险,0.0,低风险,0.0,低风险,0.0,低风险,0.0,低风险
1059.0,1-1,location1,0.034,低风险,0.014,低风险,0.057,低风险,0.072,低风险,0.044,低风险,0.047,低风险
1059.0,1-2,location1,0.29,中风险,0.125,中风险,0.477,高风险,0.598,高风险,0.375,高风险,0.4,高风险
1060.0,1-2,location1,0.0,低风险,0.0,低风险,0.0,低风险,0.0,低风险,0.0,低风险,0.0,低风险
1061.0,1-1,location1,0.162,中风险,0.065,低风险,0.275,中风险,0.344,高风险,0.213,中风险,0.228,中风险
1061.0,1-2,location1,0.0,低风险,0.0,低风险,0.0,低风险,0.0,低风险,0.0,低风险,0.0,低风险
1062.0,1-1,location1,0.151,中风险,0.06,低风险,0.255,中风险,0.32,高风险,0.198,中风险,0.212,中风险
1062.0,1-2,location1,0.056,低风险,0.023,低风险,0.096,低风险,0.12,中风险,0.074,低风险,0.079,低风险
1063.0,1-1,location1,0.085,低风险,0.038,低风险,0.138,中风险,0.173,中风险,0.109,低风险,0.116,中风险
1063.0,1-2,location1,0.0,低风险,0.0,低风险,0.0,低风险,0.0,低风险,0.0,低风险,0.0,低风险
1064.0,1-1,location1,0.0,低风险,0.0,低风险,0.0,低风险,0.0,低风险,0.0,低风险,0.0,低风险
1064.0,1-2,location1,0.151,中风险,0.06,低风险,0.256,中风险,0.32,高风险,0.198,中风险,0.212,中风险
1065.0,1-1,location1,0.241,中风险,0.096,低风险,0.408,高风险,0.511,高风险,0.316,高风险,0.339,高风险
1065.0,1-2,location1,0.061,低风险,0.024,低风险,0.103,低风险,0.129,中风险,0.08,低风险,0.086,低风险
1066.0,1-1,location1,0.0,低风险,0.0,低风险,0.0,低风险,0.0,低风险,0.0,低风险,0.0,低风险
1066.0,1-2,location1,0.228,中风险,0.091,低风险,0.386,高风险,0.483,高风险,0.299,中风险,0.32,高风险
1067.0,1-1,location1,0.0,低风险,0.0,低风险,0.0,低风险,0.0,低风险,0.0,低风险,0.0,低风险
1067.0,1-2,location1,0.263,中风险,0.105,低风险,0.446,高风险,0.558,高风险,0.345,高风险,0.37,高风险
1068.0,1-1,location1,0.301,中风险,0.12,中风险,0.51,高风险,0.638,高风险,0.395,高风险,0.423,高风险
1069.0,1-1,location1,0.0,低风险,0.0,低风险,0.0,低风险,0.0,低风险,0.0,低风险,0.0,低风险
1071.0,1-1,location1,0.004,低风险,0.004,低风险,0.003,低风险,0.001,低风险,0.002,低风险,0.002,低风险
1071.0,1-2,location1,0.125,中风险,0.131,中风险,0.091,低风险,0.033,低风险,0.085,低风险,0.085,低风险
1073.0,1-1,location1,0.231,中风险,0.095,低风险,0.387,高风险,0.485,高风险,0.301,中风险,0.322,高风险
1075.0,1-1,location1,0.0,低风险,0.0,低风险,0.0,低风险,0.0,低风险,0.0,低风险,0.0,低风险
1076.0,1-2,location1,0.635,高风险,0.522,高风险,0.66,高风险,0.744,高风险,0.635,高风险,0.642,高风险
1077.0,1-1,location1,0.0,低风险,0.0,低风险,0.0,低风险,0.0,低风险,0.0,低风险,0.0,低风险
1077.0,1-2,location1,0.0,低风险,0.0,低风险,0.0,低风险,0.0,低风险,0.0,低风险,0.0,低风险
1078.0,1-1,location1,0.046,低风险,0.028,低风险,0.062,低风险,0.078,低风险,0.054,低风险,0.056,低风险
1078.0,1-2,location1,0.14,中风险,0.056,低风险,0.238,中风险,0.298,中风险,0.184,中风险,0.197,中风险
1079.0,1-2,location1,0.418,高风险,0.284,中风险,0.523,高风险,0.657,高风险,0.475,高风险,0.488,高风险
1080.0,1-2,location1,0.241,中风险,0.097,低风险,0.409,高风险,0.513,高风险,0.317,高风险,0.34,高风险
1081.0,1-2,location1,0.238,中风险,0.25,中风险,0.173,中风险,0.062,低风险,0.162,中风险,0.162,中风险
1082.0,1-2,location1,0.0,低风险,0.0,低风险,0.0,低风险,0.0,低风险,0.0,低风险,0.0,低风险
1084.0,1-1,location1,0.285,中风险,0.17,中风险,0.402,高风险,0.448,高风险,0.321,高风险,0.34,高风险
1085.0,1-1,location1,0.0,低风险,0.0,低风险,0.0,低风险,0.0,低风险,0.0,低风险,0.0,低风险
1086.0,1-2,location1,0.541,高风险,0.373,高风险,0.667,高风险,0.839,高风险,0.61,高风险,0.626,高风险
1087.0,1-1,location1,0.146,中风险,0.061,低风险,0.243,中风险,0.305,中风险,0.19,中风险,0.203,中风险
1088.0,1-2,location1,0.23,中风险,0.092,低风险,0.39,高风险,0.489,高风险,0.302,中风险,0.324,高风险
1089.0,1-1,location1,0.0,低风险,0.0,低风险,0.0,低风险,0.0,低风险,0.0,低风险,0.0,低风险
1090.0,1-1,location1,0.13,中风险,0.054,低风险,0.218,中风险,0.273,中风险,0.17,中风险,0.182,中风险
1090.0,1-2,location1,0.152,中风险,0.061,低风险,0.257,中风险,0.322,高风险,0.199,中风险,0.213,中风险
1091.0,1-1,location1,0.136,中风险,0.055,低风险,0.231,中风险,0.29,中风险,0.179,中风险,0.192,中风险
1092.0,1-1,location1,0.0,低风险,0.0,低风险,0.0,低风险,0.0,低风险,0.0,低风险,0.0,低风险
1092.0,1-2,location1,0.081,低风险,0.033,低风险,0.138,中风险,0.173,中风险,0.107,低风险,0.114,中风险
1093.0,1-1,location1,0.102,低风险,0.041,低风险,0.173,中风险,0.217,中风险,0.134,中风险,0.144,中风险
1094.0,1-1,location1,0.0,低风险,0.0,低风险,0.0,低风险,0.0,低风险,0.0,低风险,0.0,低风险
1094.0,1-2,location1,0.0,低风险,0.0,低风险,0.0,低风险,0.0,低风险,0.0,低风险,0.0,低风险
1095.0,1-1,location1,0.0,低风险,0.0,低风险,0.0,低风险,0.0,低风险,0.0,低风险,0.0,低风险
1095.0,1-2,location1,0.0,低风险,0.0,低风险,0.0,低风险,0.0,低风险,0.0,低风险,0.0,低风险
1096.0,1-1,location1,0.118,中风险,0.047,低风险,0.2,中风险,0.25,中风险,0.155,中风险,0.166,中风险
1097.0,1-2,location1,0.14,中风险,0.147,中风险,0.101,低风险,0.037,低风险,0.095,低风险,0.095,低风险
1098.0,1-1,location1,0.281,中风险,0.113,中风险,0.477,高风险,0.598,高风险,0.37,高风险,0.396,高风险
1098.0,1-2,location1,0.168,中风险,0.067,低风险,0.285,中风险,0.357,高风险,0.221,中风险,0.237,中风险
1100.0,1-1,location1,0.31,高风险,0.124,中风险,0.526,高风险,0.659,高风险,0.407,高风险,0.436,高风险
1101.0,1-1,location1,0.212,中风险,0.085,低风险,0.36,高风险,0.451,高风险,0.279,中风险,0.299,中风险
1101.0,1-2,location1,0.294,中风险,0.118,中风险,0.499,高风险,0.624,高风险,0.386,高风险,0.414,高风险
1102.0,1-2,location1,0.164,中风险,0.066,低风险,0.278,中风险,0.348,高风险,0.215,中风险,0.23,中风险
1103.0,1-2,location1,0.238,中风险,0.095,低风险,0.403,高风险,0.505,高风险,0.312,高风险,0.335,高风险
1106.0,1-2,location1,0.117,中风险,0.057,低风险,0.184,中风险,0.221,中风险,0.144,中风险,0.154,中风险
1109.0,1-1,location1,0.258,中风险,0.118,中风险,0.414,高风险,0.504,高风险,0.324,高风险,0.346,高风险
1114.0,1-1,location1,0.0,低风险,0.0,低风险,0.0,低风险,0.0,低风险,0.0,低风险,0.0,低风险
1114.0,1-2,location1,0.0,低风险,0.0,低风险,0.0,低风险,0.0,低风险,0.0,低风险,0.0,低风险
1115.0,1-2,location1,0.0,低风险,0.0,低风险,0.0,低风险,0.0,低风险,0.0,低风险,0.0,低风险
1117.0,1-2,location1,0.099,低风险,0.04,低风险,0.168,中风险,0.211,中风险,0.13,中风险,0.14,中风险
1119.0,1-1,location1,0.0,低风险,0.0,低风险,0.0,低风险,0.0,低风险,0.0,低风险,0.0,低风险
1120.0,1-2,location1,0.237,中风险,0.095,低风险,0.403,高风险,0.504,高风险,0.312,高风险,0.334,高风险
1121.0,1-1,location1,0.0,低风险,0.0,低风险,0.0,低风险,0.0,低风险,0.0,低风险,0.0,低风险
1122.0,1-1,location1,0.045,低风险,0.018,低风险,0.077,低风险,0.096,低风险,0.06,低风险,0.064,低风险
1123.0,1-1,location1,0.102,低风险,0.041,低风险,0.172,中风险,0.216,中风险,0.134,中风险,0.143,中风险
1124.0,1-1,location1,0.188,中风险,0.075,低风险,0.318,高风险,0.398,高风险,0.246,中风险,0.264,中风险
1125.0,1-1,location1,0.293,中风险,0.15,中风险,0.449,高风险,0.53,高风险,0.353,高风险,0.376,高风险
1126.0,1-1,location1,0.116,中风险,0.064,低风险,0.168,中风险,0.211,中风险,0.141,中风险,0.148,中风险
1129.0,1-2,location1,0.0,低风险,0.0,低风险,0.0,低风险,0.0,低风险,0.0,低风险,0.0,低风险
1132.0,1-1,location1,0.0,低风险,0.0,低风险,0.0,低风险,0.0,低风险,0.0,低风险,0.0,低风险
1134.0,1-2,location1,0.244,中风险,0.098,低风险,0.414,高风险,0.518,高风险,0.32,高风险,0.343,高风险
1135.0,1-1,location1,0.245,中风险,0.142,中风险,0.345,高风险,0.433,高风险,0.294,中风险,0.307,中风险
1136.0,1-1,location1,0.198,中风险,0.079,低风险,0.335,高风险,0.42,高风险,0.26,中风险,0.278,中风险
1136.0,1-2,location1,0.0,低风险,0.0,低风险,0.0,低风险,0.0,低风险,0.0,低风险,0.0,低风险
1137.0,1-1,location1,0.194,中风险,0.139,中风险,0.237,中风险,0.236,中风险,0.195,中风险,0.204,中风险
1138.0,1-2,location1,0.016,低风险,0.017,低风险,0.012,低风险,0.004,低风险,0.011,低风险,0.011,低风险
1140.0,1-1,location1,0.121,中风险,0.051,低风险,0.202,中风险,0.25,中风险,0.157,中风险,0.168,中风险
1141.0,1-1,location1,0.0,低风险,0.0,低风险,0.0,低风险,0.0,低风险,0.0,低风险,0.0,低风险
1142.0,1-1,location1,0.635,高风险,0.48,高风险,0.716,高风险,0.901,高风险,0.689,高风险,0.699,高风险
1143.0,1-1,location1,0.175,中风险,0.106,低风险,0.24,中风险,0.301,中风险,0.207,中风险,0.216,中风险
1145.0,1-1,location1,0.0,低风险,0.0,低风险,0.0,低风险,0.0,低风险,0.0,低风险,0.0,低风险
1145.0,1-2,location1,0.329,高风险,0.311,高风险,0.292,中风险,0.188,中风险,0.259,中风险,0.264,中风险
1147.0,1-1,location1,0.167,中风险,0.089,低风险,0.25,中风险,0.291,中风险,0.197,中风险,0.21,中风险
1148.0,1-1,location1,0.102,低风险,0.044,低风险,0.168,中风险,0.21,中风险,0.132,中风险,0.141,中风险
1149.0,1-2,location1,0.0,低风险,0.0,低风险,0.0,低风险,0.0,低风险,0.0,低风险,0.0,低风险
1150.0,1-1,location1,0.0,低风险,0.0,低风险,0.0,低风险,0.0,低风险,0.0,低风险,0.0,低风险
1150.0,1-2,location1,0.181,中风险,0.102,低风险,0.259,中风险,0.325,高风险,0.218,中风险,0.229,中风险
1151.0,1-1,location1,0.185,中风险,0.098,低风险,0.276,中风险,0.346,高风险,0.228,中风险,0.24,中风险
1152.0,1-1,location1,0.085,低风险,0.034,低风险,0.145,中风险,0.181,中风险,0.112,中风险,0.12,中风险
1152.0,1-2,location1,0.284,中风险,0.114,中风险,0.482,高风险,0.604,高风险,0.373,高风险,0.4,高风险
1153.0,1-1,location1,0.0,低风险,0.0,低风险,0.0,低风险,0.0,低风险,0.0,低风险,0.0,低风险
1154.0,1-1,location1,0.074,低风险,0.03,低风险,0.126,中风险,0.158,中风险,0.097,低风险,0.104,低风险
1154.0,1-2,location1,0.091,低风险,0.037,低风险,0.155,中风险,0.194,中风险,0.12,中风险,0.128,中风险
1155.0,1-1,location1,0.134,中风险,0.054,低风险,0.228,中风险,0.285,中风险,0.176,中风险,0.189,中风险
1155.0,1-2,location1,0.207,中风险,0.083,低风险,0.351,高风险,0.44,高风险,0.272,中风险,0.291,中风险
1156.0,1-2,location1,0.25,中风险,0.1,低风险,0.423,高风险,0.53,高风险,0.328,高风险,0.351,高风险
1157.0,1-1,location1,0.19,中风险,0.076,低风险,0.322,高风险,0.404,高风险,0.25,中风险,0.267,中风险
1159.0,1-1,location1,0.218,中风险,0.087,低风险,0.369,高风险,0.463,高风险,0.286,中风险,0.306,中风险
1160.0,1-1,location1,0.248,中风险,0.119,中风险,0.389,高风险,0.488,高风险,0.313,高风险,0.332,高风险
1161.0,1-1,location1,0.118,中风险,0.047,低风险,0.199,中风险,0.25,中风险,0.154,中风险,0.165,中风险
1162.0,1-1,location1,0.448,高风险,0.304,中风险,0.574,高风险,0.596,高风险,0.467,高风险,0.491,高风险
1163.0,1-1,location1,0.0,低风险,0.0,低风险,0.0,低风险,0.0,低风险,0.0,低风险,0.0,低风险
1164.0,1-1,location1,0.0,低风险,0.0,低风险,0.0,低风险,0.0,低风险,0.0,低风险,0.0,低风险
1165.0,1-1,location1,0.63,高风险,0.445,高风险,0.76,高风险,0.956,高风险,0.704,高风险,0.72,高风险
1165.0,1-2,location1,0.499,高风险,0.401,高风险,0.525,高风险,0.662,高风险,0.527,高风险,0.529,高风险
1166.0,1-1,location1,0.0,低风险,0.0,低风险,0.0,低风险,0.0,低风险,0.0,低风险,0.0,低风险
1167.0,1-1,location1,0.348,高风险,0.223,中风险,0.457,高风险,0.574,高风险,0.404,高风险,0.418,高风险
1169.0,1-1,location1,0.0,低风险,0.0,低风险,0.0,低风险,0.0,低风险,0.0,低风险,0.0,低风险
1170.0,1-1,location1,0.0,低风险,0.0,低风险,0.0,低风险,0.0,低风险,0.0,低风险,0.0,低风险
1175.0,1-1,location1,0.123,中风险,0.049,低风险,0.209,中风险,0.262,中风险,0.162,中风险,0.174,中风险
1180.0,1-1,location1,0.14,中风险,0.056,低风险,0.237,中风险,0.297,中风险,0.184,中风险,0.197,中风险
1183.0,1-1,location1,0.0,低风险,0.0,低风险,0.0,低风险,0.0,低风险,0.0,低风险,0.0,低风险
1184.0,1-1,location1,0.155,中风险,0.062,低风险,0.263,中风险,0.329,高风险,0.204,中风险,0.218,中风险
1185.0,1-1,location1,0.0,低风险,0.0,低风险,0.0,低风险,0.0,低风险,0.0,低风险,0.0,低风险
1187.0,1-1,location1,0.0,低风险,0.0,低风险,0.0,低风险,0.0,低风险,0.0,低风险,0.0,低风险
1188.0,1-1,location1,0.272,中风险,0.287,中风险,0.198,中风险,0.071,低风险,0.185,中风险,0.185,中风险
1189.0,1-1,location1,0.0,低风险,0.0,低风险,0.0,低风险,0.0,低风险,0.0,低风险,0.0,低风险
1190.0,1-1,location1,0.0,低风险,0.0,低风险,0.0,低风险,0.0,低风险,0.0,低风险,0.0,低风险
1191.0,1-1,location1,0.034,低风险,0.036,低风险,0.025,低风险,0.009,低风险,0.023,低风险,0.023,低风险
1194.0,1-1,location1,0.0,低风险,0.0,低风险,0.0,低风险,0.0,低风险,0.0,低风险,0.0,低风险
1195.0,1-1,location1,0.0,低风险,0.0,低风险,0.0,低风险,0.0,低风险,0.0,低风险,0.0,低风险
1196.0,1-1,location1,0.398,高风险,0.298,中风险,0.468,高风险,0.448,高风险,0.388,高风险,0.405,高风险
1197.0,1-1,location1,0.226,中风险,0.126,中风险,0.327,高风险,0.41,高风险,0.274,中风险,0.288,中风险
1199.0,1-1,location1,0.307,中风险,0.123,中风险,0.521,高风险,0.652,高风险,0.403,高风险,0.432,高风险
1200.0,1-1,location1,0.267,中风险,0.107,低风险,0.452,高风险,0.566,高风险,0.35,高风险,0.375,高风险
1201.0,1-1,location1,0.0,低风险,0.0,低风险,0.0,低风险,0.0,低风险,0.0,低风险,0.0,低风险
1202.0,1-1,location1,0.0,低风险,0.0,低风险,0.0,低风险,0.0,低风险,0.0,低风险,0.0,低风险
1203.0,1-1,location1,0.0,低风险,0.0,低风险,0.0,低风险,0.0,低风险,0.0,低风险,0.0,低风险
1206.0,1-1,location1,0.158,中风险,0.11,中风险,0.193,中风险,0.243,中风险,0.177,中风险,0.182,中风险
1207.0,1-1,location1,0.237,中风险,0.095,低风险,0.402,高风险,0.503,高风险,0.311,高风险,0.333,高风险
1209.0,1-1,location1,0.047,低风险,0.019,低风险,0.079,低风险,0.099,低风险,0.061,低风险,0.066,低风险
1210.0,1-1,location1,0.0,低风险,0.0,低风险,0.0,低风险,0.0,低风险,0.0,低风险,0.0,低风险
1213.0,1-1,location1,0.067,低风险,0.027,低风险,0.114,中风险,0.143,中风险,0.089,低风险,0.095,低风险
1219.0,1-1,location1,0.0,低风险,0.0,低风险,0.0,低风险,0.0,低风险,0.0,低风险,0.0,低风险
1220.0,1-1,location1,0.206,中风险,0.083,低风险,0.349,高风险,0.437,高风险,0.27,中风险,0.29,中风险
1221.0,1-1,location1,0.158,中风险,0.063,低风险,0.269,中风险,0.336,高风险,0.208,中风险,0.223,中风险
1222.0,1-1,location1,0.089,低风险,0.093,低风险,0.064,低风险,0.023,低风险,0.06,低风险,0.06,低风险
1223.0,1-1,location1,0.154,中风险,0.083,低风险,0.229,中风险,0.266,中风险,0.181,中风险,0.192,中风险
1224.0,1-1,location1,0.18,中风险,0.107,低风险,0.254,中风险,0.283,中风险,0.203,中风险,0.215,中风险
1225.0,1-1,location1,0.293,中风险,0.141,中风险,0.46,高风险,0.576,高风险,0.37,高风险,0.392,高风险
1226.0,1-1,location1,0.0,低风险,0.0,低风险,0.0,低风险,0.0,低风险,0.0,低风险,0.0,低风险
1227.0,1-1,location1,0.206,中风险,0.089,低风险,0.339,高风险,0.418,高风险,0.264,中风险,0.282,中风险
1228.0,1-1,location1,0.272,中风险,0.192,中风险,0.327,高风险,0.412,高风险,0.303,中风险,0.311,高风险
1229.0,1-1,location1,0.115,中风险,0.046,低风险,0.196,中风险,0.245,中风险,0.151,中风险,0.162,中风险
1231.0,1-1,location1,0.205,中风险,0.082,低风险,0.347,高风险,0.435,高风险,0.269,中风险,0.288,中风险
1233.0,1-1,location1,0.263,中风险,0.105,低风险,0.446,高风险,0.559,高风险,0.346,高风险,0.37,高风险
1234.0,1-1,location1,0.255,中风险,0.268,中风险,0.185,中风险,0.067,低风险,0.173,中风险,0.173,中风险
1235.0,1-1,location1,0.0,低风险,0.0,低风险,0.0,低风险,0.0,低风险,0.0,低风险,0.0,低风险
1236.0,1-1,location1,0.101,低风险,0.041,低风险,0.172,中风险,0.215,中风险,0.133,中风险,0.143,中风险
1237.0,1-1,location1,0.115,中风险,0.053,低风险,0.184,中风险,0.23,中风险,0.146,中风险,0.156,中风险
1239.0,1-1,location1,0.178,中风险,0.071,低风险,0.302,中风险,0.378,高风险,0.234,中风险,0.25,中风险
1240.0,1-1,location1,0.0,低风险,0.0,低风险,0.0,低风险,0.0,低风险,0.0,低风险,0.0,低风险
1241.0,1-1,location1,0.46,高风险,0.341,高风险,0.548,高风险,0.531,高风险,0.452,高风险,0.473,高风险
1242.0,1-1,location1,0.0,低风险,0.0,低风险,0.0,低风险,0.0,低风险,0.0,低风险,0.0,低风险
1243.0,1-1,location1,0.405,高风险,0.247,中风险,0.562,高风险,0.62,高风险,0.45,高风险,0.476,高风险
1245.0,1-1,location1,0.301,中风险,0.14,中风险,0.48,高风险,0.601,高风险,0.383,高风险,0.407,高风险
1249.0,1-1,location1,0.218,中风险,0.087,低风险,0.369,高风险,0.462,高风险,0.286,中风险,0.306,中风险
1250.0,1-1,location1,0.409,高风险,0.274,中风险,0.516,高风险,0.648,高风险,0.466,高风险,0.48,高风险
1253.0,1-1,location1,0.0,低风险,0.0,低风险,0.0,低风险,0.0,低风险,0.0,低风险,0.0,低风险
1254.0,1-1,location1,0.0,低风险,0.0,低风险,0.0,低风险,0.0,低风险,0.0,低风险,0.0,低风险
1257.0,1-1,location1,0.0,低风险,0.0,低风险,0.0,低风险,0.0,低风险,0.0,低风险,0.0,低风险
1259.0,1-1,location1,0.159,中风险,0.074,低风险,0.254,中风险,0.308,中风险,0.199,中风险,0.212,中风险
1271.0,1-1,location1,0.018,低风险,0.019,低风险,0.013,低风险,0.005,低风险,0.012,低风险,0.012,低风险
1272.0,1-1,location1,0.0,低风险,0.0,低风险,0.0,低风险,0.0,低风险,0.0,低风险,0.0,低风险
1274.0,1-1,location1,0.418,高风险,0.324,高风险,0.475,高风险,0.453,高风险,0.402,高风险,0.417,高风险
1275.0,1-1,location1,0.218,中风险,0.087,低风险,0.37,高风险,0.463,高风险,0.287,中风险,0.307,中风险
1278.0,1-1,location1,0.279,中风险,0.112,中风险,0.473,高风险,0.592,高风险,0.366,高风险,0.392,高风险
1279.0,1-1,location1,0.158,中风险,0.092,低风险,0.222,中风险,0.279,中风险,0.189,中风险,0.198,中风险
1280.0,1-1,location1,0.079,低风险,0.041,低风险,0.118,中风险,0.148,中风险,0.097,低风险,0.103,低风险
1281.0,1-1,location1,0.457,高风险,0.317,高风险,0.561,高风险,0.706,高风险,0.515,高风险,0.528,高风险
1282.0,1-1,location1,0.0,低风险,0.0,低风险,0.0,低风险,0.0,低风险,0.0,低风险,0.0,低风险
1284.0,1-1,location1,0.075,低风险,0.03,低风险,0.126,中风险,0.158,中风险,0.098,低风险,0.105,低风险
1287.0,1-1,location1,0.044,低风险,0.018,低风险,0.075,低风险,0.094,低风险,0.058,低风险,0.062,低风险
1288.0,1-1,location1,0.105,低风险,0.058,低风险,0.152,中风险,0.191,中风险,0.128,中风险,0.134,中风险
1289.0,1-1,location1,0.0,低风险,0.0,低风险,0.0,低风险,0.0,低风险,0.0,低风险,0.0,低风险
1290.0,1-1,location1,0.0,低风险,0.0,低风险,0.0,低风险,0.0,低风险,0.0,低风险,0.0,低风险
1291.0,1-1,location1,0.129,中风险,0.052,低风险,0.219,中风险,0.274,中风险,0.169,中风险,0.182,中风险
1293.0,1-1,location1,0.223,中风险,0.09,低风险,0.379,高风险,0.474,高风险,0.293,中风险,0.314,高风险
1294.0,1-1,location1,0.0,低风险,0.0,低风险,0.0,低风险,0.0,低风险,0.0,低风险,0.0,低风险
1304.0,1-1,location1,0.0,低风险,0.0,低风险,0.0,低风险,0.0,低风险,0.0,低风险,0.0,低风险
1305.0,1-1,location1,0.083,低风险,0.034,低风险,0.14,中风险,0.176,中风险,0.109,低风险,0.116,中风险
1306.0,1-1,location1,0.179,中风险,0.111,中风险,0.245,中风险,0.267,中风险,0.197,中风险,0.208,中风险
1307.0,1-1,location1,0.199,中风险,0.098,低风险,0.31,中风险,0.37,高风险,0.243,中风险,0.259,中风险
1309.0,1-1,location1,0.233,中风险,0.093,低风险,0.395,高风险,0.495,高风险,0.306,中风险,0.328,高风险
1310.0,1-1,location1,0.331,高风险,0.184,中风险,0.478,高风险,0.6,高风险,0.401,高风险,0.421,高风险
1311.0,1-1,location1,0.209,中风险,0.084,低风险,0.354,高风险,0.443,高风险,0.274,中风险,0.293,中风险
1312.0,1-1,location1,0.0,低风险,0.0,低风险,0.0,低风险,0.0,低风险,0.0,低风险,0.0,低风险
1314.0,1-1,location1,0.227,中风险,0.1,低风险,0.37,高风险,0.464,高风险,0.292,中风险,0.311,高风险
1318.0,1-1,location1,0.0,低风险,0.0,低风险,0.0,低风险,0.0,低风险,0.0,低风险,0.0,低风险
1321.0,1-1,location1,0.267,中风险,0.107,低风险,0.453,高风险,0.567,高风险,0.351,高风险,0.376,高风险
1322.0,1-1,location1,0.0,低风险,0.0,低风险,0.0,低风险,0.0,低风险,0.0,低风险,0.0,低风险
1324.0,1-1,location1,0.0,低风险,0.0,低风险,0.0,低风险,0.0,低风险,0.0,低风险,0.0,低风险
1325.0,1-1,location1,0.0,低风险,0.0,低风险,0.0,低风险,0.0,低风险,0.0,低风险,0.0,低风险
1327.0,1-1,location1,0.144,中风险,0.104,低风险,0.175,中风险,0.172,中风险,0.144,中风险,0.15,中风险
1328.0,1-1,location1,0.017,低风险,0.007,低风险,0.028,低风险,0.036,低风险,0.022,低风险,0.024,低风险
1329.0,1-1,location1,0.395,高风险,0.262,中风险,0.516,高风险,0.543,高风险,0.418,高风险,0.44,高风险
1331.0,1-1,location1,0.185,中风险,0.074,低风险,0.314,高风险,0.393,高风险,0.243,中风险,0.26,中风险
1333.0,1-1,location1,0.312,高风险,0.173,中风险,0.452,高风险,0.567,高风险,0.379,高风险,0.397,高风险
1334.0,1-1,location1,0.254,中风险,0.102,低风险,0.43,高风险,0.538,高风险,0.333,高风险,0.357,高风险
1336.0,1-1,location1,0.283,中风险,0.113,中风险,0.479,高风险,0.6,高风险,0.371,高风险,0.398,高风险
1337.0,1-1,location1,0.0,低风险,0.0,低风险,0.0,低风险,0.0,低风险,0.0,低风险,0.0,低风险
1338.0,1-1,location1,0.0,低风险,0.0,低风险,0.0,低风险,0.0,低风险,0.0,低风险,0.0,低风险
1339.0,1-1,location1,0.177,中风险,0.071,低风险,0.299,中风险,0.375,高风险,0.232,中风险,0.248,中风险
1340.0,1-1,location1,0.272,中风险,0.109,低风险,0.461,高风险,0.577,高风险,0.357,高风险,0.382,高风险
1343.0,1-1,location1,0.117,中风险,0.047,低风险,0.199,中风险,0.249,中风险,0.154,中风险,0.165,中风险
1344.0,1-1,location1,0.235,中风险,0.094,低风险,0.398,高风险,0.499,高风险,0.308,中风险,0.33,高风险
1346.0,1-1,location1,0.128,中风险,0.051,低风险,0.217,中风险,0.271,中风险,0.168,中风险,0.18,中风险
1347.0,1-1,location1,0.118,中风险,0.07,低风险,0.165,中风险,0.183,中风险,0.132,中风险,0.139,中风险
1348.0,1-1,location1,0.267,中风险,0.118,中风险,0.435,高风险,0.534,高风险,0.339,高风险,0.363,高风险
1349.0,1-1,location1,0.181,中风险,0.072,低风险,0.306,中风险,0.383,高风险,0.237,中风险,0.254,中风险
1351.0,1-1,location1,0.217,中风险,0.1,低风险,0.347,高风险,0.434,高风险,0.276,中风险,0.294,中风险
1352.0,1-1,location1,0.187,中风险,0.102,低风险,0.274,中风险,0.344,高风险,0.228,中风险,0.24,中风险
1353.0,1-1,location1,0.0,低风险,0.0,低风险,0.0,低风险,0.0,低风险,0.0,低风险,0.0,低风险
1354.0,1-1,location1,0.202,中风险,0.081,低风险,0.342,高风险,0.428,高风险,0.265,中风险,0.284,中风险
1357.0,1-1,location1,0.24,中风险,0.163,中风险,0.306,中风险,0.317,高风险,0.249,中风险,0.262,中风险
1358.0,1-1,location1,0.171,中风险,0.068,低风险,0.289,中风险,0.362,高风险,0.224,中风险,0.24,中风险
1359.0,1-1,location1,0.401,高风险,0.24,中风险,0.553,高风险,0.695,高风险,0.476,高风险,0.496,高风险
1360.0,1-1,location1,0.0,低风险,0.0,低风险,0.0,低风险,0.0,低风险,0.0,低风险,0.0,低风险
1361.0,1-1,location1,0.221,中风险,0.088,低风险,0.374,高风险,0.469,高风险,0.29,中风险,0.311,高风险
1363.0,1-1,location1,0.055,低风险,0.058,低风险,0.04,低风险,0.014,低风险,0.037,低风险,0.037,低风险
1364.0,1-1,location1,0.09,低风险,0.036,低风险,0.153,中风险,0.191,中风险,0.118,中风险,0.127,中风险
1365.0,1-1,location1,0.0,低风险,0.0,低风险,0.0,低风险,0.0,低风险,0.0,低风险,0.0,低风险
1367.0,1-1,location1,0.027,低风险,0.029,低风险,0.02,低风险,0.007,低风险,0.018,低风险,0.018,低风险
1369.0,1-1,location1,0.275,中风险,0.132,中风险,0.432,高风险,0.542,高风险,0.347,高风险,0.368,高风险
1370.0,1-1,location1,0.159,中风险,0.064,低风险,0.27,中风险,0.338,高风险,0.209,中风险,0.224,中风险
1371.0,1-1,location1,0.084,低风险,0.033,低风险,0.142,中风险,0.177,中风险,0.11,低风险,0.118,中风险
1374.0,1-1,location1,0.243,中风险,0.118,中风险,0.379,高风险,0.475,高风险,0.306,中风险,0.324,高风险
1376.0,1-1,location1,0.218,中风险,0.122,中风险,0.315,高风险,0.395,高风险,0.265,中风险,0.277,中风险
1377.0,1-1,location1,0.183,中风险,0.086,低风险,0.29,中风险,0.364,高风险,0.232,中风险,0.247,中风险
1378.0,1-1,location1,0.279,中风险,0.158,中风险,0.399,高风险,0.501,高风险,0.337,高风险,0.353,高风险
1379.0,1-1,location1,0.16,中风险,0.064,低风险,0.271,中风险,0.339,高风险,0.209,中风险,0.224,中风险
1381.0,1-1,location1,0.211,中风险,0.12,中风险,0.301,中风险,0.378,高风险,0.254,中风险,0.266,中风险
1382.0,1-1,location1,0.0,低风险,0.0,低风险,0.0,低风险,0.0,低风险,0.0,低风险,0.0,低风险
1383.0,1-1,location1,0.0,低风险,0.0,低风险,0.0,低风险,0.0,低风险,0.0,低风险,0.0,低风险
1384.0,1-1,location1,0.0,低风险,0.0,低风险,0.0,低风险,0.0,低风险,0.0,低风险,0.0,低风险
1385.0,1-1,location1,0.017,低风险,0.018,低风险,0.012,低风险,0.004,低风险,0.011,低风险,0.011,低风险
1386.0,1-1,location1,0.0,低风险,0.0,低风险,0.0,低风险,0.0,低风险,0.0,低风险,0.0,低风险
1387.0,1-1,location1,0.114,中风险,0.12,中风险,0.083,低风险,0.03,低风险,0.077,低风险,0.077,低风险
1388.0,1-1,location1,0.0,低风险,0.0,低风险,0.0,低风险,0.0,低风险,0.0,低风险,0.0,低风险
1389.0,1-1,location1,0.0,低风险,0.0,低风险,0.0,低风险,0.0,低风险,0.0,低风险,0.0,低风险
1391.0,1-1,location1,0.342,高风险,0.29,中风险,0.351,高风险,0.299,中风险,0.304,中风险,0.313,高风险
1392.0,1-1,location1,0.059,低风险,0.024,低风险,0.1,低风险,0.125,中风险,0.077,低风险,0.083,低风险
1394.0,1-1,location1,0.422,高风险,0.266,中风险,0.561,高风险,0.704,高风险,0.492,高风险,0.51,高风险
1395.0,1-1,location1,0.293,中风险,0.162,中风险,0.431,高风险,0.495,高风险,0.342,高风险,0.363,高风险
1397.0,1-1,location1,0.0,低风险,0.0,低风险,0.0,低风险,0.0,低风险,0.0,低风险,0.0,低风险
1398.0,1-1,location1,0.167,中风险,0.067,低风险,0.283,中风险,0.355,高风险,0.22,中风险,0.235,中风险
1399.0,1-1,location1,0.289,中风险,0.16,中风险,0.419,高风险,0.526,高风险,0.351,高风险,0.368,高风险
1401.0,1-1,location1,0.0,低风险,0.0,低风险,0.0,低风险,0.0,低风险,0.0,低风险,0.0,低风险
1403.0,1-1,location1,0.059,低风险,0.024,低风险,0.1,低风险,0.125,中风险,0.077,低风险,0.083,低风险
1405.0,1-1,location1,0.0,低风险,0.0,低风险,0.0,低风险,0.0,低风险,0.0,低风险,0.0,低风险
1406.0,1-1,location1,0.214,中风险,0.086,低风险,0.363,高风险,0.455,高风险,0.281,中风险,0.301,中风险
1407.0,1-1,location1,0.137,中风险,0.055,低风险,0.233,中风险,0.291,中风险,0.18,中风险,0.193,中风险
1408.0,1-1,location1,0.225,中风险,0.09,低风险,0.381,高风险,0.477,高风险,0.295,中风险,0.316,高风险
1.0,2-1,location2,0.228,中风险,0.091,低风险,0.387,高风险,0.485,高风险,0.3,中风险,0.321,高风险
1.0,2-3,location2,0.0,低风险,0.0,低风险,0.0,低风险,0.0,低风险,0.0,低风险,0.0,低风险
1.0,2-4,location2,0.0,低风险,0.0,低风险,0.0,低风险,0.0,低风险,0.0,低风险,0.0,低风险
2.0,2-1,location2,0.186,中风险,0.075,低风险,0.315,高风险,0.395,高风险,0.244,中风险,0.262,中风险
3.0,2-2,location2,0.214,中风险,0.225,中风险,0.155,中风险,0.056,低风险,0.145,中风险,0.145,中风险
3.0,2-3,location2,0.0,低风险,0.0,低风险,0.0,低风险,0.0,低风险,0.0,低风险,0.0,低风险
4.0,2-1,location2,0.0,低风险,0.0,低风险,0.0,低风险,0.0,低风险,0.0,低风险,0.0,低风险
5.0,2-1,location2,0.0,低风险,0.0,低风险,0.0,低风险,0.0,低风险,0.0,低风险,0.0,低风险
5.0,2-2,location2,0.402,高风险,0.273,中风险,0.503,高风险,0.633,高风险,0.456,高风险,0.469,高风险
5.0,2-3,location2,0.0,低风险,0.0,低风险,0.0,低风险,0.0,低风险,0.0,低风险,0.0,低风险
5.0,2-4,location2,0.005,低风险,0.005,低风险,0.004,低风险,0.001,低风险,0.003,低风险,0.003,低风险
6.0,2-1,location2,0.0,低风险,0.0,低风险,0.0,低风险,0.0,低风险,0.0,低风险,0.0,低风险
7.0,2-2,location2,0.0,低风险,0.0,低风险,0.0,低风险,0.0,低风险,0.0,低风险,0.0,低风险
7.0,2-3,location2,0.0,低风险,0.0,低风险,0.0,低风险,0.0,低风险,0.0,低风险,0.0,低风险
7.0,2-4,location2,0.0,低风险,0.0,低风险,0.0,低风险,0.0,低风险,0.0,低风险,0.0,低风险
8.0,2-1,location2,0.112,中风险,0.118,中风险,0.081,低风险,0.029,低风险,0.076,低风险,0.076,低风险
8.0,2-2,location2,0.268,中风险,0.282,中风险,0.195,中风险,0.07,低风险,0.182,中风险,0.182,中风险
8.0,2-3,location2,0.134,中风险,0.054,低风险,0.227,中风险,0.285,中风险,0.176,中风险,0.189,中风险
8.0,2-4,location2,0.0,低风险,0.0,低风险,0.0,低风险,0.0,低风险,0.0,低风险,0.0,低风险
9.0,2-1,location2,0.0,低风险,0.0,低风险,0.0,低风险,0.0,低风险,0.0,低风险,0.0,低风险
9.0,2-4,location2,0.0,低风险,0.0,低风险,0.0,低风险,0.0,低风险,0.0,低风险,0.0,低风险
10.0,2-1,location2,0.486,高风险,0.4,高风险,0.509,高风险,0.518,高风险,0.466,高风险,0.476,高风险
10.0,2-2,location2,0.251,中风险,0.101,低风险,0.426,高风险,0.533,高风险,0.33,高风险,0.353,高风险
10.0,2-3,location2,0.0,低风险,0.0,低风险,0.0,低风险,0.0,低风险,0.0,低风险,0.0,低风险
10.0,2-4,location2,0.282,中风险,0.113,中风险,0.479,高风险,0.6,高风险,0.371,高风险,0.397,高风险
12.0,2-1,location2,0.215,中风险,0.088,低风险,0.361,高风险,0.45,高风险,0.28,中风险,0.3,中风险
12.0,2-2,location2,0.064,低风险,0.026,低风险,0.109,低风险,0.137,中风险,0.085,低风险,0.091,低风险
12.0,2-3,location2,0.053,低风险,0.021,低风险,0.09,低风险,0.112,中风险,0.069,低风险,0.074,低风险
12.0,2-4,location2,0.07,低风险,0.028,低风险,0.119,中风险,0.148,中风险,0.092,低风险,0.098,低风险
13.0,2-2,location2,0.146,中风险,0.069,低风险,0.23,中风险,0.289,中风险,0.184,中风险,0.196,中风险
13.0,2-4,location2,0.0,低风险,0.0,低风险,0.0,低风险,0.0,低风险,0.0,低风险,0.0,低风险
14.0,2-1,location2,0.0,低风险,0.0,低风险,0.0,低风险,0.0,低风险,0.0,低风险,0.0,低风险
14.0,2-2,location2,0.197,中风险,0.208,中风险,0.143,中风险,0.052,低风险,0.134,中风险,0.134,中风险
14.0,2-3,location2,0.0,低风险,0.0,低风险,0.0,低风险,0.0,低风险,0.0,低风险,0.0,低风险
14.0,2-4,location2,0.235,中风险,0.094,低风险,0.398,高风险,0.499,高风险,0.308,中风险,0.33,高风险
15.0,2-1,location2,0.583,高风险,0.435,高风险,0.689,高风险,0.663,高风险,0.57,高风险,0.595,高风险
15.0,2-3,location2,0.075,低风险,0.03,低风险,0.127,中风险,0.159,中风险,0.098,低风险,0.105,低风险
15.0,2-4,location2,0.0,低风险,0.0,低风险,0.0,低风险,0.0,低风险,0.0,低风险,0.0,低风险
16.0,2-1,location2,0.132,中风险,0.053,低风险,0.224,中风险,0.281,中风险,0.173,中风险,0.186,中风险
16.0,2-3,location2,0.188,中风险,0.075,低风险,0.319,高风险,0.399,高风险,0.247,中风险,0.265,中风险
17.0,2-1,location2,0.165,中风险,0.066,低风险,0.28,中风险,0.35,高风险,0.217,中风险,0.232,中风险
17.0,2-2,location2,0.094,低风险,0.04,低风险,0.157,中风险,0.197,中风险,0.123,中风险,0.131,中风险
17.0,2-4,location2,0.0,低风险,0.0,低风险,0.0,低风险,0.0,低风险,0.0,低风险,0.0,低风险
18.0,2-3,location2,0.222,中风险,0.21,中风险,0.197,中风险,0.127,中风险,0.174,中风险,0.178,中风险
19.0,2-2,location2,0.149,中风险,0.06,低风险,0.253,中风险,0.317,高风险,0.196,中风险,0.21,中风险
20.0,2-2,location2,0.0,低风险,0.0,低风险,0.0,低风险,0.0,低风险,0.0,低风险,0.0,低风险
21.0,2-1,location2,0.198,中风险,0.079,低风险,0.336,高风险,0.42,高风险,0.26,中风险,0.278,中风险
21.0,2-2,location2,0.0,低风险,0.0,低风险,0.0,低风险,0.0,低风险,0.0,低风险,0.0,低风险
21.0,2-3,location2,0.0,低风险,0.0,低风险,0.0,低风险,0.0,低风险,0.0,低风险,0.0,低风险
21.0,2-4,location2,0.0,低风险,0.0,低风险,0.0,低风险,0.0,低风险,0.0,低风险,0.0,低风险
22.0,2-2,location2,0.241,中风险,0.097,低风险,0.409,高风险,0.512,高风险,0.317,高风险,0.339,高风险
22.0,2-3,location2,0.0,低风险,0.0,低风险,0.0,低风险,0.0,低风险,0.0,低风险,0.0,低风险
22.0,2-4,location2,0.281,中风险,0.113,中风险,0.477,高风险,0.597,高风险,0.369,高风险,0.395,高风险
23.0,2-1,location2,0.0,低风险,0.0,低风险,0.0,低风险,0.0,低风险,0.0,低风险,0.0,低风险
23.0,2-2,location2,0.0,低风险,0.0,低风险,0.0,低风险,0.0,低风险,0.0,低风险,0.0,低风险
23.0,2-4,location2,0.217,中风险,0.087,低风险,0.369,高风险,0.462,高风险,0.286,中风险,0.306,中风险
24.0,2-1,location2,0.0,低风险,0.0,低风险,0.0,低风险,0.0,低风险,0.0,低风险,0.0,低风险
24.0,2-4,location2,0.25,中风险,0.1,低风险,0.423,高风险,0.53,高风险,0.328,高风险,0.351,高风险
25.0,2-1,location2,0.0,低风险,0.0,低风险,0.0,低风险,0.0,低风险,0.0,低风险,0.0,低风险
25.0,2-4,location2,0.073,低风险,0.029,低风险,0.124,中风险,0.155,中风险,0.096,低风险,0.103,低风险
26.0,2-1,location2,0.248,中风险,0.1,低风险,0.421,高风险,0.527,高风险,0.326,高风险,0.349,高风险
26.0,2-2,location2,0.0,低风险,0.0,低风险,0.0,低风险,0.0,低风险,0.0,低风险,0.0,低风险
26.0,2-4,location2,0.039,低风险,0.016,低风险,0.066,低风险,0.083,低风险,0.051,低风险,0.055,低风险
28.0,2-2,location2,0.355,高风险,0.231,中风险,0.459,高风险,0.577,高风险,0.409,高风险,0.422,高风险
29.0,2-2,location2,0.173,中风险,0.069,低风险,0.293,中风险,0.367,高风险,0.227,中风险,0.243,中风险
29.0,2-4,location2,0.203,中风险,0.096,低风险,0.319,高风险,0.4,高风险,0.256,中风险,0.272,中风险
30.0,2-1,location2,0.335,高风险,0.189,中风险,0.487,高风险,0.556,高风险,0.387,高风险,0.41,高风险
30.0,2-2,location2,0.201,中风险,0.08,低风险,0.34,高风险,0.426,高风险,0.264,中风险,0.282,中风险
30.0,2-3,location2,0.03,低风险,0.032,低风险,0.022,低风险,0.008,低风险,0.021,低风险,0.021,低风险
30.0,2-4,location2,0.255,中风险,0.108,低风险,0.425,高风险,0.526,高风险,0.33,高风险,0.353,高风险
31.0,2-1,location2,0.0,低风险,0.0,低风险,0.0,低风险,0.0,低风险,0.0,低风险,0.0,低风险
31.0,2-2,location2,0.0,低风险,0.0,低风险,0.0,低风险,0.0,低风险,0.0,低风险,0.0,低风险
31.0,2-3,location2,0.043,低风险,0.045,低风险,0.031,低风险,0.011,低风险,0.029,低风险,0.029,低风险
31.0,2-4,location2,0.041,低风险,0.016,低风险,0.069,低风险,0.086,低风险,0.053,低风险,0.057,低风险
32.0,2-2,location2,0.214,中风险,0.094,低风险,0.35,高风险,0.43,高风险,0.273,中风险,0.292,中风险
32.0,2-3,location2,0.02,低风险,0.021,低风险,0.014,低风险,0.005,低风险,0.013,低风险,0.013,低风险
32.0,2-4,location2,0.0,低风险,0.0,低风险,0.0,低风险,0.0,低风险,0.0,低风险,0.0,低风险
33.0,2-2,location2,0.187,中风险,0.075,低风险,0.318,高风险,0.398,高风险,0.246,中风险,0.264,中风险
33.0,2-3,location2,0.0,低风险,0.0,低风险,0.0,低风险,0.0,低风险,0.0,低风险,0.0,低风险
34.0,2-2,location2,0.0,低风险,0.0,低风险,0.0,低风险,0.0,低风险,0.0,低风险,0.0,低风险
34.0,2-3,location2,0.0,低风险,0.0,低风险,0.0,低风险,0.0,低风险,0.0,低风险,0.0,低风险
34.0,2-4,location2,0.0,低风险,0.0,低风险,0.0,低风险,0.0,低风险,0.0,低风险,0.0,低风险
35.0,2-1,location2,0.0,低风险,0.0,低风险,0.0,低风险,0.0,低风险,0.0,低风险,0.0,低风险
35.0,2-3,location2,0.0,低风险,0.0,低风险,0.0,低风险,0.0,低风险,0.0,低风险,0.0,低风险
35.0,2-4,location2,0.113,中风险,0.045,低风险,0.192,中风险,0.24,中风险,0.149,中风险,0.159,中风险
36.0,2-1,location2,0.195,中风险,0.119,中风险,0.27,中风险,0.306,中风险,0.22,中风险,0.231,中风险
36.0,2-3,location2,0.196,中风险,0.079,低风险,0.333,高风险,0.416,高风险,0.258,中风险,0.276,中风险
36.0,2-4,location2,0.0,低风险,0.0,低风险,0.0,低风险,0.0,低风险,0.0,低风险,0.0,低风险
37.0,2-3,location2,0.128,中风险,0.051,低风险,0.217,中风险,0.272,中风险,0.168,中风险,0.18,中风险
37.0,2-4,location2,0.373,高风险,0.22,中风险,0.527,高风险,0.59,高风险,0.421,高风险,0.446,高风险
38.0,2-2,location2,0.368,高风险,0.22,中风险,0.516,高风险,0.573,高风险,0.412,高风险,0.436,高风险
38.0,2-3,location2,0.0,低风险,0.0,低风险,0.0,低风险,0.0,低风险,0.0,低风险,0.0,低风险
39.0,2-1,location2,0.114,中风险,0.046,低风险,0.193,中风险,0.241,中风险,0.149,中风险,0.16,中风险
39.0,2-3,location2,0.0,低风险,0.0,低风险,0.0,低风险,0.0,低风险,0.0,低风险,0.0,低风险
41.0,2-2,location2,0.345,高风险,0.226,中风险,0.444,高风险,0.558,高风险,0.396,高风险,0.409,高风险
41.0,2-3,location2,0.0,低风险,0.0,低风险,0.0,低风险,0.0,低风险,0.0,低风险,0.0,低风险
42.0,2-2,location2,0.042,低风险,0.019,低风险,0.069,低风险,0.086,低风险,0.054,低风险,0.058,低风险
43.0,2-1,location2,0.147,中风险,0.059,低风险,0.248,中风险,0.311,高风险,0.192,中风险,0.206,中风险
43.0,2-3,location2,0.0,低风险,0.0,低风险,0.0,低风险,0.0,低风险,0.0,低风险,0.0,低风险
44.0,2-1,location2,0.0,低风险,0.0,低风险,0.0,低风险,0.0,低风险,0.0,低风险,0.0,低风险
44.0,2-2,location2,0.243,中风险,0.159,中风险,0.314,高风险,0.395,高风险,0.28,中风险,0.289,中风险
44.0,2-4,location2,0.0,低风险,0.0,低风险,0.0,低风险,0.0,低风险,0.0,低风险,0.0,低风险
45.0,2-1,location2,0.0,低风险,0.0,低风险,0.0,低风险,0.0,低风险,0.0,低风险,0.0,低风险
45.0,2-2,location2,0.109,低风险,0.044,低风险,0.184,中风险,0.231,中风险,0.143,中风险,0.153,中风险
46.0,2-2,location2,0.0,低风险,0.0,低风险,0.0,低风险,0.0,低风险,0.0,低风险,0.0,低风险
46.0,2-3,location2,0.0,低风险,0.0,低风险,0.0,低风险,0.0,低风险,0.0,低风险,0.0,低风险
46.0,2-4,location2,0.39,高风险,0.249,中风险,0.513,高风险,0.644,高风险,0.453,高风险,0.469,高风险
47.0,2-3,location2,0.0,低风险,0.0,低风险,0.0,低风险,0.0,低风险,0.0,低风险,0.0,低风险
47.0,2-4,location2,0.13,中风险,0.052,低风险,0.22,中风险,0.275,中风险,0.17,中风险,0.182,中风险
48.0,2-2,location2,0.0,低风险,0.0,低风险,0.0,低风险,0.0,低风险,0.0,低风险,0.0,低风险
48.0,2-3,location2,0.069,低风险,0.028,低风险,0.118,中风险,0.147,中风险,0.091,低风险,0.098,低风险
48.0,2-4,location2,0.239,中风险,0.096,低风险,0.405,高风险,0.507,高风险,0.313,高风险,0.336,高风险
49.0,2-2,location2,0.0,低风险,0.0,低风险,0.0,低风险,0.0,低风险,0.0,低风险,0.0,低风险
49.0,2-3,location2,0.0,低风险,0.0,低风险,0.0,低风险,0.0,低风险,0.0,低风险,0.0,低风险
49.0,2-4,location2,0.044,低风险,0.018,低风险,0.075,低风险,0.094,低风险,0.058,低风险,0.062,低风险
50.0,2-3,location2,0.0,低风险,0.0,低风险,0.0,低风险,0.0,低风险,0.0,低风险,0.0,低风险
50.0,2-4,location2,0.218,中风险,0.087,低风险,0.369,高风险,0.462,高风险,0.286,中风险,0.306,中风险
51.0,2-2,location2,0.0,低风险,0.0,低风险,0.0,低风险,0.0,低风险,0.0,低风险,0.0,低风险
51.0,2-4,location2,0.127,中风险,0.051,低风险,0.215,中风险,0.269,中风险,0.166,中风险,0.178,中风险
52.0,2-1,location2,0.24,中风险,0.168,中风险,0.301,中风险,0.305,中风险,0.246,中风险,0.258,中风险
52.0,2-2,location2,0.0,低风险,0.0,低风险,0.0,低风险,0.0,低风险,0.0,低风险,0.0,低风险
52.0,2-3,location2,0.0,低风险,0.0,低风险,0.0,低风险,0.0,低风险,0.0,低风险,0.0,低风险
53.0,2-2,location2,0.179,中风险,0.188,中风险,0.13,中风险,0.047,低风险,0.122,中风险,0.122,中风险
53.0,2-3,location2,0.0,低风险,0.0,低风险,0.0,低风险,0.0,低风险,0.0,低风险,0.0,低风险
53.0,2-4,location2,0.0,低风险,0.0,低风险,0.0,低风险,0.0,低风险,0.0,低风险,0.0,低风险
54.0,2-1,location2,0.0,低风险,0.0,低风险,0.0,低风险,0.0,低风险,0.0,低风险,0.0,低风险
54.0,2-2,location2,0.0,低风险,0.0,低风险,0.0,低风险,0.0,低风险,0.0,低风险,0.0,低风险
54.0,2-3,location2,0.214,中风险,0.086,低风险,0.362,高风险,0.453,高风险,0.28,中风险,0.3,中风险
54.0,2-4,location2,0.048,低风险,0.019,低风险,0.082,低风险,0.103,低风险,0.064,低风险,0.068,低风险
55.0,2-2,location2,0.0,低风险,0.0,低风险,0.0,低风险,0.0,低风险,0.0,低风险,0.0,低风险
55.0,2-3,location2,0.175,中风险,0.184,中风险,0.127,中风险,0.046,低风险,0.119,中风险,0.119,中风险
55.0,2-4,location2,0.218,中风险,0.087,低风险,0.369,高风险,0.463,高风险,0.286,中风险,0.306,中风险
56.0,2-2,location2,0.162,中风险,0.065,低风险,0.275,中风险,0.344,高风险,0.213,中风险,0.228,中风险
56.0,2-3,location2,0.169,中风险,0.069,低风险,0.285,中风险,0.357,高风险,0.221,中风险,0.237,中风险
56.0,2-4,location2,0.0,低风险,0.0,低风险,0.0,低风险,0.0,低风险,0.0,低风险,0.0,低风险
57.0,2-1,location2,0.518,高风险,0.376,高风险,0.618,高风险,0.688,高风险,0.542,高风险,0.56,高风险
57.0,2-2,location2,0.0,低风险,0.0,低风险,0.0,低风险,0.0,低风险,0.0,低风险,0.0,低风险
57.0,2-3,location2,0.054,低风险,0.022,低风险,0.092,低风险,0.115,中风险,0.071,低风险,0.076,低风险
57.0,2-4,location2,0.0,低风险,0.0,低风险,0.0,低风险,0.0,低风险,0.0,低风险,0.0,低风险
58.0,2-3,location2,0.193,中风险,0.1,低风险,0.29,中风险,0.364,高风险,0.238,中风险,0.252,中风险
58.0,2-4,location2,0.0,低风险,0.0,低风险,0.0,低风险,0.0,低风险,0.0,低风险,0.0,低风险
59.0,2-3,location2,0.0,低风险,0.0,低风险,0.0,低风险,0.0,低风险,0.0,低风险,0.0,低风险
59.0,2-4,location2,0.099,低风险,0.04,低风险,0.168,中风险,0.211,中风险,0.13,中风险,0.139,中风险
60.0,2-2,location2,0.264,中风险,0.106,低风险,0.447,高风险,0.56,高风险,0.346,高风险,0.371,高风险
60.0,2-4,location2,0.0,低风险,0.0,低风险,0.0,低风险,0.0,低风险,0.0,低风险,0.0,低风险
61.0,2-2,location2,0.0,低风险,0.0,低风险,0.0,低风险,0.0,低风险,0.0,低风险,0.0,低风险
61.0,2-3,location2,0.313,高风险,0.33,高风险,0.227,中风险,0.082,低风险,0.213,中风险,0.213,中风险
62.0,2-2,location2,0.138,中风险,0.06,低风险,0.226,中风险,0.283,中风险,0.178,中风险,0.19,中风险
62.0,2-3,location2,0.343,高风险,0.137,中风险,0.581,高风险,0.727,高风险,0.45,高风险,0.482,高风险
62.0,2-4,location2,0.279,中风险,0.112,中风险,0.472,高风险,0.591,高风险,0.366,高风险,0.392,高风险
63.0,2-2,location2,0.0,低风险,0.0,低风险,0.0,低风险,0.0,低风险,0.0,低风险,0.0,低风险
63.0,2-4,location2,0.0,低风险,0.0,低风险,0.0,低风险,0.0,低风险,0.0,低风险,0.0,低风险
64.0,2-1,location2,0.425,高风险,0.328,高风险,0.485,高风险,0.45,高风险,0.404,高风险,0.421,高风险
64.0,2-3,location2,0.126,中风险,0.05,低风险,0.213,中风险,0.267,中风险,0.165,中风险,0.177,中风险
64.0,2-4,location2,0.143,中风险,0.057,低风险,0.243,中风险,0.304,中风险,0.188,中风险,0.202,中风险
65.0,2-2,location2,0.0,低风险,0.0,低风险,0.0,低风险,0.0,低风险,0.0,低风险,0.0,低风险
65.0,2-3,location2,0.176,中风险,0.07,低风险,0.298,中风险,0.373,高风险,0.231,中风险,0.247,中风险
65.0,2-4,location2,0.0,低风险,0.0,低风险,0.0,低风险,0.0,低风险,0.0,低风险,0.0,低风险
66.0,2-1,location2,0.39,高风险,0.26,中风险,0.495,高风险,0.622,高风险,0.445,高风险,0.459,高风险
66.0,2-3,location2,0.0,低风险,0.0,低风险,0.0,低风险,0.0,低风险,0.0,低风险,0.0,低风险
67.0,2-1,location2,0.226,中风险,0.238,中风险,0.164,中风险,0.059,低风险,0.154,中风险,0.154,中风险
67.0,2-3,location2,0.0,低风险,0.0,低风险,0.0,低风险,0.0,低风险,0.0,低风险,0.0,低风险
68.0,2-3,location2,0.151,中风险,0.061,低风险,0.256,中风险,0.321,高风险,0.198,中风险,0.212,中风险
68.0,2-4,location2,0.173,中风险,0.069,低风险,0.294,中风险,0.368,高风险,0.228,中风险,0.244,中风险
70.0,2-1,location2,0.192,中风险,0.077,低风险,0.326,高风险,0.408,高风险,0.252,中风险,0.27,中风险
70.0,2-2,location2,0.13,中风险,0.052,低风险,0.22,中风险,0.275,中风险,0.17,中风险,0.182,中风险
70.0,2-3,location2,0.011,低风险,0.012,低风险,0.008,低风险,0.003,低风险,0.008,低风险,0.008,低风险
70.0,2-4,location2,0.437,高风险,0.29,中风险,0.57,高风险,0.599,高风险,0.462,高风险,0.486,高风险
71.0,2-1,location2,0.0,低风险,0.0,低风险,0.0,低风险,0.0,低风险,0.0,低风险,0.0,低风险
71.0,2-3,location2,0.065,低风险,0.068,低风险,0.047,低风险,0.017,低风险,0.044,低风险,0.044,低风险
71.0,2-4,location2,0.509,高风险,0.376,高风险,0.587,高风险,0.739,高风险,0.558,高风险,0.567,高风险
72.0,2-2,location2,0.0,低风险,0.0,低风险,0.0,低风险,0.0,低风险,0.0,低风险,0.0,低风险
72.0,2-4,location2,0.127,中风险,0.051,低风险,0.215,中风险,0.27,中风险,0.167,中风险,0.179,中风险
73.0,2-1,location2,0.0,低风险,0.0,低风险,0.0,低风险,0.0,低风险,0.0,低风险,0.0,低风险
73.0,2-4,location2,0.395,高风险,0.298,中风险,0.447,高风险,0.562,高风险,0.429,高风险,0.436,高风险
74.0,2-1,location2,0.255,中风险,0.102,低风险,0.432,高风险,0.541,高风险,0.335,高风险,0.358,高风险
74.0,2-3,location2,0.011,低风险,0.012,低风险,0.008,低风险,0.003,低风险,0.008,低风险,0.008,低风险
75.0,2-4,location2,0.0,低风险,0.0,低风险,0.0,低风险,0.0,低风险,0.0,低风险,0.0,低风险
76.0,2-2,location2,0.25,中风险,0.1,低风险,0.423,高风险,0.53,高风险,0.328,高风险,0.351,高风险
76.0,2-3,location2,0.198,中风险,0.08,低风险,0.334,高风险,0.418,高风险,0.259,中风险,0.277,中风险
76.0,2-4,location2,0.205,中风险,0.082,低风险,0.347,高风险,0.434,高风险,0.269,中风险,0.288,中风险
77.0,2-1,location2,0.0,低风险,0.0,低风险,0.0,低风险,0.0,低风险,0.0,低风险,0.0,低风险
77.0,2-2,location2,0.048,低风险,0.05,低风险,0.035,低风险,0.012,低风险,0.032,低风险,0.032,低风险
77.0,2-4,location2,0.0,低风险,0.0,低风险,0.0,低风险,0.0,低风险,0.0,低风险,0.0,低风险
78.0,2-1,location2,0.375,高风险,0.259,中风险,0.472,高风险,0.483,高风险,0.386,高风险,0.405,高风险
78.0,2-4,location2,0.0,低风险,0.0,低风险,0.0,低风险,0.0,低风险,0.0,低风险,0.0,低风险
79.0,2-1,location2,0.344,高风险,0.304,中风险,0.318,高风险,0.402,高风险,0.346,高风险,0.341,高风险
79.0,2-4,location2,0.132,中风险,0.053,低风险,0.224,中风险,0.28,中风险,0.173,中风险,0.185,中风险
80.0,2-2,location2,0.0,低风险,0.0,低风险,0.0,低风险,0.0,低风险,0.0,低风险,0.0,低风险
80.0,2-3,location2,0.628,高风险,0.444,高风险,0.757,高风险,0.952,高风险,0.701,高风险,0.718,高风险
80.0,2-4,location2,0.274,中风险,0.289,中风险,0.199,中风险,0.072,低风险,0.186,中风险,0.187,中风险
82.0,2-1,location2,0.018,低风险,0.019,低风险,0.013,低风险,0.005,低风险,0.012,低风险,0.012,低风险
82.0,2-3,location2,0.126,中风险,0.051,低风险,0.214,中风险,0.268,中风险,0.166,中风险,0.178,中风险
82.0,2-4,location2,0.048,低风险,0.051,低风险,0.035,低风险,0.013,低风险,0.033,低风险,0.033,低风险
83.0,2-4,location2,0.146,中风险,0.082,低风险,0.21,中风险,0.263,中风险,0.177,中风险,0.185,中风险
84.0,2-2,location2,0.142,中风险,0.057,低风险,0.241,中风险,0.302,中风险,0.187,中风险,0.2,中风险
84.0,2-3,location2,0.246,中风险,0.099,低风险,0.418,高风险,0.523,高风险,0.323,高风险,0.346,高风险
84.0,2-4,location2,0.204,中风险,0.084,低风险,0.343,高风险,0.428,高风险,0.266,中风险,0.285,中风险
85.0,2-1,location2,0.177,中风险,0.09,低风险,0.271,中风险,0.34,高风险,0.221,中风险,0.234,中风险
85.0,2-2,location2,0.0,低风险,0.0,低风险,0.0,低风险,0.0,低风险,0.0,低风险,0.0,低风险
85.0,2-3,location2,0.0,低风险,0.0,低风险,0.0,低风险,0.0,低风险,0.0,低风险,0.0,低风险
85.0,2-4,location2,0.138,中风险,0.146,中风险,0.1,低风险,0.036,低风险,0.094,低风险,0.094,低风险
86.0,2-1,location2,0.0,低风险,0.0,低风险,0.0,低风险,0.0,低风险,0.0,低风险,0.0,低风险
86.0,2-3,location2,0.169,中风险,0.068,低风险,0.286,中风险,0.358,高风险,0.222,中风险,0.237,中风险
87.0,2-1,location2,0.0,低风险,0.0,低风险,0.0,低风险,0.0,低风险,0.0,低风险,0.0,低风险
87.0,2-4,location2,0.229,中风险,0.115,中风险,0.351,高风险,0.439,高风险,0.285,中风险,0.302,中风险
88.0,2-1,location2,0.266,中风险,0.177,中风险,0.345,高风险,0.375,高风险,0.285,中风险,0.299,中风险
88.0,2-3,location2,0.232,中风险,0.143,中风险,0.313,高风险,0.393,高风险,0.272,中风险,0.283,中风险
89.0,2-1,location2,0.377,高风险,0.261,中风险,0.465,高风险,0.584,高风险,0.425,高风险,0.437,高风险
90.0,2-1,location2,0.0,低风险,0.0,低风险,0.0,低风险,0.0,低风险,0.0,低风险,0.0,低风险
90.0,2-3,location2,0.168,中风险,0.132,中风险,0.181,中风险,0.228,中风险,0.179,中风险,0.18,中风险
90.0,2-4,location2,0.128,中风险,0.062,低风险,0.202,中风险,0.242,中风险,0.158,中风险,0.168,中风险
91.0,2-1,location2,0.398,高风险,0.232,中风险,0.56,高风险,0.702,高风险,0.476,高风险,0.498,高风险
91.0,2-3,location2,0.0,低风险,0.0,低风险,0.0,低风险,0.0,低风险,0.0,低风险,0.0,低风险
93.0,2-1,location2,0.138,中风险,0.055,低风险,0.234,中风险,0.293,中风险,0.181,中风险,0.194,中风险
93.0,2-2,location2,0.0,低风险,0.0,低风险,0.0,低风险,0.0,低风险,0.0,低风险,0.0,低风险
93.0,2-3,location2,0.14,中风险,0.056,低风险,0.237,中风险,0.297,中风险,0.184,中风险,0.197,中风险
94.0,2-1,location2,0.0,低风险,0.0,低风险,0.0,低风险,0.0,低风险,0.0,低风险,0.0,低风险
94.0,2-4,location2,0.0,低风险,0.0,低风险,0.0,低风险,0.0,低风险,0.0,低风险,0.0,低风险
95.0,2-1,location2,0.209,中风险,0.084,低风险,0.355,高风险,0.444,高风险,0.275,中风险,0.294,中风险
96.0,2-3,location2,0.106,低风险,0.042,低风险,0.179,中风险,0.225,中风险,0.139,中风险,0.149,中风险
97.0,2-1,location2,0.0,低风险,0.0,低风险,0.0,低风险,0.0,低风险,0.0,低风险,0.0,低风险
97.0,2-2,location2,0.309,中风险,0.124,中风险,0.523,高风险,0.655,高风险,0.405,高风险,0.434,高风险
97.0,2-3,location2,0.123,中风险,0.049,低风险,0.209,中风险,0.262,中风险,0.162,中风险,0.173,中风险
98.0,2-1,location2,0.0,低风险,0.0,低风险,0.0,低风险,0.0,低风险,0.0,低风险,0.0,低风险
100.0,2-1,location2,0.169,中风险,0.068,低风险,0.286,中风险,0.358,高风险,0.221,中风险,0.237,中风险
100.0,2-2,location2,0.298,中风险,0.119,中风险,0.505,高风险,0.632,高风险,0.391,高风险,0.419,高风险
100.0,2-3,location2,0.0,低风险,0.0,低风险,0.0,低风险,0.0,低风险,0.0,低风险,0.0,低风险
100.0,2-4,location2,0.19,中风险,0.076,低风险,0.322,高风险,0.403,高风险,0.249,中风险,0.267,中风险
101.0,2-1,location2,0.0,低风险,0.0,低风险,0.0,低风险,0.0,低风险,0.0,低风险,0.0,低风险
101.0,2-3,location2,0.0,低风险,0.0,低风险,0.0,低风险,0.0,低风险,0.0,低风险,0.0,低风险
102.0,2-1,location2,0.248,中风险,0.129,中风险,0.375,高风险,0.44,高风险,0.296,中风险,0.315,高风险
103.0,2-2,location2,0.275,中风险,0.11,中风险,0.466,高风险,0.584,高风险,0.361,高风险,0.387,高风险
103.0,2-4,location2,0.0,低风险,0.0,低风险,0.0,低风险,0.0,低风险,0.0,低风险,0.0,低风险
104.0,2-1,location2,0.282,中风险,0.151,中风险,0.421,高风险,0.49,高风险,0.333,高风险,0.354,高风险
104.0,2-2,location2,0.0,低风险,0.0,低风险,0.0,低风险,0.0,低风险,0.0,低风险,0.0,低风险
104.0,2-3,location2,0.075,低风险,0.03,低风险,0.127,中风险,0.159,中风险,0.098,低风险,0.105,低风险
104.0,2-4,location2,0.125,中风险,0.05,低风险,0.212,中风险,0.265,中风险,0.164,中风险,0.176,中风险
105.0,2-2,location2,0.0,低风险,0.0,低风险,0.0,低风险,0.0,低风险,0.0,低风险,0.0,低风险
105.0,2-3,location2,0.0,低风险,0.0,低风险,0.0,低风险,0.0,低风险,0.0,低风险,0.0,低风险
106.0,2-1,location2,0.0,低风险,0.0,低风险,0.0,低风险,0.0,低风险,0.0,低风险,0.0,低风险
106.0,2-2,location2,0.151,中风险,0.061,低风险,0.257,中风险,0.322,高风险,0.199,中风险,0.213,中风险
106.0,2-3,location2,0.07,低风险,0.028,低风险,0.119,中风险,0.148,中风险,0.092,低风险,0.098,低风险
107.0,2-1,location2,0.171,中风险,0.069,低风险,0.29,中风险,0.363,高风险,0.225,中风险,0.241,中风险
107.0,2-2,location2,0.103,低风险,0.058,低风险,0.148,中风险,0.185,中风险,0.124,中风险,0.13,中风险
108.0,2-2,location2,0.101,低风险,0.04,低风险,0.171,中风险,0.214,中风险,0.132,中风险,0.142,中风险
108.0,2-3,location2,0.213,中风险,0.141,中风险,0.271,中风险,0.341,高风险,0.243,中风险,0.251,中风险
109.0,2-1,location2,0.379,高风险,0.27,中风险,0.46,高风险,0.53,高风险,0.407,高风险,0.42,高风险
109.0,2-2,location2,0.0,低风险,0.0,低风险,0.0,低风险,0.0,低风险,0.0,低风险,0.0,低风险
109.0,2-3,location2,0.0,低风险,0.0,低风险,0.0,低风险,0.0,低风险,0.0,低风险,0.0,低风险
110.0,2-1,location2,0.115,中风险,0.121,中风险,0.084,低风险,0.03,低风险,0.078,低风险,0.078,低风险
111.0,2-1,location2,0.24,中风险,0.096,低风险,0.406,高风险,0.509,高风险,0.315,高风险,0.337,高风险
112.0,2-1,location2,0.409,高风险,0.256,中风险,0.547,高风险,0.687,高风险,0.479,高风险,0.497,高风险
112.0,2-2,location2,0.0,低风险,0.0,低风险,0.0,低风险,0.0,低风险,0.0,低风险,0.0,低风险
112.0,2-3,location2,0.158,中风险,0.069,低风险,0.26,中风险,0.32,高风险,0.203,中风险,0.217,中风险
112.0,2-4,location2,0.216,中风险,0.086,低风险,0.366,高风险,0.458,高风险,0.283,中风险,0.303,中风险
113.0,2-2,location2,0.084,低风险,0.034,低风险,0.142,中风险,0.178,中风险,0.11,中风险,0.118,中风险
113.0,2-3,location2,0.229,中风险,0.098,低风险,0.377,高风险,0.473,高风险,0.296,中风险,0.316,高风险
115.0,2-1,location2,0.164,中风险,0.066,低风险,0.277,中风险,0.347,高风险,0.215,中风险,0.23,中风险
115.0,2-2,location2,0.061,低风险,0.064,低风险,0.044,低风险,0.016,低风险,0.041,低风险,0.041,低风险
116.0,2-2,location2,0.0,低风险,0.0,低风险,0.0,低风险,0.0,低风险,0.0,低风险,0.0,低风险
116.0,2-3,location2,0.115,中风险,0.046,低风险,0.196,中风险,0.245,中风险,0.151,中风险,0.162,中风险
117.0,2-3,location2,0.0,低风险,0.0,低风险,0.0,低风险,0.0,低风险,0.0,低风险,0.0,低风险
118.0,2-2,location2,0.0,低风险,0.0,低风险,0.0,低风险,0.0,低风险,0.0,低风险,0.0,低风险
118.0,2-3,location2,0.0,低风险,0.0,低风险,0.0,低风险,0.0,低风险,0.0,低风险,0.0,低风险
119.0,2-1,location2,0.132,中风险,0.053,低风险,0.224,中风险,0.281,中风险,0.173,中风险,0.186,中风险
119.0,2-2,location2,0.173,中风险,0.069,低风险,0.293,中风险,0.368,高风险,0.227,中风险,0.243,中风险
119.0,2-3,location2,0.249,中风险,0.1,低风险,0.423,高风险,0.529,高风险,0.327,高风险,0.351,高风险
120.0,2-2,location2,0.385,高风险,0.283,中风险,0.447,高风险,0.563,高风险,0.423,高风险,0.431,高风险
120.0,2-3,location2,0.0,低风险,0.0,低风险,0.0,低风险,0.0,低风险,0.0,低风险,0.0,低风险
121.0,2-1,location2,0.031,低风险,0.012,低风险,0.052,低风险,0.065,低风险,0.04,低风险,0.043,低风险
121.0,2-3,location2,0.179,中风险,0.072,低风险,0.303,中风险,0.38,高风险,0.235,中风险,0.252,中风险
121.0,2-4,location2,0.0,低风险,0.0,低风险,0.0,低风险,0.0,低风险,0.0,低风险,0.0,低风险
122.0,2-1,location2,0.064,低风险,0.026,低风险,0.108,低风险,0.135,中风险,0.084,低风险,0.09,低风险
122.0,2-2,location2,0.193,中风险,0.077,低风险,0.328,高风险,0.41,高风险,0.254,中风险,0.272,中风险
122.0,2-3,location2,0.0,低风险,0.0,低风险,0.0,低风险,0.0,低风险,0.0,低风险,0.0,低风险
123.0,2-2,location2,0.0,低风险,0.0,低风险,0.0,低风险,0.0,低风险,0.0,低风险,0.0,低风险
123.0,2-3,location2,0.088,低风险,0.035,低风险,0.15,中风险,0.188,中风险,0.116,中风险,0.124,中风险
124.0,2-1,location2,0.0,低风险,0.0,低风险,0.0,低风险,0.0,低风险,0.0,低风险,0.0,低风险
124.0,2-2,location2,0.0,低风险,0.0,低风险,0.0,低风险,0.0,低风险,0.0,低风险,0.0,低风险
124.0,2-3,location2,0.105,低风险,0.042,低风险,0.177,中风险,0.222,中风险,0.137,中风险,0.147,中风险
124.0,2-4,location2,0.232,中风险,0.16,中风险,0.286,中风险,0.359,高风险,0.262,中风险,0.269,中风险
125.0,2-1,location2,0.273,中风险,0.197,中风险,0.333,高风险,0.331,高风险,0.274,中风险,0.287,中风险
125.0,2-2,location2,0.192,中风险,0.077,低风险,0.325,高风险,0.408,高风险,0.252,中风险,0.27,中风险
125.0,2-3,location2,0.174,中风险,0.07,低风险,0.294,中风险,0.369,高风险,0.228,中风险,0.244,中风险
126.0,2-2,location2,0.197,中风险,0.079,低风险,0.334,高风险,0.418,高风险,0.258,中风险,0.277,中风险
126.0,2-3,location2,0.163,中风险,0.065,低风险,0.276,中风险,0.346,高风险,0.214,中风险,0.229,中风险
127.0,2-1,location2,0.219,中风险,0.088,低风险,0.371,高风险,0.465,高风险,0.287,中风险,0.308,中风险
127.0,2-2,location2,0.0,低风险,0.0,低风险,0.0,低风险,0.0,低风险,0.0,低风险,0.0,低风险
127.0,2-4,location2,0.26,中风险,0.104,低风险,0.442,高风险,0.553,高风险,0.342,高风险,0.366,高风险
128.0,2-1,location2,0.251,中风险,0.1,低风险,0.425,高风险,0.532,高风险,0.329,高风险,0.352,高风险
128.0,2-2,location2,0.061,低风险,0.024,低风险,0.104,低风险,0.13,中风险,0.08,低风险,0.086,低风险
128.0,2-4,location2,0.01,低风险,0.011,低风险,0.008,低风险,0.003,低风险,0.007,低风险,0.007,低风险
129.0,2-1,location2,0.0,低风险,0.0,低风险,0.0,低风险,0.0,低风险,0.0,低风险,0.0,低风险
129.0,2-2,location2,0.0,低风险,0.0,低风险,0.0,低风险,0.0,低风险,0.0,低风险,0.0,低风险
130.0,2-1,location2,0.0,低风险,0.0,低风险,0.0,低风险,0.0,低风险,0.0,低风险,0.0,低风险
130.0,2-3,location2,0.0,低风险,0.0,低风险,0.0,低风险,0.0,低风险,0.0,低风险,0.0,低风险
130.0,2-4,location2,0.164,中风险,0.083,低风险,0.252,中风险,0.299,中风险,0.199,中风险,0.211,中风险
131.0,2-1,location2,0.279,中风险,0.181,中风险,0.371,高风险,0.396,高风险,0.299,中风险,0.316,高风险
131.0,2-2,location2,0.0,低风险,0.0,低风险,0.0,低风险,0.0,低风险,0.0,低风险,0.0,低风险
131.0,2-3,location2,0.0,低风险,0.0,低风险,0.0,低风险,0.0,低风险,0.0,低风险,0.0,低风险
131.0,2-4,location2,0.025,低风险,0.01,低风险,0.043,低风险,0.054,低风险,0.033,低风险,0.036,低风险
132.0,2-2,location2,0.192,中风险,0.077,低风险,0.325,高风险,0.407,高风险,0.252,中风险,0.27,中风险
132.0,2-4,location2,0.359,高风险,0.224,中风险,0.482,高风险,0.605,高风险,0.421,高风险,0.437,高风险
133.0,2-1,location2,0.086,低风险,0.034,低风险,0.145,中风险,0.182,中风险,0.112,中风险,0.12,中风险
133.0,2-2,location2,0.065,低风险,0.026,低风险,0.109,低风险,0.137,中风险,0.085,低风险,0.091,低风险
134.0,2-1,location2,0.336,高风险,0.212,中风险,0.446,高风险,0.56,高风险,0.391,高风险,0.406,高风险
134.0,2-3,location2,0.0,低风险,0.0,低风险,0.0,低风险,0.0,低风险,0.0,低风险,0.0,低风险
135.0,2-2,location2,0.304,中风险,0.19,中风险,0.414,高风险,0.451,高风险,0.333,高风险,0.352,高风险
135.0,2-3,location2,0.118,中风险,0.124,中风险,0.085,低风险,0.031,低风险,0.08,低风险,0.08,低风险
135.0,2-4,location2,0.0,低风险,0.0,低风险,0.0,低风险,0.0,低风险,0.0,低风险,0.0,低风险
136.0,2-1,location2,0.258,中风险,0.17,中风险,0.338,高风险,0.358,高风险,0.274,中风险,0.289,中风险
136.0,2-2,location2,0.251,中风险,0.231,中风险,0.231,中风险,0.159,中风险,0.202,中风险,0.207,中风险
136.0,2-4,location2,0.0,低风险,0.0,低风险,0.0,低风险,0.0,低风险,0.0,低风险,0.0,低风险
137.0,2-2,location2,0.321,高风险,0.208,中风险,0.416,高风险,0.523,高风险,0.37,高风险,0.382,高风险
137.0,2-4,location2,0.072,低风险,0.029,低风险,0.122,中风险,0.153,中风险,0.094,低风险,0.101,低风险
138.0,2-2,location2,0.0,低风险,0.0,低风险,0.0,低风险,0.0,低风险,0.0,低风险,0.0,低风险
138.0,2-4,location2,0.0,低风险,0.0,低风险,0.0,低风险,0.0,低风险,0.0,低风险,0.0,低风险
139.0,2-3,location2,0.325,高风险,0.196,中风险,0.446,高风险,0.56,高风险,0.385,高风险,0.401,高风险
139.0,2-4,location2,0.0,低风险,0.0,低风险,0.0,低风险,0.0,低风险,0.0,低风险,0.0,低风险
140.0,2-4,location2,0.223,中风险,0.09,低风险,0.379,高风险,0.474,高风险,0.293,中风险,0.314,高风险
141.0,2-1,location2,0.333,高风险,0.204,中风险,0.452,高风险,0.567,高风险,0.392,高风险,0.408,高风险
141.0,2-2,location2,0.19,中风险,0.076,低风险,0.322,高风险,0.403,高风险,0.249,中风险,0.267,中风险
141.0,2-4,location2,0.0,低风险,0.0,低风险,0.0,低风险,0.0,低风险,0.0,低风险,0.0,低风险
142.0,2-4,location2,0.148,中风险,0.059,低风险,0.251,中风险,0.314,高风险,0.194,中风险,0.208,中风险
143.0,2-3,location2,0.06,低风险,0.024,低风险,0.101,低风险,0.126,中风险,0.078,低风险,0.084,低风险
143.0,2-4,location2,0.0,低风险,0.0,低风险,0.0,低风险,0.0,低风险,0.0,低风险,0.0,低风险
144.0,2-4,location2,0.081,低风险,0.033,低风险,0.138,中风险,0.172,中风险,0.107,低风险,0.114,中风险
145.0,2-2,location2,0.0,低风险,0.0,低风险,0.0,低风险,0.0,低风险,0.0,低风险,0.0,低风险
146.0,2-3,location2,0.127,中风险,0.134,中风险,0.092,低风险,0.033,低风险,0.086,低风险,0.086,低风险
146.0,2-4,location2,0.0,低风险,0.0,低风险,0.0,低风险,0.0,低风险,0.0,低风险,0.0,低风险
147.0,2-4,location2,0.0,低风险,0.0,低风险,0.0,低风险,0.0,低风险,0.0,低风险,0.0,低风险
148.0,2-1,location2,0.037,低风险,0.039,低风险,0.027,低风险,0.01,低风险,0.025,低风险,0.025,低风险
149.0,2-3,location2,0.413,高风险,0.268,中风险,0.54,高风险,0.641,高风险,0.464,高风险,0.483,高风险
149.0,2-4,location2,0.203,中风险,0.081,低风险,0.344,高风险,0.431,高风险,0.266,中风险,0.285,中风险
150.0,2-1,location2,0.063,低风险,0.025,低风险,0.107,低风险,0.134,中风险,0.083,低风险,0.089,低风险
150.0,2-2,location2,0.107,低风险,0.058,低风险,0.157,中风险,0.197,中风险,0.131,中风险,0.138,中风险
150.0,2-3,location2,0.349,高风险,0.207,中风险,0.485,高风险,0.609,高风险,0.416,高风险,0.433,高风险
150.0,2-4,location2,0.217,中风险,0.105,低风险,0.338,高风险,0.424,高风险,0.273,中风险,0.289,中风险
151.0,2-4,location2,0.195,中风险,0.078,低风险,0.331,高风险,0.414,高风险,0.256,中风险,0.274,中风险
152.0,2-3,location2,0.062,低风险,0.065,低风险,0.045,低风险,0.016,低风险,0.042,低风险,0.042,低风险
153.0,2-1,location2,0.061,低风险,0.064,低风险,0.044,低风险,0.016,低风险,0.041,低风险,0.041,低风险
153.0,2-2,location2,0.292,中风险,0.197,中风险,0.369,高风险,0.463,高风险,0.333,高风险,0.343,高风险
153.0,2-3,location2,0.223,中风险,0.118,中风险,0.334,高风险,0.418,高风险,0.275,中风险,0.29,中风险
154.0,2-1,location2,0.015,低风险,0.015,低风险,0.011,低风险,0.004,低风险,0.01,低风险,0.01,低风险
155.0,2-2,location2,0.203,中风险,0.081,低风险,0.343,高风险,0.43,高风险,0.266,中风险,0.285,中风险
155.0,2-4,location2,0.0,低风险,0.0,低风险,0.0,低风险,0.0,低风险,0.0,低风险,0.0,低风险
156.0,2-2,location2,0.0,低风险,0.0,低风险,0.0,低风险,0.0,低风险,0.0,低风险,0.0,低风险
157.0,2-2,location2,0.0,低风险,0.0,低风险,0.0,低风险,0.0,低风险,0.0,低风险,0.0,低风险
157.0,2-4,location2,0.056,低风险,0.023,低风险,0.096,低风险,0.12,中风险,0.074,低风险,0.079,低风险
158.0,2-1,location2,0.276,中风险,0.188,中风险,0.344,高风险,0.432,高风险,0.312,高风险,0.321,高风险
158.0,2-2,location2,0.0,低风险,0.0,低风险,0.0,低风险,0.0,低风险,0.0,低风险,0.0,低风险
158.0,2-3,location2,0.0,低风险,0.0,低风险,0.0,低风险,0.0,低风险,0.0,低风险,0.0,低风险
158.0,2-4,location2,0.15,中风险,0.158,中风险,0.109,低风险,0.039,低风险,0.102,低风险,0.102,低风险
159.0,2-1,location2,0.254,中风险,0.102,低风险,0.43,高风险,0.539,高风险,0.333,高风险,0.357,高风险
159.0,2-4,location2,0.321,高风险,0.19,中风险,0.445,高风险,0.559,高风险,0.382,高风险,0.398,高风险
160.0,2-1,location2,0.228,中风险,0.136,中风险,0.316,高风险,0.396,高风险,0.271,中风险,0.282,中风险
160.0,2-2,location2,0.277,中风险,0.144,中风险,0.42,高风险,0.494,高风险,0.331,高风险,0.353,高风险
160.0,2-3,location2,0.165,中风险,0.07,低风险,0.274,中风险,0.34,高风险,0.213,中风险,0.228,中风险
160.0,2-4,location2,0.167,中风险,0.129,中风险,0.185,中风险,0.233,中风险,0.18,中风险,0.182,中风险
161.0,2-2,location2,0.36,高风险,0.21,中风险,0.513,高风险,0.577,高风险,0.409,高风险,0.434,高风险
161.0,2-3,location2,0.0,低风险,0.0,低风险,0.0,低风险,0.0,低风险,0.0,低风险,0.0,低风险
161.0,2-4,location2,0.176,中风险,0.071,低风险,0.299,中风险,0.374,高风险,0.231,中风险,0.248,中风险
163.0,2-1,location2,0.0,低风险,0.0,低风险,0.0,低风险,0.0,低风险,0.0,低风险,0.0,低风险
163.0,2-2,location2,0.0,低风险,0.0,低风险,0.0,低风险,0.0,低风险,0.0,低风险,0.0,低风险
163.0,2-3,location2,0.0,低风险,0.0,低风险,0.0,低风险,0.0,低风险,0.0,低风险,0.0,低风险
163.0,2-4,location2,0.0,低风险,0.0,低风险,0.0,低风险,0.0,低风险,0.0,低风险,0.0,低风险
164.0,2-3,location2,0.156,中风险,0.111,中风险,0.186,中风险,0.234,中风险,0.173,中风险,0.177,中风险
165.0,2-2,location2,0.0,低风险,0.0,低风险,0.0,低风险,0.0,低风险,0.0,低风险,0.0,低风险
165.0,2-3,location2,0.169,中风险,0.13,中风险,0.193,中风险,0.18,中风险,0.161,中风险,0.168,中风险
165.0,2-4,location2,0.144,中风险,0.058,低风险,0.245,中风险,0.306,中风险,0.189,中风险,0.203,中风险
166.0,2-2,location2,0.0,低风险,0.0,低风险,0.0,低风险,0.0,低风险,0.0,低风险,0.0,低风险
166.0,2-3,location2,0.0,低风险,0.0,低风险,0.0,低风险,0.0,低风险,0.0,低风险,0.0,低风险
166.0,2-4,location2,0.051,低风险,0.053,低风险,0.037,低风险,0.013,低风险,0.034,低风险,0.034,低风险
167.0,2-3,location2,0.254,中风险,0.102,低风险,0.431,高风险,0.54,高风险,0.334,高风险,0.358,高风险
167.0,2-4,location2,0.259,中风险,0.123,中风险,0.409,高风险,0.512,高风险,0.328,高风险,0.348,高风险
168.0,2-3,location2,0.12,中风险,0.048,低风险,0.204,中风险,0.255,中风险,0.158,中风险,0.169,中风险
168.0,2-4,location2,0.0,低风险,0.0,低风险,0.0,低风险,0.0,低风险,0.0,低风险,0.0,低风险
169.0,2-3,location2,0.064,低风险,0.026,低风险,0.109,低风险,0.136,中风险,0.084,低风险,0.09,低风险
169.0,2-4,location2,0.0,低风险,0.0,低风险,0.0,低风险,0.0,低风险,0.0,低风险,0.0,低风险
170.0,2-2,location2,0.0,低风险,0.0,低风险,0.0,低风险,0.0,低风险,0.0,低风险,0.0,低风险
170.0,2-3,location2,0.0,低风险,0.0,低风险,0.0,低风险,0.0,低风险,0.0,低风险,0.0,低风险
170.0,2-4,location2,0.291,中风险,0.117,中风险,0.493,高风险,0.617,高风险,0.382,高风险,0.409,高风险
171.0,2-2,location2,0.133,中风险,0.067,低风险,0.205,中风险,0.257,中风险,0.166,中风险,0.176,中风险
171.0,2-3,location2,0.012,低风险,0.013,低风险,0.009,低风险,0.003,低风险,0.008,低风险,0.008,低风险
171.0,2-4,location2,0.0,低风险,0.0,低风险,0.0,低风险,0.0,低风险,0.0,低风险,0.0,低风险
172.0,2-1,location2,0.121,中风险,0.059,低风险,0.188,中风险,0.236,中风险,0.152,中风险,0.161,中风险
172.0,2-2,location2,0.195,中风险,0.124,中风险,0.257,中风险,0.322,高风险,0.227,中风险,0.235,中风险
172.0,2-3,location2,0.0,低风险,0.0,低风险,0.0,低风险,0.0,低风险,0.0,低风险,0.0,低风险
172.0,2-4,location2,0.0,低风险,0.0,低风险,0.0,低风险,0.0,低风险,0.0,低风险,0.0,低风险
173.0,2-2,location2,0.0,低风险,0.0,低风险,0.0,低风险,0.0,低风险,0.0,低风险,0.0,低风险
173.0,2-3,location2,0.0,低风险,0.0,低风险,0.0,低风险,0.0,低风险,0.0,低风险,0.0,低风险
173.0,2-4,location2,0.005,低风险,0.005,低风险,0.003,低风险,0.001,低风险,0.003,低风险,0.003,低风险
174.0,2-3,location2,0.0,低风险,0.0,低风险,0.0,低风险,0.0,低风险,0.0,低风险,0.0,低风险
174.0,2-4,location2,0.223,中风险,0.09,低风险,0.379,高风险,0.474,高风险,0.293,中风险,0.314,高风险
175.0,2-2,location2,0.07,低风险,0.028,低风险,0.119,中风险,0.149,中风险,0.092,低风险,0.099,低风险
175.0,2-4,location2,0.0,低风险,0.0,低风险,0.0,低风险,0.0,低风险,0.0,低风险,0.0,低风险
176.0,2-2,location2,0.0,低风险,0.0,低风险,0.0,低风险,0.0,低风险,0.0,低风险,0.0,低风险
176.0,2-3,location2,0.284,中风险,0.238,中风险,0.296,中风险,0.255,中风险,0.255,中风险,0.263,中风险
176.0,2-4,location2,0.18,中风险,0.072,低风险,0.305,中风险,0.383,高风险,0.237,中风险,0.253,中风险
177.0,2-1,location2,0.12,中风险,0.063,低风险,0.178,中风险,0.224,中风险,0.147,中风险,0.155,中风险
179.0,2-3,location2,0.108,低风险,0.043,低风险,0.184,中风险,0.23,中风险,0.142,中风险,0.152,中风险
180.0,2-3,location2,0.0,低风险,0.0,低风险,0.0,低风险,0.0,低风险,0.0,低风险,0.0,低风险
180.0,2-4,location2,0.259,中风险,0.22,中风险,0.253,中风险,0.32,高风险,0.265,中风险,0.264,中风险
181.0,2-2,location2,0.0,低风险,0.0,低风险,0.0,低风险,0.0,低风险,0.0,低风险,0.0,低风险
181.0,2-3,location2,0.17,中风险,0.094,低风险,0.248,中风险,0.285,中风险,0.197,中风险,0.209,中风险
182.0,2-1,location2,0.25,中风险,0.155,中风险,0.335,高风险,0.421,高风险,0.292,中风险,0.304,中风险
182.0,2-3,location2,0.0,低风险,0.0,低风险,0.0,低风险,0.0,低风险,0.0,低风险,0.0,低风险
182.0,2-4,location2,0.084,低风险,0.034,低风险,0.143,中风险,0.179,中风险,0.111,中风险,0.118,中风险
184.0,2-2,location2,0.0,低风险,0.0,低风险,0.0,低风险,0.0,低风险,0.0,低风险,0.0,低风险
184.0,2-3,location2,0.209,中风险,0.084,低风险,0.354,高风险,0.443,高风险,0.274,中风险,0.293,中风险
185.0,2-2,location2,0.012,低风险,0.013,低风险,0.009,低风险,0.003,低风险,0.008,低风险,0.008,低风险
185.0,2-3,location2,0.066,低风险,0.07,低风险,0.048,低风险,0.017,低风险,0.045,低风险,0.045,低风险
185.0,2-4,location2,0.42,高风险,0.321,高风险,0.467,高风险,0.589,高风险,0.453,高风险,0.459,高风险
186.0,2-3,location2,0.0,低风险,0.0,低风险,0.0,低风险,0.0,低风险,0.0,低风险,0.0,低风险
187.0,2-2,location2,0.0,低风险,0.0,低风险,0.0,低风险,0.0,低风险,0.0,低风险,0.0,低风险
188.0,2-1,location2,0.0,低风险,0.0,低风险,0.0,低风险,0.0,低风险,0.0,低风险,0.0,低风险
188.0,2-3,location2,0.0,低风险,0.0,低风险,0.0,低风险,0.0,低风险,0.0,低风险,0.0,低风险
188.0,2-4,location2,0.0,低风险,0.0,低风险,0.0,低风险,0.0,低风险,0.0,低风险,0.0,低风险
189.0,2-3,location2,0.221,中风险,0.105,低风险,0.35,高风险,0.423,高风险,0.274,中风险,0.293,中风险
189.0,2-4,location2,0.0,低风险,0.0,低风险,0.0,低风险,0.0,低风险,0.0,低风险,0.0,低风险
190.0,2-1,location2,0.0,低风险,0.0,低风险,0.0,低风险,0.0,低风险,0.0,低风险,0.0,低风险
190.0,2-3,location2,0.0,低风险,0.0,低风险,0.0,低风险,0.0,低风险,0.0,低风险,0.0,低风险
191.0,2-3,location2,0.0,低风险,0.0,低风险,0.0,低风险,0.0,低风险,0.0,低风险,0.0,低风险
192.0,2-2,location2,0.237,中风险,0.095,低风险,0.402,高风险,0.503,高风险,0.311,高风险,0.333,高风险
192.0,2-3,location2,0.441,高风险,0.344,高风险,0.479,高风险,0.604,高风险,0.471,高风险,0.476,高风险
192.0,2-4,location2,0.0,低风险,0.0,低风险,0.0,低风险,0.0,低风险,0.0,低风险,0.0,低风险
193.0,2-1,location2,0.147,中风险,0.059,低风险,0.25,中风险,0.313,高风险,0.194,中风险,0.207,中风险
194.0,2-1,location2,0.087,低风险,0.035,低风险,0.147,中风险,0.184,中风险,0.114,中风险,0.122,中风险
194.0,2-2,location2,0.234,中风险,0.094,低风险,0.396,高风险,0.496,高风险,0.307,中风险,0.329,高风险
194.0,2-3,location2,0.214,中风险,0.086,低风险,0.362,高风险,0.453,高风险,0.28,中风险,0.3,中风险
195.0,2-1,location2,0.0,低风险,0.0,低风险,0.0,低风险,0.0,低风险,0.0,低风险,0.0,低风险
195.0,2-2,location2,0.024,低风险,0.025,低风险,0.017,低风险,0.006,低风险,0.016,低风险,0.016,低风险
195.0,2-3,location2,0.202,中风险,0.081,低风险,0.342,高风险,0.428,高风险,0.265,中风险,0.283,中风险
196.0,2-3,location2,0.225,中风险,0.11,中风险,0.35,高风险,0.438,高风险,0.283,中风险,0.299,中风险
197.0,2-1,location2,0.042,低风险,0.017,低风险,0.072,低风险,0.09,低风险,0.055,低风险,0.059,低风险
198.0,2-1,location2,0.0,低风险,0.0,低风险,0.0,低风险,0.0,低风险,0.0,低风险,0.0,低风险
198.0,2-2,location2,0.189,中风险,0.076,低风险,0.321,高风险,0.402,高风险,0.249,中风险,0.266,中风险
198.0,2-3,location2,0.138,中风险,0.055,低风险,0.234,中风险,0.293,中风险,0.181,中风险,0.194,中风险
199.0,2-2,location2,0.216,中风险,0.166,中风险,0.24,中风险,0.302,中风险,0.233,中风险,0.236,中风险
199.0,2-4,location2,0.0,低风险,0.0,低风险,0.0,低风险,0.0,低风险,0.0,低风险,0.0,低风险
200.0,2-1,location2,0.0,低风险,0.0,低风险,0.0,低风险,0.0,低风险,0.0,低风险,0.0,低风险
200.0,2-2,location2,0.226,中风险,0.124,中风险,0.329,高风险,0.413,高风险,0.275,中风险,0.289,中风险
200.0,2-4,location2,0.092,低风险,0.037,低风险,0.156,中风险,0.195,中风险,0.121,中风险,0.129,中风险
201.0,2-4,location2,0.245,中风险,0.109,低风险,0.399,高风险,0.5,高风险,0.315,高风险,0.336,高风险
202.0,2-1,location2,0.001,低风险,0.001,低风险,0.0,低风险,0.0,低风险,0.0,低风险,0.0,低风险
202.0,2-4,location2,0.0,低风险,0.0,低风险,0.0,低风险,0.0,低风险,0.0,低风险,0.0,低风险
203.0,2-1,location2,0.025,低风险,0.027,低风险,0.018,低风险,0.007,低风险,0.017,低风险,0.017,低风险
203.0,2-2,location2,0.0,低风险,0.0,低风险,0.0,低风险,0.0,低风险,0.0,低风险,0.0,低风险
203.0,2-3,location2,0.01,低风险,0.01,低风险,0.007,低风险,0.003,低风险,0.007,低风险,0.007,低风险
204.0,2-1,location2,0.225,中风险,0.09,低风险,0.381,高风险,0.477,高风险,0.295,中风险,0.316,高风险
204.0,2-2,location2,0.246,中风险,0.099,低风险,0.417,高风险,0.523,高风险,0.323,高风险,0.346,高风险
204.0,2-4,location2,0.0,低风险,0.0,低风险,0.0,低风险,0.0,低风险,0.0,低风险,0.0,低风险
205.0,2-2,location2,0.154,中风险,0.067,低风险,0.253,中风险,0.312,高风险,0.197,中风险,0.211,中风险
206.0,2-1,location2,0.113,中风险,0.076,低风险,0.142,中风险,0.179,中风险,0.129,中风险,0.133,中风险
206.0,2-2,location2,0.266,中风险,0.107,低风险,0.451,高风险,0.565,高风险,0.35,高风险,0.375,高风险
207.0,2-1,location2,0.332,高风险,0.209,中风险,0.449,高风险,0.486,高风险,0.361,高风险,0.381,高风险
208.0,2-2,location2,0.158,中风险,0.063,低风险,0.267,中风险,0.335,高风险,0.207,中风险,0.222,中风险
209.0,2-1,location2,0.469,高风险,0.318,高风险,0.601,高风险,0.624,高风险,0.489,高风险,0.514,高风险
209.0,2-2,location2,0.151,中风险,0.061,低风险,0.256,中风险,0.321,高风险,0.198,中风险,0.212,中风险
210.0,2-2,location2,0.238,中风险,0.145,中风险,0.331,高风险,0.365,高风险,0.265,中风险,0.28,中风险
211.0,2-1,location2,0.201,中风险,0.098,低风险,0.316,高风险,0.379,高风险,0.248,中风险,0.264,中风险
211.0,2-2,location2,0.207,中风险,0.083,低风险,0.35,高风险,0.439,高风险,0.271,中风险,0.29,中风险
211.0,2-3,location2,0.0,低风险,0.0,低风险,0.0,低风险,0.0,低风险,0.0,低风险,0.0,低风险
212.0,2-2,location2,0.097,低风险,0.051,低风险,0.146,中风险,0.183,中风险,0.12,中风险,0.127,中风险
213.0,2-1,location2,0.0,低风险,0.0,低风险,0.0,低风险,0.0,低风险,0.0,低风险,0.0,低风险
213.0,2-2,location2,0.0,低风险,0.0,低风险,0.0,低风险,0.0,低风险,0.0,低风险,0.0,低风险
214.0,2-2,location2,0.0,低风险,0.0,低风险,0.0,低风险,0.0,低风险,0.0,低风险,0.0,低风险
215.0,2-1,location2,0.294,中风险,0.118,中风险,0.499,高风险,0.624,高风险,0.386,高风险,0.414,高风险
215.0,2-2,location2,0.239,中风险,0.14,中风险,0.339,高风险,0.381,高风险,0.271,中风险,0.287,中风险
215.0,2-4,location2,0.056,低风险,0.059,低风险,0.041,低风险,0.015,低风险,0.038,低风险,0.038,低风险
216.0,2-2,location2,0.0,低风险,0.0,低风险,0.0,低风险,0.0,低风险,0.0,低风险,0.0,低风险
218.0,2-4,location2,0.115,中风险,0.046,低风险,0.195,中风险,0.244,中风险,0.151,中风险,0.162,中风险
222.0,2-1,location2,0.218,中风险,0.087,低风险,0.369,高风险,0.462,高风险,0.286,中风险,0.306,中风险
222.0,2-4,location2,0.292,中风险,0.196,中风险,0.368,高风险,0.462,高风险,0.332,高风险,0.342,高风险
223.0,2-1,location2,0.0,低风险,0.0,低风险,0.0,低风险,0.0,低风险,0.0,低风险,0.0,低风险
223.0,2-2,location2,0.279,中风险,0.112,中风险,0.473,高风险,0.592,高风险,0.366,高风险,0.392,高风险
223.0,2-3,location2,0.009,低风险,0.009,低风险,0.006,低风险,0.002,低风险,0.006,低风险,0.006,低风险
223.0,2-4,location2,0.0,低风险,0.0,低风险,0.0,低风险,0.0,低风险,0.0,低风险,0.0,低风险
224.0,2-2,location2,0.259,中风险,0.155,中风险,0.356,高风险,0.447,高风险,0.307,中风险,0.32,高风险
224.0,2-4,location2,0.128,中风险,0.134,中风险,0.093,低风险,0.033,低风险,0.087,低风险,0.087,低风险
225.0,2-1,location2,0.075,低风险,0.03,低风险,0.128,中风险,0.16,中风险,0.099,低风险,0.106,低风险
226.0,2-2,location2,0.0,低风险,0.0,低风险,0.0,低风险,0.0,低风险,0.0,低风险,0.0,低风险
226.0,2-4,location2,0.051,低风险,0.02,低风险,0.086,低风险,0.108,低风险,0.067,低风险,0.072,低风险
227.0,2-4,location2,0.338,高风险,0.209,中风险,0.454,高风险,0.571,高风险,0.396,高风险,0.411,高风险
228.0,2-4,location2,0.0,低风险,0.0,低风险,0.0,低风险,0.0,低风险,0.0,低风险,0.0,低风险
229.0,2-2,location2,0.098,低风险,0.039,低风险,0.166,中风险,0.208,中风险,0.129,中风险,0.138,中风险
229.0,2-4,location2,0.344,高风险,0.243,中风险,0.427,高风险,0.43,高风险,0.349,高风险,0.367,高风险
230.0,2-1,location2,0.0,低风险,0.0,低风险,0.0,低风险,0.0,低风险,0.0,低风险,0.0,低风险
231.0,2-2,location2,0.0,低风险,0.0,低风险,0.0,低风险,0.0,低风险,0.0,低风险,0.0,低风险
232.0,2-1,location2,0.242,中风险,0.104,低风险,0.399,高风险,0.492,高风险,0.31,高风险,0.332,高风险
233.0,2-1,location2,0.0,低风险,0.0,低风险,0.0,低风险,0.0,低风险,0.0,低风险,0.0,低风险
234.0,2-1,location2,0.121,中风险,0.048,低风险,0.205,中风险,0.256,中风险,0.159,中风险,0.17,中风险
234.0,2-2,location2,0.223,中风险,0.09,低风险,0.379,高风险,0.474,高风险,0.293,中风险,0.314,高风险
235.0,2-1,location2,0.124,中风险,0.066,低风险,0.185,中风险,0.232,中风险,0.153,中风险,0.161,中风险
235.0,2-3,location2,0.143,中风险,0.057,低风险,0.242,中风险,0.303,中风险,0.188,中风险,0.201,中风险
235.0,2-4,location2,0.172,中风险,0.069,低风险,0.292,中风险,0.366,高风险,0.226,中风险,0.242,中风险
236.0,2-2,location2,0.089,低风险,0.036,低风险,0.151,中风险,0.19,中风险,0.117,中风险,0.126,中风险
237.0,2-2,location2,0.0,低风险,0.0,低风险,0.0,低风险,0.0,低风险,0.0,低风险,0.0,低风险
238.0,2-1,location2,0.0,低风险,0.0,低风险,0.0,低风险,0.0,低风险,0.0,低风险,0.0,低风险
238.0,2-2,location2,0.218,中风险,0.129,中风险,0.302,中风险,0.379,高风险,0.259,中风险,0.27,中风险
239.0,2-2,location2,0.0,低风险,0.0,低风险,0.0,低风险,0.0,低风险,0.0,低风险,0.0,低风险
240.0,2-1,location2,0.0,低风险,0.0,低风险,0.0,低风险,0.0,低风险,0.0,低风险,0.0,低风险
240.0,2-2,location2,0.0,低风险,0.0,低风险,0.0,低风险,0.0,低风险,0.0,低风险,0.0,低风险
241.0,2-1,location2,0.025,低风险,0.026,低风险,0.018,低风险,0.006,低风险,0.017,低风险,0.017,低风险
241.0,2-4,location2,0.0,低风险,0.0,低风险,0.0,低风险,0.0,低风险,0.0,低风险,0.0,低风险
242.0,2-1,location2,0.109,低风险,0.043,低风险,0.184,中风险,0.23,中风险,0.143,中风险,0.153,中风险
242.0,2-2,location2,0.226,中风险,0.09,低风险,0.383,高风险,0.479,高风险,0.296,中风险,0.318,高风险
242.0,2-4,location2,0.068,低风险,0.036,低风险,0.101,低风险,0.127,中风险,0.083,低风险,0.088,低风险
243.0,2-1,location2,0.0,低风险,0.0,低风险,0.0,低风险,0.0,低风险,0.0,低风险,0.0,低风险
243.0,2-2,location2,0.237,中风险,0.095,低风险,0.402,高风险,0.503,高风险,0.311,高风险,0.334,高风险
243.0,2-4,location2,0.0,低风险,0.0,低风险,0.0,低风险,0.0,低风险,0.0,低风险,0.0,低风险
244.0,2-2,location2,0.134,中风险,0.054,低风险,0.228,中风险,0.285,中风险,0.176,中风险,0.189,中风险
244.0,2-4,location2,0.0,低风险,0.0,低风险,0.0,低风险,0.0,低风险,0.0,低风险,0.0,低风险
247.0,2-2,location2,0.177,中风险,0.071,低风险,0.299,中风险,0.375,高风险,0.232,中风险,0.248,中风险
247.0,2-4,location2,0.0,低风险,0.0,低风险,0.0,低风险,0.0,低风险,0.0,低风险,0.0,低风险
248.0,2-2,location2,0.0,低风险,0.0,低风险,0.0,低风险,0.0,低风险,0.0,低风险,0.0,低风险
248.0,2-4,location2,0.064,低风险,0.026,低风险,0.108,低风险,0.135,中风险,0.084,低风险,0.09,低风险
249.0,2-2,location2,0.0,低风险,0.0,低风险,0.0,低风险,0.0,低风险,0.0,低风险,0.0,低风险
250.0,2-1,location2,0.033,低风险,0.013,低风险,0.056,低风险,0.07,低风险,0.043,低风险,0.047,低风险
250.0,2-4,location2,0.103,低风险,0.041,低风险,0.175,中风险,0.219,中风险,0.136,中风险,0.145,中风险
251.0,2-1,location2,0.26,中风险,0.104,低风险,0.441,高风险,0.552,高风险,0.341,高风险,0.366,高风险
251.0,2-2,location2,0.184,中风险,0.074,低风险,0.313,高风险,0.391,高风险,0.242,中风险,0.259,中风险
251.0,2-4,location2,0.0,低风险,0.0,低风险,0.0,低风险,0.0,低风险,0.0,低风险,0.0,低风险
252.0,2-2,location2,0.181,中风险,0.073,低风险,0.307,中风险,0.384,高风险,0.238,中风险,0.255,中风险
252.0,2-4,location2,0.222,中风险,0.089,低风险,0.376,高风险,0.471,高风险,0.291,中风险,0.312,高风险
254.0,2-1,location2,0.0,低风险,0.0,低风险,0.0,低风险,0.0,低风险,0.0,低风险,0.0,低风险
254.0,2-4,location2,0.0,低风险,0.0,低风险,0.0,低风险,0.0,低风险,0.0,低风险,0.0,低风险
255.0,2-4,location2,0.213,中风险,0.085,低风险,0.36,高风险,0.451,高风险,0.279,中风险,0.299,中风险
256.0,2-2,location2,0.0,低风险,0.0,低风险,0.0,低风险,0.0,低风险,0.0,低风险,0.0,低风险
256.0,2-4,location2,0.0,低风险,0.0,低风险,0.0,低风险,0.0,低风险,0.0,低风险,0.0,低风险
257.0,2-1,location2,0.334,高风险,0.134,中风险,0.566,高风险,0.709,高风险,0.438,高风险,0.469,高风险
257.0,2-4,location2,0.201,中风险,0.08,低风险,0.34,高风险,0.426,高风险,0.264,中风险,0.282,中风险
258.0,2-2,location2,0.145,中风险,0.058,低风险,0.246,中风险,0.307,中风险,0.19,中风险,0.204,中风险
258.0,2-4,location2,0.059,低风险,0.024,低风险,0.1,低风险,0.126,中风险,0.078,低风险,0.083,低风险
259.0,2-1,location2,0.122,中风险,0.049,低风险,0.207,中风险,0.26,中风险,0.161,中风险,0.172,中风险
259.0,2-2,location2,0.0,低风险,0.0,低风险,0.0,低风险,0.0,低风险,0.0,低风险,0.0,低风险
259.0,2-4,location2,0.055,低风险,0.022,低风险,0.093,低风险,0.117,中风险,0.072,低风险,0.077,低风险
260.0,2-1,location2,0.147,中风险,0.059,低风险,0.248,中风险,0.311,高风险,0.192,中风险,0.206,中风险
260.0,2-2,location2,0.19,中风险,0.076,低风险,0.322,高风险,0.403,高风险,0.249,中风险,0.267,中风险
261.0,2-2,location2,0.065,低风险,0.026,低风险,0.11,中风险,0.138,中风险,0.085,低风险,0.091,低风险
261.0,2-4,location2,0.135,中风险,0.059,低风险,0.219,中风险,0.275,中风险,0.173,中风险,0.184,中风险
262.0,2-1,location2,0.272,中风险,0.109,低风险,0.461,高风险,0.578,高风险,0.357,高风险,0.383,高风险
262.0,2-4,location2,0.0,低风险,0.0,低风险,0.0,低风险,0.0,低风险,0.0,低风险,0.0,低风险
263.0,2-2,location2,0.363,高风险,0.27,中风险,0.43,高风险,0.415,高风险,0.355,高风险,0.372,高风险
263.0,2-3,location2,0.235,中风险,0.192,中风险,0.252,中风险,0.218,中风险,0.213,中风险,0.221,中风险
263.0,2-4,location2,0.11,低风险,0.044,低风险,0.186,中风险,0.233,中风险,0.144,中风险,0.154,中风险
264.0,2-2,location2,0.057,低风险,0.06,低风险,0.041,低风险,0.015,低风险,0.039,低风险,0.039,低风险
264.0,2-4,location2,0.0,低风险,0.0,低风险,0.0,低风险,0.0,低风险,0.0,低风险,0.0,低风险
265.0,2-2,location2,0.097,低风险,0.039,低风险,0.164,中风险,0.206,中风险,0.127,中风险,0.136,中风险
265.0,2-4,location2,0.064,低风险,0.026,低风险,0.108,低风险,0.136,中风险,0.084,低风险,0.09,低风险
266.0,2-2,location2,0.313,高风险,0.246,中风险,0.35,高风险,0.319,高风险,0.293,中风险,0.305,中风险
266.0,2-4,location2,0.223,中风险,0.089,低风险,0.377,高风险,0.473,高风险,0.292,中风险,0.313,高风险
267.0,2-4,location2,0.226,中风险,0.091,低风险,0.384,高风险,0.48,高风险,0.297,中风险,0.318,高风险
268.0,2-2,location2,0.0,低风险,0.0,低风险,0.0,低风险,0.0,低风险,0.0,低风险,0.0,低风险
268.0,2-4,location2,0.291,中风险,0.117,中风险,0.493,高风险,0.618,高风险,0.382,高风险,0.409,高风险
269.0,2-1,location2,0.082,低风险,0.087,低风险,0.06,低风险,0.022,低风险,0.056,低风险,0.056,低风险
269.0,2-4,location2,0.137,中风险,0.055,低风险,0.232,中风险,0.291,中风险,0.18,中风险,0.192,中风险
270.0,2-2,location2,0.29,中风险,0.208,中风险,0.345,高风险,0.434,高风险,0.322,高风险,0.329,高风险
270.0,2-4,location2,0.0,低风险,0.0,低风险,0.0,低风险,0.0,低风险,0.0,低风险,0.0,低风险
271.0,2-3,location2,0.269,中风险,0.284,中风险,0.195,中风险,0.071,低风险,0.183,中风险,0.183,中风险
272.0,2-1,location2,0.158,中风险,0.063,低风险,0.268,中风险,0.336,高风险,0.208,中风险,0.222,中风险
272.0,2-2,location2,0.2,中风险,0.08,低风险,0.339,高风险,0.425,高风险,0.263,中风险,0.281,中风险
272.0,2-4,location2,0.056,低风险,0.022,低风险,0.094,低风险,0.118,中风险,0.073,低风险,0.078,低风险
273.0,2-2,location2,0.278,中风险,0.157,中风险,0.404,高风险,0.46,高风险,0.321,高风险,0.34,高风险
273.0,2-4,location2,0.0,低风险,0.0,低风险,0.0,低风险,0.0,低风险,0.0,低风险,0.0,低风险
274.0,2-2,location2,0.175,中风险,0.103,低风险,0.246,中风险,0.275,中风险,0.197,中风险,0.208,中风险
275.0,2-1,location2,0.232,中风险,0.113,中风险,0.36,高风险,0.451,高风险,0.291,中风险,0.308,中风险
275.0,2-2,location2,0.16,中风险,0.071,低风险,0.26,中风险,0.325,高风险,0.205,中风险,0.219,中风险
275.0,2-4,location2,0.0,低风险,0.0,低风险,0.0,低风险,0.0,低风险,0.0,低风险,0.0,低风险
276.0,2-1,location2,0.101,低风险,0.106,低风险,0.073,低风险,0.026,低风险,0.068,低风险,0.069,低风险
276.0,2-4,location2,0.272,中风险,0.117,中风险,0.45,高风险,0.555,高风险,0.35,高风险,0.374,高风险
277.0,2-1,location2,0.0,低风险,0.0,低风险,0.0,低风险,0.0,低风险,0.0,低风险,0.0,低风险
277.0,2-2,location2,0.0,低风险,0.0,低风险,0.0,低风险,0.0,低风险,0.0,低风险,0.0,低风险
277.0,2-3,location2,0.284,中风险,0.114,中风险,0.482,高风险,0.604,高风险,0.373,高风险,0.4,高风险
278.0,2-1,location2,0.0,低风险,0.0,低风险,0.0,低风险,0.0,低风险,0.0,低风险,0.0,低风险
278.0,2-2,location2,0.198,中风险,0.079,低风险,0.336,高风险,0.421,高风险,0.26,中风险,0.279,中风险
278.0,2-4,location2,0.174,中风险,0.07,低风险,0.294,中风险,0.369,高风险,0.228,中风险,0.244,中风险
279.0,2-1,location2,0.347,高风险,0.223,中风险,0.455,高风险,0.572,高风险,0.403,高风险,0.417,高风险
279.0,2-2,location2,0.17,中风险,0.068,低风险,0.289,中风险,0.362,高风险,0.224,中风险,0.24,中风险
279.0,2-4,location2,0.0,低风险,0.0,低风险,0.0,低风险,0.0,低风险,0.0,低风险,0.0,低风险
280.0,2-1,location2,0.184,中风险,0.074,低风险,0.312,高风险,0.391,高风险,0.242,中风险,0.259,中风险
280.0,2-4,location2,0.0,低风险,0.0,低风险,0.0,低风险,0.0,低风险,0.0,低风险,0.0,低风险
281.0,2-2,location2,0.256,中风险,0.102,低风险,0.433,高风险,0.543,高风险,0.336,高风险,0.359,高风险
281.0,2-4,location2,0.053,低风险,0.021,低风险,0.089,低风险,0.112,中风险,0.069,低风险,0.074,低风险
282.0,2-2,location2,0.258,中风险,0.159,中风险,0.349,高风险,0.434,高风险,0.302,中风险,0.314,高风险
283.0,2-4,location2,0.0,低风险,0.0,低风险,0.0,低风险,0.0,低风险,0.0,低风险,0.0,低风险
284.0,2-1,location2,0.29,中风险,0.116,中风险,0.492,高风险,0.616,高风险,0.381,高风险,0.408,高风险
284.0,2-4,location2,0.0,低风险,0.0,低风险,0.0,低风险,0.0,低风险,0.0,低风险,0.0,低风险
285.0,2-1,location2,0.095,低风险,0.038,低风险,0.162,中风险,0.203,中风险,0.125,中风险,0.134,中风险
285.0,2-2,location2,0.356,高风险,0.223,中风险,0.478,高风险,0.576,高风险,0.408,高风险,0.426,高风险
285.0,2-4,location2,0.0,低风险,0.0,低风险,0.0,低风险,0.0,低风险,0.0,低风险,0.0,低风险
286.0,2-1,location2,0.0,低风险,0.0,低风险,0.0,低风险,0.0,低风险,0.0,低风险,0.0,低风险
286.0,2-4,location2,0.0,低风险,0.0,低风险,0.0,低风险,0.0,低风险,0.0,低风险,0.0,低风险
287.0,2-1,location2,0.199,中风险,0.159,中风险,0.219,中风险,0.196,中风险,0.184,中风险,0.192,中风险
287.0,2-2,location2,0.012,低风险,0.013,低风险,0.009,低风险,0.003,低风险,0.008,低风险,0.008,低风险
287.0,2-4,location2,0.0,低风险,0.0,低风险,0.0,低风险,0.0,低风险,0.0,低风险,0.0,低风险
288.0,2-1,location2,0.0,低风险,0.0,低风险,0.0,低风险,0.0,低风险,0.0,低风险,0.0,低风险
288.0,2-2,location2,0.224,中风险,0.09,低风险,0.38,高风险,0.476,高风险,0.294,中风险,0.315,高风险
288.0,2-4,location2,0.0,低风险,0.0,低风险,0.0,低风险,0.0,低风险,0.0,低风险,0.0,低风险
289.0,2-2,location2,0.364,高风险,0.202,中风险,0.529,高风险,0.664,高风险,0.443,高风险,0.465,高风险
289.0,2-4,location2,0.0,低风险,0.0,低风险,0.0,低风险,0.0,低风险,0.0,低风险,0.0,低风险
290.0,2-1,location2,0.22,中风险,0.088,低风险,0.374,高风险,0.468,高风险,0.289,中风险,0.31,高风险
290.0,2-3,location2,0.0,低风险,0.0,低风险,0.0,低风险,0.0,低风险,0.0,低风险,0.0,低风险
291.0,2-1,location2,0.323,高风险,0.13,中风险,0.548,高风险,0.687,高风险,0.425,高风险,0.455,高风险
291.0,2-3,location2,0.0,低风险,0.0,低风险,0.0,低风险,0.0,低风险,0.0,低风险,0.0,低风险
291.0,2-4,location2,0.084,低风险,0.034,低风险,0.143,中风险,0.179,中风险,0.11,中风险,0.118,中风险
292.0,2-2,location2,0.26,中风险,0.104,低风险,0.441,高风险,0.553,高风险,0.342,高风险,0.366,高风险
292.0,2-3,location2,0.062,低风险,0.025,低风险,0.105,低风险,0.131,中风险,0.081,低风险,0.087,低风险
293.0,2-3,location2,0.0,低风险,0.0,低风险,0.0,低风险,0.0,低风险,0.0,低风险,0.0,低风险
293.0,2-4,location2,0.117,中风险,0.047,低风险,0.198,中风险,0.248,中风险,0.153,中风险,0.164,中风险
294.0,2-1,location2,0.081,低风险,0.033,低风险,0.138,中风险,0.173,中风险,0.107,低风险,0.115,中风险
294.0,2-2,location2,0.448,高风险,0.338,高风险,0.524,高风险,0.5,高风险,0.435,高风险,0.454,高风险
294.0,2-4,location2,0.0,低风险,0.0,低风险,0.0,低风险,0.0,低风险,0.0,低风险,0.0,低风险
295.0,2-1,location2,0.0,低风险,0.0,低风险,0.0,低风险,0.0,低风险,0.0,低风险,0.0,低风险
295.0,2-2,location2,0.378,高风险,0.252,中风险,0.492,高风险,0.516,高风险,0.399,高风险,0.42,高风险
295.0,2-4,location2,0.176,中风险,0.071,低风险,0.298,中风险,0.374,高风险,0.231,中风险,0.248,中风险
296.0,2-2,location2,0.254,中风险,0.102,低风险,0.43,高风险,0.538,高风险,0.333,高风险,0.357,高风险
296.0,2-4,location2,0.0,低风险,0.0,低风险,0.0,低风险,0.0,低风险,0.0,低风险,0.0,低风险
297.0,2-1,location2,0.224,中风险,0.09,低风险,0.379,高风险,0.475,高风险,0.294,中风险,0.315,高风险
297.0,2-3,location2,0.0,低风险,0.0,低风险,0.0,低风险,0.0,低风险,0.0,低风险,0.0,低风险
297.0,2-4,location2,0.109,低风险,0.115,中风险,0.079,低风险,0.029,低风险,0.074,低风险,0.074,低风险
298.0,2-4,location2,0.234,中风险,0.197,中风险,0.242,中风险,0.201,中风险,0.206,中风险,0.213,中风险
299.0,2-2,location2,0.278,中风险,0.112,中风险,0.472,高风险,0.591,高风险,0.365,高风险,0.391,高风险
299.0,2-3,location2,0.0,低风险,0.0,低风险,0.0,低风险,0.0,低风险,0.0,低风险,0.0,低风险
299.0,2-4,location2,0.334,高风险,0.134,中风险,0.567,高风险,0.71,高风险,0.439,高风险,0.47,高风险
300.0,2-3,location2,0.274,中风险,0.178,中风险,0.362,高风险,0.386,高风险,0.293,中风险,0.309,中风险
300.0,2-4,location2,0.0,低风险,0.0,低风险,0.0,低风险,0.0,低风险,0.0,低风险,0.0,低风险
301.0,2-2,location2,0.37,高风险,0.256,中风险,0.463,高风险,0.51,高风险,0.393,高风险,0.409,高风险
301.0,2-4,location2,0.368,高风险,0.147,中风险,0.623,高风险,0.781,高风险,0.483,高风险,0.517,高风险
302.0,2-1,location2,0.27,中风险,0.165,中风险,0.373,高风险,0.41,高风险,0.299,中风险,0.316,高风险
302.0,2-2,location2,0.1,低风险,0.04,低风险,0.17,中风险,0.213,中风险,0.132,中风险,0.141,中风险
302.0,2-3,location2,0.331,高风险,0.211,中风险,0.436,高风险,0.547,高风险,0.384,高风险,0.398,高风险
302.0,2-4,location2,0.0,低风险,0.0,低风险,0.0,低风险,0.0,低风险,0.0,低风险,0.0,低风险
303.0,2-4,location2,0.286,中风险,0.115,中风险,0.486,高风险,0.608,高风险,0.376,高风险,0.403,高风险
304.0,2-2,location2,0.39,高风险,0.254,中风险,0.517,高风险,0.551,高风险,0.418,高风险,0.441,高风险
305.0,2-1,location2,0.328,高风险,0.196,中风险,0.453,高风险,0.568,高风险,0.389,高风险,0.406,高风险
305.0,2-2,location2,0.432,高风险,0.328,高风险,0.494,高风险,0.551,高风险,0.446,高风险,0.458,高风险
305.0,2-4,location2,0.302,中风险,0.159,中风险,0.451,高风险,0.566,高风险,0.372,高风险,0.392,高风险
306.0,2-1,location2,0.0,低风险,0.0,低风险,0.0,低风险,0.0,低风险,0.0,低风险,0.0,低风险
307.0,2-2,location2,0.452,高风险,0.306,中风险,0.566,高风险,0.712,高风险,0.513,高风险,0.528,高风险
307.0,2-3,location2,0.087,低风险,0.035,低风险,0.147,中风险,0.184,中风险,0.114,中风险,0.122,中风险
307.0,2-4,location2,0.0,低风险,0.0,低风险,0.0,低风险,0.0,低风险,0.0,低风险,0.0,低风险
308.0,2-1,location2,0.152,中风险,0.16,中风险,0.11,中风险,0.04,低风险,0.103,低风险,0.103,低风险
308.0,2-2,location2,0.151,中风险,0.06,低风险,0.256,中风险,0.32,高风险,0.198,中风险,0.212,中风险
308.0,2-4,location2,0.0,低风险,0.0,低风险,0.0,低风险,0.0,低风险,0.0,低风险,0.0,低风险
309.0,2-1,location2,0.0,低风险,0.0,低风险,0.0,低风险,0.0,低风险,0.0,低风险,0.0,低风险
309.0,2-2,location2,0.074,低风险,0.03,低风险,0.125,中风险,0.157,中风险,0.097,低风险,0.104,低风险
309.0,2-3,location2,0.148,中风险,0.156,中风险,0.108,低风险,0.039,低风险,0.101,低风险,0.101,低风险
309.0,2-4,location2,0.0,低风险,0.0,低风险,0.0,低风险,0.0,低风险,0.0,低风险,0.0,低风险
310.0,2-2,location2,0.244,中风险,0.098,低风险,0.413,高风险,0.518,高风险,0.32,高风险,0.343,高风险
310.0,2-4,location2,0.146,中风险,0.059,低风险,0.248,中风险,0.311,高风险,0.192,中风险,0.206,中风险
311.0,2-2,location2,0.0,低风险,0.0,低风险,0.0,低风险,0.0,低风险,0.0,低风险,0.0,低风险
311.0,2-3,location2,0.536,高风险,0.361,高风险,0.676,高风险,0.849,高风险,0.61,高风险,0.628,高风险
312.0,2-3,location2,0.0,低风险,0.0,低风险,0.0,低风险,0.0,低风险,0.0,低风险,0.0,低风险
312.0,2-4,location2,0.062,低风险,0.025,低风险,0.105,低风险,0.131,中风险,0.081,低风险,0.087,低风险
313.0,2-1,location2,0.371,高风险,0.265,中风险,0.443,高风险,0.558,高风险,0.413,高风险,0.422,高风险
314.0,2-1,location2,0.136,中风险,0.055,低风险,0.231,中风险,0.29,中风险,0.179,中风险,0.192,中风险
314.0,2-2,location2,0.626,高风险,0.529,高风险,0.617,高风险,0.779,高风险,0.644,高风险,0.641,高风险
314.0,2-3,location2,0.151,中风险,0.093,低风险,0.203,中风险,0.255,中风险,0.177,中风险,0.184,中风险
317.0,2-3,location2,0.188,中风险,0.076,低风险,0.32,高风险,0.4,高风险,0.247,中风险,0.265,中风险
317.0,2-4,location2,0.0,低风险,0.0,低风险,0.0,低风险,0.0,低风险,0.0,低风险,0.0,低风险
318.0,2-1,location2,0.767,高风险,0.543,高风险,0.951,高风险,0.957,高风险,0.779,高风险,0.817,高风险
318.0,2-3,location2,0.27,中风险,0.108,低风险,0.457,高风险,0.573,高风险,0.354,高风险,0.379,高风险
318.0,2-4,location2,0.269,中风险,0.284,中风险,0.196,中风险,0.071,低风险,0.183,中风险,0.183,中风险
319.0,2-3,location2,0.208,中风险,0.219,中风险,0.151,中风险,0.055,低风险,0.142,中风险,0.142,中风险
320.0,2-1,location2,0.163,中风险,0.076,低风险,0.258,中风险,0.323,高风险,0.206,中风险,0.219,中风险
321.0,2-4,location2,0.115,中风险,0.046,低风险,0.196,中风险,0.245,中风险,0.152,中风险,0.162,中风险
322.0,2-3,location2,0.338,高风险,0.201,中风险,0.475,高风险,0.531,高风险,0.38,高风险,0.402,高风险
322.0,2-4,location2,0.095,低风险,0.038,低风险,0.162,中风险,0.202,中风险,0.125,中风险,0.134,中风险
323.0,2-1,location2,0.0,低风险,0.0,低风险,0.0,低风险,0.0,低风险,0.0,低风险,0.0,低风险
323.0,2-2,location2,0.216,中风险,0.086,低风险,0.366,高风险,0.458,高风险,0.283,中风险,0.303,中风险
324.0,2-3,location2,0.365,高风险,0.241,中风险,0.477,高风险,0.504,高风险,0.387,高风险,0.407,高风险
324.0,2-4,location2,0.0,低风险,0.0,低风险,0.0,低风险,0.0,低风险,0.0,低风险,0.0,低风险
325.0,2-4,location2,0.054,低风险,0.022,低风险,0.092,低风险,0.116,中风险,0.071,低风险,0.077,低风险
326.0,2-2,location2,0.0,低风险,0.0,低风险,0.0,低风险,0.0,低风险,0.0,低风险,0.0,低风险
326.0,2-3,location2,0.603,高风险,0.519,高风险,0.578,高风险,0.73,高风险,0.614,高风险,0.609,高风险
326.0,2-4,location2,0.0,低风险,0.0,低风险,0.0,低风险,0.0,低风险,0.0,低风险,0.0,低风险
327.0,2-2,location2,0.0,低风险,0.0,低风险,0.0,低风险,0.0,低风险,0.0,低风险,0.0,低风险
327.0,2-3,location2,0.441,高风险,0.285,中风险,0.574,高风险,0.721,高风险,0.51,高风险,0.527,高风险
327.0,2-4,location2,0.0,低风险,0.0,低风险,0.0,低风险,0.0,低风险,0.0,低风险,0.0,低风险
328.0,2-2,location2,0.0,低风险,0.0,低风险,0.0,低风险,0.0,低风险,0.0,低风险,0.0,低风险
329.0,2-2,location2,0.219,中风险,0.088,低风险,0.371,高风险,0.465,高风险,0.287,中风险,0.308,中风险
329.0,2-3,location2,0.028,低风险,0.011,低风险,0.047,低风险,0.059,低风险,0.037,低风险,0.039,低风险
329.0,2-4,location2,0.185,中风险,0.074,低风险,0.313,高风险,0.392,高风险,0.243,中风险,0.26,中风险
330.0,2-1,location2,0.0,低风险,0.0,低风险,0.0,低风险,0.0,低风险,0.0,低风险,0.0,低风险
330.0,2-2,location2,0.0,低风险,0.0,低风险,0.0,低风险,0.0,低风险,0.0,低风险,0.0,低风险
330.0,2-4,location2,0.305,中风险,0.228,中风险,0.361,高风险,0.348,高风险,0.299,中风险,0.312,高风险
331.0,2-4,location2,0.0,低风险,0.0,低风险,0.0,低风险,0.0,低风险,0.0,低风险,0.0,低风险
332.0,2-1,location2,0.0,低风险,0.0,低风险,0.0,低风险,0.0,低风险,0.0,低风险,0.0,低风险
332.0,2-2,location2,0.0,低风险,0.0,低风险,0.0,低风险,0.0,低风险,0.0,低风险,0.0,低风险
333.0,2-2,location2,0.196,中风险,0.079,低风险,0.333,高风险,0.417,高风险,0.258,中风险,0.276,中风险
334.0,2-2,location2,0.208,中风险,0.083,低风险,0.352,高风险,0.441,高风险,0.273,中风险,0.292,中风险
334.0,2-3,location2,0.036,低风险,0.014,低风险,0.061,低风险,0.076,低风险,0.047,低风险,0.05,低风险
334.0,2-4,location2,0.402,高风险,0.281,中风险,0.491,高风险,0.617,高风险,0.452,高风险,0.463,高风险
335.0,2-1,location2,0.089,低风险,0.036,低风险,0.151,中风险,0.189,中风险,0.117,中风险,0.125,中风险
335.0,2-2,location2,0.067,低风险,0.07,低风险,0.048,低风险,0.017,低风险,0.045,低风险,0.045,低风险
335.0,2-3,location2,0.0,低风险,0.0,低风险,0.0,低风险,0.0,低风险,0.0,低风险,0.0,低风险
336.0,2-4,location2,0.12,中风险,0.066,低风险,0.173,中风险,0.218,中风险,0.145,中风险,0.152,中风险
337.0,2-2,location2,0.578,高风险,0.495,高风险,0.578,高风险,0.55,高风险,0.531,高风险,0.541,高风险
337.0,2-3,location2,0.085,低风险,0.052,低风险,0.116,中风险,0.145,中风险,0.1,低风险,0.104,低风险
337.0,2-4,location2,0.13,中风险,0.137,中风险,0.095,低风险,0.034,低风险,0.089,低风险,0.089,低风险
338.0,2-2,location2,0.124,中风险,0.05,低风险,0.21,中风险,0.263,中风险,0.163,中风险,0.174,中风险
338.0,2-3,location2,0.243,中风险,0.132,中风险,0.358,高风险,0.449,高风险,0.297,中风险,0.313,高风险
338.0,2-4,location2,0.0,低风险,0.0,低风险,0.0,低风险,0.0,低风险,0.0,低风险,0.0,低风险
339.0,2-4,location2,0.0,低风险,0.0,低风险,0.0,低风险,0.0,低风险,0.0,低风险,0.0,低风险
340.0,2-1,location2,0.212,中风险,0.085,低风险,0.36,高风险,0.45,高风险,0.278,中风险,0.298,中风险
340.0,2-3,location2,0.207,中风险,0.098,低风险,0.327,高风险,0.394,高风险,0.256,中风险,0.273,中风险
341.0,2-3,location2,0.339,高风险,0.211,中风险,0.453,高风险,0.569,高风险,0.396,高风险,0.411,高风险
341.0,2-4,location2,0.199,中风险,0.08,低风险,0.338,高风险,0.423,高风险,0.261,中风险,0.28,中风险
342.0,2-1,location2,0.268,中风险,0.183,中风险,0.343,高风险,0.355,高风险,0.279,中风险,0.293,中风险
342.0,2-2,location2,0.046,低风险,0.048,低风险,0.033,低风险,0.012,低风险,0.031,低风险,0.031,低风险
342.0,2-3,location2,0.272,中风险,0.174,中风险,0.364,高风险,0.391,高风险,0.293,中风险,0.31,中风险
342.0,2-4,location2,0.214,中风险,0.086,低风险,0.363,高风险,0.455,高风险,0.281,中风险,0.302,中风险
343.0,2-1,location2,0.074,低风险,0.03,低风险,0.126,中风险,0.158,中风险,0.098,低风险,0.105,低风险
343.0,2-4,location2,0.0,低风险,0.0,低风险,0.0,低风险,0.0,低风险,0.0,低风险,0.0,低风险
344.0,2-1,location2,0.0,低风险,0.0,低风险,0.0,低风险,0.0,低风险,0.0,低风险,0.0,低风险
344.0,2-2,location2,0.246,中风险,0.185,中风险,0.289,中风险,0.276,中风险,0.239,中风险,0.25,中风险
344.0,2-3,location2,0.225,中风险,0.104,低风险,0.359,高风险,0.449,高风险,0.286,中风险,0.304,中风险
344.0,2-4,location2,0.135,中风险,0.054,低风险,0.229,中风险,0.287,中风险,0.177,中风险,0.19,中风险
346.0,2-2,location2,0.139,中风险,0.056,低风险,0.236,中风险,0.295,中风险,0.182,中风险,0.195,中风险
346.0,2-3,location2,0.372,高风险,0.26,中风险,0.455,高风险,0.572,高风险,0.418,高风险,0.429,高风险
347.0,2-3,location2,0.052,低风险,0.055,低风险,0.038,低风险,0.014,低风险,0.035,低风险,0.035,低风险
347.0,2-4,location2,0.0,低风险,0.0,低风险,0.0,低风险,0.0,低风险,0.0,低风险,0.0,低风险
348.0,2-3,location2,0.237,中风险,0.134,中风险,0.34,高风险,0.426,高风险,0.286,中风险,0.3,中风险
348.0,2-4,location2,0.108,低风险,0.043,低风险,0.183,中风险,0.229,中风险,0.142,中风险,0.152,中风险
349.0,2-4,location2,0.0,低风险,0.0,低风险,0.0,低风险,0.0,低风险,0.0,低风险,0.0,低风险
350.0,2-3,location2,0.143,中风险,0.057,低风险,0.242,中风险,0.303,中风险,0.188,中风险,0.201,中风险
350.0,2-4,location2,0.106,低风险,0.043,低风险,0.18,中风险,0.226,中风险,0.14,中风险,0.15,中风险
351.0,2-2,location2,0.0,低风险,0.0,低风险,0.0,低风险,0.0,低风险,0.0,低风险,0.0,低风险
351.0,2-3,location2,0.064,低风险,0.026,低风险,0.108,低风险,0.135,中风险,0.084,低风险,0.09,低风险
352.0,2-2,location2,0.0,低风险,0.0,低风险,0.0,低风险,0.0,低风险,0.0,低风险,0.0,低风险
352.0,2-4,location2,0.0,低风险,0.0,低风险,0.0,低风险,0.0,低风险,0.0,低风险,0.0,低风险
353.0,2-1,location2,0.015,低风险,0.016,低风险,0.011,低风险,0.004,低风险,0.01,低风险,0.01,低风险
353.0,2-4,location2,0.0,低风险,0.0,低风险,0.0,低风险,0.0,低风险,0.0,低风险,0.0,低风险
354.0,2-2,location2,0.147,中风险,0.059,低风险,0.25,中风险,0.313,高风险,0.193,中风险,0.207,中风险
354.0,2-3,location2,0.144,中风险,0.067,低风险,0.229,中风险,0.287,中风险,0.183,中风险,0.194,中风险
355.0,2-3,location2,0.011,低风险,0.011,低风险,0.008,低风险,0.003,低风险,0.007,低风险,0.007,低风险
356.0,2-1,location2,0.0,低风险,0.0,低风险,0.0,低风险,0.0,低风险,0.0,低风险,0.0,低风险
356.0,2-2,location2,0.0,低风险,0.0,低风险,0.0,低风险,0.0,低风险,0.0,低风险,0.0,低风险
356.0,2-3,location2,0.0,低风险,0.0,低风险,0.0,低风险,0.0,低风险,0.0,低风险,0.0,低风险
356.0,2-4,location2,0.257,中风险,0.119,中风险,0.411,高风险,0.498,高风险,0.321,高风险,0.343,高风险
357.0,2-2,location2,0.501,高风险,0.381,高风险,0.572,高风险,0.63,高风险,0.513,高风险,0.528,高风险
359.0,2-3,location2,0.085,低风险,0.034,低风险,0.144,中风险,0.181,中风险,0.112,中风险,0.12,中风险
359.0,2-4,location2,0.0,低风险,0.0,低风险,0.0,低风险,0.0,低风险,0.0,低风险,0.0,低风险
360.0,2-1,location2,0.14,中风险,0.056,低风险,0.237,中风险,0.297,中风险,0.184,中风险,0.197,中风险
360.0,2-3,location2,0.0,低风险,0.0,低风险,0.0,低风险,0.0,低风险,0.0,低风险,0.0,低风险
361.0,2-1,location2,0.229,中风险,0.133,中风险,0.327,高风险,0.368,高风险,0.26,中风险,0.276,中风险
361.0,2-3,location2,0.123,中风险,0.049,低风险,0.208,中风险,0.26,中风险,0.161,中风险,0.172,中风险
361.0,2-4,location2,0.236,中风险,0.116,中风险,0.366,高风险,0.458,高风险,0.296,中风险,0.313,高风险
362.0,2-1,location2,0.263,中风险,0.106,低风险,0.447,高风险,0.559,高风险,0.346,高风险,0.371,高风险
362.0,2-2,location2,0.0,低风险,0.0,低风险,0.0,低风险,0.0,低风险,0.0,低风险,0.0,低风险
362.0,2-4,location2,0.0,低风险,0.0,低风险,0.0,低风险,0.0,低风险,0.0,低风险,0.0,低风险
363.0,2-1,location2,0.0,低风险,0.0,低风险,0.0,低风险,0.0,低风险,0.0,低风险,0.0,低风险
363.0,2-3,location2,0.111,中风险,0.117,中风险,0.081,低风险,0.029,低风险,0.076,低风险,0.076,低风险
364.0,2-2,location2,0.314,高风险,0.211,中风险,0.395,高风险,0.497,高风险,0.357,高风险,0.368,高风险
364.0,2-3,location2,0.086,低风险,0.043,低风险,0.132,中风险,0.166,中风险,0.107,低风险,0.114,中风险
364.0,2-4,location2,0.045,低风险,0.018,低风险,0.076,低风险,0.095,低风险,0.059,低风险,0.063,低风险
365.0,2-3,location2,0.132,中风险,0.053,低风险,0.223,中风险,0.279,中风险,0.173,中风险,0.185,中风险
365.0,2-4,location2,0.0,低风险,0.0,低风险,0.0,低风险,0.0,低风险,0.0,低风险,0.0,低风险
366.0,2-1,location2,0.228,中风险,0.102,低风险,0.369,高风险,0.462,高风险,0.292,中风险,0.311,高风险
366.0,2-4,location2,0.0,低风险,0.0,低风险,0.0,低风险,0.0,低风险,0.0,低风险,0.0,低风险
367.0,2-1,location2,0.236,中风险,0.152,中风险,0.308,中风险,0.387,高风险,0.273,中风险,0.283,中风险
367.0,2-3,location2,0.274,中风险,0.162,中风险,0.381,高风险,0.478,高风险,0.326,高风险,0.34,高风险
368.0,2-1,location2,0.238,中风险,0.095,低风险,0.404,高风险,0.505,高风险,0.313,高风险,0.335,高风险
368.0,2-3,location2,0.074,低风险,0.03,低风险,0.125,中风险,0.157,中风险,0.097,低风险,0.104,低风险
368.0,2-4,location2,0.0,低风险,0.0,低风险,0.0,低风险,0.0,低风险,0.0,低风险,0.0,低风险
369.0,2-1,location2,0.041,低风险,0.017,低风险,0.07,低风险,0.088,低风险,0.054,低风险,0.058,低风险
369.0,2-3,location2,0.0,低风险,0.0,低风险,0.0,低风险,0.0,低风险,0.0,低风险,0.0,低风险
370.0,2-2,location2,0.051,低风险,0.054,低风险,0.037,低风险,0.013,低风险,0.035,低风险,0.035,低风险
370.0,2-3,location2,0.0,低风险,0.0,低风险,0.0,低风险,0.0,低风险,0.0,低风险,0.0,低风险
370.0,2-4,location2,0.234,中风险,0.094,低风险,0.396,高风险,0.496,高风险,0.307,中风险,0.329,高风险
371.0,2-1,location2,0.423,高风险,0.291,中风险,0.524,高风险,0.659,高风险,0.478,高风险,0.491,高风险
371.0,2-3,location2,0.0,低风险,0.0,低风险,0.0,低风险,0.0,低风险,0.0,低风险,0.0,低风险
371.0,2-4,location2,0.173,中风险,0.069,低风险,0.293,中风险,0.367,高风险,0.227,中风险,0.243,中风险
372.0,2-1,location2,0.364,高风险,0.246,中风险,0.457,高风险,0.575,高风险,0.414,高风险,0.426,高风险
372.0,2-4,location2,0.0,低风险,0.0,低风险,0.0,低风险,0.0,低风险,0.0,低风险,0.0,低风险
373.0,2-1,location2,0.157,中风险,0.063,低风险,0.265,中风险,0.332,高风险,0.205,中风险,0.22,中风险
373.0,2-2,location2,0.237,中风险,0.095,低风险,0.401,高风险,0.503,高风险,0.311,高风险,0.333,高风险
373.0,2-4,location2,0.0,低风险,0.0,低风险,0.0,低风险,0.0,低风险,0.0,低风险,0.0,低风险
374.0,2-1,location2,0.104,低风险,0.054,低风险,0.156,中风险,0.195,中风险,0.128,中风险,0.135,中风险
374.0,2-2,location2,0.0,低风险,0.0,低风险,0.0,低风险,0.0,低风险,0.0,低风险,0.0,低风险
374.0,2-3,location2,0.015,低风险,0.016,低风险,0.011,低风险,0.004,低风险,0.01,低风险,0.01,低风险
375.0,2-1,location2,0.213,中风险,0.108,低风险,0.325,高风险,0.408,高风险,0.265,中风险,0.28,中风险
375.0,2-2,location2,0.239,中风险,0.141,中风险,0.333,高风险,0.418,高风险,0.285,中风险,0.298,中风险
375.0,2-3,location2,0.0,低风险,0.0,低风险,0.0,低风险,0.0,低风险,0.0,低风险,0.0,低风险
375.0,2-4,location2,0.214,中风险,0.145,中风险,0.274,中风险,0.285,中风险,0.223,中风险,0.235,中风险
376.0,2-1,location2,0.427,高风险,0.33,高风险,0.487,高风险,0.453,高风险,0.406,高风险,0.423,高风险
376.0,2-2,location2,0.0,低风险,0.0,低风险,0.0,低风险,0.0,低风险,0.0,低风险,0.0,低风险
376.0,2-4,location2,0.0,低风险,0.0,低风险,0.0,低风险,0.0,低风险,0.0,低风险,0.0,低风险
377.0,2-4,location2,0.289,中风险,0.189,中风险,0.373,高风险,0.469,高风险,0.333,高风险,0.344,高风险
378.0,2-1,location2,0.156,中风险,0.062,低风险,0.264,中风险,0.331,高风险,0.204,中风险,0.219,中风险
378.0,2-2,location2,0.0,低风险,0.0,低风险,0.0,低风险,0.0,低风险,0.0,低风险,0.0,低风险
378.0,2-3,location2,0.0,低风险,0.0,低风险,0.0,低风险,0.0,低风险,0.0,低风险,0.0,低风险
379.0,2-1,location2,0.273,中风险,0.114,中风险,0.454,高风险,0.569,高风险,0.355,高风险,0.379,高风险
379.0,2-2,location2,0.0,低风险,0.0,低风险,0.0,低风险,0.0,低风险,0.0,低风险,0.0,低风险
379.0,2-3,location2,0.0,低风险,0.0,低风险,0.0,低风险,0.0,低风险,0.0,低风险,0.0,低风险
379.0,2-4,location2,0.0,低风险,0.0,低风险,0.0,低风险,0.0,低风险,0.0,低风险,0.0,低风险
380.0,2-1,location2,0.134,中风险,0.141,中风险,0.097,低风险,0.035,低风险,0.091,低风险,0.091,低风险
380.0,2-2,location2,0.0,低风险,0.0,低风险,0.0,低风险,0.0,低风险,0.0,低风险,0.0,低风险
380.0,2-4,location2,0.102,低风险,0.041,低风险,0.172,中风险,0.216,中风险,0.134,中风险,0.143,中风险
381.0,2-3,location2,0.217,中风险,0.228,中风险,0.157,中风险,0.057,低风险,0.147,中风险,0.148,中风险
381.0,2-4,location2,0.0,低风险,0.0,低风险,0.0,低风险,0.0,低风险,0.0,低风险,0.0,低风险
382.0,2-2,location2,0.205,中风险,0.215,中风险,0.148,中风险,0.054,低风险,0.139,中风险,0.139,中风险
382.0,2-3,location2,0.064,低风险,0.067,低风险,0.046,低风险,0.017,低风险,0.043,低风险,0.043,低风险
382.0,2-4,location2,0.0,低风险,0.0,低风险,0.0,低风险,0.0,低风险,0.0,低风险,0.0,低风险
383.0,2-4,location2,0.185,中风险,0.089,低风险,0.289,中风险,0.362,高风险,0.233,中风险,0.247,中风险
384.0,2-2,location2,0.129,中风险,0.052,低风险,0.218,中风险,0.274,中风险,0.169,中风险,0.181,中风险
384.0,2-3,location2,0.257,中风险,0.112,中风险,0.421,高风险,0.528,高风险,0.331,高风险,0.354,高风险
384.0,2-4,location2,0.069,低风险,0.028,低风险,0.118,中风险,0.147,中风险,0.091,低风险,0.098,低风险
385.0,2-1,location2,0.384,高风险,0.31,高风险,0.401,高风险,0.506,高风险,0.404,高风险,0.406,高风险
385.0,2-3,location2,0.59,高风险,0.444,高风险,0.67,高风险,0.843,高风险,0.643,高风险,0.652,高风险
385.0,2-4,location2,0.045,低风险,0.018,低风险,0.076,低风险,0.095,低风险,0.059,低风险,0.063,低风险
386.0,2-2,location2,0.398,高风险,0.376,高风险,0.329,高风险,0.417,高风险,0.385,高风险,0.374,高风险
386.0,2-3,location2,0.15,中风险,0.081,低风险,0.222,中风险,0.278,中风险,0.184,中风险,0.194,中风险
386.0,2-4,location2,0.236,中风险,0.095,低风险,0.4,高风险,0.501,高风险,0.31,中风险,0.332,高风险
387.0,2-1,location2,0.0,低风险,0.0,低风险,0.0,低风险,0.0,低风险,0.0,低风险,0.0,低风险
387.0,2-2,location2,0.131,中风险,0.057,低风险,0.214,中风险,0.268,中风险,0.169,中风险,0.18,中风险
388.0,2-3,location2,0.269,中风险,0.108,低风险,0.456,高风险,0.571,高风险,0.353,高风险,0.378,高风险
388.0,2-4,location2,0.317,高风险,0.187,中风险,0.443,高风险,0.556,高风险,0.378,高风险,0.395,高风险
389.0,2-3,location2,0.129,中风险,0.068,低风险,0.193,中风险,0.242,中风险,0.159,中风险,0.167,中风险
390.0,2-2,location2,0.133,中风险,0.053,低风险,0.225,中风险,0.282,中风险,0.174,中风险,0.187,中风险
390.0,2-3,location2,0.0,低风险,0.0,低风险,0.0,低风险,0.0,低风险,0.0,低风险,0.0,低风险
390.0,2-4,location2,0.0,低风险,0.0,低风险,0.0,低风险,0.0,低风险,0.0,低风险,0.0,低风险
391.0,2-2,location2,0.188,中风险,0.091,低风险,0.295,中风险,0.355,高风险,0.232,中风险,0.247,中风险
391.0,2-3,location2,0.116,中风险,0.047,低风险,0.197,中风险,0.247,中风险,0.153,中风险,0.163,中风险
391.0,2-4,location2,0.126,中风险,0.051,低风险,0.214,中风险,0.268,中风险,0.166,中风险,0.177,中风险
392.0,2-1,location2,0.0,低风险,0.0,低风险,0.0,低风险,0.0,低风险,0.0,低风险,0.0,低风险
392.0,2-2,location2,0.118,中风险,0.047,低风险,0.199,中风险,0.25,中风险,0.154,中风险,0.165,中风险
392.0,2-4,location2,0.242,中风险,0.097,低风险,0.411,高风险,0.514,高风险,0.318,高风险,0.341,高风险
393.0,2-2,location2,0.0,低风险,0.0,低风险,0.0,低风险,0.0,低风险,0.0,低风险,0.0,低风险
394.0,2-1,location2,0.125,中风险,0.05,低风险,0.212,中风险,0.266,中风险,0.164,中风险,0.176,中风险
394.0,2-3,location2,0.022,低风险,0.023,低风险,0.016,低风险,0.006,低风险,0.015,低风险,0.015,低风险
394.0,2-4,location2,0.218,中风险,0.23,中风险,0.158,中风险,0.057,低风险,0.148,中风险,0.148,中风险
395.0,2-1,location2,0.108,低风险,0.114,中风险,0.078,低风险,0.028,低风险,0.073,低风险,0.073,低风险
395.0,2-2,location2,0.0,低风险,0.0,低风险,0.0,低风险,0.0,低风险,0.0,低风险,0.0,低风险
395.0,2-4,location2,0.099,低风险,0.04,低风险,0.168,中风险,0.21,中风险,0.13,中风险,0.139,中风险
396.0,2-1,location2,0.456,高风险,0.371,高风险,0.492,高风险,0.429,高风险,0.415,高风险,0.431,高风险
397.0,2-2,location2,0.0,低风险,0.0,低风险,0.0,低风险,0.0,低风险,0.0,低风险,0.0,低风险
397.0,2-4,location2,0.18,中风险,0.072,低风险,0.305,中风险,0.383,高风险,0.237,中风险,0.253,中风险
398.0,2-1,location2,0.35,高风险,0.185,中风险,0.521,高风险,0.654,高风险,0.43,高风险,0.453,高风险
399.0,2-2,location2,0.258,中风险,0.13,中风险,0.399,高风险,0.474,高风险,0.314,高风险,0.334,高风险
399.0,2-4,location2,0.14,中风险,0.056,低风险,0.237,中风险,0.297,中风险,0.184,中风险,0.197,中风险
401.0,2-1,location2,0.262,中风险,0.105,低风险,0.444,高风险,0.556,高风险,0.344,高风险,0.368,高风险
401.0,2-2,location2,0.33,高风险,0.214,中风险,0.439,高风险,0.479,高风险,0.358,高风险,0.377,高风险
401.0,2-4,location2,0.0,低风险,0.0,低风险,0.0,低风险,0.0,低风险,0.0,低风险,0.0,低风险
402.0,2-1,location2,0.167,中风险,0.067,低风险,0.283,中风险,0.355,高风险,0.219,中风险,0.235,中风险
402.0,2-4,location2,0.0,低风险,0.0,低风险,0.0,低风险,0.0,低风险,0.0,低风险,0.0,低风险
403.0,2-3,location2,0.0,低风险,0.0,低风险,0.0,低风险,0.0,低风险,0.0,低风险,0.0,低风险
405.0,2-1,location2,0.118,中风险,0.047,低风险,0.199,中风险,0.25,中风险,0.154,中风险,0.165,中风险
406.0,2-2,location2,0.234,中风险,0.125,中风险,0.347,高风险,0.435,高风险,0.288,中风险,0.303,中风险
406.0,2-4,location2,0.0,低风险,0.0,低风险,0.0,低风险,0.0,低风险,0.0,低风险,0.0,低风险
407.0,2-4,location2,0.063,低风险,0.025,低风险,0.106,低风险,0.133,中风险,0.082,低风险,0.088,低风险
408.0,2-1,location2,0.027,低风险,0.011,低风险,0.046,低风险,0.058,低风险,0.036,低风险,0.038,低风险
408.0,2-2,location2,0.352,高风险,0.272,中风险,0.387,高风险,0.488,高风险,0.378,高风险,0.382,高风险
408.0,2-3,location2,0.0,低风险,0.0,低风险,0.0,低风险,0.0,低风险,0.0,低风险,0.0,低风险
408.0,2-4,location2,0.161,中风险,0.065,低风险,0.273,中风险,0.342,高风险,0.211,中风险,0.226,中风险
409.0,2-4,location2,0.151,中风险,0.061,低风险,0.257,中风险,0.322,高风险,0.199,中风险,0.213,中风险
410.0,2-4,location2,0.009,低风险,0.009,低风险,0.006,低风险,0.002,低风险,0.006,低风险,0.006,低风险
411.0,2-3,location2,0.086,低风险,0.044,低风险,0.131,中风险,0.164,中风险,0.107,低风险,0.113,中风险
411.0,2-4,location2,0.147,中风险,0.059,低风险,0.248,中风险,0.311,高风险,0.192,中风险,0.206,中风险
412.0,2-1,location2,0.251,中风险,0.101,低风险,0.426,高风险,0.533,高风险,0.33,高风险,0.353,高风险
412.0,2-4,location2,0.166,中风险,0.067,低风险,0.282,中风险,0.353,高风险,0.218,中风险,0.234,中风险
413.0,2-1,location2,0.127,中风险,0.055,低风险,0.21,中风险,0.263,中风险,0.165,中风险,0.176,中风险
413.0,2-4,location2,0.245,中风险,0.252,中风险,0.188,中风险,0.082,低风险,0.173,中风险,0.174,中风险
414.0,2-1,location2,0.04,低风险,0.042,低风险,0.029,低风险,0.01,低风险,0.027,低风险,0.027,低风险
415.0,2-1,location2,0.345,高风险,0.208,中风险,0.481,高风险,0.534,高风险,0.385,高风险,0.408,高风险
415.0,2-4,location2,0.0,低风险,0.0,低风险,0.0,低风险,0.0,低风险,0.0,低风险,0.0,低风险
416.0,2-1,location2,0.225,中风险,0.09,低风险,0.382,高风险,0.478,高风险,0.296,中风险,0.317,高风险
416.0,2-3,location2,0.0,低风险,0.0,低风险,0.0,低风险,0.0,低风险,0.0,低风险,0.0,低风险
417.0,2-1,location2,0.117,中风险,0.047,低风险,0.199,中风险,0.249,中风险,0.154,中风险,0.165,中风险
417.0,2-2,location2,0.243,中风险,0.097,低风险,0.412,高风险,0.516,高风险,0.319,高风险,0.342,高风险
417.0,2-3,location2,0.142,中风险,0.057,低风险,0.241,中风险,0.302,中风险,0.187,中风险,0.2,中风险
417.0,2-4,location2,0.072,低风险,0.029,低风险,0.121,中风险,0.152,中风险,0.094,低风险,0.101,低风险
418.0,2-2,location2,0.047,低风险,0.019,低风险,0.08,低风险,0.1,低风险,0.062,低风险,0.066,低风险
418.0,2-3,location2,0.0,低风险,0.0,低风险,0.0,低风险,0.0,低风险,0.0,低风险,0.0,低风险
418.0,2-4,location2,0.0,低风险,0.0,低风险,0.0,低风险,0.0,低风险,0.0,低风险,0.0,低风险
419.0,2-1,location2,0.283,中风险,0.187,中风险,0.362,高风险,0.454,高风险,0.324,高风险,0.334,高风险
419.0,2-2,location2,0.159,中风险,0.064,低风险,0.27,中风险,0.338,高风险,0.209,中风险,0.224,中风险
419.0,2-3,location2,0.0,低风险,0.0,低风险,0.0,低风险,0.0,低风险,0.0,低风险,0.0,低风险
419.0,2-4,location2,0.0,低风险,0.0,低风险,0.0,低风险,0.0,低风险,0.0,低风险,0.0,低风险
420.0,2-1,location2,0.221,中风险,0.088,低风险,0.374,高风险,0.469,高风险,0.29,中风险,0.31,高风险
420.0,2-2,location2,0.238,中风险,0.095,低风险,0.403,高风险,0.504,高风险,0.312,高风险,0.334,高风险
420.0,2-3,location2,0.0,低风险,0.0,低风险,0.0,低风险,0.0,低风险,0.0,低风险,0.0,低风险
420.0,2-4,location2,0.275,中风险,0.11,中风险,0.466,高风险,0.584,高风险,0.361,高风险,0.387,高风险
421.0,2-2,location2,0.149,中风险,0.06,低风险,0.253,中风险,0.317,高风险,0.196,中风险,0.21,中风险
421.0,2-3,location2,0.0,低风险,0.0,低风险,0.0,低风险,0.0,低风险,0.0,低风险,0.0,低风险
421.0,2-4,location2,0.0,低风险,0.0,低风险,0.0,低风险,0.0,低风险,0.0,低风险,0.0,低风险
422.0,2-1,location2,0.0,低风险,0.0,低风险,0.0,低风险,0.0,低风险,0.0,低风险,0.0,低风险
423.0,2-1,location2,0.313,高风险,0.278,中风险,0.304,中风险,0.23,中风险,0.263,中风险,0.271,中风险
423.0,2-2,location2,0.179,中风险,0.072,低风险,0.303,中风险,0.379,高风险,0.235,中风险,0.251,中风险
423.0,2-4,location2,0.201,中风险,0.08,低风险,0.34,高风险,0.426,高风险,0.263,中风险,0.282,中风险
424.0,2-2,location2,0.0,低风险,0.0,低风险,0.0,低风险,0.0,低风险,0.0,低风险,0.0,低风险
424.0,2-4,location2,0.191,中风险,0.087,低风险,0.307,中风险,0.374,高风险,0.24,中风险,0.256,中风险
425.0,2-3,location2,0.254,中风险,0.102,低风险,0.431,高风险,0.539,高风险,0.333,高风险,0.357,高风险
426.0,2-4,location2,0.22,中风险,0.159,中风险,0.259,中风险,0.326,高风险,0.243,中风险,0.248,中风险
427.0,2-1,location2,0.102,低风险,0.041,低风险,0.174,中风险,0.218,中风险,0.135,中风险,0.144,中风险
427.0,2-4,location2,0.055,低风险,0.022,低风险,0.094,低风险,0.118,中风险,0.073,低风险,0.078,低风险
428.0,2-1,location2,0.332,高风险,0.231,中风险,0.407,高风险,0.512,高风险,0.374,高风险,0.383,高风险
428.0,2-3,location2,0.0,低风险,0.0,低风险,0.0,低风险,0.0,低风险,0.0,低风险,0.0,低风险
429.0,2-1,location2,0.449,高风险,0.305,中风险,0.575,高风险,0.596,高风险,0.468,高风险,0.492,高风险
429.0,2-3,location2,0.0,低风险,0.0,低风险,0.0,低风险,0.0,低风险,0.0,低风险,0.0,低风险
429.0,2-4,location2,0.06,低风险,0.024,低风险,0.101,低风险,0.126,中风险,0.078,低风险,0.084,低风险
430.0,2-1,location2,0.087,低风险,0.035,低风险,0.147,中风险,0.184,中风险,0.114,中风险,0.122,中风险
431.0,2-3,location2,0.0,低风险,0.0,低风险,0.0,低风险,0.0,低风险,0.0,低风险,0.0,低风险
433.0,2-1,location2,0.375,高风险,0.248,中风险,0.48,高风险,0.604,高风险,0.43,高风险,0.444,高风险
433.0,2-3,location2,0.0,低风险,0.0,低风险,0.0,低风险,0.0,低风险,0.0,低风险,0.0,低风险
434.0,2-1,location2,0.0,低风险,0.0,低风险,0.0,低风险,0.0,低风险,0.0,低风险,0.0,低风险
435.0,2-1,location2,0.136,中风险,0.057,低风险,0.227,中风险,0.282,中风险,0.176,中风险,0.189,中风险
435.0,2-3,location2,0.0,低风险,0.0,低风险,0.0,低风险,0.0,低风险,0.0,低风险,0.0,低风险
437.0,2-3,location2,0.107,低风险,0.043,低风险,0.182,中风险,0.228,中风险,0.141,中风险,0.151,中风险
438.0,2-2,location2,0.18,中风险,0.072,低风险,0.305,中风险,0.382,高风险,0.236,中风险,0.253,中风险
438.0,2-3,location2,0.0,低风险,0.0,低风险,0.0,低风险,0.0,低风险,0.0,低风险,0.0,低风险
439.0,2-1,location2,0.0,低风险,0.0,低风险,0.0,低风险,0.0,低风险,0.0,低风险,0.0,低风险
440.0,2-1,location2,0.263,中风险,0.154,中风险,0.369,高风险,0.463,高风险,0.315,高风险,0.329,高风险
440.0,2-3,location2,0.0,低风险,0.0,低风险,0.0,低风险,0.0,低风险,0.0,低风险,0.0,低风险
441.0,2-3,location2,0.0,低风险,0.0,低风险,0.0,低风险,0.0,低风险,0.0,低风险,0.0,低风险
442.0,2-1,location2,0.106,低风险,0.052,低风险,0.165,中风险,0.206,中风险,0.133,中风险,0.141,中风险
442.0,2-2,location2,0.377,高风险,0.295,中风险,0.408,高风险,0.514,高风险,0.402,高风险,0.406,高风险
443.0,2-1,location2,0.207,中风险,0.083,低风险,0.351,高风险,0.439,高风险,0.272,中风险,0.291,中风险
443.0,2-2,location2,0.039,低风险,0.041,低风险,0.028,低风险,0.01,低风险,0.026,低风险,0.026,低风险
444.0,2-1,location2,0.157,中风险,0.063,低风险,0.266,中风险,0.334,高风险,0.206,中风险,0.221,中风险
444.0,2-2,location2,0.126,中风险,0.051,低风险,0.214,中风险,0.268,中风险,0.166,中风险,0.177,中风险
444.0,2-4,location2,0.0,低风险,0.0,低风险,0.0,低风险,0.0,低风险,0.0,低风险,0.0,低风险
445.0,2-2,location2,0.363,高风险,0.309,中风险,0.372,高风险,0.308,中风险,0.319,高风险,0.33,高风险
445.0,2-4,location2,0.142,中风险,0.093,低风险,0.182,中风险,0.229,中风险,0.163,中风险,0.168,中风险
446.0,2-3,location2,0.167,中风险,0.067,低风险,0.283,中风险,0.354,高风险,0.219,中风险,0.235,中风险
446.0,2-4,location2,0.003,低风险,0.003,低风险,0.002,低风险,0.001,低风险,0.002,低风险,0.002,低风险
447.0,2-2,location2,0.112,中风险,0.069,低风险,0.154,中风险,0.17,中风险,0.124,中风险,0.131,中风险
448.0,2-4,location2,0.0,低风险,0.0,低风险,0.0,低风险,0.0,低风险,0.0,低风险,0.0,低风险
449.0,2-1,location2,0.117,中风险,0.065,低风险,0.169,中风险,0.212,中风险,0.142,中风险,0.148,中风险
449.0,2-2,location2,0.238,中风险,0.099,低风险,0.4,高风险,0.497,高风险,0.31,高风险,0.332,高风险
450.0,2-2,location2,0.239,中风险,0.102,低风险,0.395,高风险,0.489,高风险,0.307,中风险,0.329,高风险
450.0,2-4,location2,0.0,低风险,0.0,低风险,0.0,低风险,0.0,低风险,0.0,低风险,0.0,低风险
451.0,2-2,location2,0.192,中风险,0.202,中风险,0.139,中风险,0.05,低风险,0.13,中风险,0.131,中风险
451.0,2-3,location2,0.0,低风险,0.0,低风险,0.0,低风险,0.0,低风险,0.0,低风险,0.0,低风险
451.0,2-4,location2,0.268,中风险,0.107,低风险,0.454,高风险,0.569,高风险,0.352,高风险,0.377,高风险
452.0,2-1,location2,0.0,低风险,0.0,低风险,0.0,低风险,0.0,低风险,0.0,低风险,0.0,低风险
452.0,2-2,location2,0.355,高风险,0.228,中风险,0.466,高风险,0.585,高风险,0.412,高风险,0.426,高风险
452.0,2-3,location2,0.0,低风险,0.0,低风险,0.0,低风险,0.0,低风险,0.0,低风险,0.0,低风险
453.0,2-4,location2,0.129,中风险,0.052,低风险,0.219,中风险,0.275,中风险,0.17,中风险,0.182,中风险
454.0,2-3,location2,0.283,中风险,0.213,中风险,0.332,高风险,0.317,高风险,0.275,中风险,0.287,中风险
455.0,2-1,location2,0.0,低风险,0.0,低风险,0.0,低风险,0.0,低风险,0.0,低风险,0.0,低风险
456.0,2-2,location2,0.454,高风险,0.307,中风险,0.568,高风险,0.714,高风险,0.515,高风险,0.53,高风险
456.0,2-4,location2,0.313,高风险,0.125,中风险,0.53,高风险,0.664,高风险,0.41,高风险,0.44,高风险
457.0,2-2,location2,0.183,中风险,0.073,低风险,0.31,高风险,0.388,高风险,0.24,中风险,0.257,中风险
457.0,2-4,location2,0.233,中风险,0.093,低风险,0.394,高风险,0.494,高风险,0.305,中风险,0.327,高风险
458.0,2-1,location2,0.107,低风险,0.113,中风险,0.078,低风险,0.028,低风险,0.073,低风险,0.073,低风险
458.0,2-4,location2,0.074,低风险,0.03,低风险,0.125,中风险,0.157,中风险,0.097,低风险,0.104,低风险
459.0,2-4,location2,0.0,低风险,0.0,低风险,0.0,低风险,0.0,低风险,0.0,低风险,0.0,低风险
460.0,2-1,location2,0.0,低风险,0.0,低风险,0.0,低风险,0.0,低风险,0.0,低风险,0.0,低风险
460.0,2-2,location2,0.0,低风险,0.0,低风险,0.0,低风险,0.0,低风险,0.0,低风险,0.0,低风险
461.0,2-2,location2,0.189,中风险,0.103,低风险,0.277,中风险,0.348,高风险,0.231,中风险,0.243,中风险
461.0,2-4,location2,0.049,低风险,0.02,低风险,0.083,低风险,0.103,低风险,0.064,低风险,0.068,低风险
462.0,2-2,location2,0.158,中风险,0.166,中风险,0.115,中风险,0.041,低风险,0.107,低风险,0.107,低风险
462.0,2-4,location2,0.0,低风险,0.0,低风险,0.0,低风险,0.0,低风险,0.0,低风险,0.0,低风险
463.0,2-1,location2,0.303,中风险,0.177,中风险,0.425,高风险,0.533,高风险,0.362,高风险,0.378,高风险
463.0,2-2,location2,0.217,中风险,0.087,低风险,0.367,高风险,0.46,高风险,0.284,中风险,0.305,中风险
463.0,2-3,location2,0.003,低风险,0.003,低风险,0.002,低风险,0.001,低风险,0.002,低风险,0.002,低风险
463.0,2-4,location2,0.0,低风险,0.0,低风险,0.0,低风险,0.0,低风险,0.0,低风险,0.0,低风险
464.0,2-2,location2,0.196,中风险,0.207,中风险,0.142,中风险,0.051,低风险,0.133,中风险,0.134,中风险
464.0,2-4,location2,0.0,低风险,0.0,低风险,0.0,低风险,0.0,低风险,0.0,低风险,0.0,低风险
465.0,2-2,location2,0.0,低风险,0.0,低风险,0.0,低风险,0.0,低风险,0.0,低风险,0.0,低风险
465.0,2-3,location2,0.275,中风险,0.112,中风险,0.463,高风险,0.58,高风险,0.36,高风险,0.385,高风险
465.0,2-4,location2,0.0,低风险,0.0,低风险,0.0,低风险,0.0,低风险,0.0,低风险,0.0,低风险
466.0,2-3,location2,0.043,低风险,0.046,低风险,0.032,低风险,0.011,低风险,0.03,低风险,0.03,低风险
466.0,2-4,location2,0.087,低风险,0.035,低风险,0.148,中风险,0.186,中风险,0.115,中风险,0.123,中风险
467.0,2-1,location2,0.0,低风险,0.0,低风险,0.0,低风险,0.0,低风险,0.0,低风险,0.0,低风险
467.0,2-2,location2,0.318,高风险,0.335,高风险,0.231,中风险,0.083,低风险,0.216,中风险,0.216,中风险
468.0,2-1,location2,0.0,低风险,0.0,低风险,0.0,低风险,0.0,低风险,0.0,低风险,0.0,低风险
468.0,2-3,location2,0.0,低风险,0.0,低风险,0.0,低风险,0.0,低风险,0.0,低风险,0.0,低风险
468.0,2-4,location2,0.0,低风险,0.0,低风险,0.0,低风险,0.0,低风险,0.0,低风险,0.0,低风险
469.0,2-1,location2,0.213,中风险,0.085,低风险,0.361,高风险,0.453,高风险,0.28,中风险,0.3,中风险
469.0,2-4,location2,0.0,低风险,0.0,低风险,0.0,低风险,0.0,低风险,0.0,低风险,0.0,低风险
470.0,2-1,location2,0.05,低风险,0.02,低风险,0.085,低风险,0.106,低风险,0.066,低风险,0.07,低风险
470.0,2-3,location2,0.235,中风险,0.145,中风险,0.319,高风险,0.4,高风险,0.277,中风险,0.288,中风险
470.0,2-4,location2,0.0,低风险,0.0,低风险,0.0,低风险,0.0,低风险,0.0,低风险,0.0,低风险
471.0,2-1,location2,0.123,中风险,0.049,低风险,0.209,中风险,0.262,中风险,0.162,中风险,0.173,中风险
471.0,2-2,location2,0.25,中风险,0.1,低风险,0.424,高风险,0.531,高风险,0.328,高风险,0.352,高风险
471.0,2-4,location2,0.0,低风险,0.0,低风险,0.0,低风险,0.0,低风险,0.0,低风险,0.0,低风险
472.0,2-3,location2,0.0,低风险,0.0,低风险,0.0,低风险,0.0,低风险,0.0,低风险,0.0,低风险
473.0,2-1,location2,0.152,中风险,0.061,低风险,0.258,中风险,0.323,高风险,0.2,中风险,0.214,中风险
473.0,2-2,location2,0.117,中风险,0.076,低风险,0.156,中风险,0.167,中风险,0.126,中风险,0.133,中风险
474.0,2-1,location2,0.001,低风险,0.001,低风险,0.0,低风险,0.0,低风险,0.0,低风险,0.0,低风险
474.0,2-3,location2,0.0,低风险,0.0,低风险,0.0,低风险,0.0,低风险,0.0,低风险,0.0,低风险
474.0,2-4,location2,0.0,低风险,0.0,低风险,0.0,低风险,0.0,低风险,0.0,低风险,0.0,低风险
475.0,2-1,location2,0.0,低风险,0.0,低风险,0.0,低风险,0.0,低风险,0.0,低风险,0.0,低风险
475.0,2-4,location2,0.0,低风险,0.0,低风险,0.0,低风险,0.0,低风险,0.0,低风险,0.0,低风险
476.0,2-1,location2,0.131,中风险,0.053,低风险,0.223,中风险,0.279,中风险,0.172,中风险,0.185,中风险
477.0,2-1,location2,0.0,低风险,0.0,低风险,0.0,低风险,0.0,低风险,0.0,低风险,0.0,低风险
477.0,2-2,location2,0.286,中风险,0.115,中风险,0.485,高风险,0.608,高风险,0.376,高风险,0.403,高风险
478.0,2-2,location2,0.165,中风险,0.066,低风险,0.28,中风险,0.35,高风险,0.217,中风险,0.232,中风险
479.0,2-2,location2,0.195,中风险,0.078,低风险,0.33,高风险,0.414,高风险,0.256,中风险,0.274,中风险
480.0,2-1,location2,0.027,低风险,0.028,低风险,0.019,低风险,0.007,低风险,0.018,低风险,0.018,低风险
482.0,2-2,location2,0.23,中风险,0.123,中风险,0.341,高风险,0.428,高风险,0.283,中风险,0.298,中风险
483.0,2-1,location2,0.224,中风险,0.09,低风险,0.38,高风险,0.476,高风险,0.294,中风险,0.315,高风险
483.0,2-3,location2,0.0,低风险,0.0,低风险,0.0,低风险,0.0,低风险,0.0,低风险,0.0,低风险
484.0,2-1,location2,0.0,低风险,0.0,低风险,0.0,低风险,0.0,低风险,0.0,低风险,0.0,低风险
484.0,2-2,location2,0.183,中风险,0.073,低风险,0.31,中风险,0.388,高风险,0.24,中风险,0.257,中风险
485.0,2-1,location2,0.194,中风险,0.078,低风险,0.329,高风险,0.412,高风险,0.255,中风险,0.273,中风险
485.0,2-2,location2,0.27,中风险,0.108,低风险,0.457,高风险,0.573,高风险,0.354,高风险,0.379,高风险
485.0,2-4,location2,0.0,低风险,0.0,低风险,0.0,低风险,0.0,低风险,0.0,低风险,0.0,低风险
486.0,2-1,location2,0.017,低风险,0.007,低风险,0.029,低风险,0.036,低风险,0.023,低风险,0.024,低风险
486.0,2-2,location2,0.214,中风险,0.113,中风险,0.319,高风险,0.4,高风险,0.263,中风险,0.277,中风险
486.0,2-3,location2,0.0,低风险,0.0,低风险,0.0,低风险,0.0,低风险,0.0,低风险,0.0,低风险
487.0,2-2,location2,0.286,中风险,0.184,中风险,0.373,高风险,0.468,高风险,0.33,高风险,0.342,高风险
488.0,2-1,location2,0.0,低风险,0.0,低风险,0.0,低风险,0.0,低风险,0.0,低风险,0.0,低风险
488.0,2-2,location2,0.139,中风险,0.056,低风险,0.236,中风险,0.295,中风险,0.183,中风险,0.196,中风险
492.0,2-1,location2,0.179,中风险,0.09,低风险,0.275,中风险,0.344,高风险,0.224,中风险,0.236,中风险
493.0,2-1,location2,0.349,高风险,0.214,中风险,0.473,高风险,0.594,高风险,0.411,高风险,0.427,高风险
493.0,2-4,location2,0.015,低风险,0.016,低风险,0.011,低风险,0.004,低风险,0.01,低风险,0.01,低风险
494.0,2-1,location2,0.125,中风险,0.05,低风险,0.212,中风险,0.266,中风险,0.164,中风险,0.176,中风险
495.0,2-1,location2,0.0,低风险,0.0,低风险,0.0,低风险,0.0,低风险,0.0,低风险,0.0,低风险
496.0,2-2,location2,0.133,中风险,0.053,低风险,0.226,中风险,0.283,中风险,0.175,中风险,0.187,中风险
497.0,2-1,location2,0.0,低风险,0.0,低风险,0.0,低风险,0.0,低风险,0.0,低风险,0.0,低风险
497.0,2-2,location2,0.0,低风险,0.0,低风险,0.0,低风险,0.0,低风险,0.0,低风险,0.0,低风险
497.0,2-4,location2,0.151,中风险,0.068,低风险,0.244,中风险,0.305,中风险,0.193,中风险,0.206,中风险
498.0,2-2,location2,0.159,中风险,0.072,低风险,0.257,中风险,0.322,高风险,0.204,中风险,0.217,中风险
498.0,2-4,location2,0.281,中风险,0.266,中风险,0.248,中风险,0.158,中风险,0.22,中风险,0.224,中风险
499.0,2-1,location2,0.075,低风险,0.03,低风险,0.128,中风险,0.16,中风险,0.099,低风险,0.106,低风险
499.0,2-4,location2,0.0,低风险,0.0,低风险,0.0,低风险,0.0,低风险,0.0,低风险,0.0,低风险
500.0,2-2,location2,0.215,中风险,0.086,低风险,0.365,高风险,0.457,高风险,0.283,中风险,0.303,中风险
500.0,2-3,location2,0.0,低风险,0.0,低风险,0.0,低风险,0.0,低风险,0.0,低风险,0.0,低风险
501.0,2-1,location2,0.154,中风险,0.062,低风险,0.26,中风险,0.326,高风险,0.202,中风险,0.216,中风险
502.0,2-3,location2,0.103,低风险,0.041,低风险,0.175,中风险,0.22,中风险,0.136,中风险,0.146,中风险
503.0,2-1,location2,0.129,中风险,0.052,低风险,0.219,中风险,0.274,中风险,0.169,中风险,0.181,中风险
503.0,2-2,location2,0.0,低风险,0.0,低风险,0.0,低风险,0.0,低风险,0.0,低风险,0.0,低风险
503.0,2-4,location2,0.0,低风险,0.0,低风险,0.0,低风险,0.0,低风险,0.0,低风险,0.0,低风险
504.0,2-1,location2,0.177,中风险,0.071,低风险,0.299,中风险,0.375,高风险,0.232,中风险,0.248,中风险
504.0,2-2,location2,0.0,低风险,0.0,低风险,0.0,低风险,0.0,低风险,0.0,低风险,0.0,低风险
505.0,2-2,location2,0.0,低风险,0.0,低风险,0.0,低风险,0.0,低风险,0.0,低风险,0.0,低风险
506.0,2-1,location2,0.246,中风险,0.098,低风险,0.416,高风险,0.522,高风险,0.322,高风险,0.345,高风险
506.0,2-2,location2,0.293,中风险,0.117,中风险,0.496,高风险,0.621,高风险,0.384,高风险,0.411,高风险
507.0,2-1,location2,0.0,低风险,0.0,低风险,0.0,低风险,0.0,低风险,0.0,低风险,0.0,低风险
507.0,2-2,location2,0.0,低风险,0.0,低风险,0.0,低风险,0.0,低风险,0.0,低风险,0.0,低风险
508.0,2-1,location2,0.0,低风险,0.0,低风险,0.0,低风险,0.0,低风险,0.0,低风险,0.0,低风险
508.0,2-2,location2,0.227,中风险,0.239,中风险,0.164,中风险,0.059,低风险,0.154,中风险,0.154,中风险
509.0,2-1,location2,0.154,中风险,0.064,低风险,0.258,中风险,0.321,高风险,0.2,中风险,0.214,中风险
509.0,2-2,location2,0.0,低风险,0.0,低风险,0.0,低风险,0.0,低风险,0.0,低风险,0.0,低风险
510.0,2-1,location2,0.0,低风险,0.0,低风险,0.0,低风险,0.0,低风险,0.0,低风险,0.0,低风险
511.0,2-2,location2,0.059,低风险,0.024,低风险,0.101,低风险,0.126,中风险,0.078,低风险,0.084,低风险
512.0,2-1,location2,0.0,低风险,0.0,低风险,0.0,低风险,0.0,低风险,0.0,低风险,0.0,低风险
513.0,2-2,location2,0.107,低风险,0.043,低风险,0.181,中风险,0.227,中风险,0.14,中风险,0.15,中风险
513.0,2-3,location2,0.006,低风险,0.002,低风险,0.01,低风险,0.013,低风险,0.008,低风险,0.009,低风险
514.0,2-1,location2,0.0,低风险,0.0,低风险,0.0,低风险,0.0,低风险,0.0,低风险,0.0,低风险
514.0,2-2,location2,0.145,中风险,0.059,低风险,0.246,中风险,0.308,中风险,0.191,中风险,0.204,中风险
517.0,2-1,location2,0.0,低风险,0.0,低风险,0.0,低风险,0.0,低风险,0.0,低风险,0.0,低风险
517.0,2-2,location2,0.0,低风险,0.0,低风险,0.0,低风险,0.0,低风险,0.0,低风险,0.0,低风险
518.0,2-1,location2,0.183,中风险,0.073,低风险,0.31,高风险,0.388,高风险,0.24,中风险,0.257,中风险
518.0,2-2,location2,0.03,低风险,0.032,低风险,0.022,低风险,0.008,低风险,0.02,低风险,0.02,低风险
519.0,2-1,location2,0.14,中风险,0.147,中风险,0.102,低风险,0.037,低风险,0.095,低风险,0.095,低风险
519.0,2-3,location2,0.0,低风险,0.0,低风险,0.0,低风险,0.0,低风险,0.0,低风险,0.0,低风险
520.0,2-3,location2,0.0,低风险,0.0,低风险,0.0,低风险,0.0,低风险,0.0,低风险,0.0,低风险
521.0,2-1,location2,0.233,中风险,0.099,低风险,0.387,高风险,0.485,高风险,0.303,中风险,0.323,高风险
521.0,2-2,location2,0.0,低风险,0.0,低风险,0.0,低风险,0.0,低风险,0.0,低风险,0.0,低风险
523.0,2-3,location2,0.0,低风险,0.0,低风险,0.0,低风险,0.0,低风险,0.0,低风险,0.0,低风险
524.0,2-1,location2,0.003,低风险,0.003,低风险,0.002,低风险,0.001,低风险,0.002,低风险,0.002,低风险
525.0,2-1,location2,0.071,低风险,0.029,低风险,0.121,中风险,0.152,中风险,0.094,低风险,0.1,低风险
525.0,2-2,location2,0.137,中风险,0.055,低风险,0.233,中风险,0.292,中风险,0.18,中风险,0.193,中风险
526.0,2-2,location2,0.213,中风险,0.224,中风险,0.155,中风险,0.056,低风险,0.145,中风险,0.145,中风险
527.0,2-2,location2,0.135,中风险,0.054,低风险,0.228,中风险,0.286,中风险,0.177,中风险,0.189,中风险
527.0,2-3,location2,0.0,低风险,0.0,低风险,0.0,低风险,0.0,低风险,0.0,低风险,0.0,低风险
528.0,2-2,location2,0.215,中风险,0.086,低风险,0.364,高风险,0.456,高风险,0.282,中风险,0.302,中风险
528.0,2-3,location2,0.215,中风险,0.086,低风险,0.365,高风险,0.457,高风险,0.282,中风险,0.303,中风险
529.0,2-2,location2,0.203,中风险,0.081,低风险,0.344,高风险,0.431,高风险,0.267,中风险,0.286,中风险
529.0,2-3,location2,0.101,低风险,0.04,低风险,0.171,中风险,0.214,中风险,0.132,中风险,0.142,中风险
530.0,2-2,location2,0.0,低风险,0.0,低风险,0.0,低风险,0.0,低风险,0.0,低风险,0.0,低风险
530.0,2-3,location2,0.194,中风险,0.114,中风险,0.274,中风险,0.307,中风险,0.219,中风险,0.232,中风险
531.0,2-1,location2,0.0,低风险,0.0,低风险,0.0,低风险,0.0,低风险,0.0,低风险,0.0,低风险
531.0,2-3,location2,0.216,中风险,0.087,低风险,0.367,高风险,0.459,高风险,0.284,中风险,0.304,中风险
532.0,2-2,location2,0.0,低风险,0.0,低风险,0.0,低风险,0.0,低风险,0.0,低风险,0.0,低风险
532.0,2-3,location2,0.0,低风险,0.0,低风险,0.0,低风险,0.0,低风险,0.0,低风险,0.0,低风险
534.0,2-1,location2,0.244,中风险,0.098,低风险,0.413,高风险,0.517,高风险,0.32,高风险,0.343,高风险
534.0,2-2,location2,0.055,低风险,0.022,低风险,0.094,低风险,0.117,中风险,0.073,低风险,0.078,低风险
534.0,2-3,location2,0.249,中风险,0.1,低风险,0.421,高风险,0.528,高风险,0.326,高风险,0.35,高风险
535.0,2-3,location2,0.0,低风险,0.0,低风险,0.0,低风险,0.0,低风险,0.0,低风险,0.0,低风险
536.0,2-1,location2,0.547,高风险,0.372,高风险,0.701,高风险,0.726,高风险,0.57,高风险,0.6,高风险
536.0,2-2,location2,0.0,低风险,0.0,低风险,0.0,低风险,0.0,低风险,0.0,低风险,0.0,低风险
536.0,2-3,location2,0.0,低风险,0.0,低风险,0.0,低风险,0.0,低风险,0.0,低风险,0.0,低风险
537.0,2-1,location2,0.0,低风险,0.0,低风险,0.0,低风险,0.0,低风险,0.0,低风险,0.0,低风险
537.0,2-2,location2,0.0,低风险,0.0,低风险,0.0,低风险,0.0,低风险,0.0,低风险,0.0,低风险
537.0,2-3,location2,0.24,中风险,0.096,低风险,0.407,高风险,0.509,高风险,0.315,高风险,0.338,高风险
539.0,2-1,location2,0.0,低风险,0.0,低风险,0.0,低风险,0.0,低风险,0.0,低风险,0.0,低风险
539.0,2-2,location2,0.0,低风险,0.0,低风险,0.0,低风险,0.0,低风险,0.0,低风险,0.0,低风险
539.0,2-3,location2,0.0,低风险,0.0,低风险,0.0,低风险,0.0,低风险,0.0,低风险,0.0,低风险
541.0,2-2,location2,0.0,低风险,0.0,低风险,0.0,低风险,0.0,低风险,0.0,低风险,0.0,低风险
541.0,2-3,location2,0.061,低风险,0.026,低风险,0.101,低风险,0.127,中风险,0.079,低风险,0.084,低风险
542.0,2-2,location2,0.249,中风险,0.196,中风险,0.28,中风险,0.256,中风险,0.234,中风险,0.244,中风险
542.0,2-3,location2,0.053,低风险,0.021,低风险,0.089,低风险,0.112,中风险,0.069,低风险,0.074,低风险
543.0,2-1,location2,0.352,高风险,0.141,中风险,0.597,高风险,0.747,高风险,0.462,高风险,0.495,高风险
544.0,2-1,location2,0.0,低风险,0.0,低风险,0.0,低风险,0.0,低风险,0.0,低风险,0.0,低风险
545.0,2-3,location2,0.0,低风险,0.0,低风险,0.0,低风险,0.0,低风险,0.0,低风险,0.0,低风险
546.0,2-1,location2,0.383,高风险,0.242,中风险,0.519,高风险,0.562,高风险,0.418,高风险,0.441,高风险
546.0,2-2,location2,0.125,中风险,0.05,低风险,0.211,中风险,0.265,中风险,0.164,中风险,0.175,中风险
547.0,2-2,location2,0.036,低风险,0.014,低风险,0.061,低风险,0.076,低风险,0.047,低风险,0.05,低风险
547.0,2-3,location2,0.203,中风险,0.093,低风险,0.327,高风险,0.398,高风险,0.255,中风险,0.273,中风险
548.0,2-1,location2,0.132,中风险,0.053,低风险,0.224,中风险,0.281,中风险,0.174,中风险,0.186,中风险
551.0,2-1,location2,0.156,中风险,0.063,低风险,0.264,中风险,0.331,高风险,0.205,中风险,0.22,中风险
551.0,2-3,location2,0.23,中风险,0.153,中风险,0.294,中风险,0.369,高风险,0.264,中风险,0.272,中风险
552.0,2-1,location2,0.0,低风险,0.0,低风险,0.0,低风险,0.0,低风险,0.0,低风险,0.0,低风险
554.0,2-2,location2,0.0,低风险,0.0,低风险,0.0,低风险,0.0,低风险,0.0,低风险,0.0,低风险
556.0,2-2,location2,0.184,中风险,0.074,低风险,0.312,高风险,0.391,高风险,0.242,中风险,0.259,中风险
556.0,2-3,location2,0.169,中风险,0.073,低风险,0.278,中风险,0.349,高风险,0.218,中风险,0.233,中风险
557.0,2-1,location2,0.438,高风险,0.325,高风险,0.519,高风险,0.501,高风险,0.429,高风险,0.448,高风险
558.0,2-3,location2,0.087,低风险,0.092,低风险,0.063,低风险,0.023,低风险,0.059,低风险,0.059,低风险
560.0,2-2,location2,0.0,低风险,0.0,低风险,0.0,低风险,0.0,低风险,0.0,低风险,0.0,低风险
560.0,2-3,location2,0.238,中风险,0.251,中风险,0.173,中风险,0.062,低风险,0.162,中风险,0.162,中风险
561.0,2-3,location2,0.461,高风险,0.344,高风险,0.54,高风险,0.56,高风险,0.464,高风险,0.481,高风险
562.0,2-1,location2,0.389,高风险,0.273,中风险,0.472,高风险,0.593,高风险,0.435,高风险,0.446,高风险
563.0,2-1,location2,0.0,低风险,0.0,低风险,0.0,低风险,0.0,低风险,0.0,低风险,0.0,低风险
564.0,2-1,location2,0.265,中风险,0.106,低风险,0.45,高风险,0.564,高风险,0.349,高风险,0.373,高风险
565.0,2-1,location2,0.15,中风险,0.06,低风险,0.254,中风险,0.318,高风险,0.197,中风险,0.211,中风险
566.0,2-1,location2,0.0,低风险,0.0,低风险,0.0,低风险,0.0,低风险,0.0,低风险,0.0,低风险
567.0,2-2,location2,0.0,低风险,0.0,低风险,0.0,低风险,0.0,低风险,0.0,低风险,0.0,低风险
568.0,2-1,location2,0.039,低风险,0.016,低风险,0.066,低风险,0.082,低风险,0.051,低风险,0.054,低风险
568.0,2-2,location2,0.0,低风险,0.0,低风险,0.0,低风险,0.0,低风险,0.0,低风险,0.0,低风险
569.0,2-1,location2,0.085,低风险,0.09,低风险,0.062,低风险,0.022,低风险,0.058,低风险,0.058,低风险
569.0,2-2,location2,0.168,中风险,0.067,低风险,0.285,中风险,0.357,高风险,0.221,中风险,0.237,中风险
570.0,2-2,location2,0.206,中风险,0.082,低风险,0.349,高风险,0.437,高风险,0.27,中风险,0.289,中风险
570.0,2-3,location2,0.0,低风险,0.0,低风险,0.0,低风险,0.0,低风险,0.0,低风险,0.0,低风险
571.0,2-2,location2,0.116,中风险,0.047,低风险,0.196,中风险,0.246,中风险,0.152,中风险,0.163,中风险
572.0,2-2,location2,0.276,中风险,0.143,中风险,0.421,高风险,0.495,高风险,0.332,高风险,0.353,高风险
573.0,2-2,location2,0.146,中风险,0.058,低风险,0.247,中风险,0.309,中风险,0.191,中风险,0.205,中风险
574.0,2-1,location2,0.121,中风险,0.049,低风险,0.205,中风险,0.257,中风险,0.159,中风险,0.17,中风险
574.0,2-2,location2,0.365,高风险,0.218,中风险,0.503,高风险,0.632,高风险,0.433,高风险,0.451,高风险
575.0,2-2,location2,0.202,中风险,0.213,中风险,0.147,中风险,0.053,低风险,0.138,中风险,0.138,中风险
576.0,2-3,location2,0.088,低风险,0.035,低风险,0.15,中风险,0.188,中风险,0.116,中风险,0.124,中风险
577.0,2-2,location2,0.164,中风险,0.066,低风险,0.278,中风险,0.348,高风险,0.215,中风险,0.23,中风险
577.0,2-3,location2,0.0,低风险,0.0,低风险,0.0,低风险,0.0,低风险,0.0,低风险,0.0,低风险
578.0,2-1,location2,0.17,中风险,0.148,中风险,0.169,中风险,0.132,中风险,0.146,中风险,0.15,中风险
578.0,2-2,location2,0.0,低风险,0.0,低风险,0.0,低风险,0.0,低风险,0.0,低风险,0.0,低风险
579.0,2-3,location2,0.0,低风险,0.0,低风险,0.0,低风险,0.0,低风险,0.0,低风险,0.0,低风险
582.0,2-1,location2,0.071,低风险,0.028,低风险,0.12,中风险,0.15,中风险,0.093,低风险,0.099,低风险
582.0,2-2,location2,0.002,低风险,0.002,低风险,0.001,低风险,0.001,低风险,0.001,低风险,0.001,低风险
582.0,2-3,location2,0.203,中风险,0.081,低风险,0.344,高风险,0.431,高风险,0.267,中风险,0.286,中风险
583.0,2-3,location2,0.202,中风险,0.112,中风险,0.292,中风险,0.367,高风险,0.245,中风险,0.257,中风险
587.0,2-1,location2,0.345,高风险,0.231,中风险,0.446,高风险,0.467,高风险,0.362,高风险,0.381,高风险
587.0,2-2,location2,0.0,低风险,0.0,低风险,0.0,低风险,0.0,低风险,0.0,低风险,0.0,低风险
588.0,2-1,location2,0.0,低风险,0.0,低风险,0.0,低风险,0.0,低风险,0.0,低风险,0.0,低风险
588.0,2-2,location2,0.223,中风险,0.091,低风险,0.376,高风险,0.471,高风险,0.292,中风险,0.313,高风险
589.0,2-1,location2,0.311,高风险,0.216,中风险,0.38,高风险,0.478,高风险,0.349,高风险,0.358,高风险
592.0,2-1,location2,0.0,低风险,0.0,低风险,0.0,低风险,0.0,低风险,0.0,低风险,0.0,低风险
593.0,2-1,location2,0.07,低风险,0.074,低风险,0.051,低风险,0.018,低风险,0.048,低风险,0.048,低风险
594.0,2-1,location2,0.567,高风险,0.407,高风险,0.694,高风险,0.691,高风险,0.57,高风险,0.598,高风险
594.0,2-3,location2,0.0,低风险,0.0,低风险,0.0,低风险,0.0,低风险,0.0,低风险,0.0,低风险
595.0,2-3,location2,0.0,低风险,0.0,低风险,0.0,低风险,0.0,低风险,0.0,低风险,0.0,低风险
596.0,2-2,location2,0.039,低风险,0.016,低风险,0.066,低风险,0.083,低风险,0.051,低风险,0.055,低风险
596.0,2-3,location2,0.0,低风险,0.0,低风险,0.0,低风险,0.0,低风险,0.0,低风险,0.0,低风险
597.0,2-2,location2,0.205,中风险,0.082,低风险,0.348,高风险,0.436,高风险,0.269,中风险,0.289,中风险
598.0,2-3,location2,0.0,低风险,0.0,低风险,0.0,低风险,0.0,低风险,0.0,低风险,0.0,低风险
599.0,2-1,location2,0.0,低风险,0.0,低风险,0.0,低风险,0.0,低风险,0.0,低风险,0.0,低风险
599.0,2-2,location2,0.153,中风险,0.061,低风险,0.259,中风险,0.324,高风险,0.201,中风险,0.215,中风险
599.0,2-3,location2,0.0,低风险,0.0,低风险,0.0,低风险,0.0,低风险,0.0,低风险,0.0,低风险
601.0,2-1,location2,0.0,低风险,0.0,低风险,0.0,低风险,0.0,低风险,0.0,低风险,0.0,低风险
602.0,2-1,location2,0.266,中风险,0.106,低风险,0.45,高风险,0.564,高风险,0.349,高风险,0.374,高风险
602.0,2-3,location2,0.0,低风险,0.0,低风险,0.0,低风险,0.0,低风险,0.0,低风险,0.0,低风险
603.0,2-1,location2,0.098,低风险,0.054,低风险,0.141,中风险,0.177,中风险,0.119,中风险,0.124,中风险
605.0,2-1,location2,0.331,高风险,0.19,中风险,0.474,高风险,0.547,高风险,0.382,高风险,0.404,高风险
607.0,2-2,location2,0.0,低风险,0.0,低风险,0.0,低风险,0.0,低风险,0.0,低风险,0.0,低风险
608.0,2-2,location2,0.27,中风险,0.108,低风险,0.458,高风险,0.574,高风险,0.355,高风险,0.38,高风险
613.0,2-2,location2,0.165,中风险,0.174,中风险,0.12,中风险,0.043,低风险,0.112,中风险,0.112,中风险
615.0,2-1,location2,0.251,中风险,0.1,低风险,0.425,高风险,0.532,高风险,0.329,高风险,0.352,高风险
615.0,2-3,location2,0.0,低风险,0.0,低风险,0.0,低风险,0.0,低风险,0.0,低风险,0.0,低风险
617.0,2-2,location2,0.263,中风险,0.167,中风险,0.356,高风险,0.385,高风险,0.286,中风险,0.302,中风险
618.0,2-2,location2,0.222,中风险,0.089,低风险,0.376,高风险,0.471,高风险,0.291,中风险,0.312,高风险
619.0,2-1,location2,0.477,高风险,0.344,高风险,0.565,高风险,0.711,高风险,0.529,高风险,0.54,高风险
621.0,2-2,location2,0.0,低风险,0.0,低风险,0.0,低风险,0.0,低风险,0.0,低风险,0.0,低风险
622.0,2-2,location2,0.214,中风险,0.086,低风险,0.363,高风险,0.455,高风险,0.281,中风险,0.301,中风险
622.0,2-3,location2,0.0,低风险,0.0,低风险,0.0,低风险,0.0,低风险,0.0,低风险,0.0,低风险
623.0,2-1,location2,0.232,中风险,0.134,中风险,0.331,高风险,0.374,高风险,0.264,中风险,0.28,中风险
623.0,2-2,location2,0.463,高风险,0.278,中风险,0.638,高风险,0.801,高风险,0.549,高风险,0.572,高风险
624.0,2-3,location2,0.0,低风险,0.0,低风险,0.0,低风险,0.0,低风险,0.0,低风险,0.0,低风险
625.0,2-2,location2,0.284,中风险,0.114,中风险,0.481,高风险,0.603,高风险,0.373,高风险,0.399,高风险
628.0,2-1,location2,0.216,中风险,0.087,低风险,0.365,高风险,0.457,高风险,0.283,中风险,0.303,中风险
628.0,2-2,location2,0.108,低风险,0.061,低风险,0.157,中风险,0.197,中风险,0.132,中风险,0.138,中风险
629.0,2-2,location2,0.032,低风险,0.034,低风险,0.023,低风险,0.008,低风险,0.022,低风险,0.022,低风险
630.0,2-2,location2,0.16,中风险,0.064,低风险,0.271,中风险,0.34,高风险,0.21,中风险,0.225,中风险
631.0,2-2,location2,0.396,高风险,0.279,中风险,0.48,高风险,0.604,高风险,0.444,高风险,0.454,高风险
631.0,2-3,location2,0.134,中风险,0.054,低风险,0.228,中风险,0.286,中风险,0.177,中风险,0.189,中风险
632.0,2-2,location2,0.078,低风险,0.031,低风险,0.132,中风险,0.165,中风险,0.102,低风险,0.109,低风险
633.0,2-1,location2,0.141,中风险,0.057,低风险,0.24,中风险,0.3,中风险,0.186,中风险,0.199,中风险
633.0,2-2,location2,0.165,中风险,0.066,低风险,0.28,中风险,0.351,高风险,0.217,中风险,0.232,中风险
633.0,2-3,location2,0.0,低风险,0.0,低风险,0.0,低风险,0.0,低风险,0.0,低风险,0.0,低风险
635.0,2-3,location2,0.138,中风险,0.055,低风险,0.234,中风险,0.292,中风险,0.181,中风险,0.194,中风险
636.0,2-2,location2,0.187,中风险,0.075,低风险,0.316,高风险,0.396,高风险,0.245,中风险,0.262,中风险
639.0,2-1,location2,0.257,中风险,0.16,中风险,0.344,高风险,0.431,高风险,0.3,中风险,0.312,高风险
639.0,2-2,location2,0.162,中风险,0.065,低风险,0.275,中风险,0.344,高风险,0.213,中风险,0.228,中风险
641.0,2-1,location2,0.288,中风险,0.18,中风险,0.385,高风险,0.484,高风险,0.337,高风险,0.35,高风险
642.0,2-1,location2,0.138,中风险,0.055,低风险,0.234,中风险,0.293,中风险,0.181,中风险,0.194,中风险
643.0,2-3,location2,0.352,高风险,0.291,中风险,0.375,高风险,0.322,高风险,0.318,高风险,0.329,高风险
644.0,2-1,location2,0.14,中风险,0.056,低风险,0.237,中风险,0.297,中风险,0.184,中风险,0.197,中风险
644.0,2-3,location2,0.251,中风险,0.1,低风险,0.425,高风险,0.532,高风险,0.329,高风险,0.352,高风险
646.0,2-1,location2,0.09,低风险,0.036,低风险,0.151,中风险,0.19,中风险,0.117,中风险,0.126,中风险
646.0,2-2,location2,0.0,低风险,0.0,低风险,0.0,低风险,0.0,低风险,0.0,低风险,0.0,低风险
647.0,2-1,location2,0.0,低风险,0.0,低风险,0.0,低风险,0.0,低风险,0.0,低风险,0.0,低风险
647.0,2-3,location2,0.193,中风险,0.077,低风险,0.327,高风险,0.41,高风险,0.253,中风险,0.271,中风险
650.0,2-1,location2,0.131,中风险,0.053,低风险,0.222,中风险,0.278,中风险,0.172,中风险,0.184,中风险
651.0,2-1,location2,0.0,低风险,0.0,低风险,0.0,低风险,0.0,低风险,0.0,低风险,0.0,低风险
651.0,2-3,location2,0.288,中风险,0.148,中风险,0.441,高风险,0.521,高风险,0.347,高风险,0.37,高风险
653.0,2-1,location2,0.259,中风险,0.157,中风险,0.354,高风险,0.444,高风险,0.306,中风险,0.318,高风险
656.0,2-1,location2,0.106,低风险,0.043,低风险,0.18,中风险,0.226,中风险,0.14,中风险,0.15,中风险
656.0,2-3,location2,0.046,低风险,0.018,低风险,0.078,低风险,0.098,低风险,0.06,低风险,0.065,低风险
657.0,2-1,location2,0.206,中风险,0.083,低风险,0.35,高风险,0.438,高风险,0.271,中风险,0.29,中风险
657.0,2-2,location2,0.143,中风险,0.057,低风险,0.242,中风险,0.304,中风险,0.188,中风险,0.201,中风险
658.0,2-3,location2,0.0,低风险,0.0,低风险,0.0,低风险,0.0,低风险,0.0,低风险,0.0,低风险
659.0,2-2,location2,0.0,低风险,0.0,低风险,0.0,低风险,0.0,低风险,0.0,低风险,0.0,低风险
660.0,2-1,location2,0.121,中风险,0.048,低风险,0.205,中风险,0.257,中风险,0.159,中风险,0.17,中风险
660.0,2-2,location2,0.0,低风险,0.0,低风险,0.0,低风险,0.0,低风险,0.0,低风险,0.0,低风险
661.0,2-2,location2,0.0,低风险,0.0,低风险,0.0,低风险,0.0,低风险,0.0,低风险,0.0,低风险
662.0,2-2,location2,0.227,中风险,0.091,低风险,0.384,高风险,0.481,高风险,0.297,中风险,0.319,高风险
663.0,2-2,location2,0.163,中风险,0.105,低风险,0.218,中风险,0.234,中风险,0.176,中风险,0.186,中风险
664.0,2-2,location2,0.21,中风险,0.084,低风险,0.356,高风险,0.446,高风险,0.276,中风险,0.295,中风险
665.0,2-2,location2,0.093,低风险,0.037,低风险,0.158,中风险,0.198,中风险,0.123,中风险,0.131,中风险
666.0,2-2,location2,0.0,低风险,0.0,低风险,0.0,低风险,0.0,低风险,0.0,低风险,0.0,低风险
667.0,2-2,location2,0.204,中风险,0.143,中风险,0.249,中风险,0.313,高风险,0.229,中风险,0.235,中风险
668.0,2-1,location2,0.189,中风险,0.143,中风险,0.211,中风险,0.266,中风险,0.204,中风险,0.207,中风险
668.0,2-2,location2,0.049,低风险,0.051,低风险,0.035,低风险,0.013,低风险,0.033,低风险,0.033,低风险
669.0,2-2,location2,0.0,低风险,0.0,低风险,0.0,低风险,0.0,低风险,0.0,低风险,0.0,低风险
670.0,2-1,location2,0.0,低风险,0.0,低风险,0.0,低风险,0.0,低风险,0.0,低风险,0.0,低风险
673.0,2-1,location2,0.0,低风险,0.0,低风险,0.0,低风险,0.0,低风险,0.0,低风险,0.0,低风险
676.0,2-3,location2,0.269,中风险,0.168,中风险,0.36,高风险,0.452,高风险,0.315,高风险,0.326,高风险
678.0,2-2,location2,0.0,低风险,0.0,低风险,0.0,低风险,0.0,低风险,0.0,低风险,0.0,低风险
680.0,2-1,location2,0.023,低风险,0.024,低风险,0.017,低风险,0.006,低风险,0.016,低风险,0.016,低风险
680.0,2-2,location2,0.335,高风险,0.192,中风险,0.476,高风险,0.597,高风险,0.403,高风险,0.422,高风险
681.0,2-1,location2,0.05,低风险,0.02,低风险,0.084,低风险,0.106,低风险,0.065,低风险,0.07,低风险
681.0,2-2,location2,0.277,中风险,0.137,中风险,0.432,高风险,0.515,高风险,0.339,高风险,0.361,高风险
681.0,2-3,location2,0.0,低风险,0.0,低风险,0.0,低风险,0.0,低风险,0.0,低风险,0.0,低风险
682.0,2-1,location2,0.0,低风险,0.0,低风险,0.0,低风险,0.0,低风险,0.0,低风险,0.0,低风险
682.0,2-2,location2,0.285,中风险,0.114,中风险,0.483,高风险,0.605,高风险,0.374,高风险,0.401,高风险
683.0,2-2,location2,0.0,低风险,0.0,低风险,0.0,低风险,0.0,低风险,0.0,低风险,0.0,低风险
685.0,2-1,location2,0.218,中风险,0.105,低风险,0.342,高风险,0.429,高风险,0.275,中风险,0.292,中风险
685.0,2-2,location2,0.12,中风险,0.048,低风险,0.203,中风险,0.254,中风险,0.157,中风险,0.168,中风险
685.0,2-3,location2,0.14,中风险,0.057,低风险,0.236,中风险,0.296,中风险,0.183,中风险,0.196,中风险
686.0,2-1,location2,0.423,高风险,0.275,中风险,0.56,高风险,0.597,高风险,0.453,高风险,0.477,高风险
686.0,2-2,location2,0.118,中风险,0.047,低风险,0.2,中风险,0.251,中风险,0.155,中风险,0.166,中风险
687.0,2-1,location2,0.073,低风险,0.077,低风险,0.053,低风险,0.019,低风险,0.049,低风险,0.049,低风险
687.0,2-2,location2,0.155,中风险,0.086,低风险,0.225,中风险,0.283,中风险,0.189,中风险,0.198,中风险
687.0,2-3,location2,0.0,低风险,0.0,低风险,0.0,低风险,0.0,低风险,0.0,低风险,0.0,低风险
690.0,2-2,location2,0.133,中风险,0.14,中风险,0.096,低风险,0.035,低风险,0.09,低风险,0.09,低风险
690.0,2-3,location2,0.0,低风险,0.0,低风险,0.0,低风险,0.0,低风险,0.0,低风险,0.0,低风险
692.0,2-1,location2,0.304,中风险,0.122,中风险,0.516,高风险,0.646,高风险,0.399,高风险,0.428,高风险
694.0,2-2,location2,0.0,低风险,0.0,低风险,0.0,低风险,0.0,低风险,0.0,低风险,0.0,低风险
694.0,2-3,location2,0.0,低风险,0.0,低风险,0.0,低风险,0.0,低风险,0.0,低风险,0.0,低风险
695.0,2-1,location2,0.326,高风险,0.182,中风险,0.471,高风险,0.591,高风险,0.395,高风险,0.414,高风险
696.0,2-3,location2,0.061,低风险,0.064,低风险,0.044,低风险,0.016,低风险,0.041,低风险,0.041,低风险
697.0,2-2,location2,0.149,中风险,0.06,低风险,0.252,中风险,0.316,高风险,0.195,中风险,0.209,中风险
697.0,2-3,location2,0.0,低风险,0.0,低风险,0.0,低风险,0.0,低风险,0.0,低风险,0.0,低风险
698.0,2-2,location2,0.191,中风险,0.084,低风险,0.311,高风险,0.389,高风险,0.245,中风险,0.262,中风险
698.0,2-3,location2,0.271,中风险,0.149,中风险,0.393,高风险,0.494,高风险,0.329,高风险,0.345,高风险
699.0,2-1,location2,0.137,中风险,0.055,低风险,0.232,中风险,0.291,中风险,0.18,中风险,0.193,中风险
699.0,2-3,location2,0.0,低风险,0.0,低风险,0.0,低风险,0.0,低风险,0.0,低风险,0.0,低风险
700.0,2-1,location2,0.0,低风险,0.0,低风险,0.0,低风险,0.0,低风险,0.0,低风险,0.0,低风险
701.0,2-1,location2,0.138,中风险,0.055,低风险,0.235,中风险,0.294,中风险,0.182,中风险,0.195,中风险
702.0,2-3,location2,0.119,中风险,0.048,低风险,0.202,中风险,0.253,中风险,0.156,中风险,0.168,中风险
704.0,2-2,location2,0.084,低风险,0.034,低风险,0.142,中风险,0.178,中风险,0.11,中风险,0.118,中风险
704.0,2-3,location2,0.0,低风险,0.0,低风险,0.0,低风险,0.0,低风险,0.0,低风险,0.0,低风险
705.0,2-2,location2,0.0,低风险,0.0,低风险,0.0,低风险,0.0,低风险,0.0,低风险,0.0,低风险
705.0,2-3,location2,0.136,中风险,0.055,低风险,0.231,中风险,0.29,中风险,0.179,中风险,0.192,中风险
706.0,2-2,location2,0.0,低风险,0.0,低风险,0.0,低风险,0.0,低风险,0.0,低风险,0.0,低风险
706.0,2-3,location2,0.0,低风险,0.0,低风险,0.0,低风险,0.0,低风险,0.0,低风险,0.0,低风险
707.0,2-3,location2,0.185,中风险,0.194,中风险,0.134,中风险,0.048,低风险,0.125,中风险,0.126,中风险
708.0,2-2,location2,0.043,低风险,0.017,低风险,0.073,低风险,0.091,低风险,0.057,低风险,0.061,低风险
709.0,2-1,location2,0.034,低风险,0.014,低风险,0.058,低风险,0.072,低风险,0.045,低风险,0.048,低风险
709.0,2-2,location2,0.191,中风险,0.077,低风险,0.324,高风险,0.406,高风险,0.251,中风险,0.269,中风险
709.0,2-3,location2,0.389,高风险,0.234,中风险,0.544,高风险,0.603,高风险,0.435,高风险,0.46,高风险
710.0,2-1,location2,0.166,中风险,0.067,低风险,0.281,中风险,0.352,高风险,0.218,中风险,0.233,中风险
710.0,2-2,location2,0.162,中风险,0.065,低风险,0.275,中风险,0.344,高风险,0.213,中风险,0.228,中风险
712.0,2-2,location2,0.35,高风险,0.239,中风险,0.445,高风险,0.469,高风险,0.366,高风险,0.384,高风险
713.0,2-3,location2,0.229,中风险,0.131,中风险,0.33,高风险,0.374,高风险,0.262,中风险,0.278,中风险
714.0,2-1,location2,0.036,低风险,0.014,低风险,0.061,低风险,0.076,低风险,0.047,低风险,0.05,低风险
714.0,2-2,location2,0.0,低风险,0.0,低风险,0.0,低风险,0.0,低风险,0.0,低风险,0.0,低风险
714.0,2-3,location2,0.217,中风险,0.087,低风险,0.369,高风险,0.462,高风险,0.286,中风险,0.306,中风险
716.0,2-2,location2,0.161,中风险,0.073,低风险,0.261,中风险,0.318,高风险,0.203,中风险,0.217,中风险
716.0,2-3,location2,0.129,中风险,0.136,中风险,0.094,低风险,0.034,低风险,0.088,低风险,0.088,低风险
717.0,2-3,location2,0.206,中风险,0.083,低风险,0.35,高风险,0.438,高风险,0.271,中风险,0.29,中风险
718.0,2-1,location2,0.259,中风险,0.104,低风险,0.439,高风险,0.55,高风险,0.34,高风险,0.364,高风险
718.0,2-2,location2,0.053,低风险,0.021,低风险,0.091,低风险,0.113,中风险,0.07,低风险,0.075,低风险
718.0,2-3,location2,0.0,低风险,0.0,低风险,0.0,低风险,0.0,低风险,0.0,低风险,0.0,低风险
719.0,2-3,location2,0.162,中风险,0.11,中风险,0.202,中风险,0.254,中风险,0.184,中风险,0.189,中风险
720.0,2-1,location2,0.125,中风险,0.05,低风险,0.212,中风险,0.266,中风险,0.164,中风险,0.176,中风险
721.0,2-1,location2,0.037,低风险,0.015,低风险,0.063,低风险,0.079,低风险,0.049,低风险,0.052,低风险
723.0,2-2,location2,0.223,中风险,0.112,中风险,0.344,高风险,0.408,高风险,0.27,中风险,0.288,中风险
724.0,2-1,location2,0.29,中风险,0.219,中风险,0.327,高风险,0.412,高风险,0.315,高风险,0.319,高风险
725.0,2-1,location2,0.212,中风险,0.085,低风险,0.36,高风险,0.45,高风险,0.278,中风险,0.298,中风险
727.0,2-2,location2,0.23,中风险,0.111,中风险,0.36,高风险,0.451,高风险,0.29,中风险,0.307,中风险
728.0,2-2,location2,0.0,低风险,0.0,低风险,0.0,低风险,0.0,低风险,0.0,低风险,0.0,低风险
729.0,2-1,location2,0.187,中风险,0.079,低风险,0.311,高风险,0.385,高风险,0.242,中风险,0.258,中风险
730.0,2-1,location2,0.0,低风险,0.0,低风险,0.0,低风险,0.0,低风险,0.0,低风险,0.0,低风险
730.0,2-3,location2,0.204,中风险,0.143,中风险,0.247,中风险,0.311,高风险,0.228,中风险,0.234,中风险
731.0,2-2,location2,0.149,中风险,0.06,低风险,0.253,中风险,0.316,高风险,0.196,中风险,0.21,中风险
733.0,2-1,location2,0.0,低风险,0.0,低风险,0.0,低风险,0.0,低风险,0.0,低风险,0.0,低风险
733.0,2-3,location2,0.0,低风险,0.0,低风险,0.0,低风险,0.0,低风险,0.0,低风险,0.0,低风险
734.0,2-1,location2,0.072,低风险,0.076,低风险,0.052,低风险,0.019,低风险,0.049,低风险,0.049,低风险
734.0,2-2,location2,0.251,中风险,0.13,中风险,0.379,高风险,0.475,高风险,0.311,高风险,0.328,高风险
735.0,2-2,location2,0.244,中风险,0.098,低风险,0.414,高风险,0.519,高风险,0.321,高风险,0.344,高风险
735.0,2-3,location2,0.088,低风险,0.035,低风险,0.15,中风险,0.188,中风险,0.116,中风险,0.124,中风险
737.0,2-1,location2,0.332,高风险,0.17,中风险,0.503,高风险,0.63,高风险,0.412,高风险,0.434,高风险
737.0,2-2,location2,0.169,中风险,0.068,低风险,0.287,中风险,0.36,高风险,0.222,中风险,0.238,中风险
738.0,2-2,location2,0.449,高风险,0.311,高风险,0.552,高风险,0.694,高风险,0.506,高风险,0.519,高风险
739.0,2-1,location2,0.136,中风险,0.055,低风险,0.23,中风险,0.288,中风险,0.178,中风险,0.191,中风险
740.0,2-2,location2,0.259,中风险,0.273,中风险,0.188,中风险,0.068,低风险,0.176,中风险,0.176,中风险
742.0,2-2,location2,0.0,低风险,0.0,低风险,0.0,低风险,0.0,低风险,0.0,低风险,0.0,低风险
743.0,2-1,location2,0.0,低风险,0.0,低风险,0.0,低风险,0.0,低风险,0.0,低风险,0.0,低风险
743.0,2-2,location2,0.073,低风险,0.037,低风险,0.112,中风险,0.132,中风险,0.088,低风险,0.094,低风险
744.0,2-2,location2,0.0,低风险,0.0,低风险,0.0,低风险,0.0,低风险,0.0,低风险,0.0,低风险
745.0,2-2,location2,0.053,低风险,0.056,低风险,0.038,低风险,0.014,低风险,0.036,低风险,0.036,低风险
746.0,2-1,location2,0.259,中风险,0.116,中风险,0.422,高风险,0.517,高风险,0.329,高风险,0.352,高风险
746.0,2-2,location2,0.461,高风险,0.318,高风险,0.583,高风险,0.597,高风险,0.476,高风险,0.5,高风险
749.0,2-2,location2,0.146,中风险,0.059,低风险,0.248,中风险,0.31,高风险,0.192,中风险,0.205,中风险
750.0,2-1,location2,0.28,中风险,0.112,中风险,0.474,高风险,0.593,高风险,0.367,高风险,0.393,高风险
750.0,2-2,location2,0.335,高风险,0.188,中风险,0.488,高风险,0.558,高风险,0.388,高风险,0.412,高风险
752.0,2-1,location2,0.128,中风险,0.051,低风险,0.216,中风险,0.271,中风险,0.168,中风险,0.179,中风险
752.0,2-2,location2,0.0,低风险,0.0,低风险,0.0,低风险,0.0,低风险,0.0,低风险,0.0,低风险
754.0,2-1,location2,0.393,高风险,0.291,中风险,0.458,高风险,0.534,高风险,0.417,高风险,0.428,高风险
755.0,2-1,location2,0.369,高风险,0.21,中风险,0.534,高风险,0.607,高风险,0.425,高风险,0.45,高风险
756.0,2-1,location2,0.037,低风险,0.015,低风险,0.062,低风险,0.078,低风险,0.048,低风险,0.052,低风险
757.0,2-1,location2,0.474,高风险,0.37,高风险,0.517,高风险,0.651,高风险,0.508,高风险,0.513,高风险
758.0,2-3,location2,0.017,低风险,0.018,低风险,0.013,低风险,0.005,低风险,0.012,低风险,0.012,低风险
759.0,2-1,location2,0.0,低风险,0.0,低风险,0.0,低风险,0.0,低风险,0.0,低风险,0.0,低风险
760.0,2-1,location2,0.055,低风险,0.022,低风险,0.094,低风险,0.118,中风险,0.073,低风险,0.078,低风险
760.0,2-2,location2,0.272,中风险,0.165,中风险,0.372,高风险,0.459,高风险,0.318,高风险,0.332,高风险
762.0,2-1,location2,0.219,中风险,0.103,低风险,0.347,高风险,0.435,高风险,0.278,中风险,0.295,中风险
763.0,2-1,location2,0.0,低风险,0.0,低风险,0.0,低风险,0.0,低风险,0.0,低风险,0.0,低风险
765.0,2-2,location2,0.288,中风险,0.141,中风险,0.451,高风险,0.539,高风险,0.354,高风险,0.377,高风险
766.0,2-2,location2,0.191,中风险,0.111,中风险,0.272,中风险,0.306,中风险,0.217,中风险,0.23,中风险
767.0,2-1,location2,0.0,低风险,0.0,低风险,0.0,低风险,0.0,低风险,0.0,低风险,0.0,低风险
768.0,2-1,location2,0.0,低风险,0.0,低风险,0.0,低风险,0.0,低风险,0.0,低风险,0.0,低风险
768.0,2-2,location2,0.207,中风险,0.11,低风险,0.307,中风险,0.385,高风险,0.254,中风险,0.267,中风险
769.0,2-1,location2,0.151,中风险,0.061,低风险,0.256,中风险,0.321,高风险,0.199,中风险,0.213,中风险
769.0,2-3,location2,0.0,低风险,0.0,低风险,0.0,低风险,0.0,低风险,0.0,低风险,0.0,低风险
770.0,2-1,location2,0.195,中风险,0.078,低风险,0.331,高风险,0.414,高风险,0.256,中风险,0.274,中风险
770.0,2-2,location2,0.308,中风险,0.167,中风险,0.451,高风险,0.566,高风险,0.376,高风险,0.395,高风险
770.0,2-3,location2,0.0,低风险,0.0,低风险,0.0,低风险,0.0,低风险,0.0,低风险,0.0,低风险
772.0,2-1,location2,0.161,中风险,0.065,低风险,0.273,中风险,0.342,高风险,0.212,中风险,0.227,中风险
772.0,2-2,location2,0.216,中风险,0.108,低风险,0.336,高风险,0.4,高风险,0.264,中风险,0.281,中风险
772.0,2-3,location2,0.089,低风险,0.04,低风险,0.144,中风险,0.181,中风险,0.114,中风险,0.122,中风险
773.0,2-1,location2,0.0,低风险,0.0,低风险,0.0,低风险,0.0,低风险,0.0,低风险,0.0,低风险
773.0,2-2,location2,0.149,中风险,0.06,低风险,0.253,中风险,0.316,高风险,0.196,中风险,0.21,中风险
774.0,2-1,location2,0.241,中风险,0.096,低风险,0.408,高风险,0.511,高风险,0.316,高风险,0.338,高风险
774.0,2-2,location2,0.19,中风险,0.112,中风险,0.266,中风险,0.334,高风险,0.227,中风险,0.237,中风险
775.0,2-2,location2,0.268,中风险,0.108,低风险,0.455,高风险,0.57,高风险,0.352,高风险,0.377,高风险
776.0,2-2,location2,0.246,中风险,0.101,低风险,0.412,高风险,0.513,高风险,0.319,高风险,0.342,高风险
778.0,2-1,location2,0.158,中风险,0.063,低风险,0.269,中风险,0.336,高风险,0.208,中风险,0.223,中风险
779.0,2-1,location2,0.0,低风险,0.0,低风险,0.0,低风险,0.0,低风险,0.0,低风险,0.0,低风险
779.0,2-2,location2,0.0,低风险,0.0,低风险,0.0,低风险,0.0,低风险,0.0,低风险,0.0,低风险
779.0,2-3,location2,0.175,中风险,0.085,低风险,0.275,中风险,0.329,高风险,0.216,中风险,0.23,中风险
780.0,2-1,location2,0.43,高风险,0.31,高风险,0.524,高风险,0.519,高风险,0.43,高风险,0.451,高风险
780.0,2-2,location2,0.184,中风险,0.076,低风险,0.307,中风险,0.385,高风险,0.239,中风险,0.256,中风险
780.0,2-3,location2,0.0,低风险,0.0,低风险,0.0,低风险,0.0,低风险,0.0,低风险,0.0,低风险
781.0,2-1,location2,0.544,高风险,0.386,高风险,0.655,高风险,0.824,高风险,0.607,高风险,0.621,高风险
781.0,2-3,location2,0.0,低风险,0.0,低风险,0.0,低风险,0.0,低风险,0.0,低风险,0.0,低风险
782.0,2-1,location2,0.0,低风险,0.0,低风险,0.0,低风险,0.0,低风险,0.0,低风险,0.0,低风险
782.0,2-2,location2,0.168,中风险,0.106,低风险,0.223,中风险,0.28,中风险,0.196,中风险,0.203,中风险
783.0,2-1,location2,0.0,低风险,0.0,低风险,0.0,低风险,0.0,低风险,0.0,低风险,0.0,低风险
783.0,2-2,location2,0.227,中风险,0.14,中风险,0.307,中风险,0.385,高风险,0.267,中风险,0.278,中风险
784.0,2-1,location2,0.096,低风险,0.101,低风险,0.07,低风险,0.025,低风险,0.065,低风险,0.065,低风险
786.0,2-1,location2,0.227,中风险,0.091,低风险,0.385,高风险,0.483,高风险,0.298,中风险,0.32,高风险
786.0,2-2,location2,0.084,低风险,0.034,低风险,0.143,中风险,0.179,中风险,0.111,中风险,0.119,中风险
786.0,2-3,location2,0.683,高风险,0.575,高风险,0.692,高风险,0.73,高风险,0.657,高风险,0.666,高风险
788.0,2-2,location2,0.0,低风险,0.0,低风险,0.0,低风险,0.0,低风险,0.0,低风险,0.0,低风险
789.0,2-1,location2,0.232,中风险,0.093,低风险,0.393,高风险,0.493,高风险,0.305,中风险,0.326,高风险
790.0,2-1,location2,0.0,低风险,0.0,低风险,0.0,低风险,0.0,低风险,0.0,低风险,0.0,低风险
790.0,2-2,location2,0.0,低风险,0.0,低风险,0.0,低风险,0.0,低风险,0.0,低风险,0.0,低风险
791.0,2-3,location2,0.0,低风险,0.0,低风险,0.0,低风险,0.0,低风险,0.0,低风险,0.0,低风险
792.0,2-1,location2,0.0,低风险,0.0,低风险,0.0,低风险,0.0,低风险,0.0,低风险,0.0,低风险
792.0,2-2,location2,0.113,中风险,0.045,低风险,0.191,中风险,0.239,中风险,0.148,中风险,0.159,中风险
792.0,2-3,location2,0.0,低风险,0.0,低风险,0.0,低风险,0.0,低风险,0.0,低风险,0.0,低风险
793.0,2-2,location2,0.0,低风险,0.0,低风险,0.0,低风险,0.0,低风险,0.0,低风险,0.0,低风险
793.0,2-3,location2,0.0,低风险,0.0,低风险,0.0,低风险,0.0,低风险,0.0,低风险,0.0,低风险
794.0,2-2,location2,0.0,低风险,0.0,低风险,0.0,低风险,0.0,低风险,0.0,低风险,0.0,低风险
795.0,2-2,location2,0.524,高风险,0.381,高风险,0.633,高风险,0.623,高风险,0.521,高风险,0.546,高风险
796.0,2-2,location2,0.227,中风险,0.164,中风险,0.275,中风险,0.295,中风险,0.235,中风险,0.244,中风险
797.0,2-1,location2,0.042,低风险,0.017,低风险,0.072,低风险,0.09,低风险,0.056,低风险,0.06,低风险
797.0,2-2,location2,0.034,低风险,0.036,低风险,0.025,低风险,0.009,低风险,0.023,低风险,0.023,低风险
797.0,2-3,location2,0.0,低风险,0.0,低风险,0.0,低风险,0.0,低风险,0.0,低风险,0.0,低风险
798.0,2-1,location2,0.0,低风险,0.0,低风险,0.0,低风险,0.0,低风险,0.0,低风险,0.0,低风险
799.0,2-1,location2,0.0,低风险,0.0,低风险,0.0,低风险,0.0,低风险,0.0,低风险,0.0,低风险
799.0,2-2,location2,0.373,高风险,0.201,中风险,0.55,高风险,0.69,高风险,0.457,高风险,0.48,高风险
799.0,2-3,location2,0.179,中风险,0.072,低风险,0.303,中风险,0.379,高风险,0.235,中风险,0.251,中风险
800.0,2-2,location2,0.342,高风险,0.137,中风险,0.579,高风险,0.725,高风险,0.449,高风险,0.481,高风险
800.0,2-3,location2,0.0,低风险,0.0,低风险,0.0,低风险,0.0,低风险,0.0,低风险,0.0,低风险
801.0,2-1,location2,0.0,低风险,0.0,低风险,0.0,低风险,0.0,低风险,0.0,低风险,0.0,低风险
801.0,2-2,location2,0.0,低风险,0.0,低风险,0.0,低风险,0.0,低风险,0.0,低风险,0.0,低风险
802.0,2-1,location2,0.0,低风险,0.0,低风险,0.0,低风险,0.0,低风险,0.0,低风险,0.0,低风险
802.0,2-2,location2,0.0,低风险,0.0,低风险,0.0,低风险,0.0,低风险,0.0,低风险,0.0,低风险
803.0,2-1,location2,0.031,低风险,0.032,低风险,0.022,低风险,0.008,低风险,0.021,低风险,0.021,低风险
803.0,2-2,location2,0.326,高风险,0.185,中风险,0.471,高风险,0.536,高风险,0.375,高风险,0.398,高风险
804.0,2-1,location2,0.089,低风险,0.036,低风险,0.152,中风险,0.19,中风险,0.117,中风险,0.126,中风险
804.0,2-2,location2,0.0,低风险,0.0,低风险,0.0,低风险,0.0,低风险,0.0,低风险,0.0,低风险
804.0,2-3,location2,0.279,中风险,0.112,中风险,0.473,高风险,0.593,高风险,0.367,高风险,0.393,高风险
805.0,2-1,location2,0.239,中风险,0.129,中风险,0.353,高风险,0.443,高风险,0.293,中风险,0.308,中风险
805.0,2-2,location2,0.141,中风险,0.078,低风险,0.205,中风险,0.257,中风险,0.171,中风险,0.18,中风险
806.0,2-1,location2,0.0,低风险,0.0,低风险,0.0,低风险,0.0,低风险,0.0,低风险,0.0,低风险
806.0,2-2,location2,0.288,中风险,0.143,中风险,0.443,高风险,0.556,高风险,0.36,高风险,0.381,高风险
806.0,2-3,location2,0.057,低风险,0.03,低风险,0.085,低风险,0.107,低风险,0.07,低风险,0.074,低风险
807.0,2-1,location2,0.079,低风险,0.032,低风险,0.134,中风险,0.167,中风险,0.103,低风险,0.111,中风险
807.0,2-2,location2,0.579,高风险,0.428,高风险,0.684,高风险,0.723,高风险,0.59,高风险,0.612,高风险
807.0,2-3,location2,0.0,低风险,0.0,低风险,0.0,低风险,0.0,低风险,0.0,低风险,0.0,低风险
808.0,2-1,location2,0.156,中风险,0.063,低风险,0.265,中风险,0.331,高风险,0.205,中风险,0.22,中风险
808.0,2-2,location2,0.546,高风险,0.386,高风险,0.658,高风险,0.828,高风险,0.61,高风险,0.624,高风险
809.0,2-1,location2,0.232,中风险,0.093,低风险,0.393,高风险,0.492,高风险,0.305,中风险,0.326,高风险
809.0,2-2,location2,0.0,低风险,0.0,低风险,0.0,低风险,0.0,低风险,0.0,低风险,0.0,低风险
809.0,2-3,location2,0.148,中风险,0.059,低风险,0.251,中风险,0.315,高风险,0.195,中风险,0.208,中风险
810.0,2-1,location2,0.072,低风险,0.029,低风险,0.122,中风险,0.153,中风险,0.095,低风险,0.101,低风险
811.0,2-1,location2,0.0,低风险,0.0,低风险,0.0,低风险,0.0,低风险,0.0,低风险,0.0,低风险
811.0,2-2,location2,0.0,低风险,0.0,低风险,0.0,低风险,0.0,低风险,0.0,低风险,0.0,低风险
811.0,2-3,location2,0.249,中风险,0.1,低风险,0.422,高风险,0.529,高风险,0.327,高风险,0.35,高风险
812.0,2-1,location2,0.106,低风险,0.042,低风险,0.179,中风险,0.224,中风险,0.139,中风险,0.149,中风险
812.0,2-2,location2,0.0,低风险,0.0,低风险,0.0,低风险,0.0,低风险,0.0,低风险,0.0,低风险
813.0,2-1,location2,0.0,低风险,0.0,低风险,0.0,低风险,0.0,低风险,0.0,低风险,0.0,低风险
814.0,2-2,location2,0.097,低风险,0.039,低风险,0.164,中风险,0.205,中风险,0.127,中风险,0.136,中风险
816.0,2-1,location2,0.249,中风险,0.159,中风险,0.329,高风险,0.413,高风险,0.29,中风险,0.3,中风险
816.0,2-2,location2,0.0,低风险,0.0,低风险,0.0,低风险,0.0,低风险,0.0,低风险,0.0,低风险
817.0,2-1,location2,0.0,低风险,0.0,低风险,0.0,低风险,0.0,低风险,0.0,低风险,0.0,低风险
817.0,2-2,location2,0.087,低风险,0.035,低风险,0.147,中风险,0.184,中风险,0.114,中风险,0.122,中风险
817.0,2-3,location2,0.278,中风险,0.111,中风险,0.471,高风险,0.59,高风险,0.365,高风险,0.391,高风险
818.0,2-1,location2,0.274,中风险,0.288,中风险,0.199,中风险,0.072,低风险,0.186,中风险,0.186,中风险
819.0,2-1,location2,0.201,中风险,0.08,低风险,0.341,高风险,0.426,高风险,0.264,中风险,0.282,中风险
819.0,2-3,location2,0.0,低风险,0.0,低风险,0.0,低风险,0.0,低风险,0.0,低风险,0.0,低风险
820.0,2-3,location2,0.0,低风险,0.0,低风险,0.0,低风险,0.0,低风险,0.0,低风险,0.0,低风险
823.0,2-1,location2,0.354,高风险,0.262,中风险,0.418,高风险,0.434,高风险,0.357,高风险,0.371,高风险
823.0,2-2,location2,0.297,中风险,0.119,中风险,0.504,高风险,0.631,高风险,0.39,高风险,0.418,高风险
823.0,2-3,location2,0.154,中风险,0.062,低风险,0.26,中风险,0.326,高风险,0.202,中风险,0.216,中风险
824.0,2-1,location2,0.294,中风险,0.159,中风险,0.431,高风险,0.541,高风险,0.359,高风险,0.377,高风险
825.0,2-3,location2,0.137,中风险,0.055,低风险,0.232,中风险,0.29,中风险,0.18,中风险,0.192,中风险
826.0,2-1,location2,0.171,中风险,0.069,低风险,0.291,中风险,0.364,高风险,0.225,中风险,0.241,中风险
826.0,2-3,location2,0.275,中风险,0.29,中风险,0.2,中风险,0.072,低风险,0.187,中风险,0.187,中风险
827.0,2-1,location2,0.219,中风险,0.088,低风险,0.371,高风险,0.465,高风险,0.287,中风险,0.308,中风险
827.0,2-2,location2,0.139,中风险,0.056,低风险,0.236,中风险,0.295,中风险,0.182,中风险,0.195,中风险
828.0,2-2,location2,0.0,低风险,0.0,低风险,0.0,低风险,0.0,低风险,0.0,低风险,0.0,低风险
829.0,2-1,location2,0.0,低风险,0.0,低风险,0.0,低风险,0.0,低风险,0.0,低风险,0.0,低风险
830.0,2-3,location2,0.05,低风险,0.053,低风险,0.036,低风险,0.013,低风险,0.034,低风险,0.034,低风险
831.0,2-3,location2,0.0,低风险,0.0,低风险,0.0,低风险,0.0,低风险,0.0,低风险,0.0,低风险
832.0,2-1,location2,0.0,低风险,0.0,低风险,0.0,低风险,0.0,低风险,0.0,低风险,0.0,低风险
833.0,2-1,location2,0.0,低风险,0.0,低风险,0.0,低风险,0.0,低风险,0.0,低风险,0.0,低风险
834.0,2-1,location2,0.149,中风险,0.06,低风险,0.253,中风险,0.317,高风险,0.196,中风险,0.21,中风险
834.0,2-2,location2,0.025,低风险,0.026,低风险,0.018,低风险,0.006,低风险,0.017,低风险,0.017,低风险
835.0,2-1,location2,0.242,中风险,0.097,低风险,0.41,高风险,0.513,高风险,0.317,高风险,0.34,高风险
836.0,2-3,location2,0.196,中风险,0.078,低风险,0.332,高风险,0.416,高风险,0.257,中风险,0.275,中风险
837.0,2-1,location2,0.049,低风险,0.02,低风险,0.084,低风险,0.105,低风险,0.065,低风险,0.07,低风险
837.0,2-2,location2,0.08,低风险,0.032,低风险,0.135,中风险,0.169,中风险,0.105,低风险,0.112,中风险
839.0,2-1,location2,0.0,低风险,0.0,低风险,0.0,低风险,0.0,低风险,0.0,低风险,0.0,低风险
839.0,2-2,location2,0.116,中风险,0.046,低风险,0.196,中风险,0.246,中风险,0.152,中风险,0.163,中风险
839.0,2-3,location2,0.113,中风险,0.045,低风险,0.192,中风险,0.241,中风险,0.149,中风险,0.16,中风险
840.0,2-1,location2,0.135,中风险,0.054,低风险,0.229,中风险,0.287,中风险,0.178,中风险,0.19,中风险
840.0,2-2,location2,0.0,低风险,0.0,低风险,0.0,低风险,0.0,低风险,0.0,低风险,0.0,低风险
841.0,2-1,location2,0.052,低风险,0.055,低风险,0.038,低风险,0.014,低风险,0.035,低风险,0.035,低风险
841.0,2-2,location2,0.151,中风险,0.061,低风险,0.257,中风险,0.322,高风险,0.199,中风险,0.213,中风险
842.0,2-1,location2,0.0,低风险,0.0,低风险,0.0,低风险,0.0,低风险,0.0,低风险,0.0,低风险
844.0,2-1,location2,0.267,中风险,0.107,低风险,0.453,高风险,0.567,高风险,0.351,高风险,0.375,高风险
845.0,2-1,location2,0.243,中风险,0.133,中风险,0.356,高风险,0.446,高风险,0.297,中风险,0.312,高风险
845.0,2-3,location2,0.355,高风险,0.238,中风险,0.461,高风险,0.483,高风险,0.374,高风险,0.394,高风险
846.0,2-3,location2,0.133,中风险,0.091,低风险,0.166,中风险,0.209,中风险,0.151,中风险,0.155,中风险
848.0,2-1,location2,0.259,中风险,0.163,中风险,0.345,高风险,0.433,高风险,0.302,中风险,0.314,高风险
849.0,2-1,location2,0.0,低风险,0.0,低风险,0.0,低风险,0.0,低风险,0.0,低风险,0.0,低风险
849.0,2-2,location2,0.113,中风险,0.045,低风险,0.191,中风险,0.239,中风险,0.148,中风险,0.159,中风险
849.0,2-3,location2,0.322,高风险,0.275,中风险,0.33,高风险,0.268,中风险,0.282,中风险,0.291,中风险
850.0,2-1,location2,0.183,中风险,0.073,低风险,0.31,高风险,0.388,高风险,0.24,中风险,0.257,中风险
851.0,2-1,location2,0.128,中风险,0.051,低风险,0.217,中风险,0.272,中风险,0.168,中风险,0.18,中风险
851.0,2-3,location2,0.0,低风险,0.0,低风险,0.0,低风险,0.0,低风险,0.0,低风险,0.0,低风险
852.0,2-1,location2,0.132,中风险,0.059,低风险,0.215,中风险,0.27,中风险,0.17,中风险,0.181,中风险
853.0,2-1,location2,0.0,低风险,0.0,低风险,0.0,低风险,0.0,低风险,0.0,低风险,0.0,低风险
853.0,2-3,location2,0.204,中风险,0.082,低风险,0.347,高风险,0.434,高风险,0.268,中风险,0.288,中风险
854.0,2-1,location2,0.0,低风险,0.0,低风险,0.0,低风险,0.0,低风险,0.0,低风险,0.0,低风险
854.0,2-2,location2,0.0,低风险,0.0,低风险,0.0,低风险,0.0,低风险,0.0,低风险,0.0,低风险
855.0,2-1,location2,0.195,中风险,0.078,低风险,0.33,高风险,0.414,高风险,0.256,中风险,0.274,中风险
855.0,2-3,location2,0.0,低风险,0.0,低风险,0.0,低风险,0.0,低风险,0.0,低风险,0.0,低风险
856.0,2-1,location2,0.253,中风险,0.101,低风险,0.428,高风险,0.537,高风险,0.332,高风险,0.355,高风险
856.0,2-2,location2,0.154,中风险,0.075,低风险,0.239,中风险,0.3,中风险,0.193,中风险,0.205,中风险
856.0,2-3,location2,0.082,低风险,0.033,低风险,0.14,中风险,0.175,中风险,0.108,低风险,0.116,中风险
857.0,2-2,location2,0.061,低风险,0.024,低风险,0.103,低风险,0.129,中风险,0.08,低风险,0.085,低风险
859.0,2-2,location2,0.0,低风险,0.0,低风险,0.0,低风险,0.0,低风险,0.0,低风险,0.0,低风险
860.0,2-2,location2,0.014,低风险,0.015,低风险,0.01,低风险,0.004,低风险,0.01,低风险,0.01,低风险
860.0,2-3,location2,0.0,低风险,0.0,低风险,0.0,低风险,0.0,低风险,0.0,低风险,0.0,低风险
861.0,2-1,location2,0.138,中风险,0.055,低风险,0.234,中风险,0.293,中风险,0.181,中风险,0.194,中风险
861.0,2-2,location2,0.0,低风险,0.0,低风险,0.0,低风险,0.0,低风险,0.0,低风险,0.0,低风险
862.0,2-2,location2,0.0,低风险,0.0,低风险,0.0,低风险,0.0,低风险,0.0,低风险,0.0,低风险
863.0,2-2,location2,0.252,中风险,0.101,低风险,0.427,高风险,0.534,高风险,0.33,高风险,0.354,高风险
864.0,2-2,location2,0.278,中风险,0.122,中风险,0.454,高风险,0.569,高风险,0.358,高风险,0.382,高风险
865.0,2-2,location2,0.063,低风险,0.025,低风险,0.107,低风险,0.135,中风险,0.083,低风险,0.089,低风险
865.0,2-3,location2,0.268,中风险,0.282,中风险,0.194,中风险,0.07,低风险,0.182,中风险,0.182,中风险
866.0,2-2,location2,0.089,低风险,0.036,低风险,0.151,中风险,0.189,中风险,0.117,中风险,0.125,中风险
870.0,2-3,location2,0.482,高风险,0.35,高风险,0.566,高风险,0.713,高风险,0.532,高风险,0.543,高风险
871.0,2-1,location2,0.0,低风险,0.0,低风险,0.0,低风险,0.0,低风险,0.0,低风险,0.0,低风险
874.0,2-3,location2,0.372,高风险,0.234,中风险,0.504,高风险,0.547,高风险,0.406,高风险,0.429,高风险
876.0,2-1,location2,0.034,低风险,0.036,低风险,0.025,低风险,0.009,低风险,0.023,低风险,0.023,低风险
876.0,2-3,location2,0.304,中风险,0.32,高风险,0.221,中风险,0.08,低风险,0.207,中风险,0.207,中风险
878.0,2-1,location2,0.024,低风险,0.025,低风险,0.017,低风险,0.006,低风险,0.016,低风险,0.016,低风险
878.0,2-3,location2,0.687,高风险,0.53,高风险,0.757,高风险,0.954,高风险,0.739,高风险,0.747,高风险
879.0,2-1,location2,0.209,中风险,0.084,低风险,0.355,高风险,0.444,高风险,0.275,中风险,0.294,中风险
880.0,2-2,location2,0.246,中风险,0.128,中风险,0.37,高风险,0.464,高风险,0.304,中风险,0.321,高风险
881.0,2-3,location2,0.0,低风险,0.0,低风险,0.0,低风险,0.0,低风险,0.0,低风险,0.0,低风险
882.0,2-1,location2,0.123,中风险,0.049,低风险,0.209,中风险,0.261,中风险,0.162,中风险,0.173,中风险
882.0,2-2,location2,0.0,低风险,0.0,低风险,0.0,低风险,0.0,低风险,0.0,低风险,0.0,低风险
883.0,2-3,location2,0.06,低风险,0.024,低风险,0.102,低风险,0.128,中风险,0.079,低风险,0.085,低风险
884.0,2-1,location2,0.162,中风险,0.065,低风险,0.275,中风险,0.344,高风险,0.213,中风险,0.228,中风险
884.0,2-3,location2,0.208,中风险,0.083,低风险,0.353,高风险,0.442,高风险,0.273,中风险,0.293,中风险
886.0,2-1,location2,0.0,低风险,0.0,低风险,0.0,低风险,0.0,低风险,0.0,低风险,0.0,低风险
886.0,2-2,location2,0.0,低风险,0.0,低风险,0.0,低风险,0.0,低风险,0.0,低风险,0.0,低风险
887.0,2-2,location2,0.17,中风险,0.068,低风险,0.289,中风险,0.361,高风险,0.223,中风险,0.239,中风险
888.0,2-2,location2,0.0,低风险,0.0,低风险,0.0,低风险,0.0,低风险,0.0,低风险,0.0,低风险
890.0,2-2,location2,0.0,低风险,0.0,低风险,0.0,低风险,0.0,低风险,0.0,低风险,0.0,低风险
891.0,2-2,location2,0.0,低风险,0.0,低风险,0.0,低风险,0.0,低风险,0.0,低风险,0.0,低风险
892.0,2-2,location2,0.0,低风险,0.0,低风险,0.0,低风险,0.0,低风险,0.0,低风险,0.0,低风险
892.0,2-3,location2,0.0,低风险,0.0,低风险,0.0,低风险,0.0,低风险,0.0,低风险,0.0,低风险
893.0,2-1,location2,0.0,低风险,0.0,低风险,0.0,低风险,0.0,低风险,0.0,低风险,0.0,低风险
893.0,2-2,location2,0.269,中风险,0.108,低风险,0.456,高风险,0.571,高风险,0.353,高风险,0.379,高风险
893.0,2-3,location2,0.0,低风险,0.0,低风险,0.0,低风险,0.0,低风险,0.0,低风险,0.0,低风险
894.0,2-2,location2,0.171,中风险,0.068,低风险,0.289,中风险,0.362,高风险,0.224,中风险,0.24,中风险
895.0,2-1,location2,0.144,中风险,0.151,中风险,0.104,低风险,0.038,低风险,0.098,低风险,0.098,低风险
895.0,2-2,location2,0.0,低风险,0.0,低风险,0.0,低风险,0.0,低风险,0.0,低风险,0.0,低风险
895.0,2-3,location2,0.0,低风险,0.0,低风险,0.0,低风险,0.0,低风险,0.0,低风险,0.0,低风险
898.0,2-1,location2,0.0,低风险,0.0,低风险,0.0,低风险,0.0,低风险,0.0,低风险,0.0,低风险
898.0,2-2,location2,0.0,低风险,0.0,低风险,0.0,低风险,0.0,低风险,0.0,低风险,0.0,低风险
899.0,2-2,location2,0.212,中风险,0.128,中风险,0.292,中风险,0.367,高风险,0.252,中风险,0.262,中风险
900.0,2-2,location2,0.097,低风险,0.039,低风险,0.164,中风险,0.205,中风险,0.127,中风险,0.136,中风险
901.0,2-2,location2,0.0,低风险,0.0,低风险,0.0,低风险,0.0,低风险,0.0,低风险,0.0,低风险
902.0,2-1,location2,0.17,中风险,0.068,低风险,0.289,中风险,0.361,高风险,0.223,中风险,0.239,中风险
902.0,2-2,location2,0.191,中风险,0.077,低风险,0.324,高风险,0.406,高风险,0.251,中风险,0.269,中风险
903.0,2-3,location2,0.0,低风险,0.0,低风险,0.0,低风险,0.0,低风险,0.0,低风险,0.0,低风险
904.0,2-2,location2,0.0,低风险,0.0,低风险,0.0,低风险,0.0,低风险,0.0,低风险,0.0,低风险
905.0,2-2,location2,0.165,中风险,0.116,中风险,0.205,中风险,0.206,中风险,0.167,中风险,0.176,中风险
907.0,2-2,location2,0.262,中风险,0.105,低风险,0.444,高风险,0.557,高风险,0.344,高风险,0.369,高风险
908.0,2-2,location2,0.0,低风险,0.0,低风险,0.0,低风险,0.0,低风险,0.0,低风险,0.0,低风险
910.0,2-2,location2,0.116,中风险,0.047,低风险,0.197,中风险,0.247,中风险,0.153,中风险,0.164,中风险
912.0,2-1,location2,0.219,中风险,0.088,低风险,0.371,高风险,0.464,高风险,0.287,中风险,0.307,中风险
912.0,2-2,location2,0.0,低风险,0.0,低风险,0.0,低风险,0.0,低风险,0.0,低风险,0.0,低风险
913.0,2-2,location2,0.0,低风险,0.0,低风险,0.0,低风险,0.0,低风险,0.0,低风险,0.0,低风险
913.0,2-3,location2,0.059,低风险,0.041,低风险,0.075,低风险,0.076,低风险,0.061,低风险,0.064,低风险
914.0,2-1,location2,0.205,中风险,0.082,低风险,0.347,高风险,0.435,高风险,0.269,中风险,0.288,中风险
914.0,2-2,location2,0.221,中风险,0.128,中风险,0.312,高风险,0.392,高风险,0.265,中风险,0.277,中风险
915.0,2-1,location2,0.01,低风险,0.01,低风险,0.007,低风险,0.003,低风险,0.007,低风险,0.007,低风险
915.0,2-2,location2,0.105,低风险,0.042,低风险,0.177,中风险,0.222,中风险,0.137,中风险,0.147,中风险
916.0,2-2,location2,0.254,中风险,0.102,低风险,0.431,高风险,0.539,高风险,0.333,高风险,0.357,高风险
917.0,2-2,location2,0.123,中风险,0.129,中风险,0.089,低风险,0.032,低风险,0.083,低风险,0.083,低风险
918.0,2-2,location2,0.056,低风险,0.023,低风险,0.095,低风险,0.119,中风险,0.073,低风险,0.079,低风险
918.0,2-3,location2,0.0,低风险,0.0,低风险,0.0,低风险,0.0,低风险,0.0,低风险,0.0,低风险
919.0,2-2,location2,0.265,中风险,0.106,低风险,0.449,高风险,0.562,高风险,0.348,高风险,0.372,高风险
919.0,2-3,location2,0.0,低风险,0.0,低风险,0.0,低风险,0.0,低风险,0.0,低风险,0.0,低风险
920.0,2-1,location2,0.082,低风险,0.033,低风险,0.139,中风险,0.174,中风险,0.107,低风险,0.115,中风险
920.0,2-2,location2,0.402,高风险,0.252,中风险,0.547,高风险,0.596,高风险,0.44,高风险,0.465,高风险
920.0,2-3,location2,0.175,中风险,0.087,低风险,0.27,中风险,0.339,高风险,0.219,中风险,0.232,中风险
922.0,2-2,location2,0.0,低风险,0.0,低风险,0.0,低风险,0.0,低风险,0.0,低风险,0.0,低风险
923.0,2-1,location2,0.483,高风险,0.359,高风险,0.573,高风险,0.553,高风险,0.473,高风险,0.495,高风险
923.0,2-2,location2,0.277,中风险,0.199,中风险,0.334,高风险,0.365,高风险,0.289,中风险,0.299,中风险
924.0,2-1,location2,0.087,低风险,0.035,低风险,0.148,中风险,0.185,中风险,0.115,中风险,0.123,中风险
924.0,2-2,location2,0.225,中风险,0.09,低风险,0.381,高风险,0.477,高风险,0.295,中风险,0.316,高风险
924.0,2-3,location2,0.0,低风险,0.0,低风险,0.0,低风险,0.0,低风险,0.0,低风险,0.0,低风险
925.0,2-1,location2,0.314,高风险,0.219,中风险,0.385,高风险,0.484,高风险,0.353,高风险,0.362,高风险
925.0,2-2,location2,0.0,低风险,0.0,低风险,0.0,低风险,0.0,低风险,0.0,低风险,0.0,低风险
926.0,2-1,location2,0.195,中风险,0.078,低风险,0.33,高风险,0.414,高风险,0.256,中风险,0.274,中风险
927.0,2-1,location2,0.0,低风险,0.0,低风险,0.0,低风险,0.0,低风险,0.0,低风险,0.0,低风险
928.0,2-2,location2,0.29,中风险,0.2,中风险,0.365,高风险,0.4,高风险,0.308,中风险,0.321,高风险
929.0,2-1,location2,0.765,高风险,0.647,高风险,0.771,高风险,0.802,高风险,0.73,高风险,0.74,高风险
930.0,2-1,location2,0.105,低风险,0.042,低风险,0.178,中风险,0.223,中风险,0.138,中风险,0.148,中风险
931.0,2-1,location2,0.467,高风险,0.344,高风险,0.546,高风险,0.659,高风险,0.505,高风险,0.516,高风险
933.0,2-1,location2,0.562,高风险,0.43,高风险,0.625,高风险,0.787,高风险,0.606,高风险,0.614,高风险
933.0,2-2,location2,0.249,中风险,0.1,低风险,0.422,高风险,0.528,高风险,0.327,高风险,0.35,高风险
935.0,2-1,location2,0.198,中风险,0.079,低风险,0.335,高风险,0.42,高风险,0.26,中风险,0.278,中风险
935.0,2-2,location2,0.109,低风险,0.044,低风险,0.185,中风险,0.231,中风险,0.143,中风险,0.153,中风险
936.0,2-1,location2,0.449,高风险,0.31,中风险,0.554,高风险,0.697,高风险,0.507,高风险,0.52,高风险
936.0,2-2,location2,0.269,中风险,0.108,低风险,0.457,高风险,0.572,高风险,0.354,高风险,0.379,高风险
937.0,2-2,location2,0.2,中风险,0.122,中风险,0.277,中风险,0.305,中风险,0.222,中风险,0.235,中风险
938.0,2-2,location2,0.422,高风险,0.253,中风险,0.59,高风险,0.655,高风险,0.472,高风险,0.499,高风险
942.0,2-2,location2,0.0,低风险,0.0,低风险,0.0,低风险,0.0,低风险,0.0,低风险,0.0,低风险
945.0,2-1,location2,0.0,低风险,0.0,低风险,0.0,低风险,0.0,低风险,0.0,低风险,0.0,低风险
945.0,2-2,location2,0.066,低风险,0.026,低风险,0.111,中风险,0.139,中风险,0.086,低风险,0.092,低风险
946.0,2-1,location2,0.07,低风险,0.028,低风险,0.12,中风险,0.15,中风险,0.093,低风险,0.099,低风险
946.0,2-2,location2,0.217,中风险,0.087,低风险,0.368,高风险,0.46,高风险,0.285,中风险,0.305,中风险
947.0,2-2,location2,0.124,中风险,0.05,低风险,0.21,中风险,0.263,中风险,0.163,中风险,0.174,中风险
948.0,2-2,location2,0.389,高风险,0.241,中风险,0.532,高风险,0.582,高风险,0.428,高风险,0.452,高风险
948.0,2-3,location2,0.0,低风险,0.0,低风险,0.0,低风险,0.0,低风险,0.0,低风险,0.0,低风险
951.0,2-1,location2,0.0,低风险,0.0,低风险,0.0,低风险,0.0,低风险,0.0,低风险,0.0,低风险
952.0,2-1,location2,0.138,中风险,0.055,低风险,0.235,中风险,0.294,中风险,0.182,中风险,0.195,中风险
953.0,2-2,location2,0.411,高风险,0.289,中风险,0.498,高风险,0.626,高风险,0.46,高风险,0.471,高风险
954.0,2-1,location2,0.143,中风险,0.151,中风险,0.104,低风险,0.038,低风险,0.097,低风险,0.098,低风险
955.0,2-1,location2,0.21,中风险,0.084,低风险,0.356,高风险,0.446,高风险,0.276,中风险,0.295,中风险
955.0,2-3,location2,0.164,中风险,0.074,低风险,0.265,中风险,0.323,高风险,0.206,中风险,0.221,中风险
956.0,2-2,location2,0.132,中风险,0.053,低风险,0.223,中风险,0.28,中风险,0.173,中风险,0.185,中风险
958.0,2-2,location2,0.119,中风险,0.048,低风险,0.202,中风险,0.253,中风险,0.156,中风险,0.167,中风险
959.0,2-1,location2,0.0,低风险,0.0,低风险,0.0,低风险,0.0,低风险,0.0,低风险,0.0,低风险
960.0,2-1,location2,0.248,中风险,0.121,中风险,0.388,高风险,0.464,高风险,0.304,中风险,0.324,高风险
961.0,2-1,location2,0.0,低风险,0.0,低风险,0.0,低风险,0.0,低风险,0.0,低风险,0.0,低风险
963.0,2-3,location2,0.18,中风险,0.072,低风险,0.305,中风险,0.382,高风险,0.236,中风险,0.253,中风险
965.0,2-2,location2,0.136,中风险,0.098,低风险,0.162,中风险,0.204,中风险,0.151,中风险,0.155,中风险
966.0,2-3,location2,0.0,低风险,0.0,低风险,0.0,低风险,0.0,低风险,0.0,低风险,0.0,低风险
967.0,2-3,location2,0.178,中风险,0.071,低风险,0.302,中风险,0.378,高风险,0.234,中风险,0.25,中风险
970.0,2-1,location2,0.0,低风险,0.0,低风险,0.0,低风险,0.0,低风险,0.0,低风险,0.0,低风险
970.0,2-2,location2,0.113,中风险,0.045,低风险,0.191,中风险,0.239,中风险,0.148,中风险,0.158,中风险
971.0,2-1,location2,0.258,中风险,0.103,低风险,0.438,高风险,0.548,高风险,0.339,高风险,0.363,高风险
972.0,2-1,location2,0.16,中风险,0.064,低风险,0.271,中风险,0.34,高风险,0.21,中风险,0.225,中风险
973.0,2-1,location2,0.0,低风险,0.0,低风险,0.0,低风险,0.0,低风险,0.0,低风险,0.0,低风险
974.0,2-1,location2,0.0,低风险,0.0,低风险,0.0,低风险,0.0,低风险,0.0,低风险,0.0,低风险
975.0,2-1,location2,0.0,低风险,0.0,低风险,0.0,低风险,0.0,低风险,0.0,低风险,0.0,低风险
975.0,2-2,location2,0.045,低风险,0.047,低风险,0.033,低风险,0.012,低风险,0.03,低风险,0.03,低风险
975.0,2-3,location2,0.0,低风险,0.0,低风险,0.0,低风险,0.0,低风险,0.0,低风险,0.0,低风险
976.0,2-1,location2,0.0,低风险,0.0,低风险,0.0,低风险,0.0,低风险,0.0,低风险,0.0,低风险
976.0,2-2,location2,0.058,低风险,0.023,低风险,0.099,低风险,0.124,中风险,0.077,低风险,0.082,低风险
977.0,2-1,location2,0.043,低风险,0.017,低风险,0.072,低风险,0.09,低风险,0.056,低风险,0.06,低风险
977.0,2-2,location2,0.0,低风险,0.0,低风险,0.0,低风险,0.0,低风险,0.0,低风险,0.0,低风险
978.0,2-1,location2,0.0,低风险,0.0,低风险,0.0,低风险,0.0,低风险,0.0,低风险,0.0,低风险
979.0,2-1,location2,0.0,低风险,0.0,低风险,0.0,低风险,0.0,低风险,0.0,低风险,0.0,低风险
979.0,2-2,location2,0.0,低风险,0.0,低风险,0.0,低风险,0.0,低风险,0.0,低风险,0.0,低风险
979.0,2-3,location2,0.0,低风险,0.0,低风险,0.0,低风险,0.0,低风险,0.0,低风险,0.0,低风险
980.0,2-1,location2,0.128,中风险,0.055,低风险,0.211,中风险,0.264,中风险,0.165,中风险,0.177,中风险
980.0,2-3,location2,0.037,低风险,0.015,低风险,0.063,低风险,0.079,低风险,0.049,低风险,0.053,低风险
981.0,2-1,location2,0.188,中风险,0.075,低风险,0.319,高风险,0.399,高风险,0.247,中风险,0.265,中风险
982.0,2-2,location2,0.215,中风险,0.086,低风险,0.364,高风险,0.456,高风险,0.282,中风险,0.302,中风险
983.0,2-1,location2,0.048,低风险,0.019,低风险,0.081,低风险,0.101,低风险,0.062,低风险,0.067,低风险
983.0,2-2,location2,0.0,低风险,0.0,低风险,0.0,低风险,0.0,低风险,0.0,低风险,0.0,低风险
983.0,2-3,location2,0.0,低风险,0.0,低风险,0.0,低风险,0.0,低风险,0.0,低风险,0.0,低风险
984.0,2-1,location2,0.192,中风险,0.147,中风险,0.221,中风险,0.207,中风险,0.184,中风险,0.192,中风险
984.0,2-2,location2,0.171,中风险,0.18,中风险,0.124,中风险,0.045,低风险,0.116,中风险,0.116,中风险
984.0,2-3,location2,0.338,高风险,0.262,中风险,0.384,高风险,0.355,高风险,0.321,高风险,0.334,高风险
986.0,2-1,location2,0.235,中风险,0.199,中风险,0.242,中风险,0.198,中风险,0.206,中风险,0.213,中风险
987.0,2-1,location2,0.169,中风险,0.1,低风险,0.235,中风险,0.294,中风险,0.201,中风险,0.21,中风险
988.0,2-1,location2,0.273,中风险,0.287,中风险,0.198,中风险,0.071,低风险,0.185,中风险,0.186,中风险
989.0,2-2,location2,0.079,低风险,0.083,低风险,0.058,低风险,0.021,低风险,0.054,低风险,0.054,低风险
991.0,2-1,location2,0.267,中风险,0.107,低风险,0.453,高风险,0.567,高风险,0.351,高风险,0.376,高风险
992.0,2-1,location2,0.117,中风险,0.047,低风险,0.199,中风险,0.249,中风险,0.154,中风险,0.165,中风险
992.0,2-3,location2,0.0,低风险,0.0,低风险,0.0,低风险,0.0,低风险,0.0,低风险,0.0,低风险
993.0,2-1,location2,0.0,低风险,0.0,低风险,0.0,低风险,0.0,低风险,0.0,低风险,0.0,低风险
993.0,2-2,location2,0.0,低风险,0.0,低风险,0.0,低风险,0.0,低风险,0.0,低风险,0.0,低风险
993.0,2-3,location2,0.0,低风险,0.0,低风险,0.0,低风险,0.0,低风险,0.0,低风险,0.0,低风险
995.0,2-1,location2,0.0,低风险,0.0,低风险,0.0,低风险,0.0,低风险,0.0,低风险,0.0,低风险
995.0,2-2,location2,0.048,低风险,0.05,低风险,0.035,低风险,0.012,低风险,0.032,低风险,0.032,低风险
995.0,2-3,location2,0.0,低风险,0.0,低风险,0.0,低风险,0.0,低风险,0.0,低风险,0.0,低风险
996.0,2-2,location2,0.201,中风险,0.081,低风险,0.341,高风险,0.427,高风险,0.264,中风险,0.283,中风险
1000.0,2-1,location2,0.0,低风险,0.0,低风险,0.0,低风险,0.0,低风险,0.0,低风险,0.0,低风险
1000.0,2-2,location2,0.347,高风险,0.214,中风险,0.471,高风险,0.563,高风险,0.398,高风险,0.416,高风险
1001.0,2-1,location2,0.233,中风险,0.093,低风险,0.395,高风险,0.494,高风险,0.306,中风险,0.328,高风险
1002.0,2-2,location2,0.233,中风险,0.093,低风险,0.394,高风险,0.494,高风险,0.305,中风险,0.327,高风险
1003.0,2-3,location2,0.137,中风险,0.057,低风险,0.23,中风险,0.288,中风险,0.179,中风险,0.191,中风险
1004.0,2-2,location2,0.32,高风险,0.183,中风险,0.455,高风险,0.571,高风险,0.385,高风险,0.403,高风险
1005.0,2-2,location2,0.258,中风险,0.103,低风险,0.437,高风险,0.547,高风险,0.338,高风险,0.363,高风险
1005.0,2-3,location2,0.123,中风险,0.049,低风险,0.208,中风险,0.261,中风险,0.161,中风险,0.173,中风险
1006.0,2-3,location2,0.165,中风险,0.066,低风险,0.279,中风险,0.35,高风险,0.216,中风险,0.232,中风险
1007.0,2-2,location2,0.27,中风险,0.222,中风险,0.288,中风险,0.247,中风险,0.243,中风险,0.252,中风险
1007.0,2-3,location2,0.0,低风险,0.0,低风险,0.0,低风险,0.0,低风险,0.0,低风险,0.0,低风险
1008.0,2-2,location2,0.207,中风险,0.109,低风险,0.31,中风险,0.388,高风险,0.255,中风险,0.269,中风险
1011.0,2-2,location2,0.525,高风险,0.352,高风险,0.676,高风险,0.744,高风险,0.565,高风险,0.591,高风险
1011.0,2-3,location2,0.0,低风险,0.0,低风险,0.0,低风险,0.0,低风险,0.0,低风险,0.0,低风险
1012.0,2-1,location2,0.0,低风险,0.0,低风险,0.0,低风险,0.0,低风险,0.0,低风险,0.0,低风险
1012.0,2-3,location2,0.131,中风险,0.053,低风险,0.222,中风险,0.278,中风险,0.172,中风险,0.184,中风险
1013.0,2-1,location2,0.093,低风险,0.037,低风险,0.158,中风险,0.198,中风险,0.122,中风险,0.131,中风险
1013.0,2-2,location2,0.514,高风险,0.335,高风险,0.665,高风险,0.836,高风险,0.592,高风险,0.612,高风险
1015.0,2-1,location2,0.129,中风险,0.052,低风险,0.219,中风险,0.275,中风险,0.17,中风险,0.182,中风险
1015.0,2-2,location2,0.0,低风险,0.0,低风险,0.0,低风险,0.0,低风险,0.0,低风险,0.0,低风险
1015.0,2-3,location2,0.0,低风险,0.0,低风险,0.0,低风险,0.0,低风险,0.0,低风险,0.0,低风险
1017.0,2-2,location2,0.107,低风险,0.043,低风险,0.181,中风险,0.227,中风险,0.14,中风险,0.15,中风险
1018.0,2-1,location2,0.287,中风险,0.115,中风险,0.487,高风险,0.61,高风险,0.377,高风险,0.404,高风险
1018.0,2-2,location2,0.136,中风险,0.054,低风险,0.23,中风险,0.289,中风险,0.178,中风险,0.191,中风险
1019.0,2-3,location2,0.328,高风险,0.276,中风险,0.338,高风险,0.308,中风险,0.299,中风险,0.307,中风险
1020.0,2-1,location2,0.416,高风险,0.26,中风险,0.556,高风险,0.698,高风险,0.486,高风险,0.505,高风险
1020.0,2-2,location2,0.234,中风险,0.094,低风险,0.396,高风险,0.496,高风险,0.307,中风险,0.329,高风险
1020.0,2-3,location2,0.062,低风险,0.065,低风险,0.045,低风险,0.016,低风险,0.042,低风险,0.042,低风险
1021.0,2-2,location2,0.107,低风险,0.113,中风险,0.078,低风险,0.028,低风险,0.073,低风险,0.073,低风险
1022.0,2-2,location2,0.249,中风险,0.1,低风险,0.422,高风险,0.529,高风险,0.327,高风险,0.35,高风险
1022.0,2-3,location2,0.517,高风险,0.353,高风险,0.644,高风险,0.809,高风险,0.586,高风险,0.602,高风险
1023.0,2-3,location2,0.139,中风险,0.056,低风险,0.235,中风险,0.294,中风险,0.182,中风险,0.195,中风险
1024.0,2-2,location2,0.0,低风险,0.0,低风险,0.0,低风险,0.0,低风险,0.0,低风险,0.0,低风险
1025.0,2-2,location2,0.0,低风险,0.0,低风险,0.0,低风险,0.0,低风险,0.0,低风险,0.0,低风险
1026.0,2-1,location2,0.07,低风险,0.028,低风险,0.118,中风险,0.148,中风险,0.092,低风险,0.098,低风险
1026.0,2-2,location2,0.083,低风险,0.088,低风险,0.06,低风险,0.022,低风险,0.057,低风险,0.057,低风险
1027.0,2-3,location2,0.133,中风险,0.054,低风险,0.226,中风险,0.283,中风险,0.175,中风险,0.187,中风险
1028.0,2-2,location2,0.29,中风险,0.164,中风险,0.421,高风险,0.479,高风险,0.334,高风险,0.355,高风险
1029.0,2-2,location2,0.249,中风险,0.1,低风险,0.422,高风险,0.529,高风险,0.327,高风险,0.35,高风险
1030.0,2-3,location2,0.247,中风险,0.099,低风险,0.419,高风险,0.524,高风险,0.324,高风险,0.347,高风险
1031.0,2-2,location2,0.0,低风险,0.0,低风险,0.0,低风险,0.0,低风险,0.0,低风险,0.0,低风险
1032.0,2-1,location2,0.146,中风险,0.059,低风险,0.248,中风险,0.311,高风险,0.192,中风险,0.206,中风险
1033.0,2-2,location2,0.153,中风险,0.061,低风险,0.259,中风险,0.324,高风险,0.201,中风险,0.215,中风险
1034.0,2-1,location2,0.204,中风险,0.082,低风险,0.346,高风险,0.433,高风险,0.268,中风险,0.287,中风险
1035.0,2-2,location2,0.148,中风险,0.059,低风险,0.251,中风险,0.315,高风险,0.195,中风险,0.208,中风险
1036.0,2-1,location2,0.217,中风险,0.087,低风险,0.368,高风险,0.461,高风险,0.285,中风险,0.305,中风险
1036.0,2-2,location2,0.121,中风险,0.049,低风险,0.206,中风险,0.258,中风险,0.159,中风险,0.171,中风险
1037.0,2-1,location2,0.0,低风险,0.0,低风险,0.0,低风险,0.0,低风险,0.0,低风险,0.0,低风险
1037.0,2-2,location2,0.0,低风险,0.0,低风险,0.0,低风险,0.0,低风险,0.0,低风险,0.0,低风险
1038.0,2-1,location2,0.0,低风险,0.0,低风险,0.0,低风险,0.0,低风险,0.0,低风险,0.0,低风险
1038.0,2-3,location2,0.0,低风险,0.0,低风险,0.0,低风险,0.0,低风险,0.0,低风险,0.0,低风险
1039.0,2-2,location2,0.0,低风险,0.0,低风险,0.0,低风险,0.0,低风险,0.0,低风险,0.0,低风险
1040.0,2-1,location2,0.122,中风险,0.049,低风险,0.207,中风险,0.26,中风险,0.161,中风险,0.172,中风险
1040.0,2-2,location2,0.0,低风险,0.0,低风险,0.0,低风险,0.0,低风险,0.0,低风险,0.0,低风险
1041.0,2-1,location2,0.0,低风险,0.0,低风险,0.0,低风险,0.0,低风险,0.0,低风险,0.0,低风险
1041.0,2-2,location2,0.162,中风险,0.065,低风险,0.275,中风险,0.344,高风险,0.213,中风险,0.228,中风险
1042.0,2-1,location2,0.165,中风险,0.07,低风险,0.274,中风险,0.339,高风险,0.213,中风险,0.228,中风险
1043.0,2-1,location2,0.205,中风险,0.082,低风险,0.348,高风险,0.436,高风险,0.269,中风险,0.289,中风险
1043.0,2-2,location2,0.0,低风险,0.0,低风险,0.0,低风险,0.0,低风险,0.0,低风险,0.0,低风险
1044.0,2-2,location2,0.0,低风险,0.0,低风险,0.0,低风险,0.0,低风险,0.0,低风险,0.0,低风险
1045.0,2-1,location2,0.0,低风险,0.0,低风险,0.0,低风险,0.0,低风险,0.0,低风险,0.0,低风险
1045.0,2-2,location2,0.0,低风险,0.0,低风险,0.0,低风险,0.0,低风险,0.0,低风险,0.0,低风险
1046.0,2-1,location2,0.306,中风险,0.201,中风险,0.402,高风险,0.426,高风险,0.325,高风险,0.343,高风险
1046.0,2-2,location2,0.0,低风险,0.0,低风险,0.0,低风险,0.0,低风险,0.0,低风险,0.0,低风险
1047.0,2-1,location2,0.364,高风险,0.248,中风险,0.465,高风险,0.481,高风险,0.379,高风险,0.398,高风险
1047.0,2-2,location2,0.082,低风险,0.086,低风险,0.059,低风险,0.021,低风险,0.055,低风险,0.055,低风险
1048.0,2-1,location2,0.216,中风险,0.087,低风险,0.366,高风险,0.459,高风险,0.284,中风险,0.304,中风险
1048.0,2-2,location2,0.049,低风险,0.051,低风险,0.035,低风险,0.013,低风险,0.033,低风险,0.033,低风险
1048.0,2-3,location2,0.53,高风险,0.435,高风险,0.543,高风险,0.685,高风险,0.554,高风险,0.554,高风险
1049.0,2-2,location2,0.069,低风险,0.028,低风险,0.117,中风险,0.147,中风险,0.091,低风险,0.097,低风险
1050.0,2-1,location2,0.0,低风险,0.0,低风险,0.0,低风险,0.0,低风险,0.0,低风险,0.0,低风险
1051.0,2-2,location2,0.0,低风险,0.0,低风险,0.0,低风险,0.0,低风险,0.0,低风险,0.0,低风险
1052.0,2-1,location2,0.0,低风险,0.0,低风险,0.0,低风险,0.0,低风险,0.0,低风险,0.0,低风险
1052.0,2-2,location2,0.0,低风险,0.0,低风险,0.0,低风险,0.0,低风险,0.0,低风险,0.0,低风险
1052.0,2-3,location2,0.072,低风险,0.029,低风险,0.121,中风险,0.152,中风险,0.094,低风险,0.101,低风险
1054.0,2-1,location2,0.124,中风险,0.05,低风险,0.21,中风险,0.263,中风险,0.163,中风险,0.174,中风险
1054.0,2-2,location2,0.144,中风险,0.152,中风险,0.105,低风险,0.038,低风险,0.098,低风险,0.098,低风险
1055.0,2-1,location2,0.333,高风险,0.192,中风险,0.471,高风险,0.591,高风险,0.4,高风险,0.418,高风险
1055.0,2-2,location2,0.21,中风险,0.084,低风险,0.356,高风险,0.446,高风险,0.276,中风险,0.295,中风险
1056.0,2-1,location2,0.0,低风险,0.0,低风险,0.0,低风险,0.0,低风险,0.0,低风险,0.0,低风险
1056.0,2-2,location2,0.178,中风险,0.098,低风险,0.259,中风险,0.325,高风险,0.217,中风险,0.228,中风险
1057.0,2-1,location2,0.0,低风险,0.0,低风险,0.0,低风险,0.0,低风险,0.0,低风险,0.0,低风险
1058.0,2-2,location2,0.35,高风险,0.241,中风险,0.432,高风险,0.544,高风险,0.395,高风险,0.406,高风险
1058.0,2-3,location2,0.0,低风险,0.0,低风险,0.0,低风险,0.0,低风险,0.0,低风险,0.0,低风险
1059.0,2-2,location2,0.0,低风险,0.0,低风险,0.0,低风险,0.0,低风险,0.0,低风险,0.0,低风险
1060.0,2-3,location2,0.158,中风险,0.063,低风险,0.268,中风险,0.335,高风险,0.207,中风险,0.222,中风险
1061.0,2-2,location2,0.0,低风险,0.0,低风险,0.0,低风险,0.0,低风险,0.0,低风险,0.0,低风险
1062.0,2-2,location2,0.0,低风险,0.0,低风险,0.0,低风险,0.0,低风险,0.0,低风险,0.0,低风险
1063.0,2-3,location2,0.253,中风险,0.216,中风险,0.247,中风险,0.312,高风险,0.26,中风险,0.258,中风险
1064.0,2-1,location2,0.251,中风险,0.101,低风险,0.426,高风险,0.533,高风险,0.33,高风险,0.353,高风险
1065.0,2-2,location2,0.0,低风险,0.0,低风险,0.0,低风险,0.0,低风险,0.0,低风险,0.0,低风险
1066.0,2-2,location2,0.0,低风险,0.0,低风险,0.0,低风险,0.0,低风险,0.0,低风险,0.0,低风险
1067.0,2-1,location2,0.077,低风险,0.037,低风险,0.121,中风险,0.151,中风险,0.097,低风险,0.103,低风险
1067.0,2-2,location2,0.051,低风险,0.021,低风险,0.087,低风险,0.109,低风险,0.068,低风险,0.072,低风险
1068.0,2-2,location2,0.077,低风险,0.031,低风险,0.13,中风险,0.163,中风险,0.101,低风险,0.108,低风险
1070.0,2-1,location2,0.0,低风险,0.0,低风险,0.0,低风险,0.0,低风险,0.0,低风险,0.0,低风险
1070.0,2-2,location2,0.143,中风险,0.057,低风险,0.242,中风险,0.303,中风险,0.188,中风险,0.201,中风险
1071.0,2-1,location2,0.0,低风险,0.0,低风险,0.0,低风险,0.0,低风险,0.0,低风险,0.0,低风险
1071.0,2-2,location2,0.0,低风险,0.0,低风险,0.0,低风险,0.0,低风险,0.0,低风险,0.0,低风险
1072.0,2-2,location2,0.111,中风险,0.044,低风险,0.188,中风险,0.235,中风险,0.145,中风险,0.156,中风险
1074.0,2-2,location2,0.0,低风险,0.0,低风险,0.0,低风险,0.0,低风险,0.0,低风险,0.0,低风险
1075.0,2-2,location2,0.172,中风险,0.069,低风险,0.291,中风险,0.364,高风险,0.225,中风险,0.241,中风险
1076.0,2-1,location2,0.207,中风险,0.083,低风险,0.351,高风险,0.44,高风险,0.272,中风险,0.291,中风险
1076.0,2-2,location2,0.052,低风险,0.055,低风险,0.038,低风险,0.014,低风险,0.035,低风险,0.035,低风险
1077.0,2-1,location2,0.097,低风险,0.102,低风险,0.071,低风险,0.025,低风险,0.066,低风险,0.066,低风险
1077.0,2-2,location2,0.101,低风险,0.041,低风险,0.172,中风险,0.215,中风险,0.133,中风险,0.142,中风险
1078.0,2-2,location2,0.0,低风险,0.0,低风险,0.0,低风险,0.0,低风险,0.0,低风险,0.0,低风险
1079.0,2-3,location2,0.0,低风险,0.0,低风险,0.0,低风险,0.0,低风险,0.0,低风险,0.0,低风险
1080.0,2-1,location2,0.072,低风险,0.029,低风险,0.121,中风险,0.152,中风险,0.094,低风险,0.101,低风险
1083.0,2-1,location2,0.136,中风险,0.055,低风险,0.231,中风险,0.289,中风险,0.179,中风险,0.192,中风险
1084.0,2-1,location2,0.0,低风险,0.0,低风险,0.0,低风险,0.0,低风险,0.0,低风险,0.0,低风险
1085.0,2-1,location2,0.32,高风险,0.218,中风险,0.41,高风险,0.425,高风险,0.334,高风险,0.351,高风险
1085.0,2-2,location2,0.0,低风险,0.0,低风险,0.0,低风险,0.0,低风险,0.0,低风险,0.0,低风险
1086.0,2-1,location2,0.0,低风险,0.0,低风险,0.0,低风险,0.0,低风险,0.0,低风险,0.0,低风险
1087.0,2-1,location2,0.251,中风险,0.101,低风险,0.426,高风险,0.534,高风险,0.33,高风险,0.354,高风险
1087.0,2-2,location2,0.134,中风险,0.054,低风险,0.228,中风险,0.285,中风险,0.176,中风险,0.189,中风险
1088.0,2-1,location2,0.0,低风险,0.0,低风险,0.0,低风险,0.0,低风险,0.0,低风险,0.0,低风险
1089.0,2-1,location2,0.453,高风险,0.307,中风险,0.568,高风险,0.714,高风险,0.515,高风险,0.529,高风险
1089.0,2-2,location2,0.11,低风险,0.116,中风险,0.08,低风险,0.029,低风险,0.075,低风险,0.075,低风险
1089.0,2-3,location2,0.0,低风险,0.0,低风险,0.0,低风险,0.0,低风险,0.0,低风险,0.0,低风险
1090.0,2-1,location2,0.192,中风险,0.077,低风险,0.325,高风险,0.408,高风险,0.252,中风险,0.27,中风险
1091.0,2-3,location2,0.0,低风险,0.0,低风险,0.0,低风险,0.0,低风险,0.0,低风险,0.0,低风险
1093.0,2-2,location2,0.401,高风险,0.248,中风险,0.54,高风险,0.678,高风险,0.471,高风险,0.489,高风险
1094.0,2-2,location2,0.307,中风险,0.197,中风险,0.402,高风险,0.505,高风险,0.356,高风险,0.368,高风险
1094.0,2-3,location2,0.0,低风险,0.0,低风险,0.0,低风险,0.0,低风险,0.0,低风险,0.0,低风险
1095.0,2-2,location2,0.26,中风险,0.104,低风险,0.442,高风险,0.553,高风险,0.342,高风险,0.366,高风险
1097.0,2-1,location2,0.414,高风险,0.335,高风险,0.45,高风险,0.396,高风险,0.379,高风险,0.394,高风险
1097.0,2-2,location2,0.055,低风险,0.058,低风险,0.04,低风险,0.014,低风险,0.037,低风险,0.037,低风险
1098.0,2-1,location2,0.035,低风险,0.036,低风险,0.025,低风险,0.009,低风险,0.024,低风险,0.024,低风险
1098.0,2-3,location2,0.296,中风险,0.119,中风险,0.502,高风险,0.628,高风险,0.388,高风险,0.416,高风险
1100.0,2-2,location2,0.0,低风险,0.0,低风险,0.0,低风险,0.0,低风险,0.0,低风险,0.0,低风险
1100.0,2-3,location2,0.0,低风险,0.0,低风险,0.0,低风险,0.0,低风险,0.0,低风险,0.0,低风险
1101.0,2-2,location2,0.0,低风险,0.0,低风险,0.0,低风险,0.0,低风险,0.0,低风险,0.0,低风险
1101.0,2-3,location2,0.073,低风险,0.029,低风险,0.123,中风险,0.154,中风险,0.095,低风险,0.102,低风险
1102.0,2-2,location2,0.17,中风险,0.068,低风险,0.288,中风险,0.36,高风险,0.223,中风险,0.239,中风险
1103.0,2-2,location2,0.08,低风险,0.084,低风险,0.058,低风险,0.021,低风险,0.054,低风险,0.054,低风险
1104.0,2-2,location2,0.152,中风险,0.061,低风险,0.258,中风险,0.323,高风险,0.2,中风险,0.214,中风险
1104.0,2-3,location2,0.134,中风险,0.054,低风险,0.227,中风险,0.284,中风险,0.176,中风险,0.188,中风险
1105.0,2-2,location2,0.354,高风险,0.192,中风险,0.52,高风险,0.652,高风险,0.433,高风险,0.455,高风险
1105.0,2-3,location2,0.0,低风险,0.0,低风险,0.0,低风险,0.0,低风险,0.0,低风险,0.0,低风险
1106.0,2-3,location2,0.0,低风险,0.0,低风险,0.0,低风险,0.0,低风险,0.0,低风险,0.0,低风险
1107.0,2-2,location2,0.0,低风险,0.0,低风险,0.0,低风险,0.0,低风险,0.0,低风险,0.0,低风险
1107.0,2-3,location2,0.004,低风险,0.004,低风险,0.003,低风险,0.001,低风险,0.002,低风险,0.002,低风险
1108.0,2-2,location2,0.0,低风险,0.0,低风险,0.0,低风险,0.0,低风险,0.0,低风险,0.0,低风险
1109.0,2-2,location2,0.0,低风险,0.0,低风险,0.0,低风险,0.0,低风险,0.0,低风险,0.0,低风险
1109.0,2-3,location2,0.207,中风险,0.083,低风险,0.35,高风险,0.439,高风险,0.271,中风险,0.29,中风险
1110.0,2-2,location2,0.219,中风险,0.088,低风险,0.372,高风险,0.466,高风险,0.288,中风险,0.308,中风险
1111.0,2-3,location2,0.056,低风险,0.023,低风险,0.095,低风险,0.119,中风险,0.074,低风险,0.079,低风险
1114.0,2-1,location2,0.0,低风险,0.0,低风险,0.0,低风险,0.0,低风险,0.0,低风险,0.0,低风险
1114.0,2-2,location2,0.035,低风险,0.037,低风险,0.025,低风险,0.009,低风险,0.024,低风险,0.024,低风险
1114.0,2-3,location2,0.0,低风险,0.0,低风险,0.0,低风险,0.0,低风险,0.0,低风险,0.0,低风险
1115.0,2-2,location2,0.0,低风险,0.0,低风险,0.0,低风险,0.0,低风险,0.0,低风险,0.0,低风险
1116.0,2-2,location2,0.32,高风险,0.128,中风险,0.543,高风险,0.68,高风险,0.42,高风险,0.45,高风险
1116.0,2-3,location2,0.268,中风险,0.131,中风险,0.417,高风险,0.522,高风险,0.337,高风险,0.357,高风险
1118.0,2-1,location2,0.46,高风险,0.373,高风险,0.479,高风险,0.604,高风险,0.484,高风险,0.485,高风险
1118.0,2-2,location2,0.0,低风险,0.0,低风险,0.0,低风险,0.0,低风险,0.0,低风险,0.0,低风险
1119.0,2-2,location2,0.161,中风险,0.091,低风险,0.231,中风险,0.29,中风险,0.194,中风险,0.204,中风险
1120.0,2-2,location2,0.0,低风险,0.0,低风险,0.0,低风险,0.0,低风险,0.0,低风险,0.0,低风险
1120.0,2-3,location2,0.0,低风险,0.0,低风险,0.0,低风险,0.0,低风险,0.0,低风险,0.0,低风险
1121.0,2-1,location2,0.0,低风险,0.0,低风险,0.0,低风险,0.0,低风险,0.0,低风险,0.0,低风险
1122.0,2-2,location2,0.0,低风险,0.0,低风险,0.0,低风险,0.0,低风险,0.0,低风险,0.0,低风险
1122.0,2-3,location2,0.0,低风险,0.0,低风险,0.0,低风险,0.0,低风险,0.0,低风险,0.0,低风险
1123.0,2-2,location2,0.132,中风险,0.053,低风险,0.224,中风险,0.281,中风险,0.173,中风险,0.186,中风险
1124.0,2-2,location2,0.218,中风险,0.087,低风险,0.37,高风险,0.463,高风险,0.286,中风险,0.307,中风险
1125.0,2-2,location2,0.0,低风险,0.0,低风险,0.0,低风险,0.0,低风险,0.0,低风险,0.0,低风险
1126.0,2-1,location2,0.151,中风险,0.061,低风险,0.257,中风险,0.322,高风险,0.199,中风险,0.213,中风险
1126.0,2-2,location2,0.05,低风险,0.02,低风险,0.084,低风险,0.106,低风险,0.065,低风险,0.07,低风险
1127.0,2-2,location2,0.387,高风险,0.245,中风险,0.514,高风险,0.645,高风险,0.451,高风险,0.468,高风险
1128.0,2-1,location2,0.176,中风险,0.071,低风险,0.298,中风险,0.374,高风险,0.231,中风险,0.248,中风险
1128.0,2-2,location2,0.002,低风险,0.002,低风险,0.001,低风险,0.0,低风险,0.001,低风险,0.001,低风险
1129.0,2-2,location2,0.0,低风险,0.0,低风险,0.0,低风险,0.0,低风险,0.0,低风险,0.0,低风险
1130.0,2-1,location2,0.0,低风险,0.0,低风险,0.0,低风险,0.0,低风险,0.0,低风险,0.0,低风险
1130.0,2-2,location2,0.116,中风险,0.122,中风险,0.084,低风险,0.03,低风险,0.079,低风险,0.079,低风险
1131.0,2-2,location2,0.424,高风险,0.25,中风险,0.6,高风险,0.672,高风险,0.479,高风险,0.507,高风险
1132.0,2-1,location2,0.0,低风险,0.0,低风险,0.0,低风险,0.0,低风险,0.0,低风险,0.0,低风险
1132.0,2-2,location2,0.104,低风险,0.042,低风险,0.176,中风险,0.22,中风险,0.136,中风险,0.146,中风险
1133.0,2-1,location2,0.3,中风险,0.12,中风险,0.508,高风险,0.637,高风险,0.394,高风险,0.422,高风险
1133.0,2-2,location2,0.0,低风险,0.0,低风险,0.0,低风险,0.0,低风险,0.0,低风险,0.0,低风险
1134.0,2-1,location2,0.0,低风险,0.0,低风险,0.0,低风险,0.0,低风险,0.0,低风险,0.0,低风险
1135.0,2-2,location2,0.393,高风险,0.246,中风险,0.525,高风险,0.659,高风险,0.46,高风险,0.477,高风险
1136.0,2-3,location2,0.0,低风险,0.0,低风险,0.0,低风险,0.0,低风险,0.0,低风险,0.0,低风险
1137.0,2-1,location2,0.028,低风险,0.029,低风险,0.02,低风险,0.007,低风险,0.019,低风险,0.019,低风险
1138.0,2-2,location2,0.101,低风险,0.041,低风险,0.172,中风险,0.215,中风险,0.133,中风险,0.143,中风险
1138.0,2-3,location2,0.0,低风险,0.0,低风险,0.0,低风险,0.0,低风险,0.0,低风险,0.0,低风险
1139.0,2-2,location2,0.407,高风险,0.271,中风险,0.517,高风险,0.649,高风险,0.465,高风险,0.479,高风险
1140.0,2-1,location2,0.031,低风险,0.013,低风险,0.053,低风险,0.067,低风险,0.041,低风险,0.044,低风险
1140.0,2-2,location2,0.297,中风险,0.313,高风险,0.216,中风险,0.078,低风险,0.202,中风险,0.202,中风险
1141.0,2-1,location2,0.0,低风险,0.0,低风险,0.0,低风险,0.0,低风险,0.0,低风险,0.0,低风险
1142.0,2-1,location2,0.12,中风险,0.048,低风险,0.204,中风险,0.255,中风险,0.158,中风险,0.169,中风险
1144.0,2-1,location2,0.17,中风险,0.086,低风险,0.259,中风险,0.325,高风险,0.211,中风险,0.223,中风险
1145.0,2-1,location2,0.169,中风险,0.081,低风险,0.265,中风险,0.332,高风险,0.213,中风险,0.226,中风险
1146.0,2-1,location2,0.211,中风险,0.085,低风险,0.358,高风险,0.448,高风险,0.277,中风险,0.297,中风险
1147.0,2-2,location2,0.187,中风险,0.075,低风险,0.317,高风险,0.397,高风险,0.245,中风险,0.263,中风险
1148.0,2-2,location2,0.356,高风险,0.324,高风险,0.334,高风险,0.238,中风险,0.291,中风险,0.299,中风险
1148.0,2-3,location2,0.143,中风险,0.057,低风险,0.243,中风险,0.304,中风险,0.188,中风险,0.202,中风险
1149.0,2-1,location2,0.265,中风险,0.143,中风险,0.391,高风险,0.49,高风险,0.324,高风险,0.341,高风险
1150.0,2-1,location2,0.083,低风险,0.033,低风险,0.141,中风险,0.177,中风险,0.11,低风险,0.117,中风险
1150.0,2-2,location2,0.115,中风险,0.046,低风险,0.194,中风险,0.243,中风险,0.151,中风险,0.161,中风险
1151.0,2-2,location2,0.283,中风险,0.17,中风险,0.389,高风险,0.488,高风险,0.335,高风险,0.349,高风险
1154.0,2-2,location2,0.206,中风险,0.082,低风险,0.349,高风险,0.436,高风险,0.27,中风险,0.289,中风险
1155.0,2-2,location2,0.174,中风险,0.07,低风险,0.295,中风险,0.37,高风险,0.229,中风险,0.245,中风险
1156.0,2-1,location2,0.0,低风险,0.0,低风险,0.0,低风险,0.0,低风险,0.0,低风险,0.0,低风险
1157.0,2-1,location2,0.201,中风险,0.081,低风险,0.341,高风险,0.427,高风险,0.264,中风险,0.283,中风险
1158.0,2-1,location2,0.014,低风险,0.015,低风险,0.01,低风险,0.004,低风险,0.01,低风险,0.01,低风险
1158.0,2-2,location2,0.183,中风险,0.09,低风险,0.285,中风险,0.34,高风险,0.224,中风险,0.239,中风险
1160.0,2-2,location2,0.0,低风险,0.0,低风险,0.0,低风险,0.0,低风险,0.0,低风险,0.0,低风险
1162.0,2-1,location2,0.177,中风险,0.071,低风险,0.3,中风险,0.375,高风险,0.232,中风险,0.249,中风险
1162.0,2-2,location2,0.085,低风险,0.034,低风险,0.143,中风险,0.18,中风险,0.111,中风险,0.119,中风险
1164.0,2-2,location2,0.0,低风险,0.0,低风险,0.0,低风险,0.0,低风险,0.0,低风险,0.0,低风险
1165.0,2-1,location2,0.231,中风险,0.093,低风险,0.392,高风险,0.491,高风险,0.303,中风险,0.325,高风险
1166.0,2-1,location2,0.12,中风险,0.054,低风险,0.192,中风险,0.241,中风险,0.153,中风险,0.163,中风险
1166.0,2-3,location2,0.098,低风险,0.103,低风险,0.071,低风险,0.026,低风险,0.066,低风险,0.066,低风险
1168.0,2-1,location2,0.0,低风险,0.0,低风险,0.0,低风险,0.0,低风险,0.0,低风险,0.0,低风险
1168.0,2-2,location2,0.0,低风险,0.0,低风险,0.0,低风险,0.0,低风险,0.0,低风险,0.0,低风险
1169.0,2-1,location2,0.137,中风险,0.055,低风险,0.232,中风险,0.291,中风险,0.18,中风险,0.192,中风险
1169.0,2-2,location2,0.088,低风险,0.092,低风险,0.064,低风险,0.023,低风险,0.059,低风险,0.06,低风险
1170.0,2-1,location2,0.114,中风险,0.089,低风险,0.128,中风险,0.118,中风险,0.107,低风险,0.112,中风险
1170.0,2-2,location2,0.328,高风险,0.202,中风险,0.444,高风险,0.557,高风险,0.386,高风险,0.401,高风险
1171.0,2-1,location2,0.173,中风险,0.069,低风险,0.293,中风险,0.367,高风险,0.227,中风险,0.243,中风险
1171.0,2-2,location2,0.067,低风险,0.027,低风险,0.113,中风险,0.142,中风险,0.088,低风险,0.094,低风险
1172.0,2-1,location2,0.297,中风险,0.154,中风险,0.451,高风险,0.53,高风险,0.356,高风险,0.378,高风险
1172.0,2-2,location2,0.029,低风险,0.012,低风险,0.05,低风险,0.062,低风险,0.038,低风险,0.041,低风险
1173.0,2-1,location2,0.0,低风险,0.0,低风险,0.0,低风险,0.0,低风险,0.0,低风险,0.0,低风险
1173.0,2-2,location2,0.0,低风险,0.0,低风险,0.0,低风险,0.0,低风险,0.0,低风险,0.0,低风险
1174.0,2-1,location2,0.217,中风险,0.087,低风险,0.369,高风险,0.462,高风险,0.286,中风险,0.306,中风险
1174.0,2-2,location2,0.0,低风险,0.0,低风险,0.0,低风险,0.0,低风险,0.0,低风险,0.0,低风险
1175.0,2-1,location2,0.0,低风险,0.0,低风险,0.0,低风险,0.0,低风险,0.0,低风险,0.0,低风险
1175.0,2-2,location2,0.116,中风险,0.122,中风险,0.084,低风险,0.03,低风险,0.079,低风险,0.079,低风险
1177.0,2-1,location2,0.115,中风险,0.046,低风险,0.194,中风险,0.243,中风险,0.15,中风险,0.161,中风险
1177.0,2-2,location2,0.0,低风险,0.0,低风险,0.0,低风险,0.0,低风险,0.0,低风险,0.0,低风险
1178.0,2-1,location2,0.0,低风险,0.0,低风险,0.0,低风险,0.0,低风险,0.0,低风险,0.0,低风险
1178.0,2-3,location2,0.0,低风险,0.0,低风险,0.0,低风险,0.0,低风险,0.0,低风险,0.0,低风险
1180.0,2-1,location2,0.0,低风险,0.0,低风险,0.0,低风险,0.0,低风险,0.0,低风险,0.0,低风险
1180.0,2-2,location2,0.243,中风险,0.097,低风险,0.412,高风险,0.516,高风险,0.319,高风险,0.342,高风险
1181.0,2-1,location2,0.0,低风险,0.0,低风险,0.0,低风险,0.0,低风险,0.0,低风险,0.0,低风险
1181.0,2-2,location2,0.13,中风险,0.056,低风险,0.214,中风险,0.264,中风险,0.167,中风险,0.178,中风险
1181.0,2-3,location2,0.0,低风险,0.0,低风险,0.0,低风险,0.0,低风险,0.0,低风险,0.0,低风险
1182.0,2-2,location2,0.157,中风险,0.063,低风险,0.266,中风险,0.333,高风险,0.206,中风险,0.221,中风险
1182.0,2-3,location2,0.245,中风险,0.147,中风险,0.337,高风险,0.423,高风险,0.29,中风险,0.302,中风险
1183.0,2-1,location2,0.128,中风险,0.06,低风险,0.203,中风险,0.255,中风险,0.162,中风险,0.173,中风险
1184.0,2-3,location2,0.0,低风险,0.0,低风险,0.0,低风险,0.0,低风险,0.0,低风险,0.0,低风险
1185.0,2-1,location2,0.0,低风险,0.0,低风险,0.0,低风险,0.0,低风险,0.0,低风险,0.0,低风险
1186.0,2-3,location2,0.0,低风险,0.0,低风险,0.0,低风险,0.0,低风险,0.0,低风险,0.0,低风险
1187.0,2-3,location2,0.129,中风险,0.071,低风险,0.188,中风险,0.236,中风险,0.157,中风险,0.165,中风险
1189.0,2-2,location2,0.218,中风险,0.23,中风险,0.158,中风险,0.057,低风险,0.148,中风险,0.148,中风险
1189.0,2-3,location2,0.131,中风险,0.057,低风险,0.215,中风险,0.265,中风险,0.167,中风险,0.179,中风险
1192.0,2-2,location2,0.0,低风险,0.0,低风险,0.0,低风险,0.0,低风险,0.0,低风险,0.0,低风险
1193.0,2-2,location2,0.254,中风险,0.102,低风险,0.43,高风险,0.538,高风险,0.333,高风险,0.357,高风险
1193.0,2-3,location2,0.0,低风险,0.0,低风险,0.0,低风险,0.0,低风险,0.0,低风险,0.0,低风险
1194.0,2-2,location2,0.298,中风险,0.172,中风险,0.421,高风险,0.528,高风险,0.357,高风险,0.374,高风险
1195.0,2-2,location2,0.501,高风险,0.399,高风险,0.532,高风险,0.671,高风险,0.531,高风险,0.534,高风险
1196.0,2-2,location2,0.082,低风险,0.087,低风险,0.06,低风险,0.022,低风险,0.056,低风险,0.056,低风险
1197.0,2-2,location2,0.0,低风险,0.0,低风险,0.0,低风险,0.0,低风险,0.0,低风险,0.0,低风险
1198.0,2-2,location2,0.317,高风险,0.127,中风险,0.537,高风险,0.673,高风险,0.416,高风险,0.446,高风险
1199.0,2-1,location2,0.0,低风险,0.0,低风险,0.0,低风险,0.0,低风险,0.0,低风险,0.0,低风险
1199.0,2-2,location2,0.192,中风险,0.077,低风险,0.325,高风险,0.407,高风险,0.252,中风险,0.27,中风险
1200.0,2-2,location2,0.209,中风险,0.108,低风险,0.318,高风险,0.374,高风险,0.25,中风险,0.267,中风险
1201.0,2-2,location2,0.0,低风险,0.0,低风险,0.0,低风险,0.0,低风险,0.0,低风险,0.0,低风险
1202.0,2-1,location2,0.0,低风险,0.0,低风险,0.0,低风险,0.0,低风险,0.0,低风险,0.0,低风险
1202.0,2-2,location2,0.0,低风险,0.0,低风险,0.0,低风险,0.0,低风险,0.0,低风险,0.0,低风险
1202.0,2-3,location2,0.186,中风险,0.075,低风险,0.316,高风险,0.395,高风险,0.245,中风险,0.262,中风险
1203.0,2-1,location2,0.039,低风险,0.016,低风险,0.066,低风险,0.083,低风险,0.051,低风险,0.055,低风险
1203.0,2-2,location2,0.187,中风险,0.081,低风险,0.307,中风险,0.385,高风险,0.242,中风险,0.258,中风险
1204.0,2-2,location2,0.209,中风险,0.084,低风险,0.354,高风险,0.443,高风险,0.274,中风险,0.293,中风险
1205.0,2-1,location2,0.0,低风险,0.0,低风险,0.0,低风险,0.0,低风险,0.0,低风险,0.0,低风险
1205.0,2-2,location2,0.0,低风险,0.0,低风险,0.0,低风险,0.0,低风险,0.0,低风险,0.0,低风险
1206.0,2-2,location2,0.0,低风险,0.0,低风险,0.0,低风险,0.0,低风险,0.0,低风险,0.0,低风险
1207.0,2-2,location2,0.005,低风险,0.006,低风险,0.004,低风险,0.001,低风险,0.004,低风险,0.004,低风险
1209.0,2-2,location2,0.316,高风险,0.127,中风险,0.536,高风险,0.671,高风险,0.415,高风险,0.444,高风险
1210.0,2-2,location2,0.0,低风险,0.0,低风险,0.0,低风险,0.0,低风险,0.0,低风险,0.0,低风险
1211.0,2-1,location2,0.0,低风险,0.0,低风险,0.0,低风险,0.0,低风险,0.0,低风险,0.0,低风险
1212.0,2-2,location2,0.0,低风险,0.0,低风险,0.0,低风险,0.0,低风险,0.0,低风险,0.0,低风险
1213.0,2-2,location2,0.397,高风险,0.271,中风险,0.495,高风险,0.622,高风险,0.45,高风险,0.463,高风险
1214.0,2-1,location2,0.0,低风险,0.0,低风险,0.0,低风险,0.0,低风险,0.0,低风险,0.0,低风险
1215.0,2-3,location2,0.214,中风险,0.086,低风险,0.363,高风险,0.455,高风险,0.281,中风险,0.301,中风险
1216.0,2-2,location2,0.288,中风险,0.19,中风险,0.377,高风险,0.398,高风险,0.305,中风险,0.322,高风险
1217.0,2-1,location2,0.158,中风险,0.072,低风险,0.253,中风险,0.317,高风险,0.201,中风险,0.214,中风险
1217.0,2-2,location2,0.334,高风险,0.257,中风险,0.384,高风险,0.36,高风险,0.32,高风险,0.334,高风险
1218.0,2-1,location2,0.0,低风险,0.0,低风险,0.0,低风险,0.0,低风险,0.0,低风险,0.0,低风险
1219.0,2-1,location2,0.0,低风险,0.0,低风险,0.0,低风险,0.0,低风险,0.0,低风险,0.0,低风险
1220.0,2-1,location2,0.208,中风险,0.084,低风险,0.353,高风险,0.443,高风险,0.274,中风险,0.293,中风险
1221.0,2-1,location2,0.125,中风险,0.05,低风险,0.213,中风险,0.266,中风险,0.165,中风险,0.176,中风险
1222.0,2-1,location2,0.0,低风险,0.0,低风险,0.0,低风险,0.0,低风险,0.0,低风险,0.0,低风险
1222.0,2-2,location2,0.185,中风险,0.074,低风险,0.314,高风险,0.393,高风险,0.243,中风险,0.26,中风险
1224.0,2-1,location2,0.0,低风险,0.0,低风险,0.0,低风险,0.0,低风险,0.0,低风险,0.0,低风险
1225.0,2-1,location2,0.0,低风险,0.0,低风险,0.0,低风险,0.0,低风险,0.0,低风险,0.0,低风险
1225.0,2-2,location2,0.356,高风险,0.235,中风险,0.457,高风险,0.574,高风险,0.409,高风险,0.422,高风险
1226.0,2-1,location2,0.201,中风险,0.081,低风险,0.341,高风险,0.427,高风险,0.264,中风险,0.283,中风险
1226.0,2-2,location2,0.174,中风险,0.07,低风险,0.295,中风险,0.369,高风险,0.228,中风险,0.245,中风险
1227.0,2-2,location2,0.248,中风险,0.1,低风险,0.421,高风险,0.527,高风险,0.326,高风险,0.349,高风险
1228.0,2-1,location2,0.0,低风险,0.0,低风险,0.0,低风险,0.0,低风险,0.0,低风险,0.0,低风险
1228.0,2-2,location2,0.489,高风险,0.362,高风险,0.582,高风险,0.564,高风险,0.48,高风险,0.503,高风险
1229.0,2-1,location2,0.222,中风险,0.234,中风险,0.161,中风险,0.058,低风险,0.151,中风险,0.151,中风险
1229.0,2-2,location2,0.613,高风险,0.446,高风险,0.72,高风险,0.905,高风险,0.677,高风险,0.69,高风险
1231.0,2-1,location2,0.013,低风险,0.014,低风险,0.01,低风险,0.003,低风险,0.009,低风险,0.009,低风险
1231.0,2-2,location2,0.034,低风险,0.014,低风险,0.058,低风险,0.073,低风险,0.045,低风险,0.048,低风险
1232.0,2-1,location2,0.0,低风险,0.0,低风险,0.0,低风险,0.0,低风险,0.0,低风险,0.0,低风险
1233.0,2-2,location2,0.075,低风险,0.035,低风险,0.121,中风险,0.151,中风险,0.096,低风险,0.102,低风险
1238.0,2-1,location2,0.0,低风险,0.0,低风险,0.0,低风险,0.0,低风险,0.0,低风险,0.0,低风险
1244.0,2-1,location2,0.487,高风险,0.413,高风险,0.501,高风险,0.411,高风险,0.428,高风险,0.442,高风险
1245.0,2-1,location2,0.372,高风险,0.23,中风险,0.501,高风险,0.629,高风险,0.436,高风险,0.453,高风险
1246.0,2-1,location2,0.204,中风险,0.101,低风险,0.315,高风险,0.395,高风险,0.255,中风险,0.27,中风险
1247.0,2-1,location2,0.0,低风险,0.0,低风险,0.0,低风险,0.0,低风险,0.0,低风险,0.0,低风险
1248.0,2-1,location2,0.132,中风险,0.053,低风险,0.224,中风险,0.28,中风险,0.173,中风险,0.186,中风险
1253.0,2-3,location2,0.515,高风险,0.391,高风险,0.6,高风险,0.568,高风险,0.498,高风险,0.52,高风险
1255.0,2-2,location2,0.354,高风险,0.287,中风险,0.385,高风险,0.339,高风险,0.325,高风险,0.337,高风险
1256.0,2-2,location2,0.05,低风险,0.052,低风险,0.036,低风险,0.013,低风险,0.034,低风险,0.034,低风险
1258.0,2-2,location2,0.248,中风险,0.151,中风险,0.337,高风险,0.423,高风险,0.292,中风险,0.304,中风险
1259.0,2-2,location2,0.261,中风险,0.106,低风险,0.442,高风险,0.552,高风险,0.342,高风险,0.367,高风险
1260.0,2-1,location2,0.328,高风险,0.194,中风险,0.455,高风险,0.571,高风险,0.39,高风险,0.407,高风险
1260.0,2-2,location2,0.261,中风险,0.105,低风险,0.443,高风险,0.555,高风险,0.343,高风险,0.367,高风险
1260.0,2-3,location2,0.15,中风险,0.158,中风险,0.109,低风险,0.039,低风险,0.102,低风险,0.102,低风险
1261.0,2-1,location2,0.0,低风险,0.0,低风险,0.0,低风险,0.0,低风险,0.0,低风险,0.0,低风险
1261.0,2-3,location2,0.03,低风险,0.012,低风险,0.05,低风险,0.063,低风险,0.039,低风险,0.042,低风险
1262.0,2-1,location2,0.071,低风险,0.028,低风险,0.12,中风险,0.15,中风险,0.093,低风险,0.099,低风险
1263.0,2-2,location2,0.247,中风险,0.099,低风险,0.419,高风险,0.525,高风险,0.325,高风险,0.348,高风险
1264.0,2-1,location2,0.214,中风险,0.103,低风险,0.335,高风险,0.42,高风险,0.27,中风险,0.286,中风险
1264.0,2-3,location2,0.0,低风险,0.0,低风险,0.0,低风险,0.0,低风险,0.0,低风险,0.0,低风险
1265.0,2-1,location2,0.0,低风险,0.0,低风险,0.0,低风险,0.0,低风险,0.0,低风险,0.0,低风险
1265.0,2-2,location2,0.018,低风险,0.019,低风险,0.013,低风险,0.005,低风险,0.012,低风险,0.012,低风险
1266.0,2-1,location2,0.0,低风险,0.0,低风险,0.0,低风险,0.0,低风险,0.0,低风险,0.0,低风险
1267.0,2-1,location2,0.0,低风险,0.0,低风险,0.0,低风险,0.0,低风险,0.0,低风险,0.0,低风险
1267.0,2-2,location2,0.206,中风险,0.083,低风险,0.35,高风险,0.438,高风险,0.271,中风险,0.29,中风险
1268.0,2-1,location2,0.268,中风险,0.107,低风险,0.454,高风险,0.568,高风险,0.351,高风险,0.376,高风险
1268.0,2-3,location2,0.11,中风险,0.044,低风险,0.187,中风险,0.234,中风险,0.145,中风险,0.155,中风险
1269.0,2-2,location2,0.162,中风险,0.078,低风险,0.253,中风险,0.317,高风险,0.204,中风险,0.216,中风险
1269.0,2-3,location2,0.251,中风险,0.1,低风险,0.425,高风险,0.532,高风险,0.329,高风险,0.352,高风险
1270.0,2-1,location2,0.0,低风险,0.0,低风险,0.0,低风险,0.0,低风险,0.0,低风险,0.0,低风险
1271.0,2-2,location2,0.46,高风险,0.39,高风险,0.472,高风险,0.387,高风险,0.403,高风险,0.417,高风险
1271.0,2-3,location2,0.211,中风险,0.119,中风险,0.305,中风险,0.348,高风险,0.243,中风险,0.257,中风险
1273.0,2-2,location2,0.0,低风险,0.0,低风险,0.0,低风险,0.0,低风险,0.0,低风险,0.0,低风险
1273.0,2-3,location2,0.044,低风险,0.017,低风险,0.074,低风险,0.092,低风险,0.057,低风险,0.061,低风险
1274.0,2-2,location2,0.08,低风险,0.032,低风险,0.136,中风险,0.17,中风险,0.105,低风险,0.113,中风险
1275.0,2-1,location2,0.321,高风险,0.129,中风险,0.544,高风险,0.681,高风险,0.421,高风险,0.451,高风险
1275.0,2-2,location2,0.0,低风险,0.0,低风险,0.0,低风险,0.0,低风险,0.0,低风险,0.0,低风险
1277.0,2-1,location2,0.248,中风险,0.099,低风险,0.421,高风险,0.527,高风险,0.326,高风险,0.349,高风险
1277.0,2-2,location2,0.113,中风险,0.045,低风险,0.192,中风险,0.241,中风险,0.149,中风险,0.16,中风险
1277.0,2-3,location2,0.208,中风险,0.083,低风险,0.352,高风险,0.441,高风险,0.273,中风险,0.292,中风险
1278.0,2-1,location2,0.193,中风险,0.077,低风险,0.327,高风险,0.409,高风险,0.253,中风险,0.271,中风险
1278.0,2-2,location2,0.176,中风险,0.07,低风险,0.298,中风险,0.373,高风险,0.231,中风险,0.247,中风险
1279.0,2-1,location2,0.151,中风险,0.061,低风险,0.256,中风险,0.321,高风险,0.199,中风险,0.213,中风险
1279.0,2-2,location2,0.104,低风险,0.042,低风险,0.176,中风险,0.22,中风险,0.136,中风险,0.146,中风险
1280.0,2-2,location2,0.0,低风险,0.0,低风险,0.0,低风险,0.0,低风险,0.0,低风险,0.0,低风险
1280.0,2-3,location2,0.159,中风险,0.167,中风险,0.115,中风险,0.042,低风险,0.108,低风险,0.108,低风险
1281.0,2-1,location2,0.0,低风险,0.0,低风险,0.0,低风险,0.0,低风险,0.0,低风险,0.0,低风险
1281.0,2-2,location2,0.089,低风险,0.036,低风险,0.152,中风险,0.19,中风险,0.117,中风险,0.126,中风险
1281.0,2-3,location2,0.039,低风险,0.041,低风险,0.028,低风险,0.01,低风险,0.026,低风险,0.026,低风险
1283.0,2-2,location2,0.0,低风险,0.0,低风险,0.0,低风险,0.0,低风险,0.0,低风险,0.0,低风险
1284.0,2-1,location2,0.259,中风险,0.18,中风险,0.325,高风险,0.332,高风险,0.266,中风险,0.279,中风险
1285.0,2-1,location2,0.242,中风险,0.097,低风险,0.41,高风险,0.513,高风险,0.317,高风险,0.34,高风险
1286.0,2-1,location2,0.302,中风险,0.317,高风险,0.219,中风险,0.079,低风险,0.205,中风险,0.205,中风险
1286.0,2-2,location2,0.166,中风险,0.16,中风险,0.132,中风险,0.168,中风险,0.158,中风险,0.153,中风险
1287.0,2-1,location2,0.0,低风险,0.0,低风险,0.0,低风险,0.0,低风险,0.0,低风险,0.0,低风险
1288.0,2-1,location2,0.0,低风险,0.0,低风险,0.0,低风险,0.0,低风险,0.0,低风险,0.0,低风险
1288.0,2-2,location2,0.168,中风险,0.067,低风险,0.285,中风险,0.357,高风险,0.221,中风险,0.237,中风险
1288.0,2-3,location2,0.178,中风险,0.071,低风险,0.301,中风险,0.377,高风险,0.233,中风险,0.25,中风险
1290.0,2-1,location2,0.0,低风险,0.0,低风险,0.0,低风险,0.0,低风险,0.0,低风险,0.0,低风险
1290.0,2-2,location2,0.0,低风险,0.0,低风险,0.0,低风险,0.0,低风险,0.0,低风险,0.0,低风险
1290.0,2-3,location2,0.123,中风险,0.129,中风险,0.089,低风险,0.032,低风险,0.084,低风险,0.084,低风险
1291.0,2-1,location2,0.234,中风险,0.094,低风险,0.396,高风险,0.496,高风险,0.307,中风险,0.329,高风险
1291.0,2-2,location2,0.09,低风险,0.036,低风险,0.153,中风险,0.192,中风险,0.118,中风险,0.127,中风险
1292.0,2-1,location2,0.0,低风险,0.0,低风险,0.0,低风险,0.0,低风险,0.0,低风险,0.0,低风险
1292.0,2-2,location2,0.059,低风险,0.024,低风险,0.099,低风险,0.125,中风险,0.077,低风险,0.083,低风险
1293.0,2-2,location2,0.0,低风险,0.0,低风险,0.0,低风险,0.0,低风险,0.0,低风险,0.0,低风险
1294.0,2-1,location2,0.014,低风险,0.014,低风险,0.01,低风险,0.004,低风险,0.009,低风险,0.009,低风险
1295.0,2-1,location2,0.164,中风险,0.066,低风险,0.277,中风险,0.347,高风险,0.215,中风险,0.23,中风险
1295.0,2-2,location2,0.147,中风险,0.059,低风险,0.249,中风险,0.312,高风险,0.193,中风险,0.206,中风险
1295.0,2-3,location2,0.0,低风险,0.0,低风险,0.0,低风险,0.0,低风险,0.0,低风险,0.0,低风险
1296.0,2-1,location2,0.215,中风险,0.101,低风险,0.341,高风险,0.428,高风险,0.273,中风险,0.29,中风险
1296.0,2-2,location2,0.0,低风险,0.0,低风险,0.0,低风险,0.0,低风险,0.0,低风险,0.0,低风险
1297.0,2-1,location2,0.324,高风险,0.178,中风险,0.474,高风险,0.594,高风险,0.395,高风险,0.415,高风险
1297.0,2-2,location2,0.264,中风险,0.106,低风险,0.447,高风险,0.56,高风险,0.346,高风险,0.371,高风险
1297.0,2-3,location2,0.059,低风险,0.024,低风险,0.1,低风险,0.125,中风险,0.077,低风险,0.083,低风险
1298.0,2-1,location2,0.0,低风险,0.0,低风险,0.0,低风险,0.0,低风险,0.0,低风险,0.0,低风险
1298.0,2-2,location2,0.0,低风险,0.0,低风险,0.0,低风险,0.0,低风险,0.0,低风险,0.0,低风险
1299.0,2-1,location2,0.037,低风险,0.015,低风险,0.062,低风险,0.078,低风险,0.048,低风险,0.052,低风险
1299.0,2-2,location2,0.135,中风险,0.054,低风险,0.229,中风险,0.287,中风险,0.178,中风险,0.19,中风险
1300.0,2-1,location2,0.0,低风险,0.0,低风险,0.0,低风险,0.0,低风险,0.0,低风险,0.0,低风险
1300.0,2-2,location2,0.0,低风险,0.0,低风险,0.0,低风险,0.0,低风险,0.0,低风险,0.0,低风险
1301.0,2-1,location2,0.365,高风险,0.262,中风险,0.447,高风险,0.445,高风险,0.367,高风险,0.384,高风险
1302.0,2-2,location2,0.147,中风险,0.072,低风险,0.231,中风险,0.277,中风险,0.181,中风险,0.193,中风险
1302.0,2-3,location2,0.217,中风险,0.087,低风险,0.368,高风险,0.461,高风险,0.285,中风险,0.305,中风险
1303.0,2-1,location2,0.0,低风险,0.0,低风险,0.0,低风险,0.0,低风险,0.0,低风险,0.0,低风险
1303.0,2-2,location2,0.12,中风险,0.077,低风险,0.16,中风险,0.172,中风险,0.129,中风险,0.136,中风险
1303.0,2-3,location2,0.0,低风险,0.0,低风险,0.0,低风险,0.0,低风险,0.0,低风险,0.0,低风险
1304.0,2-3,location2,0.0,低风险,0.0,低风险,0.0,低风险,0.0,低风险,0.0,低风险,0.0,低风险
1305.0,2-1,location2,0.35,高风险,0.198,中风险,0.5,高风险,0.628,高风险,0.422,高风险,0.442,高风险
1306.0,2-2,location2,0.252,中风险,0.141,中风险,0.363,高风险,0.455,高风险,0.305,中风险,0.32,高风险
1306.0,2-3,location2,0.0,低风险,0.0,低风险,0.0,低风险,0.0,低风险,0.0,低风险,0.0,低风险
1307.0,2-1,location2,0.212,中风险,0.085,低风险,0.36,高风险,0.451,高风险,0.279,中风险,0.299,中风险
1308.0,2-3,location2,0.134,中风险,0.054,低风险,0.227,中风险,0.284,中风险,0.176,中风险,0.188,中风险
1309.0,2-1,location2,0.226,中风险,0.09,低风险,0.383,高风险,0.479,高风险,0.296,中风险,0.317,高风险
1309.0,2-2,location2,0.171,中风险,0.068,低风险,0.289,中风险,0.362,高风险,0.224,中风险,0.24,中风险
1310.0,2-1,location2,0.0,低风险,0.0,低风险,0.0,低风险,0.0,低风险,0.0,低风险,0.0,低风险
1310.0,2-3,location2,0.251,中风险,0.101,低风险,0.425,高风险,0.532,高风险,0.329,高风险,0.353,高风险
1311.0,2-1,location2,0.0,低风险,0.0,低风险,0.0,低风险,0.0,低风险,0.0,低风险,0.0,低风险
1313.0,2-3,location2,0.457,高风险,0.422,高风险,0.394,高风险,0.498,高风险,0.448,高风险,0.438,高风险
1315.0,2-1,location2,0.0,低风险,0.0,低风险,0.0,低风险,0.0,低风险,0.0,低风险,0.0,低风险
1316.0,2-1,location2,0.117,中风险,0.063,低风险,0.174,中风险,0.202,中风险,0.138,中风险,0.146,中风险
1316.0,2-2,location2,0.144,中风险,0.069,低风险,0.227,中风险,0.274,中风险,0.178,中风险,0.19,中风险
1316.0,2-3,location2,0.0,低风险,0.0,低风险,0.0,低风险,0.0,低风险,0.0,低风险,0.0,低风险
1317.0,2-1,location2,0.097,低风险,0.039,低风险,0.165,中风险,0.206,中风险,0.128,中风险,0.137,中风险
1318.0,2-1,location2,0.037,低风险,0.039,低风险,0.027,低风险,0.01,低风险,0.025,低风险,0.025,低风险
1319.0,2-1,location2,0.224,中风险,0.111,中风险,0.345,高风险,0.433,高风险,0.28,中风险,0.297,中风险
1319.0,2-2,location2,0.285,中风险,0.114,中风险,0.484,高风险,0.606,高风险,0.374,高风险,0.401,高风险
1320.0,2-2,location2,0.28,中风险,0.147,中风险,0.419,高风险,0.526,高风险,0.346,高风险,0.364,高风险
1321.0,2-1,location2,0.235,中风险,0.116,中风险,0.364,高风险,0.456,高风险,0.295,中风险,0.312,高风险
1321.0,2-2,location2,0.133,中风险,0.053,低风险,0.225,中风险,0.282,中风险,0.174,中风险,0.187,中风险
1322.0,2-1,location2,0.141,中风险,0.056,低风险,0.239,中风险,0.299,中风险,0.185,中风险,0.198,中风险
1322.0,2-2,location2,0.391,高风险,0.308,中风险,0.429,高风险,0.468,高风险,0.393,高风险,0.402,高风险
1323.0,2-1,location2,0.194,中风险,0.1,低风险,0.294,中风险,0.346,高风险,0.232,中风险,0.247,中风险
1324.0,2-1,location2,0.212,中风险,0.128,中风险,0.292,中风险,0.367,高风险,0.252,中风险,0.262,中风险
1325.0,2-1,location2,0.073,低风险,0.029,低风险,0.124,中风险,0.156,中风险,0.096,低风险,0.103,低风险
1325.0,2-3,location2,0.0,低风险,0.0,低风险,0.0,低风险,0.0,低风险,0.0,低风险,0.0,低风险
1326.0,2-1,location2,0.0,低风险,0.0,低风险,0.0,低风险,0.0,低风险,0.0,低风险,0.0,低风险
1326.0,2-2,location2,0.187,中风险,0.075,低风险,0.318,高风险,0.398,高风险,0.246,中风险,0.264,中风险
1327.0,2-3,location2,0.0,低风险,0.0,低风险,0.0,低风险,0.0,低风险,0.0,低风险,0.0,低风险
1328.0,2-1,location2,0.0,低风险,0.0,低风险,0.0,低风险,0.0,低风险,0.0,低风险,0.0,低风险
1328.0,2-2,location2,0.254,中风险,0.171,中风险,0.321,高风险,0.404,高风险,0.29,中风险,0.298,中风险
1329.0,2-2,location2,0.3,中风险,0.207,中风险,0.37,高风险,0.465,高风险,0.338,高风险,0.347,高风险
1329.0,2-3,location2,0.0,低风险,0.0,低风险,0.0,低风险,0.0,低风险,0.0,低风险,0.0,低风险
1330.0,2-1,location2,0.074,低风险,0.03,低风险,0.125,中风险,0.157,中风险,0.097,低风险,0.104,低风险
1330.0,2-2,location2,0.087,低风险,0.035,低风险,0.147,中风险,0.184,中风险,0.114,中风险,0.122,中风险
1330.0,2-3,location2,0.255,中风险,0.167,中风险,0.336,高风险,0.357,高风险,0.272,中风险,0.287,中风险
1331.0,2-1,location2,0.0,低风险,0.0,低风险,0.0,低风险,0.0,低风险,0.0,低风险,0.0,低风险
1331.0,2-2,location2,0.226,中风险,0.187,中风险,0.24,中风险,0.205,中风险,0.203,中风险,0.211,中风险
1332.0,2-1,location2,0.0,低风险,0.0,低风险,0.0,低风险,0.0,低风险,0.0,低风险,0.0,低风险
1332.0,2-2,location2,0.0,低风险,0.0,低风险,0.0,低风险,0.0,低风险,0.0,低风险,0.0,低风险
1333.0,2-2,location2,0.0,低风险,0.0,低风险,0.0,低风险,0.0,低风险,0.0,低风险,0.0,低风险
1333.0,2-3,location2,0.316,高风险,0.184,中风险,0.446,高风险,0.559,高风险,0.379,高风险,0.396,高风险
1334.0,2-2,location2,0.17,中风险,0.068,低风险,0.288,中风险,0.36,高风险,0.223,中风险,0.239,中风险
1334.0,2-3,location2,0.184,中风险,0.092,低风险,0.285,中风险,0.338,高风险,0.224,中风险,0.238,中风险
1335.0,2-1,location2,0.0,低风险,0.0,低风险,0.0,低风险,0.0,低风险,0.0,低风险,0.0,低风险
1335.0,2-2,location2,0.055,低风险,0.022,低风险,0.094,低风险,0.118,中风险,0.073,低风险,0.078,低风险
1336.0,2-1,location2,0.051,低风险,0.021,低风险,0.087,低风险,0.109,低风险,0.067,低风险,0.072,低风险
1337.0,2-2,location2,0.336,高风险,0.245,中风险,0.392,高风险,0.494,高风险,0.37,高风险,0.377,高风险
1339.0,2-1,location2,0.185,中风险,0.074,低风险,0.313,高风险,0.393,高风险,0.243,中风险,0.26,中风险
1339.0,2-2,location2,0.0,低风险,0.0,低风险,0.0,低风险,0.0,低风险,0.0,低风险,0.0,低风险
1339.0,2-3,location2,0.128,中风险,0.051,低风险,0.218,中风险,0.273,中风险,0.169,中风险,0.181,中风险
1340.0,2-1,location2,0.133,中风险,0.053,低风险,0.225,中风险,0.282,中风险,0.174,中风险,0.187,中风险
1341.0,2-1,location2,0.061,低风险,0.025,低风险,0.104,低风险,0.13,中风险,0.081,低风险,0.086,低风险
1342.0,2-3,location2,0.0,低风险,0.0,低风险,0.0,低风险,0.0,低风险,0.0,低风险,0.0,低风险
1343.0,2-1,location2,0.0,低风险,0.0,低风险,0.0,低风险,0.0,低风险,0.0,低风险,0.0,低风险
1344.0,2-1,location2,0.137,中风险,0.055,低风险,0.232,中风险,0.291,中风险,0.18,中风险,0.192,中风险
1346.0,2-1,location2,0.0,低风险,0.0,低风险,0.0,低风险,0.0,低风险,0.0,低风险,0.0,低风险
1346.0,2-3,location2,0.245,中风险,0.098,低风险,0.415,高风险,0.52,高风险,0.321,高风险,0.344,高风险
1347.0,2-1,location2,0.107,低风险,0.043,低风险,0.181,中风险,0.226,中风险,0.14,中风险,0.15,中风险
1348.0,2-1,location2,0.13,中风险,0.052,低风险,0.22,中风险,0.276,中风险,0.171,中风险,0.183,中风险
1349.0,2-1,location2,0.0,低风险,0.0,低风险,0.0,低风险,0.0,低风险,0.0,低风险,0.0,低风险
1351.0,2-1,location2,0.327,高风险,0.191,中风险,0.465,高风险,0.523,高风险,0.371,高风险,0.393,高风险
1353.0,2-3,location2,0.182,中风险,0.093,低风险,0.276,中风险,0.346,高风险,0.226,中风险,0.238,中风险
1354.0,2-1,location2,0.0,低风险,0.0,低风险,0.0,低风险,0.0,低风险,0.0,低风险,0.0,低风险
1355.0,2-1,location2,0.0,低风险,0.0,低风险,0.0,低风险,0.0,低风险,0.0,低风险,0.0,低风险
1359.0,2-1,location2,0.19,中风险,0.076,低风险,0.323,高风险,0.404,高风险,0.25,中风险,0.268,中风险
1366.0,2-1,location2,0.125,中风险,0.05,低风险,0.211,中风险,0.264,中风险,0.164,中风险,0.175,中风险
1367.0,2-1,location2,0.322,高风险,0.241,中风险,0.38,高风险,0.365,高风险,0.315,高风险,0.329,高风险
1368.0,2-3,location2,0.0,低风险,0.0,低风险,0.0,低风险,0.0,低风险,0.0,低风险,0.0,低风险
1369.0,2-1,location2,0.0,低风险,0.0,低风险,0.0,低风险,0.0,低风险,0.0,低风险,0.0,低风险
1373.0,2-1,location2,0.0,低风险,0.0,低风险,0.0,低风险,0.0,低风险,0.0,低风险,0.0,低风险
1375.0,2-1,location2,0.164,中风险,0.173,中风险,0.119,中风险,0.043,低风险,0.111,中风险,0.111,中风险
1376.0,2-1,location2,0.0,低风险,0.0,低风险,0.0,低风险,0.0,低风险,0.0,低风险,0.0,低风险
1378.0,2-1,location2,0.0,低风险,0.0,低风险,0.0,低风险,0.0,低风险,0.0,低风险,0.0,低风险
1379.0,2-1,location2,0.081,低风险,0.085,低风险,0.059,低风险,0.021,低风险,0.055,低风险,0.055,低风险
1381.0,2-1,location2,0.491,高风险,0.339,高风险,0.605,高风险,0.761,高风险,0.554,高风险,0.568,高风险
1382.0,2-1,location2,0.214,中风险,0.09,低风险,0.357,高风险,0.447,高风险,0.278,中风险,0.298,中风险
1383.0,2-3,location2,0.082,低风险,0.033,低风险,0.14,中风险,0.175,中风险,0.108,低风险,0.116,中风险
1384.0,2-1,location2,0.025,低风险,0.027,低风险,0.018,低风险,0.007,低风险,0.017,低风险,0.017,低风险
1385.0,2-1,location2,0.328,高风险,0.131,中风险,0.556,高风险,0.696,高风险,0.43,高风险,0.461,高风险
1391.0,2-1,location2,0.062,低风险,0.025,低风险,0.105,低风险,0.132,中风险,0.082,低风险,0.087,低风险
1392.0,2-1,location2,0.216,中风险,0.114,中风险,0.324,高风险,0.399,高风险,0.264,中风险,0.279,中风险
1393.0,2-1,location2,0.0,低风险,0.0,低风险,0.0,低风险,0.0,低风险,0.0,低风险,0.0,低风险
1394.0,2-1,location2,0.0,低风险,0.0,低风险,0.0,低风险,0.0,低风险,0.0,低风险,0.0,低风险
1396.0,2-1,location2,0.135,中风险,0.054,低风险,0.229,中风险,0.287,中风险,0.177,中风险,0.19,中风险
1396.0,2-3,location2,0.0,低风险,0.0,低风险,0.0,低风险,0.0,低风险,0.0,低风险,0.0,低风险
1397.0,2-1,location2,0.403,高风险,0.252,中风险,0.542,高风险,0.647,高风险,0.46,高风险,0.48,高风险
1398.0,2-1,location2,0.22,中风险,0.168,中风险,0.246,中风险,0.31,中风险,0.238,中风险,0.241,中风险
1400.0,2-1,location2,0.182,中风险,0.082,低风险,0.295,中风险,0.37,高风险,0.234,中风险,0.249,中风险
1402.0,2-1,location2,0.0,低风险,0.0,低风险,0.0,低风险,0.0,低风险,0.0,低风险,0.0,低风险
1404.0,2-1,location2,0.425,高风险,0.298,中风险,0.52,高风险,0.617,高风险,0.464,高风险,0.478,高风险
1406.0,2-1,location2,0.168,中风险,0.067,低风险,0.284,中风险,0.356,高风险,0.22,中风险,0.236,中风险
1407.0,2-1,location2,0.037,低风险,0.039,低风险,0.027,低风险,0.01,低风险,0.025,低风险,0.025,低风险
1411.0,2-1,location2,0.289,中风险,0.116,中风险,0.49,高风险,0.613,高风险,0.379,高风险,0.406,高风险
1412.0,2-1,location2,0.114,中风险,0.046,低风险,0.193,中风险,0.242,中风险,0.15,中风险,0.16,中风险
1414.0,2-1,location2,0.345,高风险,0.228,中风险,0.452,高风险,0.477,高风险,0.366,高风险,0.386,高风险
1415.0,2-1,location2,0.209,中风险,0.104,低风险,0.321,高风险,0.402,高风险,0.261,中风险,0.276,中风险
1416.0,2-3,location2,0.342,高风险,0.36,高风险,0.248,中风险,0.089,低风险,0.232,中风险,0.232,中风险
1417.0,2-3,location2,0.156,中风险,0.062,低风险,0.264,中风险,0.331,高风险,0.205,中风险,0.219,中风险
1421.0,2-1,location2,0.208,中风险,0.083,低风险,0.353,高风险,0.442,高风险,0.274,中风险,0.293,中风险
1427.0,2-1,location2,0.175,中风险,0.07,低风险,0.296,中风险,0.371,高风险,0.229,中风险,0.246,中风险
1430.0,2-1,location2,0.202,中风险,0.112,中风险,0.292,中风险,0.366,高风险,0.245,中风险,0.257,中风险
1434.0,2-1,location2,0.005,低风险,0.005,低风险,0.004,低风险,0.001,低风险,0.003,低风险,0.003,低风险
1435.0,2-1,location2,0.248,中风险,0.219,中风险,0.243,中风险,0.187,中风险,0.21,中风险,0.216,中风险
1436.0,2-1,location2,0.373,高风险,0.296,中风险,0.409,高风险,0.425,高风险,0.367,高风险,0.377,高风险
1437.0,2-3,location2,0.176,中风险,0.07,低风险,0.298,中风险,0.373,高风险,0.231,中风险,0.247,中风险
1438.0,2-1,location2,0.125,中风险,0.051,低风险,0.211,中风险,0.264,中风险,0.164,中风险,0.175,中风险
1439.0,2-1,location2,0.122,中风险,0.049,低风险,0.208,中风险,0.26,中风险,0.161,中风险,0.172,中风险
1441.0,2-1,location2,0.448,高风险,0.283,中风险,0.595,高风险,0.747,高风险,0.522,高风险,0.541,高风险
1442.0,2-1,location2,0.139,中风险,0.059,低风险,0.23,中风险,0.288,中风险,0.18,中风险,0.193,中风险
1444.0,2-1,location2,0.0,低风险,0.0,低风险,0.0,低风险,0.0,低风险,0.0,低风险,0.0,低风险
1445.0,2-1,location2,0.126,中风险,0.051,低风险,0.214,中风险,0.268,中风险,0.166,中风险,0.177,中风险
1446.0,2-1,location2,0.141,中风险,0.056,低风险,0.238,中风险,0.298,中风险,0.185,中风险,0.198,中风险
1448.0,2-1,location2,0.0,低风险,0.0,低风险,0.0,低风险,0.0,低风险,0.0,低风险,0.0,低风险
1449.0,2-1,location2,0.156,中风险,0.063,低风险,0.265,中风险,0.331,高风险,0.205,中风险,0.22,中风险
1450.0,2-1,location2,0.152,中风险,0.061,低风险,0.257,中风险,0.322,高风险,0.199,中风险,0.213,中风险
1451.0,2-1,location2,0.0,低风险,0.0,低风险,0.0,低风险,0.0,低风险,0.0,低风险,0.0,低风险
1452.0,2-1,location2,0.192,中风险,0.106,低风险,0.279,中风险,0.35,高风险,0.234,中风险,0.245,中风险
1453.0,2-1,location2,0.033,低风险,0.034,低风险,0.024,低风险,0.009,低风险,0.022,低风险,0.022,低风险
1455.0,2-1,location2,0.209,中风险,0.084,低风险,0.354,高风险,0.443,高风险,0.274,中风险,0.293,中风险
1456.0,2-1,location2,0.206,中风险,0.082,低风险,0.348,高风险,0.436,高风险,0.27,中风险,0.289,中风险
1459.0,2-1,location2,0.249,中风险,0.114,中风险,0.401,高风险,0.489,高风险,0.313,高风险,0.335,高风险
1461.0,2-1,location2,0.0,低风险,0.0,低风险,0.0,低风险,0.0,低风险,0.0,低风险,0.0,低风险
1462.0,2-1,location2,0.216,中风险,0.087,低风险,0.366,高风险,0.459,高风险,0.284,中风险,0.304,中风险
1462.0,2-3,location2,0.0,低风险,0.0,低风险,0.0,低风险,0.0,低风险,0.0,低风险,0.0,低风险
1465.0,2-1,location2,0.024,低风险,0.025,低风险,0.017,低风险,0.006,低风险,0.016,低风险,0.016,低风险
1465.0,2-3,location2,0.0,低风险,0.0,低风险,0.0,低风险,0.0,低风险,0.0,低风险,0.0,低风险
1466.0,2-1,location2,0.0,低风险,0.0,低风险,0.0,低风险,0.0,低风险,0.0,低风险,0.0,低风险
1467.0,2-1,location2,0.233,中风险,0.159,中风险,0.289,中风险,0.363,高风险,0.263,中风险,0.271,中风险
1469.0,2-1,location2,0.316,高风险,0.194,中风险,0.435,高风险,0.497,高风险,0.357,高风险,0.375,高风险
1470.0,2-1,location2,0.147,中风险,0.059,低风险,0.249,中风险,0.311,高风险,0.192,中风险,0.206,中风险
1470.0,2-3,location2,0.0,低风险,0.0,低风险,0.0,低风险,0.0,低风险,0.0,低风险,0.0,低风险
1472.0,2-1,location2,0.0,低风险,0.0,低风险,0.0,低风险,0.0,低风险,0.0,低风险,0.0,低风险
1475.0,2-1,location2,0.178,中风险,0.071,低风险,0.301,中风险,0.377,高风险,0.233,中风险,0.25,中风险
1475.0,2-3,location2,0.092,低风险,0.037,低风险,0.157,中风险,0.196,中风险,0.121,中风险,0.13,中风险
1477.0,2-1,location2,0.225,中风险,0.09,低风险,0.382,高风险,0.478,高风险,0.296,中风险,0.317,高风险
1478.0,2-1,location2,0.294,中风险,0.177,中风险,0.403,高风险,0.506,高风险,0.348,高风险,0.362,高风险
1479.0,2-1,location2,0.1,低风险,0.04,低风险,0.17,中风险,0.212,中风险,0.131,中风险,0.141,中风险
1480.0,2-1,location2,0.15,中风险,0.06,低风险,0.255,中风险,0.319,高风险,0.198,中风险,0.212,中风险
1482.0,2-1,location2,0.236,中风险,0.114,中风险,0.368,高风险,0.461,高风险,0.297,中风险,0.314,高风险
1484.0,2-1,location2,0.0,低风险,0.0,低风险,0.0,低风险,0.0,低风险,0.0,低风险,0.0,低风险
1485.0,2-1,location2,0.071,低风险,0.028,低风险,0.12,中风险,0.151,中风险,0.093,低风险,0.1,低风险
1486.0,2-1,location2,0.299,中风险,0.234,中风险,0.336,高风险,0.306,中风险,0.281,中风险,0.292,中风险
1488.0,2-1,location2,0.194,中风险,0.115,中风险,0.269,中风险,0.338,高风险,0.231,中风险,0.241,中风险
1491.0,2-3,location2,0.0,低风险,0.0,低风险,0.0,低风险,0.0,低风险,0.0,低风险,0.0,低风险
1492.0,2-1,location2,0.164,中风险,0.066,低风险,0.277,中风险,0.347,高风险,0.215,中风险,0.23,中风险
1494.0,2-1,location2,0.191,中风险,0.076,低风险,0.324,高风险,0.405,高风险,0.251,中风险,0.268,中风险
1495.0,2-1,location2,0.343,高风险,0.233,中风险,0.429,高风险,0.539,高风险,0.39,高风险,0.401,高风险
1496.0,2-1,location2,0.0,低风险,0.0,低风险,0.0,低风险,0.0,低风险,0.0,低风险,0.0,低风险
1497.0,2-1,location2,0.092,低风险,0.061,低风险,0.118,中风险,0.148,中风险,0.106,低风险,0.109,低风险
1497.0,2-3,location2,0.0,低风险,0.0,低风险,0.0,低风险,0.0,低风险,0.0,低风险,0.0,低风险
1498.0,2-3,location2,0.0,低风险,0.0,低风险,0.0,低风险,0.0,低风险,0.0,低风险,0.0,低风险
1499.0,2-3,location2,0.0,低风险,0.0,低风险,0.0,低风险,0.0,低风险,0.0,低风险,0.0,低风险
1503.0,2-3,location2,0.389,高风险,0.258,中风险,0.507,高风险,0.533,高风险,0.411,高风险,0.433,高风险
1507.0,2-3,location2,0.062,低风险,0.065,低风险,0.045,低风险,0.016,低风险,0.042,低风险,0.042,低风险
1511.0,2-3,location2,0.0,低风险,0.0,低风险,0.0,低风险,0.0,低风险,0.0,低风险,0.0,低风险
1513.0,2-3,location2,0.0,低风险,0.0,低风险,0.0,低风险,0.0,低风险,0.0,低风险,0.0,低风险
1517.0,2-3,location2,0.091,低风险,0.036,低风险,0.154,中风险,0.193,中风险,0.119,中风险,0.128,中风险
1520.0,2-3,location2,0.344,高风险,0.193,中风险,0.495,高风险,0.622,高风险,0.417,高风险,0.437,高风险
1529.0,2-3,location2,0.0,低风险,0.0,低风险,0.0,低风险,0.0,低风险,0.0,低风险,0.0,低风险
1532.0,2-3,location2,0.021,低风险,0.008,低风险,0.036,低风险,0.045,低风险,0.028,低风险,0.03,低风险
1550.0,2-3,location2,0.0,低风险,0.0,低风险,0.0,低风险,0.0,低风险,0.0,低风险,0.0,低风险
1609.0,2-3,location2,0.0,低风险,0.0,低风险,0.0,低风险,0.0,低风险,0.0,低风险,0.0,低风险
1612.0,2-3,location2,0.0,低风险,0.0,低风险,0.0,低风险,0.0,低风险,0.0,低风险,0.0,低风险
1615.0,2-3,location2,0.0,低风险,0.0,低风险,0.0,低风险,0.0,低风险,0.0,低风险,0.0,低风险
1616.0,2-3,location2,0.117,中风险,0.047,低风险,0.198,中风险,0.248,中风险,0.154,中风险,0.165,中风险
1628.0,2-3,location2,0.0,低风险,0.0,低风险,0.0,低风险,0.0,低风险,0.0,低风险,0.0,低风险
1630.0,2-3,location2,0.037,低风险,0.015,低风险,0.063,低风险,0.079,低风险,0.049,低风险,0.052,低风险
1632.0,2-3,location2,0.202,中风险,0.081,低风险,0.343,高风险,0.429,高风险,0.265,中风险,0.284,中风险
1640.0,2-3,location2,0.0,低风险,0.0,低风险,0.0,低风险,0.0,低风险,0.0,低风险,0.0,低风险
1654.0,2-3,location2,0.0,低风险,0.0,低风险,0.0,低风险,0.0,低风险,0.0,低风险,0.0,低风险
1678.0,2-3,location2,0.005,低风险,0.005,低风险,0.003,低风险,0.001,低风险,0.003,低风险,0.003,低风险
1686.0,2-3,location2,0.0,低风险,0.0,低风险,0.0,低风险,0.0,低风险,0.0,低风险,0.0,低风险
1691.0,2-3,location2,0.0,低风险,0.0,低风险,0.0,低风险,0.0,低风险,0.0,低风险,0.0,低风险
1695.0,2-3,location2,0.0,低风险,0.0,低风险,0.0,低风险,0.0,低风险,0.0,低风险,0.0,低风险
1696.0,2-3,location2,0.211,中风险,0.223,中风险,0.153,中风险,0.055,低风险,0.144,中风险,0.144,中风险
1718.0,2-3,location2,0.316,高风险,0.235,中风险,0.371,高风险,0.382,高风险,0.317,高风险,0.329,高风险
1722.0,2-3,location2,0.049,低风险,0.02,低风险,0.083,低风险,0.104,低风险,0.064,低风险,0.069,低风险
1724.0,2-3,location2,0.0,低风险,0.0,低风险,0.0,低风险,0.0,低风险,0.0,低风险,0.0,低风险
1727.0,2-3,location2,0.095,低风险,0.038,低风险,0.162,中风险,0.203,中风险,0.125,中风险,0.134,中风险
1728.0,2-3,location2,0.116,中风险,0.047,低风险,0.197,中风险,0.247,中风险,0.153,中风险,0.163,中风险
1731.0,2-3,location2,0.05,低风险,0.02,低风险,0.085,低风险,0.106,低风险,0.066,低风险,0.07,低风险
1733.0,2-3,location2,0.039,低风险,0.016,低风险,0.066,低风险,0.083,低风险,0.051,低风险,0.055,低风险
1744.0,2-3,location2,0.0,低风险,0.0,低风险,0.0,低风险,0.0,低风险,0.0,低风险,0.0,低风险
1751.0,2-3,location2,0.0,低风险,0.0,低风险,0.0,低风险,0.0,低风险,0.0,低风险,0.0,低风险
1757.0,2-3,location2,0.193,中风险,0.176,中风险,0.181,中风险,0.129,中风险,0.158,中风险,0.162,中风险
1759.0,2-3,location2,0.0,低风险,0.0,低风险,0.0,低风险,0.0,低风险,0.0,低风险,0.0,低风险
1771.0,2-3,location2,0.0,低风险,0.0,低风险,0.0,低风险,0.0,低风险,0.0,低风险,0.0,低风险
1775.0,2-3,location2,0.0,低风险,0.0,低风险,0.0,低风险,0.0,低风险,0.0,低风险,0.0,低风险
1786.0,2-3,location2,0.0,低风险,0.0,低风险,0.0,低风险,0.0,低风险,0.0,低风险,0.0,低风险
1792.0,2-3,location2,0.0,低风险,0.0,低风险,0.0,低风险,0.0,低风险,0.0,低风险,0.0,低风险
1793.0,2-3,location2,0.0,低风险,0.0,低风险,0.0,低风险,0.0,低风险,0.0,低风险,0.0,低风险
1801.0,2-3,location2,0.254,中风险,0.102,低风险,0.431,高风险,0.54,高风险,0.334,高风险,0.358,高风险
1.0,3-2,location3,0.0,低风险,0.0,低风险,0.0,低风险,0.0,低风险,0.0,低风险,0.0,低风险
1.0,3-3,location3,0.432,高风险,0.311,高风险,0.513,高风险,0.646,高风险,0.48,高风险,0.49,高风险
1.0,3-4,location3,0.193,中风险,0.203,中风险,0.14,中风险,0.051,低风险,0.131,中风险,0.131,中风险
2.0,3-2,location3,0.331,高风险,0.163,中风险,0.516,高风险,0.616,高风险,0.405,高风险,0.432,高风险
2.0,3-3,location3,0.228,中风险,0.091,低风险,0.386,高风险,0.484,高风险,0.299,中风险,0.321,高风险
2.0,3-4,location3,0.368,高风险,0.195,中风险,0.553,高风险,0.645,高风险,0.437,高风险,0.465,高风险
3.0,3-2,location3,0.148,中风险,0.156,中风险,0.108,低风险,0.039,低风险,0.101,低风险,0.101,低风险
3.0,3-4,location3,0.0,低风险,0.0,低风险,0.0,低风险,0.0,低风险,0.0,低风险,0.0,低风险
4.0,3-1,location3,0.007,低风险,0.007,低风险,0.005,低风险,0.002,低风险,0.005,低风险,0.005,低风险
4.0,3-2,location3,0.0,低风险,0.0,低风险,0.0,低风险,0.0,低风险,0.0,低风险,0.0,低风险
5.0,3-1,location3,0.0,低风险,0.0,低风险,0.0,低风险,0.0,低风险,0.0,低风险,0.0,低风险
6.0,3-1,location3,0.387,高风险,0.391,高风险,0.279,中风险,0.355,高风险,0.358,高风险,0.342,高风险
6.0,3-2,location3,0.0,低风险,0.0,低风险,0.0,低风险,0.0,低风险,0.0,低风险,0.0,低风险
6.0,3-3,location3,0.095,低风险,0.1,低风险,0.069,低风险,0.025,低风险,0.064,低风险,0.064,低风险
6.0,3-4,location3,0.0,低风险,0.0,低风险,0.0,低风险,0.0,低风险,0.0,低风险,0.0,低风险
7.0,3-1,location3,0.0,低风险,0.0,低风险,0.0,低风险,0.0,低风险,0.0,低风险,0.0,低风险
7.0,3-2,location3,0.204,中风险,0.082,低风险,0.346,高风险,0.433,高风险,0.268,中风险,0.287,中风险
7.0,3-3,location3,0.29,中风险,0.116,中风险,0.491,高风险,0.615,高风险,0.38,高风险,0.407,高风险
7.0,3-4,location3,0.269,中风险,0.108,低风险,0.457,高风险,0.572,高风险,0.354,高风险,0.379,高风险
8.0,3-1,location3,0.0,低风险,0.0,低风险,0.0,低风险,0.0,低风险,0.0,低风险,0.0,低风险
8.0,3-4,location3,0.083,低风险,0.088,低风险,0.06,低风险,0.022,低风险,0.057,低风险,0.057,低风险
9.0,3-2,location3,0.0,低风险,0.0,低风险,0.0,低风险,0.0,低风险,0.0,低风险,0.0,低风险
9.0,3-3,location3,0.416,高风险,0.301,中风险,0.496,高风险,0.586,高风险,0.449,高风险,0.461,高风险
11.0,3-2,location3,0.12,中风险,0.048,低风险,0.203,中风险,0.254,中风险,0.157,中风险,0.168,中风险
11.0,3-3,location3,0.58,高风险,0.488,高风险,0.586,高风险,0.625,高风险,0.56,高风险,0.567,高风险
11.0,3-4,location3,0.347,高风险,0.184,中风险,0.517,高风险,0.648,高风险,0.427,高风险,0.449,高风险
12.0,3-1,location3,0.445,高风险,0.325,高风险,0.523,高风险,0.636,高风险,0.484,高风险,0.495,高风险
12.0,3-2,location3,0.0,低风险,0.0,低风险,0.0,低风险,0.0,低风险,0.0,低风险,0.0,低风险
12.0,3-3,location3,0.0,低风险,0.0,低风险,0.0,低风险,0.0,低风险,0.0,低风险,0.0,低风险
12.0,3-4,location3,0.67,高风险,0.548,高风险,0.692,高风险,0.838,高风险,0.689,高风险,0.693,高风险
13.0,3-2,location3,0.156,中风险,0.063,低风险,0.265,中风险,0.331,高风险,0.205,中风险,0.22,中风险
13.0,3-4,location3,0.096,低风险,0.101,低风险,0.069,低风险,0.025,低风险,0.065,低风险,0.065,低风险
14.0,3-2,location3,0.0,低风险,0.0,低风险,0.0,低风险,0.0,低风险,0.0,低风险,0.0,低风险
14.0,3-3,location3,0.394,高风险,0.274,中风险,0.49,高风险,0.545,高风险,0.42,高风险,0.436,高风险
14.0,3-4,location3,0.0,低风险,0.0,低风险,0.0,低风险,0.0,低风险,0.0,低风险,0.0,低风险
15.0,3-1,location3,0.0,低风险,0.0,低风险,0.0,低风险,0.0,低风险,0.0,低风险,0.0,低风险
15.0,3-2,location3,0.0,低风险,0.0,低风险,0.0,低风险,0.0,低风险,0.0,低风险,0.0,低风险
15.0,3-4,location3,0.401,高风险,0.275,中风险,0.509,高风险,0.523,高风险,0.415,高风险,0.436,高风险
16.0,3-3,location3,0.145,中风险,0.058,低风险,0.247,中风险,0.309,中风险,0.191,中风险,0.205,中风险
16.0,3-4,location3,0.115,中风险,0.121,中风险,0.083,低风险,0.03,低风险,0.078,低风险,0.078,低风险
17.0,3-2,location3,0.245,中风险,0.098,低风险,0.416,高风险,0.521,高风险,0.322,高风险,0.345,高风险
17.0,3-3,location3,0.231,中风险,0.171,中风险,0.267,中风险,0.337,高风险,0.254,中风险,0.258,中风险
18.0,3-2,location3,0.0,低风险,0.0,低风险,0.0,低风险,0.0,低风险,0.0,低风险,0.0,低风险
18.0,3-3,location3,0.389,高风险,0.209,中风险,0.574,高风险,0.72,高风险,0.476,高风险,0.501,高风险
18.0,3-4,location3,0.0,低风险,0.0,低风险,0.0,低风险,0.0,低风险,0.0,低风险,0.0,低风险
19.0,3-2,location3,0.21,中风险,0.084,低风险,0.356,高风险,0.446,高风险,0.276,中风险,0.295,中风险
19.0,3-3,location3,0.189,中风险,0.076,低风险,0.32,高风险,0.401,高风险,0.248,中风险,0.266,中风险
19.0,3-4,location3,0.377,高风险,0.271,中风险,0.452,高风险,0.533,高风险,0.407,高风险,0.419,高风险
20.0,3-2,location3,0.374,高风险,0.238,中风险,0.492,高风险,0.618,高风险,0.434,高风险,0.449,高风险
20.0,3-3,location3,0.104,低风险,0.042,低风险,0.176,中风险,0.221,中风险,0.136,中风险,0.146,中风险
20.0,3-4,location3,0.0,低风险,0.0,低风险,0.0,低风险,0.0,低风险,0.0,低风险,0.0,低风险
21.0,3-2,location3,0.0,低风险,0.0,低风险,0.0,低风险,0.0,低风险,0.0,低风险,0.0,低风险
21.0,3-4,location3,0.243,中风险,0.124,中风险,0.372,高风险,0.439,高风险,0.293,中风险,0.311,高风险
22.0,3-1,location3,0.0,低风险,0.0,低风险,0.0,低风险,0.0,低风险,0.0,低风险,0.0,低风险
22.0,3-4,location3,0.22,中风险,0.088,低风险,0.373,高风险,0.467,高风险,0.289,中风险,0.309,中风险
23.0,3-2,location3,0.376,高风险,0.23,中风险,0.519,高风险,0.571,高风险,0.416,高风险,0.44,高风险
23.0,3-3,location3,0.0,低风险,0.0,低风险,0.0,低风险,0.0,低风险,0.0,低风险,0.0,低风险
24.0,3-2,location3,0.246,中风险,0.099,低风险,0.418,高风险,0.523,高风险,0.324,高风险,0.347,高风险
24.0,3-3,location3,0.0,低风险,0.0,低风险,0.0,低风险,0.0,低风险,0.0,低风险,0.0,低风险
24.0,3-4,location3,0.095,低风险,0.038,低风险,0.16,中风险,0.201,中风险,0.124,中风险,0.133,中风险
25.0,3-1,location3,0.0,低风险,0.0,低风险,0.0,低风险,0.0,低风险,0.0,低风险,0.0,低风险
25.0,3-2,location3,0.195,中风险,0.078,低风险,0.331,高风险,0.415,高风险,0.257,中风险,0.275,中风险
25.0,3-3,location3,0.0,低风险,0.0,低风险,0.0,低风险,0.0,低风险,0.0,低风险,0.0,低风险
26.0,3-1,location3,0.464,高风险,0.335,高风险,0.549,高风险,0.69,高风险,0.514,高风险,0.524,高风险
26.0,3-2,location3,0.264,中风险,0.106,低风险,0.447,高风险,0.56,高风险,0.346,高风险,0.371,高风险
26.0,3-4,location3,0.293,中风险,0.168,中风险,0.416,高风险,0.522,高风险,0.352,高风险,0.368,高风险
27.0,3-2,location3,0.335,高风险,0.274,中风险,0.36,高风险,0.312,高风险,0.304,中风险,0.315,高风险
27.0,3-3,location3,0.0,低风险,0.0,低风险,0.0,低风险,0.0,低风险,0.0,低风险,0.0,低风险
28.0,3-1,location3,0.0,低风险,0.0,低风险,0.0,低风险,0.0,低风险,0.0,低风险,0.0,低风险
28.0,3-2,location3,0.272,中风险,0.138,中风险,0.415,高风险,0.52,高风险,0.339,高风险,0.358,高风险
28.0,3-4,location3,0.213,中风险,0.085,低风险,0.361,高风险,0.452,高风险,0.279,中风险,0.299,中风险
29.0,3-3,location3,0.0,低风险,0.0,低风险,0.0,低风险,0.0,低风险,0.0,低风险,0.0,低风险
30.0,3-2,location3,0.312,高风险,0.125,中风险,0.529,高风险,0.663,高风险,0.41,高风险,0.439,高风险
30.0,3-3,location3,0.0,低风险,0.0,低风险,0.0,低风险,0.0,低风险,0.0,低风险,0.0,低风险
31.0,3-2,location3,0.0,低风险,0.0,低风险,0.0,低风险,0.0,低风险,0.0,低风险,0.0,低风险
31.0,3-3,location3,0.034,低风险,0.036,低风险,0.025,低风险,0.009,低风险,0.023,低风险,0.023,低风险
31.0,3-4,location3,0.194,中风险,0.078,低风险,0.329,高风险,0.412,高风险,0.255,中风险,0.273,中风险
32.0,3-1,location3,0.223,中风险,0.089,低风险,0.378,高风险,0.473,高风险,0.293,中风险,0.314,高风险
32.0,3-3,location3,0.148,中风险,0.059,低风险,0.251,中风险,0.315,高风险,0.195,中风险,0.208,中风险
33.0,3-1,location3,0.662,高风险,0.533,高风险,0.705,高风险,0.801,高风险,0.67,高风险,0.68,高风险
33.0,3-3,location3,0.214,中风险,0.114,中风险,0.317,高风险,0.397,高风险,0.263,中风险,0.276,中风险
33.0,3-4,location3,0.0,低风险,0.0,低风险,0.0,低风险,0.0,低风险,0.0,低风险,0.0,低风险
34.0,3-2,location3,0.254,中风险,0.102,低风险,0.431,高风险,0.54,高风险,0.334,高风险,0.358,高风险
34.0,3-4,location3,0.266,中风险,0.134,中风险,0.41,高风险,0.487,高风险,0.323,高风险,0.344,高风险
35.0,3-4,location3,0.34,高风险,0.136,中风险,0.577,高风险,0.723,高风险,0.447,高风险,0.479,高风险
36.0,3-2,location3,0.0,低风险,0.0,低风险,0.0,低风险,0.0,低风险,0.0,低风险,0.0,低风险
36.0,3-3,location3,0.149,中风险,0.06,低风险,0.253,中风险,0.317,高风险,0.196,中风险,0.21,中风险
36.0,3-4,location3,0.0,低风险,0.0,低风险,0.0,低风险,0.0,低风险,0.0,低风险,0.0,低风险
37.0,3-1,location3,0.154,中风险,0.062,低风险,0.261,中风险,0.327,高风险,0.202,中风险,0.216,中风险
37.0,3-2,location3,0.254,中风险,0.236,中风险,0.231,中风险,0.156,中风险,0.203,中风险,0.208,中风险
37.0,3-3,location3,0.0,低风险,0.0,低风险,0.0,低风险,0.0,低风险,0.0,低风险,0.0,低风险
37.0,3-4,location3,0.0,低风险,0.0,低风险,0.0,低风险,0.0,低风险,0.0,低风险,0.0,低风险
38.0,3-1,location3,0.367,高风险,0.248,中风险,0.462,高风险,0.581,高风险,0.418,高风险,0.43,高风险
38.0,3-3,location3,0.101,低风险,0.04,低风险,0.17,中风险,0.213,中风险,0.132,中风险,0.141,中风险
39.0,3-1,location3,0.399,高风险,0.26,中风险,0.527,高风险,0.56,高风险,0.426,高风险,0.449,高风险
40.0,3-3,location3,0.401,高风险,0.278,中风险,0.506,高风险,0.517,高风险,0.413,高风险,0.434,高风险
40.0,3-4,location3,0.084,低风险,0.034,低风险,0.143,中风险,0.179,中风险,0.11,中风险,0.118,中风险
41.0,3-1,location3,0.043,低风险,0.017,低风险,0.073,低风险,0.091,低风险,0.056,低风险,0.06,低风险
41.0,3-3,location3,0.219,中风险,0.088,低风险,0.371,高风险,0.464,高风险,0.287,中风险,0.307,中风险
42.0,3-2,location3,0.122,中风险,0.128,中风险,0.088,低风险,0.032,低风险,0.083,低风险,0.083,低风险
42.0,3-3,location3,0.0,低风险,0.0,低风险,0.0,低风险,0.0,低风险,0.0,低风险,0.0,低风险
42.0,3-4,location3,0.521,高风险,0.426,高风险,0.555,高风险,0.525,高风险,0.488,高风险,0.502,高风险
44.0,3-1,location3,0.0,低风险,0.0,低风险,0.0,低风险,0.0,低风险,0.0,低风险,0.0,低风险
44.0,3-3,location3,0.093,低风险,0.037,低风险,0.158,中风险,0.198,中风险,0.122,中风险,0.131,中风险
45.0,3-1,location3,0.239,中风险,0.096,低风险,0.406,高风险,0.508,高风险,0.314,高风险,0.336,高风险
45.0,3-2,location3,0.0,低风险,0.0,低风险,0.0,低风险,0.0,低风险,0.0,低风险,0.0,低风险
45.0,3-3,location3,0.093,低风险,0.098,低风险,0.067,低风险,0.024,低风险,0.063,低风险,0.063,低风险
45.0,3-4,location3,0.274,中风险,0.11,低风险,0.465,高风险,0.582,高风险,0.36,高风险,0.386,高风险
46.0,3-1,location3,0.0,低风险,0.0,低风险,0.0,低风险,0.0,低风险,0.0,低风险,0.0,低风险
46.0,3-3,location3,0.104,低风险,0.109,低风险,0.075,低风险,0.027,低风险,0.071,低风险,0.071,低风险
47.0,3-1,location3,0.245,中风险,0.098,低风险,0.415,高风险,0.52,高风险,0.321,高风险,0.344,高风险
47.0,3-3,location3,0.079,低风险,0.084,低风险,0.058,低风险,0.021,低风险,0.054,低风险,0.054,低风险
48.0,3-1,location3,0.0,低风险,0.0,低风险,0.0,低风险,0.0,低风险,0.0,低风险,0.0,低风险
48.0,3-3,location3,0.362,高风险,0.219,中风险,0.503,高风险,0.557,高风险,0.403,高风险,0.426,高风险
49.0,3-3,location3,0.0,低风险,0.0,低风险,0.0,低风险,0.0,低风险,0.0,低风险,0.0,低风险
50.0,3-1,location3,0.253,中风险,0.101,低风险,0.428,高风险,0.536,高风险,0.332,高风险,0.355,高风险
50.0,3-3,location3,0.0,低风险,0.0,低风险,0.0,低风险,0.0,低风险,0.0,低风险,0.0,低风险
51.0,3-1,location3,0.28,中风险,0.112,中风险,0.475,高风险,0.594,高风险,0.368,高风险,0.394,高风险
51.0,3-2,location3,0.488,高风险,0.34,高风险,0.612,高风险,0.623,高风险,0.5,高风险,0.525,高风险
51.0,3-3,location3,0.533,高风险,0.431,高风险,0.571,高风险,0.585,高风险,0.517,高风险,0.529,高风险
53.0,3-1,location3,0.31,中风险,0.182,中风险,0.44,高风险,0.493,高风险,0.351,高风险,0.372,高风险
54.0,3-4,location3,0.0,低风险,0.0,低风险,0.0,低风险,0.0,低风险,0.0,低风险,0.0,低风险
56.0,3-2,location3,0.0,低风险,0.0,低风险,0.0,低风险,0.0,低风险,0.0,低风险,0.0,低风险
56.0,3-3,location3,0.41,高风险,0.249,中风险,0.569,高风险,0.629,高风险,0.456,高风险,0.482,高风险
57.0,3-3,location3,0.225,中风险,0.149,中风险,0.287,中风险,0.361,高风险,0.258,中风险,0.266,中风险
58.0,3-1,location3,0.141,中风险,0.056,低风险,0.238,中风险,0.298,中风险,0.185,中风险,0.198,中风险
58.0,3-2,location3,0.0,低风险,0.0,低风险,0.0,低风险,0.0,低风险,0.0,低风险,0.0,低风险
58.0,3-4,location3,0.0,低风险,0.0,低风险,0.0,低风险,0.0,低风险,0.0,低风险,0.0,低风险
59.0,3-1,location3,0.071,低风险,0.029,低风险,0.12,中风险,0.15,中风险,0.093,低风险,0.1,低风险
59.0,3-3,location3,0.0,低风险,0.0,低风险,0.0,低风险,0.0,低风险,0.0,低风险,0.0,低风险
59.0,3-4,location3,0.22,中风险,0.102,低风险,0.352,高风险,0.428,高风险,0.275,中风险,0.294,中风险
60.0,3-2,location3,0.096,低风险,0.039,低风险,0.164,中风险,0.205,中风险,0.127,中风险,0.136,中风险
60.0,3-3,location3,0.127,中风险,0.051,低风险,0.216,中风险,0.271,中风险,0.167,中风险,0.179,中风险
61.0,3-2,location3,0.0,低风险,0.0,低风险,0.0,低风险,0.0,低风险,0.0,低风险,0.0,低风险
61.0,3-3,location3,0.0,低风险,0.0,低风险,0.0,低风险,0.0,低风险,0.0,低风险,0.0,低风险
62.0,3-4,location3,0.146,中风险,0.154,中风险,0.106,低风险,0.038,低风险,0.099,低风险,0.1,低风险
63.0,3-3,location3,0.171,中风险,0.069,低风险,0.29,中风险,0.364,高风险,0.225,中风险,0.241,中风险
63.0,3-4,location3,0.297,中风险,0.162,中风险,0.44,高风险,0.51,高风险,0.349,高风险,0.371,高风险
64.0,3-3,location3,0.166,中风险,0.067,低风险,0.282,中风险,0.353,高风险,0.218,中风险,0.234,中风险
65.0,3-1,location3,0.0,低风险,0.0,低风险,0.0,低风险,0.0,低风险,0.0,低风险,0.0,低风险
65.0,3-4,location3,0.0,低风险,0.0,低风险,0.0,低风险,0.0,低风险,0.0,低风险,0.0,低风险
66.0,3-1,location3,0.15,中风险,0.06,低风险,0.254,中风险,0.318,高风险,0.197,中风险,0.211,中风险
66.0,3-2,location3,0.252,中风险,0.101,低风险,0.428,高风险,0.536,高风险,0.331,高风险,0.355,高风险
66.0,3-3,location3,0.0,低风险,0.0,低风险,0.0,低风险,0.0,低风险,0.0,低风险,0.0,低风险
66.0,3-4,location3,0.0,低风险,0.0,低风险,0.0,低风险,0.0,低风险,0.0,低风险,0.0,低风险
68.0,3-2,location3,0.2,中风险,0.08,低风险,0.339,高风险,0.425,高风险,0.263,中风险,0.281,中风险
70.0,3-2,location3,0.193,中风险,0.077,低风险,0.327,高风险,0.41,高风险,0.254,中风险,0.272,中风险
71.0,3-2,location3,0.246,中风险,0.098,低风险,0.417,高风险,0.522,高风险,0.323,高风险,0.346,高风险
71.0,3-4,location3,0.349,高风险,0.187,中风险,0.522,高风险,0.607,高风险,0.413,高风险,0.438,高风险
72.0,3-2,location3,0.0,低风险,0.0,低风险,0.0,低风险,0.0,低风险,0.0,低风险,0.0,低风险
73.0,3-2,location3,0.0,低风险,0.0,低风险,0.0,低风险,0.0,低风险,0.0,低风险,0.0,低风险
73.0,3-4,location3,0.342,高风险,0.247,中风险,0.403,高风险,0.507,高风险,0.378,高风险,0.386,高风险
74.0,3-3,location3,0.357,高风险,0.319,高风险,0.344,高风险,0.257,中风险,0.298,中风险,0.307,中风险
75.0,3-2,location3,0.0,低风险,0.0,低风险,0.0,低风险,0.0,低风险,0.0,低风险,0.0,低风险
75.0,3-3,location3,0.0,低风险,0.0,低风险,0.0,低风险,0.0,低风险,0.0,低风险,0.0,低风险
75.0,3-4,location3,0.332,高风险,0.18,中风险,0.494,高风险,0.571,高风险,0.391,高风险,0.415,高风险
76.0,3-1,location3,0.216,中风险,0.087,低风险,0.367,高风险,0.459,高风险,0.284,中风险,0.304,中风险
76.0,3-2,location3,0.197,中风险,0.079,低风险,0.335,高风险,0.419,高风险,0.259,中风险,0.278,中风险
76.0,3-4,location3,0.0,低风险,0.0,低风险,0.0,低风险,0.0,低风险,0.0,低风险,0.0,低风险
77.0,3-1,location3,0.205,中风险,0.082,低风险,0.348,高风险,0.436,高风险,0.269,中风险,0.289,中风险
78.0,3-4,location3,0.0,低风险,0.0,低风险,0.0,低风险,0.0,低风险,0.0,低风险,0.0,低风险
79.0,3-2,location3,0.0,低风险,0.0,低风险,0.0,低风险,0.0,低风险,0.0,低风险,0.0,低风险
81.0,3-3,location3,0.53,高风险,0.396,高风险,0.604,高风险,0.761,高风险,0.578,高风险,0.587,高风险
81.0,3-4,location3,0.0,低风险,0.0,低风险,0.0,低风险,0.0,低风险,0.0,低风险,0.0,低风险
82.0,3-3,location3,0.0,低风险,0.0,低风险,0.0,低风险,0.0,低风险,0.0,低风险,0.0,低风险
82.0,3-4,location3,0.235,中风险,0.156,中风险,0.3,中风险,0.376,高风险,0.269,中风险,0.277,中风险
83.0,3-2,location3,0.133,中风险,0.053,低风险,0.226,中风险,0.283,中风险,0.175,中风险,0.187,中风险
83.0,3-3,location3,0.34,高风险,0.296,中风险,0.339,高风险,0.266,中风险,0.291,中风险,0.3,中风险
83.0,3-4,location3,0.0,低风险,0.0,低风险,0.0,低风险,0.0,低风险,0.0,低风险,0.0,低风险
84.0,3-1,location3,0.187,中风险,0.075,低风险,0.317,高风险,0.397,高风险,0.246,中风险,0.263,中风险
84.0,3-3,location3,0.0,低风险,0.0,低风险,0.0,低风险,0.0,低风险,0.0,低风险,0.0,低风险
86.0,3-3,location3,0.0,低风险,0.0,低风险,0.0,低风险,0.0,低风险,0.0,低风险,0.0,低风险
87.0,3-1,location3,0.0,低风险,0.0,低风险,0.0,低风险,0.0,低风险,0.0,低风险,0.0,低风险
88.0,3-4,location3,0.276,中风险,0.173,中风险,0.368,高风险,0.462,高风险,0.322,高风险,0.334,高风险
89.0,3-1,location3,0.187,中风险,0.098,低风险,0.282,中风险,0.33,高风险,0.223,中风险,0.237,中风险
90.0,3-1,location3,0.0,低风险,0.0,低风险,0.0,低风险,0.0,低风险,0.0,低风险,0.0,低风险
90.0,3-4,location3,0.0,低风险,0.0,低风险,0.0,低风险,0.0,低风险,0.0,低风险,0.0,低风险
91.0,3-1,location3,0.128,中风险,0.051,低风险,0.216,中风险,0.271,中风险,0.168,中风险,0.179,中风险
92.0,3-1,location3,0.215,中风险,0.147,中风险,0.267,中风险,0.336,高风险,0.243,中风险,0.25,中风险
92.0,3-3,location3,0.0,低风险,0.0,低风险,0.0,低风险,0.0,低风险,0.0,低风险,0.0,低风险
92.0,3-4,location3,0.343,高风险,0.21,中风险,0.474,高风险,0.521,高风险,0.38,高风险,0.402,高风险
93.0,3-1,location3,0.083,低风险,0.033,低风险,0.141,中风险,0.177,中风险,0.11,低风险,0.117,中风险
95.0,3-1,location3,0.0,低风险,0.0,低风险,0.0,低风险,0.0,低风险,0.0,低风险,0.0,低风险
95.0,3-3,location3,0.291,中风险,0.205,中风险,0.363,高风险,0.367,高风险,0.297,中风险,0.312,高风险
96.0,3-3,location3,0.323,高风险,0.218,中风险,0.405,高风险,0.51,高风险,0.367,高风险,0.378,高风险
98.0,3-1,location3,0.0,低风险,0.0,低风险,0.0,低风险,0.0,低风险,0.0,低风险,0.0,低风险
98.0,3-3,location3,0.358,高风险,0.226,中风险,0.475,高风险,0.596,高风险,0.417,高风险,0.432,高风险
98.0,3-4,location3,0.193,中风险,0.077,低风险,0.327,高风险,0.409,高风险,0.253,中风险,0.271,中风险
99.0,3-1,location3,0.176,中风险,0.071,低风险,0.299,中风险,0.374,高风险,0.231,中风险,0.248,中风险
99.0,3-2,location3,0.0,低风险,0.0,低风险,0.0,低风险,0.0,低风险,0.0,低风险,0.0,低风险
99.0,3-3,location3,0.044,低风险,0.046,低风险,0.032,低风险,0.012,低风险,0.03,低风险,0.03,低风险
100.0,3-1,location3,0.209,中风险,0.084,低风险,0.354,高风险,0.443,高风险,0.274,中风险,0.294,中风险
100.0,3-3,location3,0.0,低风险,0.0,低风险,0.0,低风险,0.0,低风险,0.0,低风险,0.0,低风险
100.0,3-4,location3,0.141,中风险,0.056,低风险,0.239,中风险,0.299,中风险,0.185,中风险,0.198,中风险
101.0,3-1,location3,0.176,中风险,0.071,低风险,0.299,中风险,0.374,高风险,0.231,中风险,0.248,中风险
101.0,3-2,location3,0.204,中风险,0.158,中风险,0.223,中风险,0.28,中风险,0.218,中风险,0.22,中风险
101.0,3-3,location3,0.2,中风险,0.147,中风险,0.239,中风险,0.233,中风险,0.197,中风险,0.206,中风险
102.0,3-1,location3,0.257,中风险,0.103,低风险,0.436,高风险,0.546,高风险,0.338,高风险,0.362,高风险
102.0,3-3,location3,0.574,高风险,0.432,高风险,0.674,高风险,0.643,高风险,0.558,高风险,0.583,高风险
102.0,3-4,location3,0.216,中风险,0.087,低风险,0.366,高风险,0.459,高风险,0.284,中风险,0.304,中风险
103.0,3-1,location3,0.242,中风险,0.097,低风险,0.41,高风险,0.513,高风险,0.317,高风险,0.34,高风险
104.0,3-1,location3,0.373,高风险,0.22,中风险,0.527,高风险,0.59,高风险,0.421,高风险,0.446,高风险
104.0,3-3,location3,0.0,低风险,0.0,低风险,0.0,低风险,0.0,低风险,0.0,低风险,0.0,低风险
104.0,3-4,location3,0.331,高风险,0.218,中风险,0.424,高风险,0.533,高风险,0.38,高风险,0.392,高风险
105.0,3-1,location3,0.423,高风险,0.275,中风险,0.549,高风险,0.689,高风险,0.488,高风险,0.505,高风险
105.0,3-2,location3,0.103,低风险,0.041,低风险,0.175,中风险,0.219,中风险,0.135,中风险,0.145,中风险
105.0,3-3,location3,0.252,中风险,0.101,低风险,0.428,高风险,0.536,高风险,0.331,高风险,0.355,高风险
105.0,3-4,location3,0.308,中风险,0.123,中风险,0.522,高风险,0.653,高风险,0.404,高风险,0.433,高风险
106.0,3-1,location3,0.439,高风险,0.303,中风险,0.555,高风险,0.568,高风险,0.453,高风险,0.476,高风险
106.0,3-4,location3,0.0,低风险,0.0,低风险,0.0,低风险,0.0,低风险,0.0,低风险,0.0,低风险
107.0,3-2,location3,0.0,低风险,0.0,低风险,0.0,低风险,0.0,低风险,0.0,低风险,0.0,低风险
107.0,3-4,location3,0.236,中风险,0.095,低风险,0.4,高风险,0.501,高风险,0.31,中风险,0.332,高风险
108.0,3-1,location3,0.506,高风险,0.398,高风险,0.554,高风险,0.617,高风险,0.513,高风险,0.523,高风险
108.0,3-3,location3,0.0,低风险,0.0,低风险,0.0,低风险,0.0,低风险,0.0,低风险,0.0,低风险
108.0,3-4,location3,0.175,中风险,0.07,低风险,0.297,中风险,0.372,高风险,0.23,中风险,0.246,中风险
109.0,3-1,location3,0.0,低风险,0.0,低风险,0.0,低风险,0.0,低风险,0.0,低风险,0.0,低风险
110.0,3-1,location3,0.0,低风险,0.0,低风险,0.0,低风险,0.0,低风险,0.0,低风险,0.0,低风险
110.0,3-3,location3,0.228,中风险,0.091,低风险,0.386,高风险,0.484,高风险,0.299,中风险,0.321,高风险
110.0,3-4,location3,0.0,低风险,0.0,低风险,0.0,低风险,0.0,低风险,0.0,低风险,0.0,低风险
111.0,3-1,location3,0.0,低风险,0.0,低风险,0.0,低风险,0.0,低风险,0.0,低风险,0.0,低风险
111.0,3-3,location3,0.18,中风险,0.072,低风险,0.306,中风险,0.383,高风险,0.237,中风险,0.254,中风险
111.0,3-4,location3,0.234,中风险,0.094,低风险,0.397,高风险,0.497,高风险,0.307,中风险,0.329,高风险
113.0,3-1,location3,0.185,中风险,0.074,低风险,0.314,高风险,0.393,高风险,0.243,中风险,0.261,中风险
113.0,3-3,location3,0.147,中风险,0.155,中风险,0.107,低风险,0.038,低风险,0.1,低风险,0.1,低风险
113.0,3-4,location3,0.434,高风险,0.385,高风险,0.421,高风险,0.318,高风险,0.364,高风险,0.375,高风险
114.0,3-4,location3,0.11,低风险,0.044,低风险,0.186,中风险,0.233,中风险,0.144,中风险,0.154,中风险
116.0,3-1,location3,0.222,中风险,0.089,低风险,0.377,高风险,0.472,高风险,0.292,中风险,0.313,高风险
118.0,3-1,location3,0.08,低风险,0.032,低风险,0.136,中风险,0.171,中风险,0.106,低风险,0.113,中风险
118.0,3-4,location3,0.0,低风险,0.0,低风险,0.0,低风险,0.0,低风险,0.0,低风险,0.0,低风险
119.0,3-1,location3,0.203,中风险,0.081,低风险,0.344,高风险,0.431,高风险,0.267,中风险,0.286,中风险
119.0,3-4,location3,0.172,中风险,0.069,低风险,0.292,中风险,0.366,高风险,0.226,中风险,0.242,中风险
121.0,3-1,location3,0.185,中风险,0.074,低风险,0.313,高风险,0.392,高风险,0.242,中风险,0.26,中风险
121.0,3-2,location3,0.269,中风险,0.108,低风险,0.456,高风险,0.571,高风险,0.353,高风险,0.379,高风险
121.0,3-3,location3,0.412,高风险,0.343,高风险,0.434,高风险,0.367,高风险,0.368,高风险,0.381,高风险
122.0,3-1,location3,0.098,低风险,0.039,低风险,0.165,中风险,0.207,中风险,0.128,中风险,0.137,中风险
122.0,3-3,location3,0.0,低风险,0.0,低风险,0.0,低风险,0.0,低风险,0.0,低风险,0.0,低风险
123.0,3-1,location3,0.525,高风险,0.449,高风险,0.529,高风险,0.48,高风险,0.475,高风险,0.486,高风险
124.0,3-3,location3,0.0,低风险,0.0,低风险,0.0,低风险,0.0,低风险,0.0,低风险,0.0,低风险
125.0,3-1,location3,0.252,中风险,0.101,低风险,0.427,高风险,0.535,高风险,0.331,高风险,0.354,高风险
126.0,3-3,location3,0.249,中风险,0.1,低风险,0.422,高风险,0.529,高风险,0.327,高风险,0.35,高风险
127.0,3-1,location3,0.0,低风险,0.0,低风险,0.0,低风险,0.0,低风险,0.0,低风险,0.0,低风险
127.0,3-2,location3,0.241,中风险,0.097,低风险,0.408,高风险,0.511,高风险,0.316,高风险,0.339,高风险
127.0,3-3,location3,0.199,中风险,0.102,低风险,0.302,中风险,0.379,高风险,0.248,中风险,0.261,中风险
127.0,3-4,location3,0.046,低风险,0.018,低风险,0.078,低风险,0.098,低风险,0.061,低风险,0.065,低风险
128.0,3-1,location3,0.173,中风险,0.069,低风险,0.293,中风险,0.367,高风险,0.227,中风险,0.243,中风险
128.0,3-2,location3,0.0,低风险,0.0,低风险,0.0,低风险,0.0,低风险,0.0,低风险,0.0,低风险
128.0,3-3,location3,0.279,中风险,0.112,中风险,0.474,高风险,0.593,高风险,0.367,高风险,0.393,高风险
129.0,3-3,location3,0.234,中风险,0.094,低风险,0.397,高风险,0.497,高风险,0.307,中风险,0.329,高风险
129.0,3-4,location3,0.181,中风险,0.072,低风险,0.306,中风险,0.384,高风险,0.237,中风险,0.254,中风险
130.0,3-4,location3,0.006,低风险,0.006,低风险,0.004,低风险,0.002,低风险,0.004,低风险,0.004,低风险
131.0,3-2,location3,0.0,低风险,0.0,低风险,0.0,低风险,0.0,低风险,0.0,低风险,0.0,低风险
131.0,3-4,location3,0.0,低风险,0.0,低风险,0.0,低风险,0.0,低风险,0.0,低风险,0.0,低风险
132.0,3-1,location3,0.022,低风险,0.023,低风险,0.016,低风险,0.006,低风险,0.015,低风险,0.015,低风险
132.0,3-2,location3,0.0,低风险,0.0,低风险,0.0,低风险,0.0,低风险,0.0,低风险,0.0,低风险
132.0,3-3,location3,0.186,中风险,0.1,低风险,0.276,中风险,0.346,高风险,0.228,中风险,0.24,中风险
132.0,3-4,location3,0.0,低风险,0.0,低风险,0.0,低风险,0.0,低风险,0.0,低风险,0.0,低风险
133.0,3-1,location3,0.111,中风险,0.117,中风险,0.081,低风险,0.029,低风险,0.076,低风险,0.076,低风险
133.0,3-2,location3,0.069,低风险,0.028,低风险,0.117,中风险,0.147,中风险,0.091,低风险,0.097,低风险
133.0,3-3,location3,0.049,低风险,0.02,低风险,0.083,低风险,0.104,低风险,0.064,低风险,0.069,低风险
134.0,3-2,location3,0.247,中风险,0.099,低风险,0.419,高风险,0.524,高风险,0.324,高风险,0.347,高风险
134.0,3-3,location3,0.325,高风险,0.21,中风险,0.433,高风险,0.463,高风险,0.35,高风险,0.369,高风险
134.0,3-4,location3,0.461,高风险,0.383,高风险,0.485,高风险,0.411,高风险,0.412,高风险,0.426,高风险
135.0,3-1,location3,0.036,低风险,0.015,低风险,0.061,低风险,0.077,低风险,0.048,低风险,0.051,低风险
135.0,3-2,location3,0.069,低风险,0.028,低风险,0.118,中风险,0.147,中风险,0.091,低风险,0.098,低风险
136.0,3-2,location3,0.276,中风险,0.215,中风险,0.312,高风险,0.287,中风险,0.261,中风险,0.272,中风险
136.0,3-3,location3,0.248,中风险,0.14,中风险,0.36,高风险,0.41,高风险,0.286,中风险,0.303,中风险
137.0,3-1,location3,0.138,中风险,0.055,低风险,0.235,中风险,0.294,中风险,0.182,中风险,0.195,中风险
137.0,3-2,location3,0.225,中风险,0.163,中风险,0.273,中风险,0.269,中风险,0.224,中风险,0.235,中风险
137.0,3-3,location3,0.123,中风险,0.049,低风险,0.209,中风险,0.261,中风险,0.161,中风险,0.173,中风险
137.0,3-4,location3,0.2,中风险,0.08,低风险,0.34,高风险,0.425,高风险,0.263,中风险,0.282,中风险
138.0,3-1,location3,0.202,中风险,0.082,低风险,0.342,高风险,0.428,高风险,0.265,中风险,0.284,中风险
138.0,3-2,location3,0.415,高风险,0.281,中风险,0.522,高风险,0.656,高风险,0.473,高风险,0.486,高风险
139.0,3-3,location3,0.27,中风险,0.168,中风险,0.368,高风险,0.401,高风险,0.296,中风险,0.312,高风险
140.0,3-3,location3,0.376,高风险,0.228,中风险,0.514,高风险,0.645,高风险,0.444,高风险,0.463,高风险
140.0,3-4,location3,0.273,中风险,0.109,低风险,0.463,高风险,0.58,高风险,0.358,高风险,0.384,高风险
141.0,3-1,location3,0.285,中风险,0.211,中风险,0.329,高风险,0.414,高风险,0.312,高风险,0.318,高风险
142.0,3-1,location3,0.0,低风险,0.0,低风险,0.0,低风险,0.0,低风险,0.0,低风险,0.0,低风险
142.0,3-2,location3,0.153,中风险,0.061,低风险,0.259,中风险,0.324,高风险,0.201,中风险,0.215,中风险
142.0,3-3,location3,0.494,高风险,0.374,高风险,0.57,高风险,0.594,高风险,0.496,高风险,0.513,高风险
142.0,3-4,location3,0.0,低风险,0.0,低风险,0.0,低风险,0.0,低风险,0.0,低风险,0.0,低风险
143.0,3-2,location3,0.256,中风险,0.103,低风险,0.435,高风险,0.545,高风险,0.337,高风险,0.361,高风险
143.0,3-3,location3,0.0,低风险,0.0,低风险,0.0,低风险,0.0,低风险,0.0,低风险,0.0,低风险
143.0,3-4,location3,0.156,中风险,0.063,低风险,0.265,中风险,0.332,高风险,0.205,中风险,0.22,中风险
144.0,3-1,location3,0.18,中风险,0.072,低风险,0.305,中风险,0.381,高风险,0.236,中风险,0.253,中风险
144.0,3-3,location3,0.066,低风险,0.069,低风险,0.048,低风险,0.017,低风险,0.045,低风险,0.045,低风险
145.0,3-1,location3,0.113,中风险,0.045,低风险,0.191,中风险,0.239,中风险,0.148,中风险,0.159,中风险
145.0,3-3,location3,0.0,低风险,0.0,低风险,0.0,低风险,0.0,低风险,0.0,低风险,0.0,低风险
145.0,3-4,location3,0.0,低风险,0.0,低风险,0.0,低风险,0.0,低风险,0.0,低风险,0.0,低风险
146.0,3-1,location3,0.0,低风险,0.0,低风险,0.0,低风险,0.0,低风险,0.0,低风险,0.0,低风险
146.0,3-3,location3,0.117,中风险,0.052,低风险,0.191,中风险,0.234,中风险,0.149,中风险,0.159,中风险
146.0,3-4,location3,0.0,低风险,0.0,低风险,0.0,低风险,0.0,低风险,0.0,低风险,0.0,低风险
147.0,3-1,location3,0.0,低风险,0.0,低风险,0.0,低风险,0.0,低风险,0.0,低风险,0.0,低风险
148.0,3-1,location3,0.0,低风险,0.0,低风险,0.0,低风险,0.0,低风险,0.0,低风险,0.0,低风险
148.0,3-4,location3,0.0,低风险,0.0,低风险,0.0,低风险,0.0,低风险,0.0,低风险,0.0,低风险
149.0,3-1,location3,0.278,中风险,0.112,中风险,0.472,高风险,0.591,高风险,0.366,高风险,0.392,高风险
149.0,3-4,location3,0.0,低风险,0.0,低风险,0.0,低风险,0.0,低风险,0.0,低风险,0.0,低风险
150.0,3-1,location3,0.139,中风险,0.061,低风险,0.228,中风险,0.281,中风险,0.178,中风险,0.19,中风险
150.0,3-3,location3,0.283,中风险,0.151,中风险,0.418,高风险,0.525,高风险,0.347,高风险,0.365,高风险
151.0,3-2,location3,0.315,高风险,0.212,中风险,0.397,高风险,0.499,高风险,0.359,高风险,0.369,高风险
151.0,3-4,location3,0.232,中风险,0.093,低风险,0.393,高风险,0.493,高风险,0.305,中风险,0.326,高风险
152.0,3-1,location3,0.489,高风险,0.364,高风险,0.579,高风险,0.559,高风险,0.479,高风险,0.501,高风险
152.0,3-2,location3,0.227,中风险,0.143,中风险,0.301,中风险,0.379,高风险,0.265,中风险,0.274,中风险
152.0,3-3,location3,0.273,中风险,0.123,中风险,0.441,高风险,0.552,高风险,0.35,高风险,0.372,高风险
152.0,3-4,location3,0.196,中风险,0.078,低风险,0.332,高风险,0.415,高风险,0.257,中风险,0.275,中风险
153.0,3-1,location3,0.105,低风险,0.042,低风险,0.178,中风险,0.223,中风险,0.138,中风险,0.148,中风险
153.0,3-4,location3,0.152,中风险,0.061,低风险,0.258,中风险,0.324,高风险,0.2,中风险,0.214,中风险
154.0,3-4,location3,0.288,中风险,0.216,中风险,0.339,高风险,0.324,高风险,0.28,中风险,0.293,中风险
155.0,3-3,location3,0.12,中风险,0.048,低风险,0.203,中风险,0.254,中风险,0.157,中风险,0.168,中风险
155.0,3-4,location3,0.309,中风险,0.172,中风险,0.447,高风险,0.561,高风险,0.375,高风险,0.393,高风险
156.0,3-1,location3,0.271,中风险,0.109,低风险,0.459,高风险,0.575,高风险,0.356,高风险,0.381,高风险
156.0,3-3,location3,0.193,中风险,0.204,中风险,0.14,中风险,0.051,低风险,0.131,中风险,0.132,中风险
156.0,3-4,location3,0.267,中风险,0.116,中风险,0.438,高风险,0.539,高风险,0.341,高风险,0.365,高风险
157.0,3-1,location3,0.0,低风险,0.0,低风险,0.0,低风险,0.0,低风险,0.0,低风险,0.0,低风险
157.0,3-2,location3,0.158,中风险,0.105,低风险,0.201,中风险,0.253,中风险,0.181,中风险,0.186,中风险
157.0,3-3,location3,0.139,中风险,0.057,低风险,0.234,中风险,0.293,中风险,0.182,中风险,0.195,中风险
157.0,3-4,location3,0.0,低风险,0.0,低风险,0.0,低风险,0.0,低风险,0.0,低风险,0.0,低风险
158.0,3-1,location3,0.167,中风险,0.067,低风险,0.283,中风险,0.355,高风险,0.22,中风险,0.235,中风险
158.0,3-3,location3,0.153,中风险,0.061,低风险,0.26,中风险,0.325,高风险,0.201,中风险,0.216,中风险
158.0,3-4,location3,0.0,低风险,0.0,低风险,0.0,低风险,0.0,低风险,0.0,低风险,0.0,低风险
159.0,3-1,location3,0.183,中风险,0.073,低风险,0.311,高风险,0.389,高风险,0.241,中风险,0.258,中风险
160.0,3-1,location3,0.215,中风险,0.086,低风险,0.365,高风险,0.457,高风险,0.283,中风险,0.303,中风险
160.0,3-2,location3,0.0,低风险,0.0,低风险,0.0,低风险,0.0,低风险,0.0,低风险,0.0,低风险
160.0,3-3,location3,0.122,中风险,0.049,低风险,0.207,中风险,0.259,中风险,0.16,中风险,0.172,中风险
160.0,3-4,location3,0.439,高风险,0.288,中风险,0.565,高风险,0.71,高风险,0.505,高风险,0.521,高风险
161.0,3-1,location3,0.0,低风险,0.0,低风险,0.0,低风险,0.0,低风险,0.0,低风险,0.0,低风险
161.0,3-3,location3,0.211,中风险,0.103,低风险,0.329,高风险,0.412,高风险,0.265,中风险,0.281,中风险
161.0,3-4,location3,0.0,低风险,0.0,低风险,0.0,低风险,0.0,低风险,0.0,低风险,0.0,低风险
162.0,3-1,location3,0.092,低风险,0.037,低风险,0.156,中风险,0.196,中风险,0.121,中风险,0.13,中风险
162.0,3-3,location3,0.0,低风险,0.0,低风险,0.0,低风险,0.0,低风险,0.0,低风险,0.0,低风险
162.0,3-4,location3,0.164,中风险,0.066,低风险,0.278,中风险,0.348,高风险,0.215,中风险,0.231,中风险
163.0,3-2,location3,0.0,低风险,0.0,低风险,0.0,低风险,0.0,低风险,0.0,低风险,0.0,低风险
163.0,3-3,location3,0.071,低风险,0.028,低风险,0.121,中风险,0.151,中风险,0.093,低风险,0.1,低风险
163.0,3-4,location3,0.392,高风险,0.285,中风险,0.46,高风险,0.578,高风险,0.432,高风险,0.441,高风险
164.0,3-3,location3,0.0,低风险,0.0,低风险,0.0,低风险,0.0,低风险,0.0,低风险,0.0,低风险
164.0,3-4,location3,0.277,中风险,0.111,中风险,0.47,高风险,0.588,高风险,0.364,高风险,0.39,高风险
165.0,3-4,location3,0.0,低风险,0.0,低风险,0.0,低风险,0.0,低风险,0.0,低风险,0.0,低风险
166.0,3-1,location3,0.0,低风险,0.0,低风险,0.0,低风险,0.0,低风险,0.0,低风险,0.0,低风险
166.0,3-2,location3,0.156,中风险,0.12,中风险,0.179,中风险,0.166,中风险,0.149,中风险,0.155,中风险
167.0,3-1,location3,0.0,低风险,0.0,低风险,0.0,低风险,0.0,低风险,0.0,低风险,0.0,低风险
167.0,3-2,location3,0.0,低风险,0.0,低风险,0.0,低风险,0.0,低风险,0.0,低风险,0.0,低风险
167.0,3-3,location3,0.377,高风险,0.233,中风险,0.517,高风险,0.565,高风险,0.415,高风险,0.438,高风险
167.0,3-4,location3,0.282,中风险,0.113,中风险,0.479,高风险,0.599,高风险,0.371,高风险,0.397,高风险
168.0,3-4,location3,0.0,低风险,0.0,低风险,0.0,低风险,0.0,低风险,0.0,低风险,0.0,低风险
169.0,3-1,location3,0.2,中风险,0.08,低风险,0.34,高风险,0.425,高风险,0.263,中风险,0.282,中风险
169.0,3-2,location3,0.311,高风险,0.226,中风险,0.366,高风险,0.46,高风险,0.344,高风险,0.351,高风险
169.0,3-4,location3,0.0,低风险,0.0,低风险,0.0,低风险,0.0,低风险,0.0,低风险,0.0,低风险
170.0,3-1,location3,0.0,低风险,0.0,低风险,0.0,低风险,0.0,低风险,0.0,低风险,0.0,低风险
170.0,3-2,location3,0.146,中风险,0.059,低风险,0.248,中风险,0.311,高风险,0.192,中风险,0.206,中风险
170.0,3-3,location3,0.157,中风险,0.078,低风险,0.244,中风险,0.29,中风险,0.192,中风险,0.204,中风险
170.0,3-4,location3,0.247,中风险,0.099,低风险,0.419,高风险,0.525,高风险,0.325,高风险,0.348,高风险
171.0,3-2,location3,0.225,中风险,0.09,低风险,0.381,高风险,0.477,高风险,0.295,中风险,0.316,高风险
171.0,3-3,location3,0.0,低风险,0.0,低风险,0.0,低风险,0.0,低风险,0.0,低风险,0.0,低风险
171.0,3-4,location3,0.117,中风险,0.047,低风险,0.198,中风险,0.248,中风险,0.154,中风险,0.165,中风险
172.0,3-2,location3,0.398,高风险,0.241,中风险,0.554,高风险,0.612,高风险,0.443,高风险,0.469,高风险
172.0,3-4,location3,0.026,低风险,0.027,低风险,0.019,低风险,0.007,低风险,0.017,低风险,0.017,低风险
173.0,3-1,location3,0.0,低风险,0.0,低风险,0.0,低风险,0.0,低风险,0.0,低风险,0.0,低风险
173.0,3-2,location3,0.071,低风险,0.075,低风险,0.052,低风险,0.019,低风险,0.048,低风险,0.049,低风险
173.0,3-3,location3,0.0,低风险,0.0,低风险,0.0,低风险,0.0,低风险,0.0,低风险,0.0,低风险
173.0,3-4,location3,0.0,低风险,0.0,低风险,0.0,低风险,0.0,低风险,0.0,低风险,0.0,低风险
174.0,3-1,location3,0.167,中风险,0.067,低风险,0.283,中风险,0.354,高风险,0.219,中风险,0.235,中风险
174.0,3-2,location3,0.34,高风险,0.197,中风险,0.487,高风险,0.55,高风险,0.388,高风险,0.411,高风险
174.0,3-3,location3,0.17,中风险,0.068,低风险,0.289,中风险,0.362,高风险,0.224,中风险,0.24,中风险
174.0,3-4,location3,0.276,中风险,0.111,中风险,0.468,高风险,0.586,高风险,0.362,高风险,0.388,高风险
175.0,3-1,location3,0.0,低风险,0.0,低风险,0.0,低风险,0.0,低风险,0.0,低风险,0.0,低风险
175.0,3-3,location3,0.199,中风险,0.106,低风险,0.295,中风险,0.37,高风险,0.244,中风险,0.257,中风险
176.0,3-1,location3,0.0,低风险,0.0,低风险,0.0,低风险,0.0,低风险,0.0,低风险,0.0,低风险
176.0,3-4,location3,0.168,中风险,0.067,低风险,0.285,中风险,0.357,高风险,0.221,中风险,0.236,中风险
177.0,3-1,location3,0.007,低风险,0.008,低风险,0.005,低风险,0.002,低风险,0.005,低风险,0.005,低风险
177.0,3-2,location3,0.0,低风险,0.0,低风险,0.0,低风险,0.0,低风险,0.0,低风险,0.0,低风险
177.0,3-3,location3,0.174,中风险,0.07,低风险,0.294,中风险,0.369,高风险,0.228,中风险,0.244,中风险
177.0,3-4,location3,0.168,中风险,0.068,低风险,0.285,中风险,0.357,高风险,0.221,中风险,0.237,中风险
178.0,3-1,location3,0.112,中风险,0.045,低风险,0.19,中风险,0.238,中风险,0.147,中风险,0.158,中风险
178.0,3-2,location3,0.149,中风险,0.06,低风险,0.253,中风险,0.317,高风险,0.196,中风险,0.21,中风险
178.0,3-3,location3,0.166,中风险,0.066,低风险,0.281,中风险,0.352,高风险,0.218,中风险,0.233,中风险
178.0,3-4,location3,0.221,中风险,0.089,低风险,0.375,高风险,0.47,高风险,0.29,中风险,0.311,高风险
179.0,3-1,location3,0.31,高风险,0.279,中风险,0.295,中风险,0.216,中风险,0.257,中风险,0.264,中风险
179.0,3-2,location3,0.207,中风险,0.083,低风险,0.351,高风险,0.44,高风险,0.272,中风险,0.291,中风险
179.0,3-3,location3,0.0,低风险,0.0,低风险,0.0,低风险,0.0,低风险,0.0,低风险,0.0,低风险
179.0,3-4,location3,0.0,低风险,0.0,低风险,0.0,低风险,0.0,低风险,0.0,低风险,0.0,低风险
180.0,3-2,location3,0.295,中风险,0.175,中风险,0.409,高风险,0.513,高风险,0.351,高风险,0.366,高风险
180.0,3-3,location3,0.159,中风险,0.064,低风险,0.27,中风险,0.338,高风险,0.209,中风险,0.224,中风险
180.0,3-4,location3,0.0,低风险,0.0,低风险,0.0,低风险,0.0,低风险,0.0,低风险,0.0,低风险
181.0,3-4,location3,0.0,低风险,0.0,低风险,0.0,低风险,0.0,低风险,0.0,低风险,0.0,低风险
182.0,3-1,location3,0.052,低风险,0.021,低风险,0.088,低风险,0.11,中风险,0.068,低风险,0.073,低风险
182.0,3-2,location3,0.104,低风险,0.042,低风险,0.176,中风险,0.22,中风险,0.136,中风险,0.146,中风险
182.0,3-4,location3,0.0,低风险,0.0,低风险,0.0,低风险,0.0,低风险,0.0,低风险,0.0,低风险
183.0,3-1,location3,0.268,中风险,0.108,低风险,0.455,高风险,0.57,高风险,0.352,高风险,0.377,高风险
183.0,3-2,location3,0.0,低风险,0.0,低风险,0.0,低风险,0.0,低风险,0.0,低风险,0.0,低风险
183.0,3-4,location3,0.0,低风险,0.0,低风险,0.0,低风险,0.0,低风险,0.0,低风险,0.0,低风险
184.0,3-2,location3,0.0,低风险,0.0,低风险,0.0,低风险,0.0,低风险,0.0,低风险,0.0,低风险
185.0,3-2,location3,0.175,中风险,0.07,低风险,0.297,中风险,0.372,高风险,0.23,中风险,0.246,中风险
185.0,3-3,location3,0.0,低风险,0.0,低风险,0.0,低风险,0.0,低风险,0.0,低风险,0.0,低风险
186.0,3-1,location3,0.092,低风险,0.037,低风险,0.157,中风险,0.196,中风险,0.121,中风险,0.13,中风险
186.0,3-2,location3,0.0,低风险,0.0,低风险,0.0,低风险,0.0,低风险,0.0,低风险,0.0,低风险
186.0,3-4,location3,0.041,低风险,0.043,低风险,0.03,低风险,0.011,低风险,0.028,低风险,0.028,低风险
187.0,3-1,location3,0.095,低风险,0.038,低风险,0.162,中风险,0.202,中风险,0.125,中风险,0.134,中风险
187.0,3-2,location3,0.35,高风险,0.14,中风险,0.594,高风险,0.744,高风险,0.46,高风险,0.493,高风险
187.0,3-4,location3,0.0,低风险,0.0,低风险,0.0,低风险,0.0,低风险,0.0,低风险,0.0,低风险
188.0,3-2,location3,0.0,低风险,0.0,低风险,0.0,低风险,0.0,低风险,0.0,低风险,0.0,低风险
188.0,3-4,location3,0.0,低风险,0.0,低风险,0.0,低风险,0.0,低风险,0.0,低风险,0.0,低风险
189.0,3-2,location3,0.131,中风险,0.138,中风险,0.095,低风险,0.034,低风险,0.089,低风险,0.089,低风险
189.0,3-4,location3,0.0,低风险,0.0,低风险,0.0,低风险,0.0,低风险,0.0,低风险,0.0,低风险
190.0,3-1,location3,0.0,低风险,0.0,低风险,0.0,低风险,0.0,低风险,0.0,低风险,0.0,低风险
190.0,3-2,location3,0.198,中风险,0.08,低风险,0.336,高风险,0.421,高风险,0.261,中风险,0.279,中风险
190.0,3-3,location3,0.06,低风险,0.064,低风险,0.044,低风险,0.016,低风险,0.041,低风险,0.041,低风险
190.0,3-4,location3,0.139,中风险,0.056,低风险,0.236,中风险,0.295,中风险,0.183,中风险,0.196,中风险
191.0,3-3,location3,0.0,低风险,0.0,低风险,0.0,低风险,0.0,低风险,0.0,低风险,0.0,低风险
191.0,3-4,location3,0.223,中风险,0.098,低风险,0.366,高风险,0.45,高风险,0.285,中风险,0.304,中风险
192.0,3-2,location3,0.131,中风险,0.053,低风险,0.223,中风险,0.279,中风险,0.172,中风险,0.185,中风险
193.0,3-2,location3,0.404,高风险,0.262,中风险,0.535,高风险,0.57,高风险,0.432,高风险,0.456,高风险
193.0,3-3,location3,0.0,低风险,0.0,低风险,0.0,低风险,0.0,低风险,0.0,低风险,0.0,低风险
193.0,3-4,location3,0.151,中风险,0.061,低风险,0.256,中风险,0.321,高风险,0.198,中风险,0.212,中风险
194.0,3-1,location3,0.051,低风险,0.054,低风险,0.037,低风险,0.013,低风险,0.035,低风险,0.035,低风险
194.0,3-2,location3,0.408,高风险,0.282,中风险,0.503,高风险,0.633,高风险,0.461,高风险,0.473,高风险
194.0,3-4,location3,0.0,低风险,0.0,低风险,0.0,低风险,0.0,低风险,0.0,低风险,0.0,低风险
195.0,3-2,location3,0.394,高风险,0.279,中风险,0.474,高风险,0.597,高风险,0.44,高风险,0.45,高风险
195.0,3-3,location3,0.268,中风险,0.151,中风险,0.383,高风险,0.481,高风险,0.323,高风险,0.339,高风险
196.0,3-2,location3,0.0,低风险,0.0,低风险,0.0,低风险,0.0,低风险,0.0,低风险,0.0,低风险
196.0,3-3,location3,0.155,中风险,0.062,低风险,0.263,中风险,0.329,高风险,0.203,中风险,0.218,中风险
197.0,3-2,location3,0.33,高风险,0.178,中风险,0.492,高风险,0.571,高风险,0.389,高风险,0.414,高风险
197.0,3-4,location3,0.327,高风险,0.131,中风险,0.555,高风险,0.695,高风险,0.43,高风险,0.461,高风险
198.0,3-1,location3,0.0,低风险,0.0,低风险,0.0,低风险,0.0,低风险,0.0,低风险,0.0,低风险
198.0,3-2,location3,0.391,高风险,0.263,中风险,0.492,高风险,0.618,高风险,0.445,高风险,0.458,高风险
199.0,3-1,location3,0.252,中风险,0.139,中风险,0.366,高风险,0.459,高风险,0.306,中风险,0.321,高风险
199.0,3-2,location3,0.365,高风险,0.253,中风险,0.448,高风险,0.563,高风险,0.411,高风险,0.422,高风险
199.0,3-3,location3,0.422,高风险,0.314,高风险,0.493,高风险,0.557,高风险,0.442,高风险,0.454,高风险
199.0,3-4,location3,0.117,中风险,0.047,低风险,0.199,中风险,0.249,中风险,0.154,中风险,0.165,中风险
200.0,3-4,location3,0.0,低风险,0.0,低风险,0.0,低风险,0.0,低风险,0.0,低风险,0.0,低风险
201.0,3-1,location3,0.191,中风险,0.077,低风险,0.323,高风险,0.404,高风险,0.25,中风险,0.268,中风险
201.0,3-2,location3,0.0,低风险,0.0,低风险,0.0,低风险,0.0,低风险,0.0,低风险,0.0,低风险
201.0,3-4,location3,0.0,低风险,0.0,低风险,0.0,低风险,0.0,低风险,0.0,低风险,0.0,低风险
202.0,3-4,location3,0.0,低风险,0.0,低风险,0.0,低风险,0.0,低风险,0.0,低风险,0.0,低风险
203.0,3-4,location3,0.0,低风险,0.0,低风险,0.0,低风险,0.0,低风险,0.0,低风险,0.0,低风险
204.0,3-2,location3,0.249,中风险,0.1,低风险,0.423,高风险,0.529,高风险,0.327,高风险,0.351,高风险
204.0,3-4,location3,0.211,中风险,0.114,中风险,0.314,高风险,0.364,高风险,0.248,中风险,0.264,中风险
205.0,3-2,location3,0.081,低风险,0.085,低风险,0.059,低风险,0.021,低风险,0.055,低风险,0.055,低风险
205.0,3-3,location3,0.152,中风险,0.16,中风险,0.11,中风险,0.04,低风险,0.103,低风险,0.103,低风险
205.0,3-4,location3,0.044,低风险,0.046,低风险,0.032,低风险,0.011,低风险,0.03,低风险,0.03,低风险
206.0,3-2,location3,0.306,中风险,0.168,中风险,0.446,高风险,0.559,高风险,0.372,高风险,0.391,高风险
206.0,3-4,location3,0.124,中风险,0.13,中风险,0.09,低风险,0.032,低风险,0.084,低风险,0.084,低风险
207.0,3-2,location3,0.228,中风险,0.091,低风险,0.387,高风险,0.485,高风险,0.3,中风险,0.321,高风险
207.0,3-3,location3,0.231,中风险,0.107,低风险,0.37,高风险,0.449,高风险,0.289,中风险,0.309,中风险
208.0,3-2,location3,0.262,中风险,0.184,中风险,0.323,高风险,0.354,高风险,0.276,中风险,0.287,中风险
209.0,3-2,location3,0.209,中风险,0.116,中风险,0.303,中风险,0.38,高风险,0.254,中风险,0.267,中风险
209.0,3-4,location3,0.414,高风险,0.279,中风险,0.521,高风险,0.654,高风险,0.471,高风险,0.485,高风险
210.0,3-2,location3,0.152,中风险,0.102,低风险,0.191,中风险,0.24,中风险,0.173,中风险,0.178,中风险
210.0,3-4,location3,0.288,中风险,0.189,中风险,0.379,高风险,0.402,高风险,0.307,中风险,0.323,高风险
211.0,3-2,location3,0.0,低风险,0.0,低风险,0.0,低风险,0.0,低风险,0.0,低风险,0.0,低风险
211.0,3-4,location3,0.0,低风险,0.0,低风险,0.0,低风险,0.0,低风险,0.0,低风险,0.0,低风险
212.0,3-1,location3,0.129,中风险,0.052,低风险,0.219,中风险,0.275,中风险,0.17,中风险,0.182,中风险
212.0,3-2,location3,0.0,低风险,0.0,低风险,0.0,低风险,0.0,低风险,0.0,低风险,0.0,低风险
212.0,3-3,location3,0.25,中风险,0.154,中风险,0.338,高风险,0.424,高风险,0.294,中风险,0.306,中风险
212.0,3-4,location3,0.216,中风险,0.086,低风险,0.366,高风险,0.458,高风险,0.283,中风险,0.303,中风险
213.0,3-2,location3,0.437,高风险,0.285,中风险,0.577,高风险,0.613,高风险,0.466,高风险,0.491,高风险
213.0,3-3,location3,0.232,中风险,0.113,中风险,0.363,高风险,0.434,高风险,0.284,中风险,0.303,中风险
213.0,3-4,location3,0.2,中风险,0.211,中风险,0.145,中风险,0.052,低风险,0.136,中风险,0.136,中风险
214.0,3-2,location3,0.357,高风险,0.214,中风险,0.491,高风险,0.616,高风险,0.423,高风险,0.44,高风险
214.0,3-4,location3,0.0,低风险,0.0,低风险,0.0,低风险,0.0,低风险,0.0,低风险,0.0,低风险
215.0,3-1,location3,0.003,低风险,0.003,低风险,0.002,低风险,0.001,低风险,0.002,低风险,0.002,低风险
215.0,3-2,location3,0.17,中风险,0.072,低风险,0.283,中风险,0.354,高风险,0.221,中风险,0.236,中风险
215.0,3-3,location3,0.383,高风险,0.254,中风险,0.501,高风险,0.528,高风险,0.406,高风险,0.428,高风险
216.0,3-2,location3,0.214,中风险,0.145,中风险,0.268,中风险,0.337,高风险,0.243,中风险,0.25,中风险
216.0,3-4,location3,0.513,高风险,0.376,高风险,0.597,高风险,0.751,高风险,0.564,高风险,0.575,高风险
217.0,3-1,location3,0.315,高风险,0.177,中风险,0.458,高风险,0.522,高风险,0.364,高风险,0.386,高风险
217.0,3-2,location3,0.441,高风险,0.342,高风险,0.485,高风险,0.611,高风险,0.474,高风险,0.479,高风险
218.0,3-3,location3,0.279,中风险,0.112,中风险,0.473,高风险,0.593,高风险,0.367,高风险,0.393,高风险
218.0,3-4,location3,0.223,中风险,0.09,低风险,0.379,高风险,0.474,高风险,0.293,中风险,0.314,高风险
219.0,3-2,location3,0.079,低风险,0.083,低风险,0.057,低风险,0.021,低风险,0.054,低风险,0.054,低风险
219.0,3-4,location3,0.206,中风险,0.083,低风险,0.35,高风险,0.438,高风险,0.271,中风险,0.29,中风险
220.0,3-4,location3,0.237,中风险,0.249,中风险,0.172,中风险,0.062,低风险,0.161,中风险,0.161,中风险
221.0,3-1,location3,0.0,低风险,0.0,低风险,0.0,低风险,0.0,低风险,0.0,低风险,0.0,低风险
221.0,3-2,location3,0.097,低风险,0.039,低风险,0.164,中风险,0.206,中风险,0.127,中风险,0.136,中风险
221.0,3-4,location3,0.507,高风险,0.342,高风险,0.642,高风险,0.777,高风险,0.568,高风险,0.587,高风险
222.0,3-1,location3,0.268,中风险,0.149,中风险,0.387,高风险,0.486,高风险,0.325,高风险,0.341,高风险
222.0,3-2,location3,0.195,中风险,0.078,低风险,0.331,高风险,0.415,高风险,0.257,中风险,0.275,中风险
222.0,3-4,location3,0.323,高风险,0.196,中风险,0.444,高风险,0.526,高风险,0.371,高风险,0.389,高风险
223.0,3-1,location3,0.288,中风险,0.115,中风险,0.488,高风险,0.611,高风险,0.378,高风险,0.405,高风险
223.0,3-2,location3,0.197,中风险,0.079,低风险,0.334,高风险,0.419,高风险,0.259,中风险,0.277,中风险
223.0,3-3,location3,0.189,中风险,0.076,低风险,0.321,高风险,0.402,高风险,0.248,中风险,0.266,中风险
223.0,3-4,location3,0.166,中风险,0.1,低风险,0.231,中风险,0.256,中风险,0.185,中风险,0.196,中风险
224.0,3-1,location3,0.222,中风险,0.17,中风险,0.255,中风险,0.241,中风险,0.213,中风险,0.222,中风险
224.0,3-2,location3,0.345,高风险,0.244,中风险,0.416,高风险,0.523,高风险,0.386,高风险,0.395,高风险
225.0,3-1,location3,0.0,低风险,0.0,低风险,0.0,低风险,0.0,低风险,0.0,低风险,0.0,低风险
225.0,3-4,location3,0.08,低风险,0.037,低风险,0.128,中风险,0.161,中风险,0.102,低风险,0.109,低风险
226.0,3-1,location3,0.02,低风险,0.008,低风险,0.033,低风险,0.042,低风险,0.026,低风险,0.028,低风险
226.0,3-3,location3,0.51,高风险,0.386,高风险,0.573,高风险,0.722,高风险,0.553,高风险,0.561,高风险
226.0,3-4,location3,0.083,低风险,0.039,低风险,0.132,中风险,0.165,中风险,0.105,低风险,0.112,中风险
227.0,3-2,location3,0.0,低风险,0.0,低风险,0.0,低风险,0.0,低风险,0.0,低风险,0.0,低风险
227.0,3-4,location3,0.286,中风险,0.115,中风险,0.485,高风险,0.607,高风险,0.375,高风险,0.402,高风险
228.0,3-2,location3,0.284,中风险,0.114,中风险,0.481,高风险,0.602,高风险,0.372,高风险,0.399,高风险
228.0,3-4,location3,0.194,中风险,0.081,低风险,0.324,高风险,0.403,高风险,0.252,中风险,0.27,中风险
229.0,3-1,location3,0.211,中风险,0.115,中风险,0.314,高风险,0.363,高风险,0.248,中风险,0.264,中风险
229.0,3-2,location3,0.133,中风险,0.053,低风险,0.225,中风险,0.282,中风险,0.174,中风险,0.187,中风险
229.0,3-4,location3,0.317,高风险,0.179,中风险,0.453,高风险,0.568,高风险,0.382,高风险,0.4,高风险
230.0,3-1,location3,0.426,高风险,0.299,中风险,0.516,高风险,0.649,高风险,0.477,高风险,0.488,高风险
230.0,3-4,location3,0.121,中风险,0.049,低风险,0.205,中风险,0.257,中风险,0.159,中风险,0.17,中风险
231.0,3-4,location3,0.216,中风险,0.087,低风险,0.366,高风险,0.458,高风险,0.283,中风险,0.304,中风险
232.0,3-2,location3,0.0,低风险,0.0,低风险,0.0,低风险,0.0,低风险,0.0,低风险,0.0,低风险
233.0,3-1,location3,0.229,中风险,0.12,中风险,0.343,高风险,0.431,高风险,0.283,中风险,0.298,中风险
234.0,3-2,location3,0.056,低风险,0.022,低风险,0.094,低风险,0.118,中风险,0.073,低风险,0.078,低风险
234.0,3-4,location3,0.0,低风险,0.0,低风险,0.0,低风险,0.0,低风险,0.0,低风险,0.0,低风险
235.0,3-1,location3,0.289,中风险,0.18,中风险,0.389,高风险,0.489,高风险,0.339,高风险,0.352,高风险
235.0,3-3,location3,0.156,中风险,0.062,低风险,0.264,中风险,0.33,高风险,0.204,中风险,0.219,中风险
237.0,3-4,location3,0.07,低风险,0.028,低风险,0.119,中风险,0.149,中风险,0.092,低风险,0.098,低风险
238.0,3-4,location3,0.169,中风险,0.068,低风险,0.287,中风险,0.36,高风险,0.222,中风险,0.238,中风险
239.0,3-2,location3,0.223,中风险,0.089,低风险,0.377,高风险,0.472,高风险,0.292,中风险,0.313,高风险
239.0,3-4,location3,0.0,低风险,0.0,低风险,0.0,低风险,0.0,低风险,0.0,低风险,0.0,低风险
240.0,3-4,location3,0.0,低风险,0.0,低风险,0.0,低风险,0.0,低风险,0.0,低风险,0.0,低风险
241.0,3-1,location3,0.0,低风险,0.0,低风险,0.0,低风险,0.0,低风险,0.0,低风险,0.0,低风险
241.0,3-4,location3,0.0,低风险,0.0,低风险,0.0,低风险,0.0,低风险,0.0,低风险,0.0,低风险
242.0,3-2,location3,0.0,低风险,0.0,低风险,0.0,低风险,0.0,低风险,0.0,低风险,0.0,低风险
242.0,3-4,location3,0.182,中风险,0.09,低风险,0.284,中风险,0.339,高风险,0.223,中风险,0.238,中风险
243.0,3-4,location3,0.115,中风险,0.057,低风险,0.177,中风险,0.221,中风险,0.143,中风险,0.152,中风险
244.0,3-1,location3,0.243,中风险,0.097,低风险,0.411,高风险,0.515,高风险,0.318,高风险,0.341,高风险
244.0,3-2,location3,0.0,低风险,0.0,低风险,0.0,低风险,0.0,低风险,0.0,低风险,0.0,低风险
244.0,3-4,location3,0.0,低风险,0.0,低风险,0.0,低风险,0.0,低风险,0.0,低风险,0.0,低风险
245.0,3-2,location3,0.299,中风险,0.18,中风险,0.412,高风险,0.517,高风险,0.355,高风险,0.369,高风险
245.0,3-4,location3,0.135,中风险,0.054,低风险,0.23,中风险,0.288,中风险,0.178,中风险,0.191,中风险
246.0,3-2,location3,0.0,低风险,0.0,低风险,0.0,低风险,0.0,低风险,0.0,低风险,0.0,低风险
246.0,3-4,location3,0.263,中风险,0.176,中风险,0.34,高风险,0.356,高风险,0.276,中风险,0.291,中风险
247.0,3-2,location3,0.0,低风险,0.0,低风险,0.0,低风险,0.0,低风险,0.0,低风险,0.0,低风险
247.0,3-4,location3,0.44,高风险,0.27,中风险,0.597,高风险,0.75,高风险,0.518,高风险,0.539,高风险
248.0,3-2,location3,0.036,低风险,0.014,低风险,0.061,低风险,0.076,低风险,0.047,低风险,0.05,低风险
248.0,3-4,location3,0.506,高风险,0.356,高风险,0.614,高风险,0.757,高风险,0.561,高风险,0.576,高风险
249.0,3-2,location3,0.0,低风险,0.0,低风险,0.0,低风险,0.0,低风险,0.0,低风险,0.0,低风险
249.0,3-4,location3,0.121,中风险,0.054,低风险,0.196,中风险,0.245,中风险,0.155,中风险,0.165,中风险
250.0,3-2,location3,0.0,低风险,0.0,低风险,0.0,低风险,0.0,低风险,0.0,低风险,0.0,低风险
250.0,3-3,location3,0.225,中风险,0.09,低风险,0.381,高风险,0.477,高风险,0.295,中风险,0.316,高风险
250.0,3-4,location3,0.445,高风险,0.331,高风险,0.516,高风险,0.579,高风险,0.463,高风险,0.476,高风险
251.0,3-2,location3,0.0,低风险,0.0,低风险,0.0,低风险,0.0,低风险,0.0,低风险,0.0,低风险
252.0,3-2,location3,0.167,中风险,0.067,低风险,0.283,中风险,0.355,高风险,0.22,中风险,0.235,中风险
252.0,3-3,location3,0.144,中风险,0.058,低风险,0.244,中风险,0.306,中风险,0.189,中风险,0.203,中风险
252.0,3-4,location3,0.253,中风险,0.138,中风险,0.371,高风险,0.465,高风险,0.309,中风险,0.325,高风险
253.0,3-2,location3,0.14,中风险,0.056,低风险,0.237,中风险,0.297,中风险,0.184,中风险,0.197,中风险
253.0,3-3,location3,0.068,低风险,0.027,低风险,0.115,中风险,0.144,中风险,0.089,低风险,0.096,低风险
254.0,3-2,location3,0.285,中风险,0.138,中风险,0.444,高风险,0.556,高风险,0.358,高风险,0.38,高风险
254.0,3-3,location3,0.0,低风险,0.0,低风险,0.0,低风险,0.0,低风险,0.0,低风险,0.0,低风险
254.0,3-4,location3,0.0,低风险,0.0,低风险,0.0,低风险,0.0,低风险,0.0,低风险,0.0,低风险
255.0,3-2,location3,0.0,低风险,0.0,低风险,0.0,低风险,0.0,低风险,0.0,低风险,0.0,低风险
255.0,3-3,location3,0.0,低风险,0.0,低风险,0.0,低风险,0.0,低风险,0.0,低风险,0.0,低风险
255.0,3-4,location3,0.193,中风险,0.077,低风险,0.327,高风险,0.41,高风险,0.253,中风险,0.271,中风险
256.0,3-2,location3,0.187,中风险,0.075,低风险,0.317,高风险,0.397,高风险,0.245,中风险,0.263,中风险
256.0,3-3,location3,0.314,高风险,0.331,高风险,0.228,中风险,0.082,低风险,0.214,中风险,0.214,中风险
257.0,3-2,location3,0.0,低风险,0.0,低风险,0.0,低风险,0.0,低风险,0.0,低风险,0.0,低风险
257.0,3-3,location3,0.665,高风险,0.516,高风险,0.73,高风险,0.919,高风险,0.714,高风险,0.722,高风险
257.0,3-4,location3,0.302,中风险,0.208,中风险,0.372,高风险,0.467,高风险,0.34,高风险,0.349,高风险
258.0,3-2,location3,0.0,低风险,0.0,低风险,0.0,低风险,0.0,低风险,0.0,低风险,0.0,低风险
258.0,3-3,location3,0.179,中风险,0.072,低风险,0.304,中风险,0.381,高风险,0.236,中风险,0.252,中风险
258.0,3-4,location3,0.0,低风险,0.0,低风险,0.0,低风险,0.0,低风险,0.0,低风险,0.0,低风险
259.0,3-2,location3,0.0,低风险,0.0,低风险,0.0,低风险,0.0,低风险,0.0,低风险,0.0,低风险
259.0,3-3,location3,0.199,中风险,0.08,低风险,0.337,高风险,0.422,高风险,0.261,中风险,0.28,中风险
259.0,3-4,location3,0.161,中风险,0.064,低风险,0.272,中风险,0.341,高风险,0.211,中风险,0.226,中风险
260.0,3-2,location3,0.0,低风险,0.0,低风险,0.0,低风险,0.0,低风险,0.0,低风险,0.0,低风险
260.0,3-4,location3,0.17,中风险,0.068,低风险,0.288,中风险,0.361,高风险,0.223,中风险,0.239,中风险
261.0,3-2,location3,0.0,低风险,0.0,低风险,0.0,低风险,0.0,低风险,0.0,低风险,0.0,低风险
261.0,3-3,location3,0.199,中风险,0.08,低风险,0.337,高风险,0.422,高风险,0.261,中风险,0.279,中风险
261.0,3-4,location3,0.349,高风险,0.277,中风险,0.381,高风险,0.398,高风险,0.344,高风险,0.352,高风险
262.0,3-2,location3,0.0,低风险,0.0,低风险,0.0,低风险,0.0,低风险,0.0,低风险,0.0,低风险
262.0,3-3,location3,0.0,低风险,0.0,低风险,0.0,低风险,0.0,低风险,0.0,低风险,0.0,低风险
262.0,3-4,location3,0.281,中风险,0.209,中风险,0.333,高风险,0.321,高风险,0.275,中风险,0.287,中风险
263.0,3-1,location3,0.125,中风险,0.05,低风险,0.212,中风险,0.265,中风险,0.164,中风险,0.176,中风险
263.0,3-3,location3,0.262,中风险,0.105,低风险,0.445,高风险,0.557,高风险,0.344,高风险,0.369,高风险
263.0,3-4,location3,0.203,中风险,0.081,低风险,0.344,高风险,0.431,高风险,0.266,中风险,0.285,中风险
264.0,3-1,location3,0.0,低风险,0.0,低风险,0.0,低风险,0.0,低风险,0.0,低风险,0.0,低风险
265.0,3-1,location3,0.374,高风险,0.26,中风险,0.47,高风险,0.479,高风险,0.384,高风险,0.403,高风险
265.0,3-2,location3,0.23,中风险,0.092,低风险,0.39,高风险,0.489,高风险,0.302,中风险,0.324,高风险
265.0,3-3,location3,0.279,中风险,0.112,中风险,0.474,高风险,0.593,高风险,0.367,高风险,0.393,高风险
265.0,3-4,location3,0.0,低风险,0.0,低风险,0.0,低风险,0.0,低风险,0.0,低风险,0.0,低风险
266.0,3-2,location3,0.208,中风险,0.083,低风险,0.353,高风险,0.442,高风险,0.273,中风险,0.293,中风险
266.0,3-3,location3,0.1,低风险,0.04,低风险,0.169,中风险,0.211,中风险,0.131,中风险,0.14,中风险
267.0,3-2,location3,0.145,中风险,0.058,低风险,0.246,中风险,0.307,中风险,0.19,中风险,0.204,中风险
267.0,3-3,location3,0.234,中风险,0.094,低风险,0.397,高风险,0.498,高风险,0.308,中风险,0.33,高风险
267.0,3-4,location3,0.202,中风险,0.081,低风险,0.343,高风险,0.429,高风险,0.265,中风险,0.284,中风险
268.0,3-2,location3,0.0,低风险,0.0,低风险,0.0,低风险,0.0,低风险,0.0,低风险,0.0,低风险
268.0,3-4,location3,0.369,高风险,0.264,中风险,0.441,高风险,0.555,高风险,0.411,高风险,0.42,高风险
269.0,3-2,location3,0.103,低风险,0.041,低风险,0.175,中风险,0.219,中风险,0.135,中风险,0.145,中风险
269.0,3-3,location3,0.24,中风险,0.164,中风险,0.307,中风险,0.317,高风险,0.25,中风险,0.262,中风险
269.0,3-4,location3,0.0,低风险,0.0,低风险,0.0,低风险,0.0,低风险,0.0,低风险,0.0,低风险
270.0,3-3,location3,0.112,中风险,0.053,低风险,0.177,中风险,0.222,中风险,0.142,中风险,0.15,中风险
271.0,3-1,location3,0.0,低风险,0.0,低风险,0.0,低风险,0.0,低风险,0.0,低风险,0.0,低风险
271.0,3-2,location3,0.215,中风险,0.121,中风险,0.308,中风险,0.386,高风险,0.259,中风险,0.272,中风险
272.0,3-1,location3,0.287,中风险,0.194,中风险,0.363,高风险,0.433,高风险,0.319,高风险,0.33,高风险
272.0,3-2,location3,0.097,低风险,0.039,低风险,0.164,中风险,0.206,中风险,0.127,中风险,0.136,中风险
272.0,3-3,location3,0.593,高风险,0.515,高风险,0.583,高风险,0.539,高风险,0.536,高风险,0.546,高风险
272.0,3-4,location3,0.0,低风险,0.0,低风险,0.0,低风险,0.0,低风险,0.0,低风险,0.0,低风险
273.0,3-1,location3,0.033,低风险,0.035,低风险,0.024,低风险,0.009,低风险,0.023,低风险,0.023,低风险
273.0,3-2,location3,0.375,高风险,0.278,中风险,0.446,高风险,0.431,高风险,0.368,高风险,0.385,高风险
274.0,3-1,location3,0.0,低风险,0.0,低风险,0.0,低风险,0.0,低风险,0.0,低风险,0.0,低风险
274.0,3-2,location3,0.347,高风险,0.248,中风险,0.416,高风险,0.523,高风险,0.387,高风险,0.396,高风险
275.0,3-1,location3,0.0,低风险,0.0,低风险,0.0,低风险,0.0,低风险,0.0,低风险,0.0,低风险
275.0,3-4,location3,0.049,低风险,0.02,低风险,0.083,低风险,0.104,低风险,0.065,低风险,0.069,低风险
276.0,3-1,location3,0.184,中风险,0.076,低风险,0.309,中风险,0.387,高风险,0.24,中风险,0.257,中风险
276.0,3-2,location3,0.0,低风险,0.0,低风险,0.0,低风险,0.0,低风险,0.0,低风险,0.0,低风险
277.0,3-1,location3,0.219,中风险,0.112,中风险,0.333,高风险,0.417,高风险,0.272,中风险,0.287,中风险
277.0,3-2,location3,0.0,低风险,0.0,低风险,0.0,低风险,0.0,低风险,0.0,低风险,0.0,低风险
278.0,3-1,location3,0.134,中风险,0.054,低风险,0.227,中风险,0.284,中风险,0.176,中风险,0.188,中风险
278.0,3-2,location3,0.334,高风险,0.234,中风险,0.407,高风险,0.511,高风险,0.375,高风险,0.384,高风险
278.0,3-4,location3,0.347,高风险,0.365,高风险,0.252,中风险,0.091,低风险,0.236,中风险,0.236,中风险
279.0,3-1,location3,0.123,中风险,0.129,中风险,0.089,低风险,0.032,低风险,0.083,低风险,0.083,低风险
279.0,3-2,location3,0.122,中风险,0.049,低风险,0.207,中风险,0.259,中风险,0.16,中风险,0.172,中风险
279.0,3-4,location3,0.0,低风险,0.0,低风险,0.0,低风险,0.0,低风险,0.0,低风险,0.0,低风险
280.0,3-1,location3,0.355,高风险,0.241,中风险,0.444,高风险,0.558,高风险,0.403,高风险,0.414,高风险
280.0,3-2,location3,0.0,低风险,0.0,低风险,0.0,低风险,0.0,低风险,0.0,低风险,0.0,低风险
281.0,3-1,location3,0.235,中风险,0.094,低风险,0.398,高风险,0.499,高风险,0.308,中风险,0.33,高风险
281.0,3-4,location3,0.205,中风险,0.087,低风险,0.34,高风险,0.42,高风险,0.264,中风险,0.282,中风险
282.0,3-1,location3,0.405,高风险,0.259,中风险,0.531,高风险,0.667,高风险,0.469,高风险,0.486,高风险
282.0,3-4,location3,0.085,低风险,0.034,低风险,0.144,中风险,0.18,中风险,0.112,中风险,0.119,中风险
283.0,3-1,location3,0.145,中风险,0.152,中风险,0.105,低风险,0.038,低风险,0.098,低风险,0.098,低风险
283.0,3-2,location3,0.409,高风险,0.293,中风险,0.488,高风险,0.613,高风险,0.455,高风险,0.465,高风险
283.0,3-4,location3,0.385,高风险,0.302,中风险,0.427,高风险,0.445,高风险,0.381,高风险,0.391,高风险
284.0,3-1,location3,0.0,低风险,0.0,低风险,0.0,低风险,0.0,低风险,0.0,低风险,0.0,低风险
284.0,3-4,location3,0.301,中风险,0.167,中风险,0.435,高风险,0.545,高风险,0.365,高风险,0.382,高风险
285.0,3-1,location3,0.168,中风险,0.067,低风险,0.285,中风险,0.357,高风险,0.221,中风险,0.236,中风险
285.0,3-2,location3,0.082,低风险,0.033,低风险,0.139,中风险,0.174,中风险,0.108,低风险,0.116,中风险
285.0,3-3,location3,0.177,中风险,0.071,低风险,0.3,中风险,0.375,高风险,0.232,中风险,0.249,中风险
286.0,3-1,location3,0.059,低风险,0.024,低风险,0.1,低风险,0.126,中风险,0.078,低风险,0.083,低风险
286.0,3-2,location3,0.0,低风险,0.0,低风险,0.0,低风险,0.0,低风险,0.0,低风险,0.0,低风险
287.0,3-1,location3,0.15,中风险,0.158,中风险,0.109,低风险,0.039,低风险,0.102,低风险,0.102,低风险
287.0,3-2,location3,0.087,低风险,0.035,低风险,0.148,中风险,0.186,中风险,0.115,中风险,0.123,中风险
288.0,3-2,location3,0.0,低风险,0.0,低风险,0.0,低风险,0.0,低风险,0.0,低风险,0.0,低风险
288.0,3-3,location3,0.134,中风险,0.054,低风险,0.228,中风险,0.285,中风险,0.176,中风险,0.189,中风险
289.0,3-1,location3,0.408,高风险,0.272,中风险,0.517,高风险,0.65,高风险,0.466,高风险,0.48,高风险
289.0,3-2,location3,0.284,中风险,0.151,中风险,0.426,高风险,0.496,高风险,0.336,高风险,0.358,高风险
289.0,3-3,location3,0.004,低风险,0.004,低风险,0.003,低风险,0.001,低风险,0.003,低风险,0.003,低风险
290.0,3-2,location3,0.229,中风险,0.092,低风险,0.389,高风险,0.487,高风险,0.301,中风险,0.322,高风险
290.0,3-3,location3,0.0,低风险,0.0,低风险,0.0,低风险,0.0,低风险,0.0,低风险,0.0,低风险
290.0,3-4,location3,0.0,低风险,0.0,低风险,0.0,低风险,0.0,低风险,0.0,低风险,0.0,低风险
291.0,3-1,location3,0.098,低风险,0.039,低风险,0.167,中风险,0.209,中风险,0.129,中风险,0.138,中风险
291.0,3-2,location3,0.246,中风险,0.111,中风险,0.399,高风险,0.487,高风险,0.311,高风险,0.332,高风险
291.0,3-3,location3,0.0,低风险,0.0,低风险,0.0,低风险,0.0,低风险,0.0,低风险,0.0,低风险
291.0,3-4,location3,0.178,中风险,0.071,低风险,0.301,中风险,0.377,高风险,0.233,中风险,0.25,中风险
292.0,3-1,location3,0.279,中风险,0.192,中风险,0.346,高风险,0.435,高风险,0.316,高风险,0.324,高风险
292.0,3-2,location3,0.0,低风险,0.0,低风险,0.0,低风险,0.0,低风险,0.0,低风险,0.0,低风险
292.0,3-4,location3,0.227,中风险,0.15,中风险,0.297,中风险,0.313,高风险,0.241,中风险,0.254,中风险
293.0,3-1,location3,0.149,中风险,0.077,低风险,0.225,中风险,0.282,中风险,0.184,中风险,0.195,中风险
293.0,3-2,location3,0.318,高风险,0.192,中风险,0.442,高风险,0.489,高风险,0.354,高风险,0.375,高风险
293.0,3-3,location3,0.0,低风险,0.0,低风险,0.0,低风险,0.0,低风险,0.0,低风险,0.0,低风险
294.0,3-3,location3,0.098,低风险,0.04,低风险,0.165,中风险,0.207,中风险,0.128,中风险,0.137,中风险
294.0,3-4,location3,0.0,低风险,0.0,低风险,0.0,低风险,0.0,低风险,0.0,低风险,0.0,低风险
295.0,3-2,location3,0.0,低风险,0.0,低风险,0.0,低风险,0.0,低风险,0.0,低风险,0.0,低风险
295.0,3-3,location3,0.341,高风险,0.254,中风险,0.403,高风险,0.387,高风险,0.333,高风险,0.348,高风险
295.0,3-4,location3,0.174,中风险,0.07,低风险,0.294,中风险,0.369,高风险,0.228,中风险,0.244,中风险
296.0,3-2,location3,0.147,中风险,0.059,低风险,0.25,中风险,0.313,高风险,0.193,中风险,0.207,中风险
296.0,3-4,location3,0.276,中风险,0.291,中风险,0.2,中风险,0.072,低风险,0.188,中风险,0.188,中风险
297.0,3-1,location3,0.42,高风险,0.317,高风险,0.491,高风险,0.467,高风险,0.407,高风险,0.425,高风险
297.0,3-2,location3,0.299,中风险,0.144,中风险,0.468,高风险,0.586,高风险,0.377,高风险,0.399,高风险
297.0,3-3,location3,0.528,高风险,0.362,高风险,0.655,高风险,0.824,高风险,0.597,高风险,0.614,高风险
297.0,3-4,location3,0.442,高风险,0.31,高风险,0.551,高风险,0.558,高风险,0.451,高风险,0.473,高风险
298.0,3-2,location3,0.277,中风险,0.111,中风险,0.47,高风险,0.588,高风险,0.364,高风险,0.39,高风险
298.0,3-4,location3,0.757,高风险,0.633,高风险,0.776,高风险,0.815,高风险,0.73,高风险,0.741,高风险
299.0,3-4,location3,0.309,中风险,0.179,中风险,0.436,高风险,0.547,高风险,0.37,高风险,0.387,高风险
300.0,3-1,location3,0.112,中风险,0.118,中风险,0.081,低风险,0.029,低风险,0.076,低风险,0.076,低风险
300.0,3-2,location3,0.201,中风险,0.081,低风险,0.341,高风险,0.428,高风险,0.264,中风险,0.283,中风险
300.0,3-3,location3,0.204,中风险,0.082,低风险,0.346,高风险,0.433,高风险,0.268,中风险,0.287,中风险
300.0,3-4,location3,0.0,低风险,0.0,低风险,0.0,低风险,0.0,低风险,0.0,低风险,0.0,低风险
301.0,3-1,location3,0.04,低风险,0.016,低风险,0.068,低风险,0.086,低风险,0.053,低风险,0.057,低风险
301.0,3-2,location3,0.285,中风险,0.168,中风险,0.403,高风险,0.451,高风险,0.322,高风险,0.341,高风险
302.0,3-1,location3,0.234,中风险,0.094,低风险,0.396,高风险,0.496,高风险,0.307,中风险,0.329,高风险
302.0,3-2,location3,0.246,中风险,0.099,低风险,0.418,高风险,0.523,高风险,0.324,高风险,0.347,高风险
302.0,3-4,location3,0.232,中风险,0.093,低风险,0.393,高风险,0.492,高风险,0.304,中风险,0.326,高风险
303.0,3-2,location3,0.334,高风险,0.192,中风险,0.479,高风险,0.542,高风险,0.382,高风险,0.404,高风险
303.0,3-3,location3,0.074,低风险,0.077,低风险,0.053,低风险,0.019,低风险,0.05,低风险,0.05,低风险
303.0,3-4,location3,0.267,中风险,0.168,中风险,0.362,高风险,0.392,高风险,0.291,中风险,0.307,中风险
304.0,3-2,location3,0.0,低风险,0.0,低风险,0.0,低风险,0.0,低风险,0.0,低风险,0.0,低风险
304.0,3-3,location3,0.0,低风险,0.0,低风险,0.0,低风险,0.0,低风险,0.0,低风险,0.0,低风险
304.0,3-4,location3,0.277,中风险,0.128,中风险,0.444,高风险,0.54,高风险,0.347,高风险,0.371,高风险
305.0,3-1,location3,0.442,高风险,0.301,中风险,0.552,高风险,0.694,高风险,0.501,高风险,0.515,高风险
305.0,3-3,location3,0.217,中风险,0.087,低风险,0.368,高风险,0.461,高风险,0.285,中风险,0.305,中风险
305.0,3-4,location3,0.131,中风险,0.053,低风险,0.222,中风险,0.278,中风险,0.172,中风险,0.184,中风险
306.0,3-1,location3,0.295,中风险,0.198,中风险,0.371,高风险,0.467,高风险,0.336,高风险,0.345,高风险
306.0,3-4,location3,0.003,低风险,0.003,低风险,0.002,低风险,0.001,低风险,0.002,低风险,0.002,低风险
307.0,3-3,location3,0.481,高风险,0.344,高风险,0.592,高风险,0.592,高风险,0.486,高风险,0.509,高风险
307.0,3-4,location3,0.0,低风险,0.0,低风险,0.0,低风险,0.0,低风险,0.0,低风险,0.0,低风险
308.0,3-3,location3,0.0,低风险,0.0,低风险,0.0,低风险,0.0,低风险,0.0,低风险,0.0,低风险
308.0,3-4,location3,0.43,高风险,0.315,高风险,0.501,高风险,0.631,高风险,0.474,高风险,0.482,高风险
309.0,3-1,location3,0.0,低风险,0.0,低风险,0.0,低风险,0.0,低风险,0.0,低风险,0.0,低风险
309.0,3-3,location3,0.0,低风险,0.0,低风险,0.0,低风险,0.0,低风险,0.0,低风险,0.0,低风险
309.0,3-4,location3,0.285,中风险,0.114,中风险,0.483,高风险,0.605,高风险,0.374,高风险,0.401,高风险
310.0,3-2,location3,0.406,高风险,0.267,中风险,0.522,高风险,0.656,高风险,0.467,高风险,0.482,高风险
310.0,3-3,location3,0.0,低风险,0.0,低风险,0.0,低风险,0.0,低风险,0.0,低风险,0.0,低风险
310.0,3-4,location3,0.143,中风险,0.057,低风险,0.242,中风险,0.303,中风险,0.187,中风险,0.201,中风险
311.0,3-2,location3,0.153,中风险,0.161,中风险,0.111,中风险,0.04,低风险,0.104,低风险,0.104,低风险
312.0,3-2,location3,0.0,低风险,0.0,低风险,0.0,低风险,0.0,低风险,0.0,低风险,0.0,低风险
312.0,3-4,location3,0.0,低风险,0.0,低风险,0.0,低风险,0.0,低风险,0.0,低风险,0.0,低风险
313.0,3-1,location3,0.226,中风险,0.091,低风险,0.384,高风险,0.481,高风险,0.297,中风险,0.318,高风险
313.0,3-2,location3,0.114,中风险,0.045,低风险,0.193,中风险,0.241,中风险,0.149,中风险,0.16,中风险
313.0,3-4,location3,0.186,中风险,0.075,低风险,0.316,高风险,0.396,高风险,0.245,中风险,0.262,中风险
314.0,3-1,location3,0.124,中风险,0.05,低风险,0.21,中风险,0.262,中风险,0.162,中风险,0.174,中风险
314.0,3-2,location3,0.0,低风险,0.0,低风险,0.0,低风险,0.0,低风险,0.0,低风险,0.0,低风险
314.0,3-4,location3,0.167,中风险,0.067,低风险,0.283,中风险,0.355,高风险,0.219,中风险,0.235,中风险
315.0,3-3,location3,0.0,低风险,0.0,低风险,0.0,低风险,0.0,低风险,0.0,低风险,0.0,低风险
315.0,3-4,location3,0.072,低风险,0.031,低风险,0.119,中风险,0.149,中风险,0.094,低风险,0.1,低风险
316.0,3-2,location3,0.126,中风险,0.05,低风险,0.213,中风险,0.267,中风险,0.165,中风险,0.177,中风险
319.0,3-2,location3,0.351,高风险,0.267,中风险,0.394,高风险,0.496,高风险,0.38,高风险,0.386,高风险
319.0,3-3,location3,0.149,中风险,0.156,中风险,0.108,低风险,0.039,低风险,0.101,低风险,0.101,低风险
320.0,3-1,location3,0.0,低风险,0.0,低风险,0.0,低风险,0.0,低风险,0.0,低风险,0.0,低风险
320.0,3-3,location3,0.265,中风险,0.126,中风险,0.417,高风险,0.523,高风险,0.335,高风险,0.355,高风险
321.0,3-4,location3,0.0,低风险,0.0,低风险,0.0,低风险,0.0,低风险,0.0,低风险,0.0,低风险
322.0,3-4,location3,0.279,中风险,0.183,中风险,0.368,高风险,0.391,高风险,0.298,中风险,0.314,高风险
323.0,3-2,location3,0.054,低风险,0.021,低风险,0.091,低风险,0.114,中风险,0.07,低风险,0.075,低风险
325.0,3-1,location3,0.096,低风险,0.038,低风险,0.162,中风险,0.203,中风险,0.126,中风险,0.135,中风险
325.0,3-4,location3,0.0,低风险,0.0,低风险,0.0,低风险,0.0,低风险,0.0,低风险,0.0,低风险
326.0,3-1,location3,0.0,低风险,0.0,低风险,0.0,低风险,0.0,低风险,0.0,低风险,0.0,低风险
326.0,3-2,location3,0.2,中风险,0.08,低风险,0.339,高风险,0.424,高风险,0.262,中风险,0.281,中风险
326.0,3-3,location3,0.182,中风险,0.073,低风险,0.309,中风险,0.387,高风险,0.24,中风险,0.257,中风险
326.0,3-4,location3,0.115,中风险,0.046,低风险,0.196,中风险,0.245,中风险,0.152,中风险,0.162,中风险
327.0,3-2,location3,0.438,高风险,0.326,高风险,0.502,高风险,0.632,高风险,0.479,高风险,0.487,高风险
327.0,3-3,location3,0.0,低风险,0.0,低风险,0.0,低风险,0.0,低风险,0.0,低风险,0.0,低风险
327.0,3-4,location3,0.378,高风险,0.248,中风险,0.488,高风险,0.613,高风险,0.435,高风险,0.45,高风险
328.0,3-4,location3,0.125,中风险,0.05,低风险,0.212,中风险,0.266,中风险,0.164,中风险,0.176,中风险
329.0,3-2,location3,0.176,中风险,0.071,低风险,0.298,中风险,0.374,高风险,0.231,中风险,0.248,中风险
329.0,3-3,location3,0.251,中风险,0.101,低风险,0.426,高风险,0.533,高风险,0.33,高风险,0.353,高风险
329.0,3-4,location3,0.18,中风险,0.089,低风险,0.278,中风险,0.348,高风险,0.225,中风险,0.238,中风险
330.0,3-1,location3,0.471,高风险,0.331,高风险,0.587,高风险,0.594,高风险,0.48,高风险,0.504,高风险
330.0,3-3,location3,0.0,低风险,0.0,低风险,0.0,低风险,0.0,低风险,0.0,低风险,0.0,低风险
331.0,3-4,location3,0.0,低风险,0.0,低风险,0.0,低风险,0.0,低风险,0.0,低风险,0.0,低风险
332.0,3-4,location3,0.218,中风险,0.119,中风险,0.322,高风险,0.372,高风险,0.255,中风险,0.271,中风险
333.0,3-2,location3,0.11,低风险,0.044,低风险,0.187,中风险,0.234,中风险,0.144,中风险,0.155,中风险
334.0,3-2,location3,0.083,低风险,0.033,低风险,0.14,中风险,0.176,中风险,0.109,低风险,0.116,中风险
334.0,3-4,location3,0.218,中风险,0.129,中风险,0.305,中风险,0.382,高风险,0.26,中风险,0.272,中风险
335.0,3-2,location3,0.0,低风险,0.0,低风险,0.0,低风险,0.0,低风险,0.0,低风险,0.0,低风险
337.0,3-1,location3,0.0,低风险,0.0,低风险,0.0,低风险,0.0,低风险,0.0,低风险,0.0,低风险
337.0,3-2,location3,0.151,中风险,0.159,中风险,0.109,低风险,0.039,低风险,0.102,低风险,0.103,低风险
338.0,3-2,location3,0.1,低风险,0.04,低风险,0.17,中风险,0.213,中风险,0.132,中风险,0.141,中风险
339.0,3-2,location3,0.08,低风险,0.084,低风险,0.058,低风险,0.021,低风险,0.054,低风险,0.055,低风险
339.0,3-4,location3,0.531,高风险,0.42,高风险,0.592,高风险,0.536,高风险,0.496,高风险,0.516,高风险
340.0,3-4,location3,0.475,高风险,0.378,高风险,0.526,高风险,0.473,高风险,0.441,高风险,0.459,高风险
341.0,3-2,location3,0.0,低风险,0.0,低风险,0.0,低风险,0.0,低风险,0.0,低风险,0.0,低风险
341.0,3-3,location3,0.071,低风险,0.029,低风险,0.121,中风险,0.152,中风险,0.094,低风险,0.101,低风险
342.0,3-2,location3,0.12,中风险,0.048,低风险,0.203,中风险,0.255,中风险,0.157,中风险,0.169,中风险
342.0,3-3,location3,0.01,低风险,0.011,低风险,0.007,低风险,0.003,低风险,0.007,低风险,0.007,低风险
343.0,3-3,location3,0.0,低风险,0.0,低风险,0.0,低风险,0.0,低风险,0.0,低风险,0.0,低风险
344.0,3-3,location3,0.0,低风险,0.0,低风险,0.0,低风险,0.0,低风险,0.0,低风险,0.0,低风险
344.0,3-4,location3,0.511,高风险,0.4,高风险,0.553,高风险,0.696,高风险,0.545,高风险,0.55,高风险
345.0,3-4,location3,0.203,中风险,0.112,中风险,0.299,中风险,0.344,高风险,0.237,中风险,0.251,中风险
346.0,3-3,location3,0.224,中风险,0.097,低风险,0.368,高风险,0.461,高风险,0.29,中风险,0.309,中风险
347.0,3-2,location3,0.411,高风险,0.237,中风险,0.582,高风险,0.73,高风险,0.493,高风险,0.516,高风险
347.0,3-3,location3,0.0,低风险,0.0,低风险,0.0,低风险,0.0,低风险,0.0,低风险,0.0,低风险
347.0,3-4,location3,0.128,中风险,0.051,低风险,0.217,中风险,0.271,中风险,0.168,中风险,0.18,中风险
348.0,3-2,location3,0.156,中风险,0.063,低风险,0.265,中风险,0.332,高风险,0.205,中风险,0.22,中风险
348.0,3-3,location3,0.261,中风险,0.105,低风险,0.443,高风险,0.555,高风险,0.343,高风险,0.367,高风险
348.0,3-4,location3,0.0,低风险,0.0,低风险,0.0,低风险,0.0,低风险,0.0,低风险,0.0,低风险
349.0,3-4,location3,0.0,低风险,0.0,低风险,0.0,低风险,0.0,低风险,0.0,低风险,0.0,低风险
350.0,3-1,location3,0.084,低风险,0.088,低风险,0.061,低风险,0.022,低风险,0.057,低风险,0.057,低风险
350.0,3-3,location3,0.182,中风险,0.073,低风险,0.309,中风险,0.387,高风险,0.239,中风险,0.256,中风险
351.0,3-1,location3,0.0,低风险,0.0,低风险,0.0,低风险,0.0,低风险,0.0,低风险,0.0,低风险
351.0,3-3,location3,0.222,中风险,0.089,低风险,0.376,高风险,0.47,高风险,0.291,中风险,0.312,高风险
351.0,3-4,location3,0.0,低风险,0.0,低风险,0.0,低风险,0.0,低风险,0.0,低风险,0.0,低风险
352.0,3-1,location3,0.182,中风险,0.073,低风险,0.308,中风险,0.386,高风险,0.238,中风险,0.256,中风险
352.0,3-3,location3,0.0,低风险,0.0,低风险,0.0,低风险,0.0,低风险,0.0,低风险,0.0,低风险
352.0,3-4,location3,0.0,低风险,0.0,低风险,0.0,低风险,0.0,低风险,0.0,低风险,0.0,低风险
353.0,3-1,location3,0.063,低风险,0.066,低风险,0.045,低风险,0.016,低风险,0.043,低风险,0.043,低风险
353.0,3-2,location3,0.793,高风险,0.686,高风险,0.773,高风险,0.813,高风险,0.752,高风险,0.757,高风险
353.0,3-3,location3,0.127,中风险,0.051,低风险,0.215,中风险,0.269,中风险,0.166,中风险,0.178,中风险
353.0,3-4,location3,0.394,高风险,0.329,高风险,0.414,高风险,0.349,高风险,0.352,高风险,0.364,高风险
354.0,3-1,location3,0.101,低风险,0.106,低风险,0.073,低风险,0.026,低风险,0.069,低风险,0.069,低风险
354.0,3-3,location3,0.255,中风险,0.102,低风险,0.432,高风险,0.54,高风险,0.334,高风险,0.358,高风险
355.0,3-2,location3,0.495,高风险,0.351,高风险,0.612,高风险,0.615,高风险,0.502,高风险,0.526,高风险
355.0,3-3,location3,0.0,低风险,0.0,低风险,0.0,低风险,0.0,低风险,0.0,低风险,0.0,低风险
356.0,3-2,location3,0.0,低风险,0.0,低风险,0.0,低风险,0.0,低风险,0.0,低风险,0.0,低风险
356.0,3-3,location3,0.424,高风险,0.341,高风险,0.465,高风险,0.413,高风险,0.391,高风险,0.406,高风险
356.0,3-4,location3,0.228,中风险,0.121,中风险,0.342,高风险,0.399,高风险,0.27,中风险,0.287,中风险
357.0,3-1,location3,0.235,中风险,0.128,中风险,0.35,高风险,0.405,高风险,0.277,中风险,0.294,中风险
357.0,3-3,location3,0.0,低风险,0.0,低风险,0.0,低风险,0.0,低风险,0.0,低风险,0.0,低风险
357.0,3-4,location3,0.166,中风险,0.067,低风险,0.282,中风险,0.353,高风险,0.218,中风险,0.234,中风险
358.0,3-1,location3,0.383,高风险,0.274,中风险,0.469,高风险,0.467,高风险,0.385,高风险,0.403,高风险
359.0,3-1,location3,0.0,低风险,0.0,低风险,0.0,低风险,0.0,低风险,0.0,低风险,0.0,低风险
359.0,3-3,location3,0.227,中风险,0.148,中风险,0.299,中风险,0.318,高风险,0.242,中风险,0.255,中风险
359.0,3-4,location3,0.271,中风险,0.151,中风险,0.391,高风险,0.491,高风险,0.328,高风险,0.344,高风险
360.0,3-2,location3,0.0,低风险,0.0,低风险,0.0,低风险,0.0,低风险,0.0,低风险,0.0,低风险
360.0,3-4,location3,0.0,低风险,0.0,低风险,0.0,低风险,0.0,低风险,0.0,低风险,0.0,低风险
361.0,3-1,location3,0.278,中风险,0.154,中风险,0.403,高风险,0.506,高风险,0.338,高风险,0.354,高风险
361.0,3-3,location3,0.0,低风险,0.0,低风险,0.0,低风险,0.0,低风险,0.0,低风险,0.0,低风险
361.0,3-4,location3,0.304,中风险,0.167,中风险,0.443,高风险,0.556,高风险,0.37,高风险,0.389,高风险
362.0,3-3,location3,0.144,中风险,0.058,低风险,0.244,中风险,0.306,中风险,0.189,中风险,0.203,中风险
363.0,3-1,location3,0.375,高风险,0.268,中风险,0.449,高风险,0.565,高风险,0.418,高风险,0.427,高风险
363.0,3-3,location3,0.0,低风险,0.0,低风险,0.0,低风险,0.0,低风险,0.0,低风险,0.0,低风险
364.0,3-1,location3,0.1,低风险,0.04,低风险,0.17,中风险,0.213,中风险,0.132,中风险,0.141,中风险
364.0,3-3,location3,0.0,低风险,0.0,低风险,0.0,低风险,0.0,低风险,0.0,低风险,0.0,低风险
365.0,3-1,location3,0.172,中风险,0.079,低风险,0.276,中风险,0.336,高风险,0.216,中风险,0.23,中风险
365.0,3-3,location3,0.17,中风险,0.068,低风险,0.288,中风险,0.36,高风险,0.223,中风险,0.239,中风险
366.0,3-1,location3,0.114,中风险,0.12,中风险,0.082,低风险,0.03,低风险,0.077,低风险,0.077,低风险
366.0,3-3,location3,0.0,低风险,0.0,低风险,0.0,低风险,0.0,低风险,0.0,低风险,0.0,低风险
367.0,3-1,location3,0.361,高风险,0.221,中风险,0.499,高风险,0.549,高风险,0.4,高风险,0.423,高风险
367.0,3-2,location3,0.261,中风险,0.146,中风险,0.375,高风险,0.47,高风险,0.315,高风险,0.33,高风险
367.0,3-3,location3,0.0,低风险,0.0,低风险,0.0,低风险,0.0,低风险,0.0,低风险,0.0,低风险
368.0,3-1,location3,0.133,中风险,0.059,低风险,0.217,中风险,0.271,中风险,0.171,中风险,0.182,中风险
368.0,3-3,location3,0.18,中风险,0.072,低风险,0.306,中风险,0.383,高风险,0.237,中风险,0.254,中风险
369.0,3-1,location3,0.094,低风险,0.099,低风险,0.068,低风险,0.025,低风险,0.064,低风险,0.064,低风险
369.0,3-4,location3,0.0,低风险,0.0,低风险,0.0,低风险,0.0,低风险,0.0,低风险,0.0,低风险
370.0,3-1,location3,0.148,中风险,0.059,低风险,0.251,中风险,0.314,高风险,0.194,中风险,0.208,中风险
370.0,3-2,location3,0.061,低风险,0.024,低风险,0.103,低风险,0.129,中风险,0.08,低风险,0.086,低风险
370.0,3-4,location3,0.184,中风险,0.074,低风险,0.312,高风险,0.391,高风险,0.242,中风险,0.259,中风险
371.0,3-4,location3,0.127,中风险,0.051,低风险,0.215,中风险,0.27,中风险,0.167,中风险,0.179,中风险
372.0,3-2,location3,0.262,中风险,0.105,低风险,0.444,高风险,0.556,高风险,0.344,高风险,0.368,高风险
373.0,3-1,location3,0.0,低风险,0.0,低风险,0.0,低风险,0.0,低风险,0.0,低风险,0.0,低风险
373.0,3-4,location3,0.0,低风险,0.0,低风险,0.0,低风险,0.0,低风险,0.0,低风险,0.0,低风险
374.0,3-3,location3,0.0,低风险,0.0,低风险,0.0,低风险,0.0,低风险,0.0,低风险,0.0,低风险
374.0,3-4,location3,0.174,中风险,0.07,低风险,0.295,中风险,0.37,高风险,0.229,中风险,0.245,中风险
375.0,3-1,location3,0.229,中风险,0.112,中风险,0.358,高风险,0.428,高风险,0.281,中风险,0.299,中风险
375.0,3-3,location3,0.0,低风险,0.0,低风险,0.0,低风险,0.0,低风险,0.0,低风险,0.0,低风险
375.0,3-4,location3,0.015,低风险,0.016,低风险,0.011,低风险,0.004,低风险,0.01,低风险,0.01,低风险
376.0,3-2,location3,0.297,中风险,0.158,中风险,0.446,高风险,0.519,高风险,0.352,高风险,0.374,高风险
376.0,3-4,location3,0.479,高风险,0.329,高风险,0.593,高风险,0.746,高风险,0.541,高风险,0.556,高风险
377.0,3-1,location3,0.039,低风险,0.016,低风险,0.066,低风险,0.083,低风险,0.051,低风险,0.055,低风险
377.0,3-3,location3,0.0,低风险,0.0,低风险,0.0,低风险,0.0,低风险,0.0,低风险,0.0,低风险
377.0,3-4,location3,0.351,高风险,0.27,中风险,0.403,高风险,0.376,高风险,0.335,高风险,0.35,高风险
378.0,3-1,location3,0.194,中风险,0.078,低风险,0.329,高风险,0.412,高风险,0.255,中风险,0.273,中风险
378.0,3-2,location3,0.178,中风险,0.071,低风险,0.301,中风险,0.377,高风险,0.233,中风险,0.25,中风险
378.0,3-3,location3,0.129,中风险,0.052,低风险,0.22,中风险,0.275,中风险,0.17,中风险,0.182,中风险
378.0,3-4,location3,0.245,中风险,0.098,低风险,0.415,高风险,0.519,高风险,0.321,高风险,0.344,高风险
379.0,3-1,location3,0.029,低风险,0.03,低风险,0.021,低风险,0.007,低风险,0.019,低风险,0.019,低风险
379.0,3-4,location3,0.294,中风险,0.148,中风险,0.449,高风险,0.563,高风险,0.366,高风险,0.387,高风险
380.0,3-1,location3,0.0,低风险,0.0,低风险,0.0,低风险,0.0,低风险,0.0,低风险,0.0,低风险
381.0,3-1,location3,0.265,中风险,0.135,中风险,0.403,高风险,0.506,高风险,0.33,高风险,0.348,高风险
382.0,3-1,location3,0.186,中风险,0.196,中风险,0.135,中风险,0.049,低风险,0.126,中风险,0.127,中风险
382.0,3-2,location3,0.601,高风险,0.472,高风险,0.649,高风险,0.818,高风险,0.641,高风险,0.647,高风险
382.0,3-4,location3,0.492,高风险,0.341,高风险,0.606,高风险,0.762,高风险,0.555,高风险,0.569,高风险
383.0,3-1,location3,0.0,低风险,0.0,低风险,0.0,低风险,0.0,低风险,0.0,低风险,0.0,低风险
383.0,3-2,location3,0.073,低风险,0.029,低风险,0.125,中风险,0.156,中风险,0.096,低风险,0.103,低风险
383.0,3-4,location3,0.216,中风险,0.086,低风险,0.366,高风险,0.458,高风险,0.283,中风险,0.303,中风险
384.0,3-1,location3,0.477,高风险,0.322,高风险,0.601,高风险,0.756,高风险,0.544,高风险,0.559,高风险
384.0,3-3,location3,0.191,中风险,0.076,低风险,0.323,高风险,0.405,高风险,0.25,中风险,0.268,中风险
385.0,3-4,location3,0.141,中风险,0.057,低风险,0.24,中风险,0.3,中风险,0.186,中风险,0.199,中风险
386.0,3-1,location3,0.193,中风险,0.077,低风险,0.327,高风险,0.409,高风险,0.253,中风险,0.271,中风险
386.0,3-4,location3,0.0,低风险,0.0,低风险,0.0,低风险,0.0,低风险,0.0,低风险,0.0,低风险
387.0,3-1,location3,0.047,低风险,0.019,低风险,0.08,低风险,0.1,低风险,0.062,低风险,0.066,低风险
387.0,3-3,location3,0.368,高风险,0.184,中风险,0.57,高风险,0.678,高风险,0.448,高风险,0.477,高风险
387.0,3-4,location3,0.173,中风险,0.079,低风险,0.279,中风险,0.34,高风险,0.218,中风险,0.233,中风险
388.0,3-1,location3,0.203,中风险,0.081,低风险,0.343,高风险,0.43,高风险,0.266,中风险,0.285,中风险
389.0,3-1,location3,0.088,低风险,0.035,低风险,0.149,中风险,0.186,中风险,0.115,中风险,0.124,中风险
389.0,3-4,location3,0.193,中风险,0.077,低风险,0.327,高风险,0.41,高风险,0.254,中风险,0.272,中风险
390.0,3-3,location3,0.0,低风险,0.0,低风险,0.0,低风险,0.0,低风险,0.0,低风险,0.0,低风险
390.0,3-4,location3,0.0,低风险,0.0,低风险,0.0,低风险,0.0,低风险,0.0,低风险,0.0,低风险
391.0,3-1,location3,0.39,高风险,0.236,中风险,0.534,高风险,0.67,高风险,0.461,高风险,0.48,高风险
391.0,3-2,location3,0.0,低风险,0.0,低风险,0.0,低风险,0.0,低风险,0.0,低风险,0.0,低风险
391.0,3-4,location3,0.055,低风险,0.058,低风险,0.04,低风险,0.014,低风险,0.038,低风险,0.038,低风险
392.0,3-1,location3,0.0,低风险,0.0,低风险,0.0,低风险,0.0,低风险,0.0,低风险,0.0,低风险
392.0,3-2,location3,0.0,低风险,0.0,低风险,0.0,低风险,0.0,低风险,0.0,低风险,0.0,低风险
392.0,3-4,location3,0.0,低风险,0.0,低风险,0.0,低风险,0.0,低风险,0.0,低风险,0.0,低风险
393.0,3-1,location3,0.326,高风险,0.193,中风险,0.459,高风险,0.513,高风险,0.367,高风险,0.388,高风险
393.0,3-2,location3,0.12,中风险,0.048,低风险,0.203,中风险,0.254,中风险,0.157,中风险,0.168,中风险
393.0,3-4,location3,0.0,低风险,0.0,低风险,0.0,低风险,0.0,低风险,0.0,低风险,0.0,低风险
394.0,3-2,location3,0.271,中风险,0.109,低风险,0.46,高风险,0.576,高风险,0.356,高风险,0.382,高风险
394.0,3-4,location3,0.115,中风险,0.046,低风险,0.195,中风险,0.244,中风险,0.151,中风险,0.162,中风险
395.0,3-1,location3,0.575,高风险,0.461,高风险,0.606,高风险,0.764,高风险,0.607,高风险,0.61,高风险
395.0,3-3,location3,0.291,中风险,0.147,中风险,0.445,高风险,0.545,高风险,0.358,高风险,0.379,高风险
395.0,3-4,location3,0.215,中风险,0.115,中风险,0.319,高风险,0.4,高风险,0.264,中风险,0.278,中风险
396.0,3-1,location3,0.0,低风险,0.0,低风险,0.0,低风险,0.0,低风险,0.0,低风险,0.0,低风险
396.0,3-2,location3,0.204,中风险,0.082,低风险,0.345,高风险,0.433,高风险,0.268,中风险,0.287,中风险
396.0,3-4,location3,0.349,高风险,0.302,中风险,0.341,高风险,0.362,高风险,0.333,高风险,0.335,高风险
397.0,3-1,location3,0.09,低风险,0.042,低风险,0.142,中风险,0.179,中风险,0.114,中风险,0.121,中风险
397.0,3-2,location3,0.0,低风险,0.0,低风险,0.0,低风险,0.0,低风险,0.0,低风险,0.0,低风险
398.0,3-1,location3,0.244,中风险,0.098,低风险,0.413,高风险,0.517,高风险,0.32,高风险,0.343,高风险
399.0,3-1,location3,0.147,中风险,0.059,低风险,0.25,中风险,0.313,高风险,0.193,中风险,0.207,中风险
399.0,3-2,location3,0.213,中风险,0.085,低风险,0.361,高风险,0.452,高风险,0.279,中风险,0.299,中风险
400.0,3-1,location3,0.287,中风险,0.132,中风险,0.462,高风险,0.563,高风险,0.361,高风险,0.386,高风险
400.0,3-2,location3,0.096,低风险,0.038,低风险,0.163,中风险,0.204,中风险,0.126,中风险,0.135,中风险
400.0,3-3,location3,0.189,中风险,0.076,低风险,0.32,高风险,0.401,高风险,0.248,中风险,0.266,中风险
401.0,3-1,location3,0.209,中风险,0.084,低风险,0.354,高风险,0.443,高风险,0.274,中风险,0.294,中风险
401.0,3-2,location3,0.0,低风险,0.0,低风险,0.0,低风险,0.0,低风险,0.0,低风险,0.0,低风险
401.0,3-4,location3,0.0,低风险,0.0,低风险,0.0,低风险,0.0,低风险,0.0,低风险,0.0,低风险
402.0,3-1,location3,0.169,中风险,0.068,低风险,0.287,中风险,0.36,高风险,0.222,中风险,0.238,中风险
402.0,3-2,location3,0.0,低风险,0.0,低风险,0.0,低风险,0.0,低风险,0.0,低风险,0.0,低风险
402.0,3-3,location3,0.168,中风险,0.067,低风险,0.284,中风险,0.356,高风险,0.22,中风险,0.236,中风险
402.0,3-4,location3,0.278,中风险,0.153,中风险,0.409,高风险,0.471,高风险,0.324,高风险,0.344,高风险
403.0,3-1,location3,0.071,低风险,0.029,低风险,0.121,中风险,0.152,中风险,0.094,低风险,0.1,低风险
403.0,3-2,location3,0.17,中风险,0.179,中风险,0.124,中风险,0.045,低风险,0.116,中风险,0.116,中风险
403.0,3-3,location3,0.0,低风险,0.0,低风险,0.0,低风险,0.0,低风险,0.0,低风险,0.0,低风险
404.0,3-2,location3,0.194,中风险,0.078,低风险,0.329,高风险,0.412,高风险,0.255,中风险,0.273,中风险
404.0,3-3,location3,0.225,中风险,0.09,低风险,0.382,高风险,0.478,高风险,0.295,中风险,0.317,高风险
405.0,3-3,location3,0.26,中风险,0.104,低风险,0.441,高风险,0.553,高风险,0.342,高风险,0.366,高风险
405.0,3-4,location3,0.0,低风险,0.0,低风险,0.0,低风险,0.0,低风险,0.0,低风险,0.0,低风险
406.0,3-2,location3,0.0,低风险,0.0,低风险,0.0,低风险,0.0,低风险,0.0,低风险,0.0,低风险
406.0,3-3,location3,0.03,低风险,0.032,低风险,0.022,低风险,0.008,低风险,0.021,低风险,0.021,低风险
406.0,3-4,location3,0.024,低风险,0.025,低风险,0.017,低风险,0.006,低风险,0.016,低风险,0.016,低风险
407.0,3-2,location3,0.437,高风险,0.302,中风险,0.537,高风险,0.676,高风险,0.492,高风险,0.505,高风险
407.0,3-4,location3,0.214,中风险,0.086,低风险,0.363,高风险,0.454,高风险,0.281,中风险,0.301,中风险
408.0,3-3,location3,0.257,中风险,0.14,中风险,0.375,高风险,0.471,高风险,0.313,高风险,0.329,高风险
408.0,3-4,location3,0.0,低风险,0.0,低风险,0.0,低风险,0.0,低风险,0.0,低风险,0.0,低风险
409.0,3-2,location3,0.09,低风险,0.036,低风险,0.153,中风险,0.192,中风险,0.119,中风险,0.127,中风险
409.0,3-4,location3,0.276,中风险,0.175,中风险,0.364,高风险,0.458,高风险,0.321,高风险,0.333,高风险
410.0,3-3,location3,0.331,高风险,0.237,中风险,0.394,高风险,0.495,高风险,0.367,高风险,0.375,高风险
410.0,3-4,location3,0.158,中风险,0.063,低风险,0.267,中风险,0.335,高风险,0.207,中风险,0.222,中风险
411.0,3-1,location3,0.17,中风险,0.091,低风险,0.251,中风险,0.314,高风险,0.208,中风险,0.219,中风险
411.0,3-3,location3,0.249,中风险,0.1,低风险,0.422,高风险,0.528,高风险,0.326,高风险,0.35,高风险
411.0,3-4,location3,0.0,低风险,0.0,低风险,0.0,低风险,0.0,低风险,0.0,低风险,0.0,低风险
412.0,3-1,location3,0.0,低风险,0.0,低风险,0.0,低风险,0.0,低风险,0.0,低风险,0.0,低风险
412.0,3-3,location3,0.464,高风险,0.318,高风险,0.589,高风险,0.606,高风险,0.48,高风险,0.505,高风险
412.0,3-4,location3,0.163,中风险,0.065,低风险,0.277,中风险,0.347,高风险,0.214,中风险,0.23,中风险
413.0,3-1,location3,0.0,低风险,0.0,低风险,0.0,低风险,0.0,低风险,0.0,低风险,0.0,低风险
413.0,3-2,location3,0.0,低风险,0.0,低风险,0.0,低风险,0.0,低风险,0.0,低风险,0.0,低风险
413.0,3-3,location3,0.107,低风险,0.043,低风险,0.182,中风险,0.228,中风险,0.141,中风险,0.151,中风险
413.0,3-4,location3,0.0,低风险,0.0,低风险,0.0,低风险,0.0,低风险,0.0,低风险,0.0,低风险
414.0,3-2,location3,0.0,低风险,0.0,低风险,0.0,低风险,0.0,低风险,0.0,低风险,0.0,低风险
414.0,3-3,location3,0.533,高风险,0.393,高风险,0.616,高风险,0.776,高风险,0.585,高风险,0.595,高风险
414.0,3-4,location3,0.0,低风险,0.0,低风险,0.0,低风险,0.0,低风险,0.0,低风险,0.0,低风险
415.0,3-3,location3,0.473,高风险,0.353,高风险,0.541,高风险,0.681,高风险,0.516,高风险,0.525,高风险
415.0,3-4,location3,0.0,低风险,0.0,低风险,0.0,低风险,0.0,低风险,0.0,低风险,0.0,低风险
416.0,3-2,location3,0.0,低风险,0.0,低风险,0.0,低风险,0.0,低风险,0.0,低风险,0.0,低风险
416.0,3-3,location3,0.195,中风险,0.084,低风险,0.322,高风险,0.398,高风险,0.251,中风险,0.268,中风险
416.0,3-4,location3,0.0,低风险,0.0,低风险,0.0,低风险,0.0,低风险,0.0,低风险,0.0,低风险
417.0,3-2,location3,0.033,低风险,0.035,低风险,0.024,低风险,0.009,低风险,0.023,低风险,0.023,低风险
417.0,3-3,location3,0.015,低风险,0.016,低风险,0.011,低风险,0.004,低风险,0.01,低风险,0.01,低风险
417.0,3-4,location3,0.0,低风险,0.0,低风险,0.0,低风险,0.0,低风险,0.0,低风险,0.0,低风险
418.0,3-3,location3,0.306,中风险,0.212,中风险,0.382,高风险,0.437,高风险,0.331,高风险,0.344,高风险
418.0,3-4,location3,0.238,中风险,0.095,低风险,0.403,高风险,0.505,高风险,0.312,高风险,0.335,高风险
419.0,3-4,location3,0.393,高风险,0.35,高风险,0.372,高风险,0.334,高风险,0.348,高风险,0.352,高风险
420.0,3-2,location3,0.507,高风险,0.35,高风险,0.641,高风险,0.656,高风险,0.523,高风险,0.549,高风险
420.0,3-3,location3,0.068,低风险,0.027,低风险,0.114,中风险,0.143,中风险,0.089,低风险,0.095,低风险
421.0,3-2,location3,0.439,高风险,0.336,高风险,0.501,高风险,0.516,高风险,0.436,高风险,0.451,高风险
421.0,3-3,location3,0.0,低风险,0.0,低风险,0.0,低风险,0.0,低风险,0.0,低风险,0.0,低风险
421.0,3-4,location3,0.155,中风险,0.062,低风险,0.263,中风险,0.33,高风险,0.204,中风险,0.218,中风险
422.0,3-2,location3,0.273,中风险,0.242,中风险,0.265,中风险,0.2,中风险,0.229,中风险,0.236,中风险
422.0,3-4,location3,0.08,低风险,0.032,低风险,0.136,中风险,0.17,中风险,0.105,低风险,0.113,中风险
423.0,3-1,location3,0.0,低风险,0.0,低风险,0.0,低风险,0.0,低风险,0.0,低风险,0.0,低风险
423.0,3-2,location3,0.62,高风险,0.476,高风险,0.694,高风险,0.8,高风险,0.643,高风险,0.657,高风险
423.0,3-3,location3,0.0,低风险,0.0,低风险,0.0,低风险,0.0,低风险,0.0,低风险,0.0,低风险
423.0,3-4,location3,0.097,低风险,0.102,低风险,0.07,低风险,0.025,低风险,0.066,低风险,0.066,低风险
424.0,3-2,location3,0.498,高风险,0.358,高风险,0.591,高风险,0.743,高风险,0.552,高风险,0.564,高风险
424.0,3-3,location3,0.231,中风险,0.093,低风险,0.392,高风险,0.491,高风险,0.303,中风险,0.325,高风险
424.0,3-4,location3,0.363,高风险,0.223,中风险,0.491,高风险,0.616,高风险,0.426,高风险,0.443,高风险
425.0,3-2,location3,0.277,中风险,0.111,中风险,0.469,高风险,0.588,高风险,0.363,高风险,0.389,高风险
425.0,3-4,location3,0.0,低风险,0.0,低风险,0.0,低风险,0.0,低风险,0.0,低风险,0.0,低风险
426.0,3-3,location3,0.29,中风险,0.116,中风险,0.491,高风险,0.615,高风险,0.38,高风险,0.407,高风险
426.0,3-4,location3,0.0,低风险,0.0,低风险,0.0,低风险,0.0,低风险,0.0,低风险,0.0,低风险
427.0,3-2,location3,0.203,中风险,0.081,低风险,0.344,高风险,0.431,高风险,0.266,中风险,0.285,中风险
427.0,3-4,location3,0.0,低风险,0.0,低风险,0.0,低风险,0.0,低风险,0.0,低风险,0.0,低风险
429.0,3-2,location3,0.111,中风险,0.044,低风险,0.188,中风险,0.235,中风险,0.145,中风险,0.156,中风险
429.0,3-3,location3,0.0,低风险,0.0,低风险,0.0,低风险,0.0,低风险,0.0,低风险,0.0,低风险
429.0,3-4,location3,0.18,中风险,0.072,低风险,0.306,中风险,0.383,高风险,0.237,中风险,0.254,中风险
430.0,3-2,location3,0.0,低风险,0.0,低风险,0.0,低风险,0.0,低风险,0.0,低风险,0.0,低风险
430.0,3-3,location3,0.0,低风险,0.0,低风险,0.0,低风险,0.0,低风险,0.0,低风险,0.0,低风险
430.0,3-4,location3,0.058,低风险,0.023,低风险,0.098,低风险,0.123,中风险,0.076,低风险,0.081,低风险
431.0,3-2,location3,0.107,低风险,0.043,低风险,0.182,中风险,0.228,中风险,0.141,中风险,0.151,中风险
431.0,3-3,location3,0.0,低风险,0.0,低风险,0.0,低风险,0.0,低风险,0.0,低风险,0.0,低风险
431.0,3-4,location3,0.0,低风险,0.0,低风险,0.0,低风险,0.0,低风险,0.0,低风险,0.0,低风险
432.0,3-1,location3,0.0,低风险,0.0,低风险,0.0,低风险,0.0,低风险,0.0,低风险,0.0,低风险
432.0,3-2,location3,0.0,低风险,0.0,低风险,0.0,低风险,0.0,低风险,0.0,低风险,0.0,低风险
432.0,3-3,location3,0.189,中风险,0.076,低风险,0.321,高风险,0.402,高风险,0.249,中风险,0.266,中风险
433.0,3-1,location3,0.0,低风险,0.0,低风险,0.0,低风险,0.0,低风险,0.0,低风险,0.0,低风险
433.0,3-4,location3,0.083,低风险,0.033,低风险,0.141,中风险,0.176,中风险,0.109,低风险,0.117,中风险
434.0,3-2,location3,0.092,低风险,0.037,低风险,0.156,中风险,0.196,中风险,0.121,中风险,0.13,中风险
435.0,3-3,location3,0.0,低风险,0.0,低风险,0.0,低风险,0.0,低风险,0.0,低风险,0.0,低风险
435.0,3-4,location3,0.419,高风险,0.326,高风险,0.474,高风险,0.437,高风险,0.396,高风险,0.413,高风险
436.0,3-1,location3,0.0,低风险,0.0,低风险,0.0,低风险,0.0,低风险,0.0,低风险,0.0,低风险
436.0,3-2,location3,0.0,低风险,0.0,低风险,0.0,低风险,0.0,低风险,0.0,低风险,0.0,低风险
436.0,3-3,location3,0.0,低风险,0.0,低风险,0.0,低风险,0.0,低风险,0.0,低风险,0.0,低风险
436.0,3-4,location3,0.0,低风险,0.0,低风险,0.0,低风险,0.0,低风险,0.0,低风险,0.0,低风险
437.0,3-2,location3,0.0,低风险,0.0,低风险,0.0,低风险,0.0,低风险,0.0,低风险,0.0,低风险
437.0,3-3,location3,0.0,低风险,0.0,低风险,0.0,低风险,0.0,低风险,0.0,低风险,0.0,低风险
437.0,3-4,location3,0.18,中风险,0.072,低风险,0.305,中风险,0.383,高风险,0.237,中风险,0.253,中风险
438.0,3-1,location3,0.477,高风险,0.327,高风险,0.607,高风险,0.625,高风险,0.494,高风险,0.52,高风险
438.0,3-3,location3,0.0,低风险,0.0,低风险,0.0,低风险,0.0,低风险,0.0,低风险,0.0,低风险
438.0,3-4,location3,0.125,中风险,0.066,低风险,0.187,中风险,0.235,中风险,0.155,中风险,0.163,中风险
439.0,3-2,location3,0.0,低风险,0.0,低风险,0.0,低风险,0.0,低风险,0.0,低风险,0.0,低风险
439.0,3-3,location3,0.0,低风险,0.0,低风险,0.0,低风险,0.0,低风险,0.0,低风险,0.0,低风险
440.0,3-2,location3,0.098,低风险,0.103,低风险,0.071,低风险,0.026,低风险,0.067,低风险,0.067,低风险
440.0,3-3,location3,0.067,低风险,0.027,低风险,0.114,中风险,0.143,中风险,0.088,低风险,0.095,低风险
440.0,3-4,location3,0.174,中风险,0.07,低风险,0.295,中风险,0.37,高风险,0.229,中风险,0.245,中风险
441.0,3-1,location3,0.0,低风险,0.0,低风险,0.0,低风险,0.0,低风险,0.0,低风险,0.0,低风险
441.0,3-4,location3,0.0,低风险,0.0,低风险,0.0,低风险,0.0,低风险,0.0,低风险,0.0,低风险
443.0,3-3,location3,0.0,低风险,0.0,低风险,0.0,低风险,0.0,低风险,0.0,低风险,0.0,低风险
443.0,3-4,location3,0.0,低风险,0.0,低风险,0.0,低风险,0.0,低风险,0.0,低风险,0.0,低风险
444.0,3-3,location3,0.451,高风险,0.324,高风险,0.552,高风险,0.549,高风险,0.453,高风险,0.475,高风险
444.0,3-4,location3,0.064,低风险,0.026,低风险,0.109,低风险,0.136,中风险,0.084,低风险,0.09,低风险
445.0,3-1,location3,0.469,高风险,0.36,高风险,0.54,高风险,0.505,高风险,0.449,高风险,0.468,高风险
445.0,3-3,location3,0.0,低风险,0.0,低风险,0.0,低风险,0.0,低风险,0.0,低风险,0.0,低风险
445.0,3-4,location3,0.0,低风险,0.0,低风险,0.0,低风险,0.0,低风险,0.0,低风险,0.0,低风险
446.0,3-1,location3,0.219,中风险,0.173,中风险,0.244,中风险,0.22,中风险,0.204,中风险,0.212,中风险
446.0,3-4,location3,0.126,中风险,0.051,低风险,0.214,中风险,0.268,中风险,0.165,中风险,0.177,中风险
447.0,3-3,location3,0.0,低风险,0.0,低风险,0.0,低风险,0.0,低风险,0.0,低风险,0.0,低风险
447.0,3-4,location3,0.155,中风险,0.062,低风险,0.263,中风险,0.329,高风险,0.203,中风险,0.218,中风险
448.0,3-3,location3,0.194,中风险,0.078,低风险,0.329,高风险,0.412,高风险,0.255,中风险,0.273,中风险
448.0,3-4,location3,0.0,低风险,0.0,低风险,0.0,低风险,0.0,低风险,0.0,低风险,0.0,低风险
449.0,3-3,location3,0.0,低风险,0.0,低风险,0.0,低风险,0.0,低风险,0.0,低风险,0.0,低风险
449.0,3-4,location3,0.24,中风险,0.134,中风险,0.351,高风险,0.402,高风险,0.279,中风险,0.296,中风险
450.0,3-1,location3,0.411,高风险,0.266,中风险,0.534,高风险,0.671,高风险,0.475,高风险,0.491,高风险
450.0,3-4,location3,0.0,低风险,0.0,低风险,0.0,低风险,0.0,低风险,0.0,低风险,0.0,低风险
451.0,3-4,location3,0.0,低风险,0.0,低风险,0.0,低风险,0.0,低风险,0.0,低风险,0.0,低风险
452.0,3-1,location3,0.163,中风险,0.065,低风险,0.276,中风险,0.345,高风险,0.214,中风险,0.229,中风险
452.0,3-4,location3,0.258,中风险,0.103,低风险,0.437,高风险,0.547,高风险,0.338,高风险,0.362,高风险
453.0,3-1,location3,0.158,中风险,0.063,低风险,0.268,中风险,0.336,高风险,0.208,中风险,0.222,中风险
453.0,3-4,location3,0.152,中风险,0.071,低风险,0.242,中风险,0.303,中风险,0.193,中风险,0.205,中风险
454.0,3-3,location3,0.163,中风险,0.087,低风险,0.242,中风险,0.303,中风险,0.2,中风险,0.211,中风险
454.0,3-4,location3,0.136,中风险,0.055,低风险,0.231,中风险,0.29,中风险,0.179,中风险,0.192,中风险
455.0,3-4,location3,0.188,中风险,0.075,低风险,0.319,高风险,0.4,高风险,0.247,中风险,0.265,中风险
456.0,3-4,location3,0.293,中风险,0.117,中风险,0.497,高风险,0.622,高风险,0.385,高风险,0.412,高风险
457.0,3-1,location3,0.0,低风险,0.0,低风险,0.0,低风险,0.0,低风险,0.0,低风险,0.0,低风险
457.0,3-4,location3,0.156,中风险,0.063,低风险,0.264,中风险,0.331,高风险,0.205,中风险,0.219,中风险
458.0,3-4,location3,0.019,低风险,0.02,低风险,0.014,低风险,0.005,低风险,0.013,低风险,0.013,低风险
459.0,3-2,location3,0.348,高风险,0.193,中风险,0.504,高风险,0.633,高风险,0.423,高风险,0.443,高风险
459.0,3-4,location3,0.16,中风险,0.064,低风险,0.271,中风险,0.34,高风险,0.21,中风险,0.225,中风险
460.0,3-1,location3,0.362,高风险,0.235,中风险,0.479,高风险,0.51,高风险,0.387,高风险,0.408,高风险
460.0,3-2,location3,0.104,低风险,0.042,低风险,0.177,中风险,0.221,中风险,0.137,中风险,0.147,中风险
460.0,3-4,location3,0.0,低风险,0.0,低风险,0.0,低风险,0.0,低风险,0.0,低风险,0.0,低风险
461.0,3-1,location3,0.0,低风险,0.0,低风险,0.0,低风险,0.0,低风险,0.0,低风险,0.0,低风险
461.0,3-3,location3,0.23,中风险,0.092,低风险,0.39,高风险,0.488,高风险,0.302,中风险,0.323,高风险
461.0,3-4,location3,0.096,低风险,0.038,低风险,0.162,中风险,0.203,中风险,0.126,中风险,0.135,中风险
462.0,3-4,location3,0.084,低风险,0.034,低风险,0.142,中风险,0.178,中风险,0.11,低风险,0.118,中风险
463.0,3-1,location3,0.0,低风险,0.0,低风险,0.0,低风险,0.0,低风险,0.0,低风险,0.0,低风险
463.0,3-2,location3,0.385,高风险,0.251,中风险,0.509,高风险,0.542,高风险,0.412,高风险,0.434,高风险
463.0,3-3,location3,0.188,中风险,0.108,低风险,0.267,中风险,0.335,高风险,0.226,中风险,0.237,中风险
463.0,3-4,location3,0.206,中风险,0.173,中风险,0.214,中风险,0.179,中风险,0.182,中风险,0.189,中风险
464.0,3-2,location3,0.0,低风险,0.0,低风险,0.0,低风险,0.0,低风险,0.0,低风险,0.0,低风险
464.0,3-4,location3,0.137,中风险,0.055,低风险,0.232,中风险,0.29,中风险,0.179,中风险,0.192,中风险
465.0,3-1,location3,0.066,低风险,0.07,低风险,0.048,低风险,0.017,低风险,0.045,低风险,0.045,低风险
465.0,3-3,location3,0.235,中风险,0.116,中风险,0.364,高风险,0.457,高风险,0.295,中风险,0.312,高风险
465.0,3-4,location3,0.061,低风险,0.025,低风险,0.104,低风险,0.13,中风险,0.08,低风险,0.086,低风险
466.0,3-1,location3,0.282,中风险,0.181,中风险,0.372,高风险,0.445,高风险,0.32,高风险,0.333,高风险
466.0,3-2,location3,0.0,低风险,0.0,低风险,0.0,低风险,0.0,低风险,0.0,低风险,0.0,低风险
466.0,3-3,location3,0.116,中风险,0.046,低风险,0.196,中风险,0.245,中风险,0.152,中风险,0.163,中风险
467.0,3-3,location3,0.135,中风险,0.054,低风险,0.23,中风险,0.288,中风险,0.178,中风险,0.19,中风险
467.0,3-4,location3,0.169,中风险,0.068,低风险,0.286,中风险,0.358,高风险,0.222,中风险,0.237,中风险
468.0,3-1,location3,0.263,中风险,0.163,中风险,0.355,高风险,0.446,高风险,0.309,中风险,0.321,高风险
469.0,3-1,location3,0.0,低风险,0.0,低风险,0.0,低风险,0.0,低风险,0.0,低风险,0.0,低风险
469.0,3-3,location3,0.0,低风险,0.0,低风险,0.0,低风险,0.0,低风险,0.0,低风险,0.0,低风险
470.0,3-2,location3,0.0,低风险,0.0,低风险,0.0,低风险,0.0,低风险,0.0,低风险,0.0,低风险
471.0,3-1,location3,0.257,中风险,0.103,低风险,0.435,高风险,0.545,高风险,0.337,高风险,0.361,高风险
471.0,3-2,location3,0.217,中风险,0.087,低风险,0.368,高风险,0.461,高风险,0.285,中风险,0.305,中风险
472.0,3-3,location3,0.302,中风险,0.156,中风险,0.459,高风险,0.541,高风险,0.362,高风险,0.385,高风险
472.0,3-4,location3,0.0,低风险,0.0,低风险,0.0,低风险,0.0,低风险,0.0,低风险,0.0,低风险
474.0,3-2,location3,0.178,中风险,0.107,低风险,0.249,中风险,0.277,中风险,0.2,中风险,0.211,中风险
474.0,3-3,location3,0.0,低风险,0.0,低风险,0.0,低风险,0.0,低风险,0.0,低风险,0.0,低风险
475.0,3-1,location3,0.151,中风险,0.06,低风险,0.255,中风险,0.32,高风险,0.198,中风险,0.212,中风险
476.0,3-4,location3,0.169,中风险,0.116,中风险,0.208,中风险,0.261,中风险,0.19,中风险,0.195,中风险
477.0,3-1,location3,0.39,高风险,0.271,中风险,0.478,高风险,0.601,高风险,0.439,高风险,0.45,高风险
477.0,3-4,location3,0.259,中风险,0.104,低风险,0.438,高风险,0.549,高风险,0.34,高风险,0.364,高风险
478.0,3-2,location3,0.277,中风险,0.154,中风险,0.406,高风险,0.465,高风险,0.322,高风险,0.342,高风险
478.0,3-3,location3,0.015,低风险,0.016,低风险,0.011,低风险,0.004,低风险,0.01,低风险,0.01,低风险
478.0,3-4,location3,0.29,中风险,0.25,中风险,0.291,中风险,0.24,中风险,0.253,中风险,0.26,中风险
479.0,3-1,location3,0.0,低风险,0.0,低风险,0.0,低风险,0.0,低风险,0.0,低风险,0.0,低风险
479.0,3-3,location3,0.361,高风险,0.38,高风险,0.262,中风险,0.095,低风险,0.245,中风险,0.246,中风险
480.0,3-1,location3,0.03,低风险,0.031,低风险,0.022,低风险,0.008,低风险,0.02,低风险,0.02,低风险
481.0,3-2,location3,0.134,中风险,0.054,低风险,0.227,中风险,0.285,中风险,0.176,中风险,0.189,中风险
481.0,3-4,location3,0.196,中风险,0.079,低风险,0.333,高风险,0.417,高风险,0.258,中风险,0.276,中风险
482.0,3-1,location3,0.328,高风险,0.181,中风险,0.478,高风险,0.595,高风险,0.398,高风险,0.418,高风险
482.0,3-4,location3,0.0,低风险,0.0,低风险,0.0,低风险,0.0,低风险,0.0,低风险,0.0,低风险
483.0,3-1,location3,0.025,低风险,0.027,低风险,0.018,低风险,0.007,低风险,0.017,低风险,0.017,低风险
483.0,3-2,location3,0.0,低风险,0.0,低风险,0.0,低风险,0.0,低风险,0.0,低风险,0.0,低风险
483.0,3-3,location3,0.181,中风险,0.072,低风险,0.306,中风险,0.384,高风险,0.237,中风险,0.254,中风险
484.0,3-2,location3,0.141,中风险,0.148,中风险,0.102,低风险,0.037,低风险,0.096,低风险,0.096,低风险
484.0,3-4,location3,0.23,中风险,0.092,低风险,0.39,高风险,0.489,高风险,0.302,中风险,0.324,高风险
485.0,3-2,location3,0.155,中风险,0.112,中风险,0.182,中风险,0.229,中风险,0.171,中风险,0.175,中风险
485.0,3-3,location3,0.312,高风险,0.232,中风险,0.37,高风险,0.358,高风险,0.306,中风险,0.32,高风险
485.0,3-4,location3,0.0,低风险,0.0,低风险,0.0,低风险,0.0,低风险,0.0,低风险,0.0,低风险
486.0,3-1,location3,0.0,低风险,0.0,低风险,0.0,低风险,0.0,低风险,0.0,低风险,0.0,低风险
486.0,3-2,location3,0.435,高风险,0.295,中风险,0.545,高风险,0.685,高风险,0.494,高风险,0.508,高风险
486.0,3-3,location3,0.206,中风险,0.082,低风险,0.349,高风险,0.437,高风险,0.27,中风险,0.289,中风险
487.0,3-2,location3,0.327,高风险,0.225,中风险,0.404,高风险,0.508,高风险,0.369,高风险,0.379,高风险
487.0,3-3,location3,0.289,中风险,0.116,中风险,0.489,高风险,0.613,高风险,0.379,高风险,0.406,高风险
487.0,3-4,location3,0.0,低风险,0.0,低风险,0.0,低风险,0.0,低风险,0.0,低风险,0.0,低风险
488.0,3-2,location3,0.095,低风险,0.038,低风险,0.162,中风险,0.203,中风险,0.125,中风险,0.134,中风险
488.0,3-4,location3,0.0,低风险,0.0,低风险,0.0,低风险,0.0,低风险,0.0,低风险,0.0,低风险
489.0,3-1,location3,0.208,中风险,0.088,低风险,0.345,高风险,0.432,高风险,0.27,中风险,0.288,中风险
489.0,3-3,location3,0.499,高风险,0.351,高风险,0.622,高风险,0.635,高风险,0.511,高风险,0.536,高风险
489.0,3-4,location3,0.403,高风险,0.349,高风险,0.404,高风险,0.32,高风险,0.347,高风险,0.358,高风险
490.0,3-4,location3,0.0,低风险,0.0,低风险,0.0,低风险,0.0,低风险,0.0,低风险,0.0,低风险
491.0,3-2,location3,0.0,低风险,0.0,低风险,0.0,低风险,0.0,低风险,0.0,低风险,0.0,低风险
491.0,3-3,location3,0.198,中风险,0.079,低风险,0.335,高风险,0.419,高风险,0.259,中风险,0.278,中风险
492.0,3-2,location3,0.346,高风险,0.365,高风险,0.251,中风险,0.091,低风险,0.235,中风险,0.236,中风险
492.0,3-4,location3,0.399,高风险,0.272,中风险,0.509,高风险,0.525,高风险,0.414,高风险,0.435,高风险
493.0,3-2,location3,0.0,低风险,0.0,低风险,0.0,低风险,0.0,低风险,0.0,低风险,0.0,低风险
493.0,3-4,location3,0.53,高风险,0.344,高风险,0.689,高风险,0.866,高风险,0.612,高风险,0.633,高风险
494.0,3-1,location3,0.365,高风险,0.282,中风险,0.417,高风险,0.388,高风险,0.347,高风险,0.362,高风险
494.0,3-2,location3,0.217,中风险,0.087,低风险,0.368,高风险,0.461,高风险,0.285,中风险,0.305,中风险
494.0,3-4,location3,0.0,低风险,0.0,低风险,0.0,低风险,0.0,低风险,0.0,低风险,0.0,低风险
495.0,3-1,location3,0.236,中风险,0.095,低风险,0.401,高风险,0.502,高风险,0.31,高风险,0.332,高风险
495.0,3-3,location3,0.306,中风险,0.2,中风险,0.405,高风险,0.431,高风险,0.327,高风险,0.345,高风险
495.0,3-4,location3,0.0,低风险,0.0,低风险,0.0,低风险,0.0,低风险,0.0,低风险,0.0,低风险
496.0,3-1,location3,0.233,中风险,0.112,中风险,0.368,高风险,0.442,高风险,0.288,中风险,0.307,中风险
496.0,3-2,location3,0.0,低风险,0.0,低风险,0.0,低风险,0.0,低风险,0.0,低风险,0.0,低风险
496.0,3-3,location3,0.25,中风险,0.1,低风险,0.424,高风险,0.531,高风险,0.328,高风险,0.352,高风险
496.0,3-4,location3,0.0,低风险,0.0,低风险,0.0,低风险,0.0,低风险,0.0,低风险,0.0,低风险
497.0,3-2,location3,0.281,中风险,0.112,中风险,0.476,高风险,0.596,高风险,0.368,高风险,0.395,高风险
497.0,3-3,location3,0.514,高风险,0.409,高风险,0.561,高风险,0.581,高风险,0.504,高风险,0.517,高风险
497.0,3-4,location3,0.287,中风险,0.115,中风险,0.486,高风险,0.609,高风险,0.376,高风险,0.403,高风险
498.0,3-3,location3,0.0,低风险,0.0,低风险,0.0,低风险,0.0,低风险,0.0,低风险,0.0,低风险
498.0,3-4,location3,0.0,低风险,0.0,低风险,0.0,低风险,0.0,低风险,0.0,低风险,0.0,低风险
499.0,3-2,location3,0.201,中风险,0.081,低风险,0.341,高风险,0.427,高风险,0.264,中风险,0.283,中风险
499.0,3-4,location3,0.0,低风险,0.0,低风险,0.0,低风险,0.0,低风险,0.0,低风险,0.0,低风险
500.0,3-1,location3,0.361,高风险,0.231,中风险,0.484,高风险,0.52,高风险,0.39,高风险,0.412,高风险
500.0,3-2,location3,0.444,高风险,0.286,中风险,0.591,高风险,0.633,高风险,0.477,高风险,0.504,高风险
500.0,3-4,location3,0.0,低风险,0.0,低风险,0.0,低风险,0.0,低风险,0.0,低风险,0.0,低风险
501.0,3-2,location3,0.153,中风险,0.061,低风险,0.26,中风险,0.325,高风险,0.201,中风险,0.215,中风险
501.0,3-3,location3,0.0,低风险,0.0,低风险,0.0,低风险,0.0,低风险,0.0,低风险,0.0,低风险
501.0,3-4,location3,0.0,低风险,0.0,低风险,0.0,低风险,0.0,低风险,0.0,低风险,0.0,低风险
502.0,3-1,location3,0.21,中风险,0.107,低风险,0.321,高风险,0.402,高风险,0.262,中风险,0.276,中风险
502.0,3-3,location3,0.259,中风险,0.104,低风险,0.44,高风险,0.551,高风险,0.341,高风险,0.365,高风险
502.0,3-4,location3,0.354,高风险,0.22,中风险,0.475,高风险,0.596,高风险,0.415,高风险,0.43,高风险
503.0,3-3,location3,0.188,中风险,0.198,中风险,0.136,中风险,0.049,低风险,0.128,中风险,0.128,中风险
503.0,3-4,location3,0.0,低风险,0.0,低风险,0.0,低风险,0.0,低风险,0.0,低风险,0.0,低风险
504.0,3-2,location3,0.366,高风险,0.25,中风险,0.456,高风险,0.573,高风险,0.415,高风险,0.426,高风险
504.0,3-3,location3,0.223,中风险,0.089,低风险,0.378,高风险,0.473,高风险,0.293,中风险,0.314,高风险
504.0,3-4,location3,0.0,低风险,0.0,低风险,0.0,低风险,0.0,低风险,0.0,低风险,0.0,低风险
505.0,3-1,location3,0.315,高风险,0.2,中风险,0.416,高风险,0.522,高风险,0.366,高风险,0.379,高风险
505.0,3-4,location3,0.138,中风险,0.146,中风险,0.1,低风险,0.036,低风险,0.094,低风险,0.094,低风险
506.0,3-1,location3,0.117,中风险,0.047,低风险,0.199,中风险,0.249,中风险,0.154,中风险,0.165,中风险
506.0,3-4,location3,0.467,高风险,0.35,高风险,0.543,高风险,0.571,高风险,0.472,高风险,0.488,高风险
507.0,3-2,location3,0.22,中风险,0.16,中风险,0.265,中风险,0.26,中风险,0.218,中风险,0.228,中风险
507.0,3-4,location3,0.084,低风险,0.089,低风险,0.061,低风险,0.022,低风险,0.057,低风险,0.057,低风险
508.0,3-2,location3,0.2,中风险,0.08,低风险,0.339,高风险,0.425,高风险,0.263,中风险,0.281,中风险
509.0,3-2,location3,0.243,中风险,0.097,低风险,0.412,高风险,0.515,高风险,0.319,高风险,0.341,高风险
509.0,3-4,location3,0.457,高风险,0.315,高风险,0.563,高风险,0.708,高风险,0.515,高风险,0.529,高风险
510.0,3-2,location3,0.332,高风险,0.196,中风险,0.469,高风险,0.525,高风险,0.374,高风险,0.397,高风险
510.0,3-3,location3,0.224,中风险,0.09,低风险,0.38,高风险,0.475,高风险,0.294,中风险,0.315,高风险
510.0,3-4,location3,0.0,低风险,0.0,低风险,0.0,低风险,0.0,低风险,0.0,低风险,0.0,低风险
511.0,3-1,location3,0.087,低风险,0.035,低风险,0.147,中风险,0.184,中风险,0.114,中风险,0.122,中风险
511.0,3-2,location3,0.039,低风险,0.016,低风险,0.067,低风险,0.083,低风险,0.052,低风险,0.055,低风险
511.0,3-4,location3,0.394,高风险,0.278,中风险,0.481,高风险,0.545,高风险,0.42,高风险,0.435,高风险
512.0,3-1,location3,0.0,低风险,0.0,低风险,0.0,低风险,0.0,低风险,0.0,低风险,0.0,低风险
512.0,3-2,location3,0.486,高风险,0.352,高风险,0.592,高风险,0.585,高风险,0.486,高风险,0.51,高风险
512.0,3-3,location3,0.509,高风险,0.431,高风险,0.525,高风险,0.432,高风险,0.447,高风险,0.463,高风险
512.0,3-4,location3,0.0,低风险,0.0,低风险,0.0,低风险,0.0,低风险,0.0,低风险,0.0,低风险
513.0,3-1,location3,0.196,中风险,0.079,低风险,0.333,高风险,0.417,高风险,0.258,中风险,0.276,中风险
513.0,3-3,location3,0.246,中风险,0.099,低风险,0.417,高风险,0.523,高风险,0.323,高风险,0.346,高风险
513.0,3-4,location3,0.251,中风险,0.101,低风险,0.426,高风险,0.533,高风险,0.33,高风险,0.353,高风险
514.0,3-1,location3,0.268,中风险,0.108,低风险,0.455,高风险,0.57,高风险,0.352,高风险,0.377,高风险
515.0,3-1,location3,0.252,中风险,0.101,低风险,0.427,高风险,0.535,高风险,0.331,高风险,0.354,高风险
515.0,3-3,location3,0.0,低风险,0.0,低风险,0.0,低风险,0.0,低风险,0.0,低风险,0.0,低风险
515.0,3-4,location3,0.106,低风险,0.042,低风险,0.179,中风险,0.224,中风险,0.139,中风险,0.148,中风险
516.0,3-1,location3,0.205,中风险,0.082,低风险,0.347,高风险,0.435,高风险,0.269,中风险,0.288,中风险
516.0,3-2,location3,0.0,低风险,0.0,低风险,0.0,低风险,0.0,低风险,0.0,低风险,0.0,低风险
516.0,3-3,location3,0.274,中风险,0.11,低风险,0.465,高风险,0.582,高风险,0.36,高风险,0.386,高风险
516.0,3-4,location3,0.085,低风险,0.089,低风险,0.062,低风险,0.022,低风险,0.058,低风险,0.058,低风险
517.0,3-1,location3,0.0,低风险,0.0,低风险,0.0,低风险,0.0,低风险,0.0,低风险,0.0,低风险
517.0,3-2,location3,0.395,高风险,0.241,中风险,0.538,高风险,0.675,高风险,0.466,高风险,0.485,高风险
517.0,3-4,location3,0.005,低风险,0.006,低风险,0.004,低风险,0.001,低风险,0.004,低风险,0.004,低风险
518.0,3-1,location3,0.0,低风险,0.0,低风险,0.0,低风险,0.0,低风险,0.0,低风险,0.0,低风险
518.0,3-2,location3,0.263,中风险,0.106,低风险,0.447,高风险,0.559,高风险,0.346,高风险,0.371,高风险
518.0,3-3,location3,0.124,中风险,0.05,低风险,0.21,中风险,0.263,中风险,0.163,中风险,0.174,中风险
518.0,3-4,location3,0.216,中风险,0.087,低风险,0.366,高风险,0.459,高风险,0.284,中风险,0.304,中风险
519.0,3-1,location3,0.28,中风险,0.196,中风险,0.349,高风险,0.354,高风险,0.285,中风险,0.3,中风险
519.0,3-3,location3,0.173,中风险,0.069,低风险,0.293,中风险,0.366,高风险,0.226,中风险,0.243,中风险
519.0,3-4,location3,0.136,中风险,0.054,低风险,0.23,中风险,0.288,中风险,0.178,中风险,0.191,中风险
520.0,3-3,location3,0.284,中风险,0.114,中风险,0.481,高风险,0.602,高风险,0.372,高风险,0.399,高风险
520.0,3-4,location3,0.164,中风险,0.067,低风险,0.275,中风险,0.345,高风险,0.214,中风险,0.229,中风险
521.0,3-2,location3,0.249,中风险,0.1,低风险,0.421,高风险,0.528,高风险,0.326,高风险,0.35,高风险
521.0,3-3,location3,0.501,高风险,0.372,高风险,0.58,高风险,0.691,高风险,0.536,高风险,0.548,高风险
521.0,3-4,location3,0.17,中风险,0.068,低风险,0.288,中风险,0.361,高风险,0.223,中风险,0.239,中风险
522.0,3-1,location3,0.457,高风险,0.299,中风险,0.604,高风险,0.642,高风险,0.489,高风险,0.515,高风险
522.0,3-2,location3,0.176,中风险,0.07,低风险,0.298,中风险,0.373,高风险,0.231,中风险,0.247,中风险
522.0,3-4,location3,0.218,中风险,0.087,低风险,0.369,高风险,0.462,高风险,0.286,中风险,0.306,中风险
524.0,3-1,location3,0.202,中风险,0.114,中风险,0.291,中风险,0.365,高风险,0.245,中风险,0.257,中风险
524.0,3-2,location3,0.0,低风险,0.0,低风险,0.0,低风险,0.0,低风险,0.0,低风险,0.0,低风险
524.0,3-3,location3,0.293,中风险,0.136,中风险,0.469,高风险,0.569,高风险,0.367,高风险,0.391,高风险
524.0,3-4,location3,0.087,低风险,0.035,低风险,0.148,中风险,0.186,中风险,0.115,中风险,0.123,中风险
525.0,3-1,location3,0.0,低风险,0.0,低风险,0.0,低风险,0.0,低风险,0.0,低风险,0.0,低风险
525.0,3-2,location3,0.225,中风险,0.179,中风险,0.24,中风险,0.303,中风险,0.239,中风险,0.241,中风险
526.0,3-1,location3,0.205,中风险,0.082,低风险,0.348,高风险,0.436,高风险,0.27,中风险,0.289,中风险
526.0,3-2,location3,0.173,中风险,0.069,低风险,0.293,中风险,0.368,高风险,0.227,中风险,0.243,中风险
526.0,3-3,location3,0.0,低风险,0.0,低风险,0.0,低风险,0.0,低风险,0.0,低风险,0.0,低风险
526.0,3-4,location3,0.378,高风险,0.319,高风险,0.391,高风险,0.323,高风险,0.333,高风险,0.345,高风险
527.0,3-4,location3,0.165,中风险,0.173,中风险,0.12,中风险,0.043,低风险,0.112,中风险,0.112,中风险
528.0,3-2,location3,0.259,中风险,0.144,中风险,0.374,高风险,0.469,高风险,0.314,高风险,0.329,高风险
529.0,3-2,location3,0.519,高风险,0.394,高风险,0.583,高风险,0.734,高风险,0.563,高风险,0.57,高风险
529.0,3-3,location3,0.161,中风险,0.065,低风险,0.273,中风险,0.342,高风险,0.211,中风险,0.226,中风险
529.0,3-4,location3,0.146,中风险,0.058,低风险,0.247,中风险,0.31,中风险,0.191,中风险,0.205,中风险
530.0,3-1,location3,0.16,中风险,0.064,低风险,0.271,中风险,0.34,高风险,0.21,中风险,0.225,中风险
530.0,3-3,location3,0.173,中风险,0.069,低风险,0.293,中风险,0.366,高风险,0.226,中风险,0.243,中风险
531.0,3-1,location3,0.209,中风险,0.084,低风险,0.355,高风险,0.444,高风险,0.275,中风险,0.294,中风险
531.0,3-2,location3,0.262,中风险,0.105,低风险,0.445,高风险,0.557,高风险,0.345,高风险,0.369,高风险
531.0,3-3,location3,0.351,高风险,0.184,中风险,0.53,高风险,0.621,高风险,0.418,高风险,0.445,高风险
532.0,3-1,location3,0.274,中风险,0.18,中风险,0.351,高风险,0.441,高风险,0.314,高风险,0.324,高风险
532.0,3-4,location3,0.0,低风险,0.0,低风险,0.0,低风险,0.0,低风险,0.0,低风险,0.0,低风险
533.0,3-1,location3,0.098,低风险,0.104,低风险,0.071,低风险,0.026,低风险,0.067,低风险,0.067,低风险
533.0,3-3,location3,0.252,中风险,0.148,中风险,0.352,高风险,0.442,高风险,0.301,中风险,0.314,高风险
533.0,3-4,location3,0.147,中风险,0.059,低风险,0.248,中风险,0.311,高风险,0.192,中风险,0.206,中风险
534.0,3-3,location3,0.202,中风险,0.081,低风险,0.342,高风险,0.428,高风险,0.265,中风险,0.284,中风险
534.0,3-4,location3,0.266,中风险,0.114,中风险,0.438,高风险,0.549,高风险,0.344,高风险,0.367,高风险
535.0,3-1,location3,0.0,低风险,0.0,低风险,0.0,低风险,0.0,低风险,0.0,低风险,0.0,低风险
535.0,3-2,location3,0.023,低风险,0.009,低风险,0.039,低风险,0.049,低风险,0.03,低风险,0.032,低风险
535.0,3-3,location3,0.514,高风险,0.418,高风险,0.552,高风险,0.519,高风险,0.481,高风险,0.496,高风险
535.0,3-4,location3,0.195,中风险,0.086,低风险,0.319,高风险,0.392,高风险,0.249,中风险,0.266,中风险
536.0,3-1,location3,0.185,中风险,0.074,低风险,0.314,高风险,0.393,高风险,0.243,中风险,0.26,中风险
536.0,3-3,location3,0.333,高风险,0.281,中风险,0.342,高风险,0.312,高风险,0.304,中风险,0.311,高风险
536.0,3-4,location3,0.093,低风险,0.037,低风险,0.158,中风险,0.198,中风险,0.123,中风险,0.131,中风险
537.0,3-1,location3,0.246,中风险,0.098,低风险,0.417,高风险,0.522,高风险,0.323,高风险,0.346,高风险
537.0,3-4,location3,0.0,低风险,0.0,低风险,0.0,低风险,0.0,低风险,0.0,低风险,0.0,低风险
538.0,3-1,location3,0.247,中风险,0.102,低风险,0.414,高风险,0.515,高风险,0.321,高风险,0.344,高风险
538.0,3-2,location3,0.0,低风险,0.0,低风险,0.0,低风险,0.0,低风险,0.0,低风险,0.0,低风险
539.0,3-1,location3,0.212,中风险,0.098,低风险,0.338,高风险,0.424,高风险,0.27,中风险,0.287,中风险
539.0,3-2,location3,0.224,中风险,0.139,中风险,0.3,中风险,0.377,高风险,0.262,中风险,0.272,中风险
539.0,3-3,location3,0.457,高风险,0.312,高风险,0.569,高风险,0.716,高风险,0.518,高风险,0.532,高风险
539.0,3-4,location3,0.275,中风险,0.289,中风险,0.199,中风险,0.072,低风险,0.187,中风险,0.187,中风险
540.0,3-2,location3,0.487,高风险,0.395,高风险,0.508,高风险,0.64,高风险,0.513,高风险,0.514,高风险
540.0,3-4,location3,0.148,中风险,0.066,低风险,0.241,中风险,0.295,中风险,0.188,中风险,0.201,中风险
541.0,3-1,location3,0.178,中风险,0.098,低风险,0.262,中风险,0.301,中风险,0.208,中风险,0.221,中风险
542.0,3-2,location3,0.138,中风险,0.145,中风险,0.1,低风险,0.036,低风险,0.093,低风险,0.094,低风险
542.0,3-3,location3,0.069,低风险,0.028,低风险,0.118,中风险,0.147,中风险,0.091,低风险,0.098,低风险
542.0,3-4,location3,0.034,低风险,0.036,低风险,0.025,低风险,0.009,低风险,0.023,低风险,0.023,低风险
543.0,3-2,location3,0.0,低风险,0.0,低风险,0.0,低风险,0.0,低风险,0.0,低风险,0.0,低风险
543.0,3-4,location3,0.241,中风险,0.105,低风险,0.396,高风险,0.496,高风险,0.312,高风险,0.332,高风险
544.0,3-1,location3,0.072,低风险,0.029,低风险,0.122,中风险,0.153,中风险,0.094,低风险,0.101,低风险
544.0,3-4,location3,0.259,中风险,0.105,低风险,0.435,高风险,0.545,高风险,0.338,高风险,0.362,高风险
545.0,3-1,location3,0.58,高风险,0.482,高风险,0.589,高风险,0.702,高风险,0.589,高风险,0.591,高风险
545.0,3-4,location3,0.0,低风险,0.0,低风险,0.0,低风险,0.0,低风险,0.0,低风险,0.0,低风险
546.0,3-1,location3,0.0,低风险,0.0,低风险,0.0,低风险,0.0,低风险,0.0,低风险,0.0,低风险
546.0,3-2,location3,0.033,低风险,0.013,低风险,0.055,低风险,0.069,低风险,0.043,低风险,0.046,低风险
546.0,3-4,location3,0.249,中风险,0.154,中风险,0.334,高风险,0.42,高风险,0.291,中风险,0.303,中风险
547.0,3-2,location3,0.0,低风险,0.0,低风险,0.0,低风险,0.0,低风险,0.0,低风险,0.0,低风险
547.0,3-3,location3,0.092,低风险,0.037,低风险,0.156,中风险,0.195,中风险,0.121,中风险,0.129,中风险
547.0,3-4,location3,0.206,中风险,0.11,低风险,0.309,中风险,0.36,高风险,0.244,中风险,0.26,中风险
548.0,3-1,location3,0.105,低风险,0.055,低风险,0.158,中风险,0.198,中风险,0.13,中风险,0.137,中风险
548.0,3-2,location3,0.193,中风险,0.077,低风险,0.328,高风险,0.41,高风险,0.254,中风险,0.272,中风险
548.0,3-3,location3,0.287,中风险,0.115,中风险,0.487,高风险,0.61,高风险,0.377,高风险,0.404,高风险
549.0,3-3,location3,0.0,低风险,0.0,低风险,0.0,低风险,0.0,低风险,0.0,低风险,0.0,低风险
549.0,3-4,location3,0.183,中风险,0.075,低风险,0.307,中风险,0.382,高风险,0.238,中风险,0.255,中风险
550.0,3-1,location3,0.0,低风险,0.0,低风险,0.0,低风险,0.0,低风险,0.0,低风险,0.0,低风险
550.0,3-3,location3,0.207,中风险,0.218,中风险,0.15,中风险,0.054,低风险,0.141,中风险,0.141,中风险
550.0,3-4,location3,0.0,低风险,0.0,低风险,0.0,低风险,0.0,低风险,0.0,低风险,0.0,低风险
551.0,3-1,location3,0.0,低风险,0.0,低风险,0.0,低风险,0.0,低风险,0.0,低风险,0.0,低风险
551.0,3-2,location3,0.112,中风险,0.045,低风险,0.191,中风险,0.239,中风险,0.148,中风险,0.158,中风险
551.0,3-3,location3,0.0,低风险,0.0,低风险,0.0,低风险,0.0,低风险,0.0,低风险,0.0,低风险
551.0,3-4,location3,0.1,低风险,0.04,低风险,0.17,中风险,0.213,中风险,0.132,中风险,0.141,中风险
552.0,3-1,location3,0.0,低风险,0.0,低风险,0.0,低风险,0.0,低风险,0.0,低风险,0.0,低风险
552.0,3-2,location3,0.274,中风险,0.178,中风险,0.364,高风险,0.388,高风险,0.294,中风险,0.31,中风险
552.0,3-3,location3,0.0,低风险,0.0,低风险,0.0,低风险,0.0,低风险,0.0,低风险,0.0,低风险
553.0,3-1,location3,0.111,中风险,0.044,低风险,0.187,中风险,0.235,中风险,0.145,中风险,0.155,中风险
553.0,3-2,location3,0.114,中风险,0.046,低风险,0.193,中风险,0.242,中风险,0.15,中风险,0.16,中风险
553.0,3-4,location3,0.0,低风险,0.0,低风险,0.0,低风险,0.0,低风险,0.0,低风险,0.0,低风险
554.0,3-2,location3,0.38,高风险,0.23,中风险,0.529,高风险,0.585,高风险,0.423,高风险,0.448,高风险
554.0,3-3,location3,0.0,低风险,0.0,低风险,0.0,低风险,0.0,低风险,0.0,低风险,0.0,低风险
554.0,3-4,location3,0.521,高风险,0.366,高风险,0.65,高风险,0.658,高风险,0.532,高风险,0.558,高风险
555.0,3-2,location3,0.283,中风险,0.174,中风险,0.382,高风险,0.479,高风险,0.332,高风险,0.345,高风险
555.0,3-3,location3,0.251,中风险,0.189,中风险,0.294,中风险,0.28,中风险,0.244,中风险,0.254,中风险
556.0,3-2,location3,0.14,中风险,0.056,低风险,0.237,中风险,0.296,中风险,0.183,中风险,0.196,中风险
556.0,3-3,location3,0.234,中风险,0.094,低风险,0.396,高风险,0.496,高风险,0.307,中风险,0.329,高风险
556.0,3-4,location3,0.165,中风险,0.066,低风险,0.28,中风险,0.351,高风险,0.217,中风险,0.232,中风险
557.0,3-2,location3,0.269,中风险,0.175,中风险,0.35,高风险,0.439,高风险,0.311,高风险,0.321,高风险
557.0,3-3,location3,0.0,低风险,0.0,低风险,0.0,低风险,0.0,低风险,0.0,低风险,0.0,低风险
557.0,3-4,location3,0.113,中风险,0.045,低风险,0.192,中风险,0.241,中风险,0.149,中风险,0.16,中风险
558.0,3-2,location3,0.236,中风险,0.101,低风险,0.389,高风险,0.487,高风险,0.305,中风险,0.326,高风险
558.0,3-4,location3,0.0,低风险,0.0,低风险,0.0,低风险,0.0,低风险,0.0,低风险,0.0,低风险
559.0,3-3,location3,0.242,中风险,0.097,低风险,0.41,高风险,0.514,高风险,0.318,高风险,0.34,高风险
559.0,3-4,location3,0.259,中风险,0.16,中风险,0.355,高风险,0.389,高风险,0.285,中风险,0.301,中风险
560.0,3-2,location3,0.0,低风险,0.0,低风险,0.0,低风险,0.0,低风险,0.0,低风险,0.0,低风险
560.0,3-4,location3,0.0,低风险,0.0,低风险,0.0,低风险,0.0,低风险,0.0,低风险,0.0,低风险
561.0,3-1,location3,0.243,中风险,0.159,中风险,0.313,高风险,0.393,高风险,0.279,中风险,0.288,中风险
562.0,3-2,location3,0.107,低风险,0.043,低风险,0.182,中风险,0.228,中风险,0.141,中风险,0.151,中风险
562.0,3-3,location3,0.253,中风险,0.101,低风险,0.429,高风险,0.537,高风险,0.332,高风险,0.356,高风险
562.0,3-4,location3,0.0,低风险,0.0,低风险,0.0,低风险,0.0,低风险,0.0,低风险,0.0,低风险
563.0,3-2,location3,0.201,中风险,0.081,低风险,0.342,高风险,0.428,高风险,0.264,中风险,0.283,中风险
563.0,3-3,location3,0.234,中风险,0.094,低风险,0.396,高风险,0.496,高风险,0.307,中风险,0.329,高风险
563.0,3-4,location3,0.094,低风险,0.038,低风险,0.159,中风险,0.199,中风险,0.123,中风险,0.132,中风险
565.0,3-2,location3,0.0,低风险,0.0,低风险,0.0,低风险,0.0,低风险,0.0,低风险,0.0,低风险
565.0,3-3,location3,0.423,高风险,0.305,中风险,0.5,高风险,0.629,高风险,0.468,高风险,0.478,高风险
565.0,3-4,location3,0.248,中风险,0.141,中风险,0.355,高风险,0.446,高风险,0.3,中风险,0.314,高风险
566.0,3-1,location3,0.012,低风险,0.012,低风险,0.008,低风险,0.003,低风险,0.008,低风险,0.008,低风险
566.0,3-3,location3,0.055,低风险,0.022,低风险,0.093,低风险,0.116,中风险,0.072,低风险,0.077,低风险
566.0,3-4,location3,0.203,中风险,0.081,低风险,0.345,高风险,0.432,高风险,0.267,中风险,0.286,中风险
567.0,3-2,location3,0.0,低风险,0.0,低风险,0.0,低风险,0.0,低风险,0.0,低风险,0.0,低风险
567.0,3-3,location3,0.246,中风险,0.098,低风险,0.416,高风险,0.522,高风险,0.322,高风险,0.345,高风险
567.0,3-4,location3,0.112,中风险,0.045,低风险,0.19,中风险,0.238,中风险,0.147,中风险,0.158,中风险
568.0,3-2,location3,0.0,低风险,0.0,低风险,0.0,低风险,0.0,低风险,0.0,低风险,0.0,低风险
569.0,3-1,location3,0.149,中风险,0.104,低风险,0.186,中风险,0.189,中风险,0.152,中风险,0.16,中风险
569.0,3-2,location3,0.152,中风险,0.061,低风险,0.258,中风险,0.323,高风险,0.2,中风险,0.214,中风险
569.0,3-3,location3,0.222,中风险,0.089,低风险,0.377,高风险,0.472,高风险,0.292,中风险,0.313,高风险
570.0,3-1,location3,0.0,低风险,0.0,低风险,0.0,低风险,0.0,低风险,0.0,低风险,0.0,低风险
570.0,3-2,location3,0.095,低风险,0.038,低风险,0.162,中风险,0.203,中风险,0.125,中风险,0.134,中风险
571.0,3-4,location3,0.41,高风险,0.278,中风险,0.526,高风险,0.545,高风险,0.427,高风险,0.45,高风险
572.0,3-1,location3,0.288,中风险,0.116,中风险,0.489,高风险,0.612,高风险,0.378,高风险,0.405,高风险
572.0,3-4,location3,0.157,中风险,0.063,低风险,0.266,中风险,0.333,高风险,0.206,中风险,0.221,中风险
573.0,3-2,location3,0.473,高风险,0.403,高风险,0.473,高风险,0.476,高风险,0.444,高风险,0.451,高风险
574.0,3-2,location3,0.016,低风险,0.017,低风险,0.012,低风险,0.004,低风险,0.011,低风险,0.011,低风险
574.0,3-4,location3,0.0,低风险,0.0,低风险,0.0,低风险,0.0,低风险,0.0,低风险,0.0,低风险
575.0,3-1,location3,0.209,中风险,0.084,低风险,0.354,高风险,0.444,高风险,0.274,中风险,0.294,中风险
575.0,3-2,location3,0.17,中风险,0.078,低风险,0.273,中风险,0.332,高风险,0.213,中风险,0.227,中风险
575.0,3-3,location3,0.263,中风险,0.105,低风险,0.445,高风险,0.557,高风险,0.345,高风险,0.369,高风险
575.0,3-4,location3,0.141,中风险,0.102,低风险,0.171,中风险,0.169,中风险,0.141,中风险,0.147,中风险
576.0,3-1,location3,0.205,中风险,0.091,低风险,0.333,高风险,0.417,高风险,0.263,中风险,0.28,中风险
576.0,3-2,location3,0.073,低风险,0.077,低风险,0.053,低风险,0.019,低风险,0.049,低风险,0.05,低风险
576.0,3-4,location3,0.0,低风险,0.0,低风险,0.0,低风险,0.0,低风险,0.0,低风险,0.0,低风险
577.0,3-2,location3,0.361,高风险,0.244,中风险,0.454,高风险,0.571,高风险,0.411,高风险,0.423,高风险
577.0,3-3,location3,0.266,中风险,0.107,低风险,0.451,高风险,0.565,高风险,0.349,高风险,0.374,高风险
577.0,3-4,location3,0.067,低风险,0.027,低风险,0.113,中风险,0.142,中风险,0.088,低风险,0.094,低风险
578.0,3-1,location3,0.312,高风险,0.173,中风险,0.458,高风险,0.527,高风险,0.364,高风险,0.386,高风险
578.0,3-4,location3,0.0,低风险,0.0,低风险,0.0,低风险,0.0,低风险,0.0,低风险,0.0,低风险
579.0,3-2,location3,0.409,高风险,0.271,中风险,0.527,高风险,0.622,高风险,0.456,高风险,0.473,高风险
580.0,3-2,location3,0.215,中风险,0.086,低风险,0.364,高风险,0.456,高风险,0.282,中风险,0.302,中风险
580.0,3-3,location3,0.263,中风险,0.105,低风险,0.445,高风险,0.557,高风险,0.345,高风险,0.369,高风险
580.0,3-4,location3,0.396,高风险,0.262,中风险,0.506,高风险,0.636,高风险,0.454,高风险,0.468,高风险
581.0,3-2,location3,0.0,低风险,0.0,低风险,0.0,低风险,0.0,低风险,0.0,低风险,0.0,低风险
582.0,3-2,location3,0.127,中风险,0.057,低风险,0.206,中风险,0.258,中风险,0.163,中风险,0.174,中风险
583.0,3-2,location3,0.361,高风险,0.234,中风险,0.48,高风险,0.512,高风险,0.387,高风险,0.409,高风险
583.0,3-3,location3,0.178,中风险,0.071,低风险,0.301,中风险,0.377,高风险,0.233,中风险,0.25,中风险
584.0,3-1,location3,0.112,中风险,0.054,低风险,0.176,中风险,0.221,中风险,0.142,中风险,0.15,中风险
585.0,3-1,location3,0.267,中风险,0.107,低风险,0.453,高风险,0.567,高风险,0.351,高风险,0.376,高风险
585.0,3-2,location3,0.117,中风险,0.059,低风险,0.178,中风险,0.224,中风险,0.145,中风险,0.154,中风险
586.0,3-2,location3,0.296,中风险,0.118,中风险,0.501,高风险,0.628,高风险,0.388,高风险,0.416,高风险
589.0,3-1,location3,0.278,中风险,0.191,中风险,0.345,高风险,0.434,高风险,0.315,高风险,0.323,高风险
589.0,3-2,location3,0.408,高风险,0.274,中风险,0.527,高风险,0.559,高风险,0.432,高风险,0.453,高风险
591.0,3-1,location3,0.172,中风险,0.133,中风险,0.196,中风险,0.182,中风险,0.163,中风险,0.17,中风险
591.0,3-3,location3,0.27,中风险,0.108,低风险,0.458,高风险,0.573,高风险,0.355,高风险,0.38,高风险
592.0,3-2,location3,0.224,中风险,0.09,低风险,0.38,高风险,0.476,高风险,0.294,中风险,0.315,高风险
593.0,3-1,location3,0.0,低风险,0.0,低风险,0.0,低风险,0.0,低风险,0.0,低风险,0.0,低风险
593.0,3-3,location3,0.211,中风险,0.085,低风险,0.358,高风险,0.449,高风险,0.278,中风险,0.297,中风险
594.0,3-2,location3,0.286,中风险,0.115,中风险,0.485,高风险,0.607,高风险,0.375,高风险,0.402,高风险
594.0,3-4,location3,0.0,低风险,0.0,低风险,0.0,低风险,0.0,低风险,0.0,低风险,0.0,低风险
595.0,3-1,location3,0.134,中风险,0.054,低风险,0.227,中风险,0.284,中风险,0.176,中风险,0.188,中风险
595.0,3-4,location3,0.105,低风险,0.047,低风险,0.171,中风险,0.214,中风险,0.135,中风险,0.144,中风险
596.0,3-1,location3,0.025,低风险,0.026,低风险,0.018,低风险,0.007,低风险,0.017,低风险,0.017,低风险
596.0,3-2,location3,0.129,中风险,0.06,低风险,0.205,中风险,0.249,中风险,0.161,中风险,0.171,中风险
596.0,3-3,location3,0.183,中风险,0.073,低风险,0.31,中风险,0.388,高风险,0.24,中风险,0.257,中风险
596.0,3-4,location3,0.153,中风险,0.061,低风险,0.26,中风险,0.325,高风险,0.201,中风险,0.216,中风险
597.0,3-2,location3,0.263,中风险,0.156,中风险,0.37,高风险,0.413,高风险,0.296,中风险,0.313,高风险
598.0,3-2,location3,0.16,中风险,0.064,低风险,0.272,中风险,0.34,高风险,0.21,中风险,0.225,中风险
598.0,3-3,location3,0.414,高风险,0.264,中风险,0.556,高风险,0.599,高风险,0.448,高风险,0.473,高风险
599.0,3-1,location3,0.113,中风险,0.045,低风险,0.192,中风险,0.241,中风险,0.149,中风险,0.159,中风险
599.0,3-2,location3,0.332,高风险,0.247,中风险,0.394,高风险,0.38,高风险,0.326,高风险,0.34,高风险
599.0,3-3,location3,0.208,中风险,0.083,低风险,0.353,高风险,0.441,高风险,0.273,中风险,0.292,中风险
600.0,3-1,location3,0.179,中风险,0.072,低风险,0.303,中风险,0.38,高风险,0.235,中风险,0.252,中风险
600.0,3-3,location3,0.093,低风险,0.097,低风险,0.067,低风险,0.024,低风险,0.063,低风险,0.063,低风险
600.0,3-4,location3,0.088,低风险,0.092,低风险,0.064,低风险,0.023,低风险,0.06,低风险,0.06,低风险
601.0,3-1,location3,0.29,中风险,0.197,中风险,0.372,高风险,0.385,高风险,0.302,中风险,0.318,高风险
601.0,3-3,location3,0.312,高风险,0.146,中风险,0.495,高风险,0.621,高风险,0.396,高风险,0.421,高风险
602.0,3-1,location3,0.313,高风险,0.22,中风险,0.38,高风险,0.478,高风险,0.35,高风险,0.359,高风险
602.0,3-2,location3,0.22,中风险,0.111,中风险,0.337,高风险,0.422,高风险,0.274,中风险,0.29,中风险
602.0,3-4,location3,0.329,高风险,0.193,中风险,0.461,高风险,0.563,高风险,0.387,高风险,0.406,高风险
603.0,3-1,location3,0.24,中风险,0.132,中风险,0.348,高风险,0.437,高风险,0.291,中风险,0.306,中风险
603.0,3-2,location3,0.076,低风险,0.08,低风险,0.055,低风险,0.02,低风险,0.052,低风险,0.052,低风险
603.0,3-3,location3,0.256,中风险,0.117,中风险,0.41,高风险,0.514,高风险,0.326,高风险,0.347,高风险
603.0,3-4,location3,0.325,高风险,0.215,中风险,0.424,高风险,0.447,高风险,0.344,高风险,0.362,高风险
604.0,3-1,location3,0.0,低风险,0.0,低风险,0.0,低风险,0.0,低风险,0.0,低风险,0.0,低风险
604.0,3-2,location3,0.196,中风险,0.135,中风险,0.241,中风险,0.303,中风险,0.221,中风险,0.227,中风险
604.0,3-3,location3,0.072,低风险,0.029,低风险,0.122,中风险,0.152,中风险,0.094,低风险,0.101,低风险
605.0,3-4,location3,0.481,高风险,0.399,高风险,0.486,高风险,0.613,高风险,0.499,高风险,0.499,高风险
606.0,3-2,location3,0.172,中风险,0.097,低风险,0.247,中风险,0.31,中风险,0.208,中风险,0.218,中风险
606.0,3-4,location3,0.321,高风险,0.2,中风险,0.431,高风险,0.541,高风险,0.377,高风险,0.391,高风险
607.0,3-2,location3,0.0,低风险,0.0,低风险,0.0,低风险,0.0,低风险,0.0,低风险,0.0,低风险
607.0,3-3,location3,0.144,中风险,0.058,低风险,0.244,中风险,0.305,中风险,0.189,中风险,0.202,中风险
607.0,3-4,location3,0.261,中风险,0.158,中风险,0.358,高风险,0.449,高风险,0.309,中风险,0.322,高风险
608.0,3-2,location3,0.417,高风险,0.349,高风险,0.415,高风险,0.523,高风险,0.43,高风险,0.429,高风险
608.0,3-4,location3,0.168,中风险,0.067,低风险,0.285,中风险,0.357,高风险,0.221,中风险,0.236,中风险
609.0,3-2,location3,0.232,中风险,0.093,低风险,0.393,高风险,0.492,高风险,0.304,中风险,0.326,高风险
609.0,3-3,location3,0.131,中风险,0.089,低风险,0.164,中风险,0.207,中风险,0.149,中风险,0.153,中风险
609.0,3-4,location3,0.138,中风险,0.059,低风险,0.228,中风险,0.285,中风险,0.179,中风险,0.191,中风险
610.0,3-2,location3,0.0,低风险,0.0,低风险,0.0,低风险,0.0,低风险,0.0,低风险,0.0,低风险
610.0,3-4,location3,0.1,低风险,0.04,低风险,0.17,中风险,0.213,中风险,0.132,中风险,0.141,中风险
611.0,3-2,location3,0.241,中风险,0.096,低风险,0.408,高风险,0.511,高风险,0.316,高风险,0.338,高风险
611.0,3-4,location3,0.203,中风险,0.082,低风险,0.344,高风险,0.431,高风险,0.266,中风险,0.285,中风险
612.0,3-1,location3,0.24,中风险,0.096,低风险,0.407,高风险,0.509,高风险,0.315,高风险,0.338,高风险
612.0,3-3,location3,0.0,低风险,0.0,低风险,0.0,低风险,0.0,低风险,0.0,低风险,0.0,低风险
612.0,3-4,location3,0.071,低风险,0.074,低风险,0.051,低风险,0.018,低风险,0.048,低风险,0.048,低风险
613.0,3-1,location3,0.0,低风险,0.0,低风险,0.0,低风险,0.0,低风险,0.0,低风险,0.0,低风险
613.0,3-3,location3,0.183,中风险,0.073,低风险,0.31,高风险,0.389,高风险,0.24,中风险,0.257,中风险
614.0,3-1,location3,0.217,中风险,0.087,低风险,0.367,高风险,0.46,高风险,0.284,中风险,0.305,中风险
614.0,3-2,location3,0.222,中风险,0.089,低风险,0.377,高风险,0.472,高风险,0.292,中风险,0.313,高风险
614.0,3-3,location3,0.411,高风险,0.271,中风险,0.526,高风险,0.661,高风险,0.471,高风险,0.486,高风险
614.0,3-4,location3,0.0,低风险,0.0,低风险,0.0,低风险,0.0,低风险,0.0,低风险,0.0,低风险
615.0,3-1,location3,0.257,中风险,0.18,中风险,0.321,高风险,0.326,高风险,0.263,中风险,0.276,中风险
615.0,3-2,location3,0.336,高风险,0.237,中风险,0.418,高风险,0.422,高风险,0.342,高风险,0.359,高风险
615.0,3-3,location3,0.263,中风险,0.154,中风险,0.374,高风险,0.421,高风险,0.299,中风险,0.316,高风险
615.0,3-4,location3,0.28,中风险,0.195,中风险,0.351,高风险,0.359,高风险,0.287,中风险,0.302,中风险
616.0,3-1,location3,0.054,低风险,0.022,低风险,0.091,低风险,0.114,中风险,0.071,低风险,0.076,低风险
616.0,3-2,location3,0.299,中风险,0.169,中风险,0.429,高风险,0.538,高风险,0.361,高风险,0.378,高风险
616.0,3-3,location3,0.0,低风险,0.0,低风险,0.0,低风险,0.0,低风险,0.0,低风险,0.0,低风险
617.0,3-1,location3,0.0,低风险,0.0,低风险,0.0,低风险,0.0,低风险,0.0,低风险,0.0,低风险
617.0,3-2,location3,0.0,低风险,0.0,低风险,0.0,低风险,0.0,低风险,0.0,低风险,0.0,低风险
618.0,3-1,location3,0.434,高风险,0.311,高风险,0.53,高风险,0.55,高风险,0.444,高风险,0.463,高风险
618.0,3-2,location3,0.045,低风险,0.018,低风险,0.076,低风险,0.096,低风险,0.059,低风险,0.063,低风险
618.0,3-3,location3,0.383,高风险,0.254,中风险,0.501,高风险,0.528,高风险,0.406,高风险,0.428,高风险
618.0,3-4,location3,0.26,中风险,0.104,低风险,0.441,高风险,0.552,高风险,0.341,高风险,0.366,高风险
619.0,3-3,location3,0.0,低风险,0.0,低风险,0.0,低风险,0.0,低风险,0.0,低风险,0.0,低风险
619.0,3-4,location3,0.22,中风险,0.095,低风险,0.363,高风险,0.455,高风险,0.285,中风险,0.304,中风险
620.0,3-2,location3,0.189,中风险,0.076,低风险,0.321,高风险,0.401,高风险,0.248,中风险,0.266,中风险
620.0,3-3,location3,0.402,高风险,0.245,中风险,0.556,高风险,0.612,高风险,0.445,高风险,0.471,高风险
620.0,3-4,location3,0.267,中风险,0.107,低风险,0.452,高风险,0.567,高风险,0.35,高风险,0.375,高风险
621.0,3-1,location3,0.395,高风险,0.276,中风险,0.495,高风险,0.504,高风险,0.405,高风险,0.425,高风险
621.0,3-2,location3,0.274,中风险,0.11,低风险,0.465,高风险,0.582,高风险,0.36,高风险,0.386,高风险
621.0,3-3,location3,0.269,中风险,0.108,低风险,0.456,高风险,0.57,高风险,0.353,高风险,0.378,高风险
622.0,3-2,location3,0.0,低风险,0.0,低风险,0.0,低风险,0.0,低风险,0.0,低风险,0.0,低风险
622.0,3-3,location3,0.284,中风险,0.114,中风险,0.482,高风险,0.603,高风险,0.373,高风险,0.399,高风险
623.0,3-3,location3,0.296,中风险,0.136,中风险,0.477,高风险,0.58,高风险,0.372,高风险,0.397,高风险
624.0,3-1,location3,0.0,低风险,0.0,低风险,0.0,低风险,0.0,低风险,0.0,低风险,0.0,低风险
624.0,3-3,location3,0.231,中风险,0.092,低风险,0.391,高风险,0.489,高风险,0.303,中风险,0.324,高风险
624.0,3-4,location3,0.0,低风险,0.0,低风险,0.0,低风险,0.0,低风险,0.0,低风险,0.0,低风险
625.0,3-1,location3,0.462,高风险,0.321,高风险,0.566,高风险,0.711,高风险,0.519,高风险,0.533,高风险
625.0,3-2,location3,0.149,中风险,0.065,低风险,0.244,中风险,0.305,中风险,0.192,中风险,0.205,中风险
625.0,3-3,location3,0.0,低风险,0.0,低风险,0.0,低风险,0.0,低风险,0.0,低风险,0.0,低风险
626.0,3-1,location3,0.525,高风险,0.408,高风险,0.583,高风险,0.663,高风险,0.54,高风险,0.551,高风险
626.0,3-3,location3,0.052,低风险,0.021,低风险,0.088,低风险,0.11,中风险,0.068,低风险,0.073,低风险
626.0,3-4,location3,0.105,低风险,0.111,中风险,0.076,低风险,0.028,低风险,0.072,低风险,0.072,低风险
627.0,3-1,location3,0.325,高风险,0.151,中风险,0.52,高风险,0.63,高风险,0.406,高风险,0.434,高风险
627.0,3-2,location3,0.049,低风险,0.051,低风险,0.035,低风险,0.013,低风险,0.033,低风险,0.033,低风险
627.0,3-3,location3,0.176,中风险,0.09,低风险,0.268,中风险,0.336,高风险,0.219,中风险,0.231,中风险
627.0,3-4,location3,0.0,低风险,0.0,低风险,0.0,低风险,0.0,低风险,0.0,低风险,0.0,低风险
628.0,3-2,location3,0.112,中风险,0.118,中风险,0.081,低风险,0.029,低风险,0.076,低风险,0.076,低风险
628.0,3-3,location3,0.0,低风险,0.0,低风险,0.0,低风险,0.0,低风险,0.0,低风险,0.0,低风险
628.0,3-4,location3,0.104,低风险,0.042,低风险,0.176,中风险,0.221,中风险,0.136,中风险,0.146,中风险
629.0,3-1,location3,0.242,中风险,0.097,低风险,0.411,高风险,0.515,高风险,0.318,高风险,0.341,高风险
629.0,3-4,location3,0.208,中风险,0.083,低风险,0.353,高风险,0.441,高风险,0.273,中风险,0.292,中风险
630.0,3-2,location3,0.343,高风险,0.225,中风险,0.45,高风险,0.477,高风险,0.364,高风险,0.384,高风险
630.0,3-3,location3,0.094,低风险,0.038,低风险,0.159,中风险,0.199,中风险,0.123,中风险,0.132,中风险
631.0,3-2,location3,0.132,中风险,0.053,低风险,0.223,中风险,0.28,中风险,0.173,中风险,0.185,中风险
631.0,3-3,location3,0.243,中风险,0.098,低风险,0.413,高风险,0.517,高风险,0.32,高风险,0.342,高风险
631.0,3-4,location3,0.063,低风险,0.066,低风险,0.045,低风险,0.016,低风险,0.042,低风险,0.043,低风险
632.0,3-1,location3,0.127,中风险,0.051,低风险,0.215,中风险,0.269,中风险,0.166,中风险,0.178,中风险
633.0,3-1,location3,0.193,中风险,0.077,低风险,0.328,高风险,0.41,高风险,0.254,中风险,0.272,中风险
633.0,3-2,location3,0.413,高风险,0.292,中风险,0.499,高风险,0.622,高风险,0.46,高风险,0.471,高风险
634.0,3-2,location3,0.123,中风险,0.049,低风险,0.208,中风险,0.26,中风险,0.161,中风险,0.172,中风险
634.0,3-4,location3,0.317,高风险,0.223,中风险,0.394,高风险,0.398,高风险,0.323,高风险,0.339,高风险
635.0,3-1,location3,0.0,低风险,0.0,低风险,0.0,低风险,0.0,低风险,0.0,低风险,0.0,低风险
636.0,3-4,location3,0.332,高风险,0.27,中风险,0.344,高风险,0.433,高风险,0.348,高风险,0.349,高风险
637.0,3-1,location3,0.375,高风险,0.327,高风险,0.373,高风险,0.292,中风险,0.321,高风险,0.331,高风险
637.0,3-2,location3,0.098,低风险,0.042,低风险,0.163,中风险,0.204,中风险,0.128,中风险,0.136,中风险
638.0,3-1,location3,0.168,中风险,0.067,低风险,0.285,中风险,0.357,高风险,0.221,中风险,0.236,中风险
638.0,3-2,location3,0.0,低风险,0.0,低风险,0.0,低风险,0.0,低风险,0.0,低风险,0.0,低风险
638.0,3-3,location3,0.07,低风险,0.028,低风险,0.118,中风险,0.148,中风险,0.092,低风险,0.098,低风险
638.0,3-4,location3,0.061,低风险,0.025,低风险,0.104,低风险,0.13,中风险,0.081,低风险,0.086,低风险
639.0,3-2,location3,0.293,中风险,0.117,中风险,0.496,高风险,0.622,高风险,0.384,高风险,0.412,高风险
639.0,3-3,location3,0.0,低风险,0.0,低风险,0.0,低风险,0.0,低风险,0.0,低风险,0.0,低风险
639.0,3-4,location3,0.531,高风险,0.411,高风险,0.593,高风险,0.657,高风险,0.541,高风险,0.554,高风险
640.0,3-1,location3,0.589,高风险,0.411,高风险,0.739,高风险,0.752,高风险,0.604,高风险,0.634,高风险
640.0,3-2,location3,0.0,低风险,0.0,低风险,0.0,低风险,0.0,低风险,0.0,低风险,0.0,低风险
640.0,3-4,location3,0.161,中风险,0.115,中风险,0.198,中风险,0.198,中风险,0.162,中风险,0.17,中风险
641.0,3-2,location3,0.023,低风险,0.024,低风险,0.017,低风险,0.006,低风险,0.016,低风险,0.016,低风险
641.0,3-3,location3,0.071,低风险,0.029,低风险,0.121,中风险,0.152,中风险,0.094,低风险,0.1,低风险
642.0,3-2,location3,0.26,中风险,0.104,低风险,0.44,高风险,0.551,高风险,0.341,高风险,0.365,高风险
642.0,3-3,location3,0.0,低风险,0.0,低风险,0.0,低风险,0.0,低风险,0.0,低风险,0.0,低风险
643.0,3-3,location3,0.0,低风险,0.0,低风险,0.0,低风险,0.0,低风险,0.0,低风险,0.0,低风险
643.0,3-4,location3,0.306,中风险,0.171,中风险,0.44,高风险,0.552,高风险,0.37,高风险,0.388,高风险
644.0,3-3,location3,0.002,低风险,0.002,低风险,0.002,低风险,0.001,低风险,0.002,低风险,0.002,低风险
644.0,3-4,location3,0.246,中风险,0.165,中风险,0.31,高风险,0.39,高风险,0.28,中风险,0.288,中风险
645.0,3-1,location3,0.411,高风险,0.282,中风险,0.51,高风险,0.641,高风险,0.465,高风险,0.478,高风险
645.0,3-3,location3,0.0,低风险,0.0,低风险,0.0,低风险,0.0,低风险,0.0,低风险,0.0,低风险
646.0,3-3,location3,0.347,高风险,0.288,中风险,0.361,高风险,0.352,高风险,0.326,高风险,0.334,高风险
646.0,3-4,location3,0.42,高风险,0.309,中风险,0.488,高风险,0.614,高风险,0.462,高风险,0.47,高风险
647.0,3-2,location3,0.0,低风险,0.0,低风险,0.0,低风险,0.0,低风险,0.0,低风险,0.0,低风险
647.0,3-3,location3,0.0,低风险,0.0,低风险,0.0,低风险,0.0,低风险,0.0,低风险,0.0,低风险
647.0,3-4,location3,0.462,高风险,0.339,高风险,0.539,高风险,0.678,高风险,0.509,高风险,0.518,高风险
648.0,3-2,location3,0.184,中风险,0.074,低风险,0.312,高风险,0.391,高风险,0.242,中风险,0.259,中风险
648.0,3-4,location3,0.221,中风险,0.144,中风险,0.287,中风险,0.361,高风险,0.255,中风险,0.264,中风险
649.0,3-1,location3,0.268,中风险,0.108,低风险,0.455,高风险,0.57,高风险,0.352,高风险,0.378,高风险
649.0,3-2,location3,0.136,中风险,0.144,中风险,0.099,低风险,0.036,低风险,0.093,低风险,0.093,低风险
649.0,3-3,location3,0.0,低风险,0.0,低风险,0.0,低风险,0.0,低风险,0.0,低风险,0.0,低风险
650.0,3-2,location3,0.176,中风险,0.07,低风险,0.298,中风险,0.373,高风险,0.231,中风险,0.247,中风险
650.0,3-3,location3,0.054,低风险,0.057,低风险,0.039,低风险,0.014,低风险,0.037,低风险,0.037,低风险
651.0,3-1,location3,0.259,中风险,0.104,低风险,0.439,高风险,0.55,高风险,0.34,高风险,0.364,高风险
651.0,3-2,location3,0.147,中风险,0.155,中风险,0.107,低风险,0.039,低风险,0.1,低风险,0.1,低风险
651.0,3-3,location3,0.222,中风险,0.089,低风险,0.377,高风险,0.472,高风险,0.292,中风险,0.313,高风险
652.0,3-2,location3,0.423,高风险,0.273,中风险,0.552,高风险,0.693,高风险,0.489,高风险,0.506,高风险
652.0,3-4,location3,0.263,中风险,0.106,低风险,0.447,高风险,0.559,高风险,0.346,高风险,0.371,高风险
653.0,3-2,location3,0.0,低风险,0.0,低风险,0.0,低风险,0.0,低风险,0.0,低风险,0.0,低风险
653.0,3-3,location3,0.208,中风险,0.084,低风险,0.353,高风险,0.443,高风险,0.274,中风险,0.293,中风险
653.0,3-4,location3,0.301,中风险,0.268,中风险,0.278,中风险,0.322,高风险,0.291,中风险,0.289,中风险
654.0,3-3,location3,0.153,中风险,0.069,低风险,0.248,中风险,0.303,中风险,0.193,中风险,0.207,中风险
654.0,3-4,location3,0.188,中风险,0.09,低风险,0.296,中风险,0.371,高风险,0.238,中风险,0.252,中风险
655.0,3-2,location3,0.179,中风险,0.072,低风险,0.303,中风险,0.38,高风险,0.235,中风险,0.252,中风险
655.0,3-3,location3,0.0,低风险,0.0,低风险,0.0,低风险,0.0,低风险,0.0,低风险,0.0,低风险
655.0,3-4,location3,0.408,高风险,0.264,中风险,0.531,高风险,0.667,高风险,0.471,高风险,0.487,高风险
656.0,3-1,location3,0.0,低风险,0.0,低风险,0.0,低风险,0.0,低风险,0.0,低风险,0.0,低风险
656.0,3-3,location3,0.176,中风险,0.082,低风险,0.28,中风险,0.35,高风险,0.223,中风险,0.237,中风险
656.0,3-4,location3,0.16,中风险,0.088,低风险,0.233,中风险,0.292,中风险,0.194,中风险,0.204,中风险
657.0,3-2,location3,0.071,低风险,0.039,低风险,0.103,低风险,0.118,中风险,0.082,低风险,0.087,低风险
657.0,3-3,location3,0.0,低风险,0.0,低风险,0.0,低风险,0.0,低风险,0.0,低风险,0.0,低风险
658.0,3-2,location3,0.441,高风险,0.308,中风险,0.538,高风险,0.677,高风险,0.495,高风险,0.508,高风险
658.0,3-3,location3,0.0,低风险,0.0,低风险,0.0,低风险,0.0,低风险,0.0,低风险,0.0,低风险
658.0,3-4,location3,0.173,中风险,0.075,低风险,0.284,中风险,0.356,高风险,0.223,中风险,0.238,中风险
659.0,3-2,location3,0.0,低风险,0.0,低风险,0.0,低风险,0.0,低风险,0.0,低风险,0.0,低风险
659.0,3-3,location3,0.0,低风险,0.0,低风险,0.0,低风险,0.0,低风险,0.0,低风险,0.0,低风险
660.0,3-1,location3,0.25,中风险,0.1,低风险,0.424,高风险,0.531,高风险,0.328,高风险,0.352,高风险
660.0,3-2,location3,0.18,中风险,0.072,低风险,0.305,中风险,0.382,高风险,0.236,中风险,0.253,中风险
660.0,3-3,location3,0.179,中风险,0.119,中风险,0.233,中风险,0.245,中风险,0.189,中风险,0.199,中风险
660.0,3-4,location3,0.0,低风险,0.0,低风险,0.0,低风险,0.0,低风险,0.0,低风险,0.0,低风险
661.0,3-1,location3,0.184,中风险,0.074,低风险,0.312,高风险,0.391,高风险,0.242,中风险,0.259,中风险
661.0,3-2,location3,0.296,中风险,0.216,中风险,0.356,高风险,0.348,高风险,0.293,中风险,0.307,中风险
661.0,3-3,location3,0.0,低风险,0.0,低风险,0.0,低风险,0.0,低风险,0.0,低风险,0.0,低风险
662.0,3-1,location3,0.216,中风险,0.087,低风险,0.366,高风险,0.459,高风险,0.284,中风险,0.304,中风险
662.0,3-2,location3,0.145,中风险,0.068,低风险,0.232,中风险,0.28,中风险,0.181,中风险,0.193,中风险
662.0,3-3,location3,0.0,低风险,0.0,低风险,0.0,低风险,0.0,低风险,0.0,低风险,0.0,低风险
664.0,3-3,location3,0.219,中风险,0.088,低风险,0.372,高风险,0.466,高风险,0.288,中风险,0.308,中风险
665.0,3-2,location3,0.405,高风险,0.283,中风险,0.492,高风险,0.619,高风险,0.454,高风险,0.465,高风险
665.0,3-3,location3,0.354,高风险,0.231,中风险,0.468,高风险,0.498,高风险,0.378,高风险,0.399,高风险
666.0,3-1,location3,0.201,中风险,0.084,低风险,0.335,高风险,0.416,高风险,0.26,中风险,0.279,中风险
667.0,3-1,location3,0.237,中风险,0.133,中风险,0.345,高风险,0.394,高风险,0.274,中风险,0.29,中风险
667.0,3-2,location3,0.278,中风险,0.162,中风险,0.389,高风险,0.488,高风险,0.332,高风险,0.346,高风险
667.0,3-3,location3,0.109,低风险,0.057,低风险,0.163,中风险,0.191,中风险,0.129,中风险,0.137,中风险
668.0,3-1,location3,0.224,中风险,0.09,低风险,0.38,高风险,0.476,高风险,0.294,中风险,0.315,高风险
668.0,3-3,location3,0.336,高风险,0.135,中风险,0.57,高风险,0.714,高风险,0.442,高风险,0.473,高风险
669.0,3-1,location3,0.227,中风险,0.173,中风险,0.262,中风险,0.247,中风险,0.218,中风险,0.228,中风险
669.0,3-2,location3,0.095,低风险,0.039,低风险,0.161,中风险,0.201,中风险,0.125,中风险,0.134,中风险
669.0,3-3,location3,0.0,低风险,0.0,低风险,0.0,低风险,0.0,低风险,0.0,低风险,0.0,低风险
670.0,3-2,location3,0.076,低风险,0.03,低风险,0.128,中风险,0.161,中风险,0.099,低风险,0.107,低风险
671.0,3-1,location3,0.0,低风险,0.0,低风险,0.0,低风险,0.0,低风险,0.0,低风险,0.0,低风险
671.0,3-2,location3,0.123,中风险,0.049,低风险,0.208,中风险,0.261,中风险,0.161,中风险,0.173,中风险
672.0,3-2,location3,0.128,中风险,0.051,低风险,0.218,中风险,0.273,中风险,0.169,中风险,0.181,中风险
673.0,3-1,location3,0.02,低风险,0.021,低风险,0.014,低风险,0.005,低风险,0.013,低风险,0.013,低风险
673.0,3-2,location3,0.183,中风险,0.073,低风险,0.31,中风险,0.388,高风险,0.24,中风险,0.257,中风险
673.0,3-3,location3,0.258,中风险,0.104,低风险,0.438,高风险,0.549,高风险,0.339,高风险,0.363,高风险
673.0,3-4,location3,0.151,中风险,0.061,低风险,0.256,中风险,0.321,高风险,0.198,中风险,0.213,中风险
674.0,3-1,location3,0.265,中风险,0.106,低风险,0.449,高风险,0.562,高风险,0.348,高风险,0.372,高风险
674.0,3-2,location3,0.0,低风险,0.0,低风险,0.0,低风险,0.0,低风险,0.0,低风险,0.0,低风险
674.0,3-3,location3,0.153,中风险,0.061,低风险,0.26,中风险,0.325,高风险,0.201,中风险,0.216,中风险
675.0,3-2,location3,0.084,低风险,0.034,低风险,0.143,中风险,0.179,中风险,0.111,中风险,0.118,中风险
675.0,3-3,location3,0.0,低风险,0.0,低风险,0.0,低风险,0.0,低风险,0.0,低风险,0.0,低风险
676.0,3-1,location3,0.0,低风险,0.0,低风险,0.0,低风险,0.0,低风险,0.0,低风险,0.0,低风险
676.0,3-2,location3,0.0,低风险,0.0,低风险,0.0,低风险,0.0,低风险,0.0,低风险,0.0,低风险
676.0,3-4,location3,0.145,中风险,0.058,低风险,0.245,中风险,0.307,中风险,0.19,中风险,0.203,中风险
677.0,3-1,location3,0.0,低风险,0.0,低风险,0.0,低风险,0.0,低风险,0.0,低风险,0.0,低风险
677.0,3-2,location3,0.223,中风险,0.235,中风险,0.162,中风险,0.058,低风险,0.152,中风险,0.152,中风险
677.0,3-4,location3,0.0,低风险,0.0,低风险,0.0,低风险,0.0,低风险,0.0,低风险,0.0,低风险
678.0,3-1,location3,0.274,中风险,0.11,低风险,0.465,高风险,0.582,高风险,0.36,高风险,0.385,高风险
678.0,3-2,location3,0.0,低风险,0.0,低风险,0.0,低风险,0.0,低风险,0.0,低风险,0.0,低风险
678.0,3-4,location3,0.124,中风险,0.05,低风险,0.21,中风险,0.264,中风险,0.163,中风险,0.175,中风险
679.0,3-1,location3,0.204,中风险,0.102,低风险,0.314,高风险,0.394,高风险,0.255,中风险,0.27,中风险
680.0,3-1,location3,0.327,高风险,0.252,中风险,0.362,高风险,0.456,高风险,0.353,高风险,0.357,高风险
681.0,3-1,location3,0.169,中风险,0.068,低风险,0.287,中风险,0.359,高风险,0.222,中风险,0.238,中风险
681.0,3-2,location3,0.044,低风险,0.046,低风险,0.032,低风险,0.011,低风险,0.03,低风险,0.03,低风险
681.0,3-4,location3,0.222,中风险,0.089,低风险,0.376,高风险,0.471,高风险,0.291,中风险,0.312,高风险
682.0,3-2,location3,0.234,中风险,0.094,低风险,0.397,高风险,0.497,高风险,0.307,中风险,0.329,高风险
682.0,3-3,location3,0.0,低风险,0.0,低风险,0.0,低风险,0.0,低风险,0.0,低风险,0.0,低风险
682.0,3-4,location3,0.358,高风险,0.235,中风险,0.461,高风险,0.579,高风险,0.412,高风险,0.425,高风险
683.0,3-1,location3,0.0,低风险,0.0,低风险,0.0,低风险,0.0,低风险,0.0,低风险,0.0,低风险
683.0,3-2,location3,0.238,中风险,0.114,中风险,0.373,高风险,0.468,高风险,0.3,中风险,0.318,高风险
683.0,3-4,location3,0.0,低风险,0.0,低风险,0.0,低风险,0.0,低风险,0.0,低风险,0.0,低风险
684.0,3-1,location3,0.091,低风险,0.037,低风险,0.155,中风险,0.194,中风险,0.12,中风险,0.128,中风险
684.0,3-2,location3,0.188,中风险,0.075,低风险,0.318,高风险,0.399,高风险,0.247,中风险,0.264,中风险
684.0,3-3,location3,0.069,低风险,0.028,低风险,0.118,中风险,0.147,中风险,0.091,低风险,0.098,低风险
685.0,3-3,location3,0.087,低风险,0.035,低风险,0.148,中风险,0.185,中风险,0.114,中风险,0.123,中风险
686.0,3-1,location3,0.399,高风险,0.375,高风险,0.331,高风险,0.419,高风险,0.385,高风险,0.375,高风险
686.0,3-2,location3,0.001,低风险,0.001,低风险,0.001,低风险,0.0,低风险,0.001,低风险,0.001,低风险
686.0,3-3,location3,0.252,中风险,0.101,低风险,0.427,高风险,0.535,高风险,0.331,高风险,0.355,高风险
686.0,3-4,location3,0.145,中风险,0.058,低风险,0.245,中风险,0.307,中风险,0.19,中风险,0.203,中风险
687.0,3-1,location3,0.0,低风险,0.0,低风险,0.0,低风险,0.0,低风险,0.0,低风险,0.0,低风险
687.0,3-2,location3,0.133,中风险,0.053,低风险,0.226,中风险,0.282,中风险,0.175,中风险,0.187,中风险
688.0,3-1,location3,0.0,低风险,0.0,低风险,0.0,低风险,0.0,低风险,0.0,低风险,0.0,低风险
688.0,3-2,location3,0.252,中风险,0.101,低风险,0.427,高风险,0.535,高风险,0.331,高风险,0.354,高风险
688.0,3-3,location3,0.175,中风险,0.07,低风险,0.296,中风险,0.371,高风险,0.229,中风险,0.245,中风险
688.0,3-4,location3,0.173,中风险,0.069,低风险,0.294,中风险,0.368,高风险,0.228,中风险,0.244,中风险
689.0,3-1,location3,0.0,低风险,0.0,低风险,0.0,低风险,0.0,低风险,0.0,低风险,0.0,低风险
689.0,3-2,location3,0.359,高风险,0.235,中风险,0.464,高风险,0.583,高风险,0.414,高风险,0.427,高风险
689.0,3-3,location3,0.274,中风险,0.11,低风险,0.464,高风险,0.582,高风险,0.36,高风险,0.385,高风险
689.0,3-4,location3,0.151,中风险,0.06,低风险,0.255,中风险,0.32,高风险,0.198,中风险,0.212,中风险
690.0,3-2,location3,0.296,中风险,0.164,中风险,0.429,高风险,0.539,高风险,0.359,高风险,0.377,高风险
690.0,3-3,location3,0.275,中风险,0.129,中风险,0.439,高风险,0.531,高风险,0.343,高风险,0.366,高风险
691.0,3-2,location3,0.0,低风险,0.0,低风险,0.0,低风险,0.0,低风险,0.0,低风险,0.0,低风险
691.0,3-3,location3,0.197,中风险,0.079,低风险,0.333,高风险,0.418,高风险,0.258,中风险,0.277,中风险
691.0,3-4,location3,0.076,低风险,0.031,低风险,0.129,中风险,0.162,中风险,0.1,低风险,0.107,低风险
692.0,3-1,location3,0.08,低风险,0.084,低风险,0.058,低风险,0.021,低风险,0.054,低风险,0.054,低风险
692.0,3-2,location3,0.354,高风险,0.23,中风险,0.459,高风险,0.577,高风险,0.408,高风险,0.422,高风险
692.0,3-4,location3,0.154,中风险,0.062,低风险,0.261,中风险,0.326,高风险,0.202,中风险,0.216,中风险
693.0,3-1,location3,0.061,低风险,0.024,低风险,0.104,低风险,0.13,中风险,0.08,低风险,0.086,低风险
693.0,3-2,location3,0.25,中风险,0.1,低风险,0.423,高风险,0.53,高风险,0.328,高风险,0.351,高风险
693.0,3-4,location3,0.0,低风险,0.0,低风险,0.0,低风险,0.0,低风险,0.0,低风险,0.0,低风险
694.0,3-2,location3,0.112,中风险,0.086,低风险,0.123,中风险,0.155,中风险,0.12,中风险,0.121,中风险
694.0,3-3,location3,0.287,中风险,0.136,中风险,0.453,高风险,0.568,高风险,0.364,高风险,0.386,高风险
695.0,3-1,location3,0.272,中风险,0.109,低风险,0.462,高风险,0.578,高风险,0.358,高风险,0.383,高风险
695.0,3-2,location3,0.083,低风险,0.033,低风险,0.141,中风险,0.177,中风险,0.109,低风险,0.117,中风险
695.0,3-4,location3,0.0,低风险,0.0,低风险,0.0,低风险,0.0,低风险,0.0,低风险,0.0,低风险
696.0,3-1,location3,0.37,高风险,0.224,中风险,0.516,高风险,0.571,高风险,0.413,高风险,0.437,高风险
696.0,3-2,location3,0.215,中风险,0.086,低风险,0.364,高风险,0.456,高风险,0.282,中风险,0.302,中风险
696.0,3-3,location3,0.197,中风险,0.079,低风险,0.335,高风险,0.419,高风险,0.259,中风险,0.278,中风险
696.0,3-4,location3,0.084,低风险,0.089,低风险,0.061,低风险,0.022,低风险,0.057,低风险,0.057,低风险
697.0,3-3,location3,0.27,中风险,0.108,低风险,0.458,高风险,0.573,高风险,0.354,高风险,0.38,高风险
698.0,3-2,location3,0.097,低风险,0.039,低风险,0.165,中风险,0.207,中风险,0.128,中风险,0.137,中风险
699.0,3-2,location3,0.095,低风险,0.1,低风险,0.069,低风险,0.025,低风险,0.064,低风险,0.064,低风险
699.0,3-3,location3,0.213,中风险,0.085,低风险,0.361,高风险,0.453,高风险,0.28,中风险,0.3,中风险
699.0,3-4,location3,0.167,中风险,0.176,中风险,0.121,中风险,0.044,低风险,0.113,中风险,0.113,中风险
700.0,3-2,location3,0.148,中风险,0.092,低风险,0.199,中风险,0.25,中风险,0.174,中风险,0.18,中风险
700.0,3-4,location3,0.089,低风险,0.036,低风险,0.151,中风险,0.189,中风险,0.117,中风险,0.125,中风险
701.0,3-1,location3,0.218,中风险,0.229,中风险,0.158,中风险,0.057,低风险,0.148,中风险,0.148,中风险
702.0,3-2,location3,0.0,低风险,0.0,低风险,0.0,低风险,0.0,低风险,0.0,低风险,0.0,低风险
702.0,3-4,location3,0.149,中风险,0.06,低风险,0.252,中风险,0.316,高风险,0.195,中风险,0.209,中风险
703.0,3-1,location3,0.167,中风险,0.111,中风险,0.218,中风险,0.233,中风险,0.178,中风险,0.187,中风险
703.0,3-2,location3,0.329,高风险,0.247,中风险,0.373,高风险,0.47,高风险,0.358,高风险,0.363,高风险
703.0,3-3,location3,0.0,低风险,0.0,低风险,0.0,低风险,0.0,低风险,0.0,低风险,0.0,低风险
703.0,3-4,location3,0.304,中风险,0.212,中风险,0.377,高风险,0.43,高风险,0.328,高风险,0.34,高风险
705.0,3-1,location3,0.0,低风险,0.0,低风险,0.0,低风险,0.0,低风险,0.0,低风险,0.0,低风险
705.0,3-2,location3,0.235,中风险,0.222,中风险,0.194,中风险,0.246,中风险,0.227,中风险,0.221,中风险
705.0,3-3,location3,0.117,中风险,0.047,低风险,0.198,中风险,0.247,中风险,0.153,中风险,0.164,中风险
705.0,3-4,location3,0.35,高风险,0.252,中风险,0.414,高风险,0.52,高风险,0.387,高风险,0.395,高风险
706.0,3-2,location3,0.0,低风险,0.0,低风险,0.0,低风险,0.0,低风险,0.0,低风险,0.0,低风险
706.0,3-4,location3,0.269,中风险,0.108,低风险,0.456,高风险,0.571,高风险,0.353,高风险,0.379,高风险
707.0,3-2,location3,0.0,低风险,0.0,低风险,0.0,低风险,0.0,低风险,0.0,低风险,0.0,低风险
707.0,3-4,location3,0.246,中风险,0.099,低风险,0.417,高风险,0.522,高风险,0.323,高风险,0.346,高风险
708.0,3-4,location3,0.0,低风险,0.0,低风险,0.0,低风险,0.0,低风险,0.0,低风险,0.0,低风险
709.0,3-1,location3,0.194,中风险,0.146,中风险,0.226,中风险,0.214,中风险,0.187,中风险,0.196,中风险
709.0,3-2,location3,0.328,高风险,0.132,中风险,0.557,高风险,0.697,高风险,0.431,高风险,0.462,高风险
709.0,3-4,location3,0.079,低风险,0.032,低风险,0.134,中风险,0.168,中风险,0.104,低风险,0.111,中风险
710.0,3-4,location3,0.238,中风险,0.161,中风险,0.299,中风险,0.376,高风险,0.271,中风险,0.279,中风险
711.0,3-2,location3,0.0,低风险,0.0,低风险,0.0,低风险,0.0,低风险,0.0,低风险,0.0,低风险
711.0,3-3,location3,0.0,低风险,0.0,低风险,0.0,低风险,0.0,低风险,0.0,低风险,0.0,低风险
712.0,3-2,location3,0.298,中风险,0.179,中风险,0.411,高风险,0.516,高风险,0.354,高风险,0.369,高风险
712.0,3-4,location3,0.083,低风险,0.033,低风险,0.141,中风险,0.177,中风险,0.109,低风险,0.117,中风险
713.0,3-1,location3,0.353,高风险,0.276,中风险,0.385,高风险,0.472,高风险,0.373,高风险,0.378,高风险
713.0,3-2,location3,0.0,低风险,0.0,低风险,0.0,低风险,0.0,低风险,0.0,低风险,0.0,低风险
713.0,3-3,location3,0.077,低风险,0.031,低风险,0.13,中风险,0.163,中风险,0.101,低风险,0.108,低风险
713.0,3-4,location3,0.21,中风险,0.131,中风险,0.287,中风险,0.313,高风险,0.231,中风险,0.244,中风险
714.0,3-2,location3,0.299,中风险,0.164,中风险,0.44,高风险,0.507,高风险,0.349,高风险,0.37,高风险
714.0,3-4,location3,0.178,中风险,0.071,低风险,0.301,中风险,0.377,高风险,0.233,中风险,0.25,中风险
715.0,3-1,location3,0.071,低风险,0.028,低风险,0.12,中风险,0.15,中风险,0.093,低风险,0.1,低风险
715.0,3-4,location3,0.075,低风险,0.03,低风险,0.128,中风险,0.16,中风险,0.099,低风险,0.106,低风险
716.0,3-2,location3,0.099,低风险,0.04,低风险,0.168,中风险,0.21,中风险,0.13,中风险,0.139,中风险
717.0,3-2,location3,0.24,中风险,0.151,中风险,0.32,高风险,0.402,高风险,0.281,中风险,0.291,中风险
717.0,3-4,location3,0.597,高风险,0.473,高风险,0.666,高风险,0.602,高风险,0.558,高风险,0.58,高风险
718.0,3-2,location3,0.175,中风险,0.07,低风险,0.296,中风险,0.371,高风险,0.23,中风险,0.246,中风险
718.0,3-4,location3,0.0,低风险,0.0,低风险,0.0,低风险,0.0,低风险,0.0,低风险,0.0,低风险
719.0,3-3,location3,0.133,中风险,0.053,低风险,0.226,中风险,0.283,中风险,0.175,中风险,0.188,中风险
719.0,3-4,location3,0.0,低风险,0.0,低风险,0.0,低风险,0.0,低风险,0.0,低风险,0.0,低风险
720.0,3-2,location3,0.292,中风险,0.117,中风险,0.496,高风险,0.621,高风险,0.384,高风险,0.411,高风险
720.0,3-4,location3,0.283,中风险,0.113,中风险,0.48,高风险,0.601,高风险,0.372,高风险,0.398,高风险
721.0,3-1,location3,0.269,中风险,0.127,中风险,0.426,高风险,0.534,高风险,0.341,高风险,0.362,高风险
721.0,3-2,location3,0.323,高风险,0.229,中风险,0.39,高风险,0.49,高风险,0.361,高风险,0.37,高风险
721.0,3-3,location3,0.328,高风险,0.228,中风险,0.413,高风险,0.421,高风险,0.337,高风险,0.354,高风险
722.0,3-3,location3,0.0,低风险,0.0,低风险,0.0,低风险,0.0,低风险,0.0,低风险,0.0,低风险
722.0,3-4,location3,0.0,低风险,0.0,低风险,0.0,低风险,0.0,低风险,0.0,低风险,0.0,低风险
723.0,3-1,location3,0.342,高风险,0.26,中风险,0.393,高风险,0.41,高风险,0.343,高风险,0.354,高风险
723.0,3-2,location3,0.0,低风险,0.0,低风险,0.0,低风险,0.0,低风险,0.0,低风险,0.0,低风险
723.0,3-4,location3,0.0,低风险,0.0,低风险,0.0,低风险,0.0,低风险,0.0,低风险,0.0,低风险
724.0,3-1,location3,0.222,中风险,0.234,中风险,0.161,中风险,0.058,低风险,0.151,中风险,0.151,中风险
724.0,3-4,location3,0.169,中风险,0.068,低风险,0.286,中风险,0.359,高风险,0.222,中风险,0.238,中风险
725.0,3-1,location3,0.238,中风险,0.095,低风险,0.403,高风险,0.505,高风险,0.312,高风险,0.335,高风险
725.0,3-4,location3,0.0,低风险,0.0,低风险,0.0,低风险,0.0,低风险,0.0,低风险,0.0,低风险
726.0,3-2,location3,0.056,低风险,0.059,低风险,0.041,低风险,0.015,低风险,0.038,低风险,0.038,低风险
727.0,3-1,location3,0.441,高风险,0.284,中风险,0.577,高风险,0.725,高风险,0.511,高风险,0.529,高风险
727.0,3-2,location3,0.073,低风险,0.029,低风险,0.124,中风险,0.155,中风险,0.096,低风险,0.103,低风险
727.0,3-4,location3,0.0,低风险,0.0,低风险,0.0,低风险,0.0,低风险,0.0,低风险,0.0,低风险
728.0,3-1,location3,0.168,中风险,0.067,低风险,0.285,中风险,0.357,高风险,0.221,中风险,0.237,中风险
728.0,3-2,location3,0.0,低风险,0.0,低风险,0.0,低风险,0.0,低风险,0.0,低风险,0.0,低风险
729.0,3-2,location3,0.143,中风险,0.057,低风险,0.243,中风险,0.304,中风险,0.188,中风险,0.201,中风险
729.0,3-4,location3,0.104,低风险,0.11,低风险,0.076,低风险,0.027,低风险,0.071,低风险,0.071,低风险
730.0,3-2,location3,0.22,中风险,0.119,中风险,0.323,高风险,0.406,高风险,0.269,中风险,0.283,中风险
730.0,3-4,location3,0.185,中风险,0.195,中风险,0.134,中风险,0.049,低风险,0.126,中风险,0.126,中风险
731.0,3-1,location3,0.0,低风险,0.0,低风险,0.0,低风险,0.0,低风险,0.0,低风险,0.0,低风险
731.0,3-2,location3,0.0,低风险,0.0,低风险,0.0,低风险,0.0,低风险,0.0,低风险,0.0,低风险
731.0,3-3,location3,0.0,低风险,0.0,低风险,0.0,低风险,0.0,低风险,0.0,低风险,0.0,低风险
731.0,3-4,location3,0.192,中风险,0.077,低风险,0.325,高风险,0.407,高风险,0.252,中风险,0.27,中风险
732.0,3-3,location3,0.0,低风险,0.0,低风险,0.0,低风险,0.0,低风险,0.0,低风险,0.0,低风险
732.0,3-4,location3,0.298,中风险,0.161,中风险,0.438,高风险,0.549,高风险,0.364,高风险,0.383,高风险
733.0,3-2,location3,0.0,低风险,0.0,低风险,0.0,低风险,0.0,低风险,0.0,低风险,0.0,低风险
733.0,3-4,location3,0.289,中风险,0.116,中风险,0.49,高风险,0.614,高风险,0.379,高风险,0.406,高风险
734.0,3-2,location3,0.001,低风险,0.001,低风险,0.0,低风险,0.0,低风险,0.0,低风险,0.0,低风险
734.0,3-3,location3,0.382,高风险,0.242,中风险,0.515,高风险,0.557,高风险,0.415,高风险,0.438,高风险
735.0,3-1,location3,0.0,低风险,0.0,低风险,0.0,低风险,0.0,低风险,0.0,低风险,0.0,低风险
735.0,3-2,location3,0.0,低风险,0.0,低风险,0.0,低风险,0.0,低风险,0.0,低风险,0.0,低风险
735.0,3-3,location3,0.0,低风险,0.0,低风险,0.0,低风险,0.0,低风险,0.0,低风险,0.0,低风险
736.0,3-1,location3,0.148,中风险,0.059,低风险,0.25,中风险,0.313,高风险,0.194,中风险,0.207,中风险
736.0,3-3,location3,0.0,低风险,0.0,低风险,0.0,低风险,0.0,低风险,0.0,低风险,0.0,低风险
737.0,3-1,location3,0.0,低风险,0.0,低风险,0.0,低风险,0.0,低风险,0.0,低风险,0.0,低风险
737.0,3-2,location3,0.165,中风险,0.066,低风险,0.28,中风险,0.35,高风险,0.216,中风险,0.232,中风险
737.0,3-3,location3,0.241,中风险,0.096,低风险,0.408,高风险,0.511,高风险,0.316,高风险,0.339,高风险
737.0,3-4,location3,0.0,低风险,0.0,低风险,0.0,低风险,0.0,低风险,0.0,低风险,0.0,低风险
738.0,3-2,location3,0.24,中风险,0.096,低风险,0.408,高风险,0.51,高风险,0.316,高风险,0.338,高风险
738.0,3-4,location3,0.0,低风险,0.0,低风险,0.0,低风险,0.0,低风险,0.0,低风险,0.0,低风险
739.0,3-2,location3,0.453,高风险,0.333,高风险,0.542,高风险,0.529,高风险,0.447,高风险,0.468,高风险
739.0,3-3,location3,0.242,中风险,0.097,低风险,0.41,高风险,0.513,高风险,0.317,高风险,0.34,高风险
740.0,3-1,location3,0.452,高风险,0.331,高风险,0.528,高风险,0.665,高风险,0.498,高风险,0.508,高风险
740.0,3-2,location3,0.191,中风险,0.076,低风险,0.323,高风险,0.405,高风险,0.25,中风险,0.268,中风险
740.0,3-3,location3,0.17,中风险,0.068,低风险,0.288,中风险,0.361,高风险,0.223,中风险,0.239,中风险
740.0,3-4,location3,0.0,低风险,0.0,低风险,0.0,低风险,0.0,低风险,0.0,低风险,0.0,低风险
741.0,3-2,location3,0.579,高风险,0.445,高风险,0.65,高风险,0.734,高风险,0.596,高风险,0.609,高风险
741.0,3-3,location3,0.092,低风险,0.037,低风险,0.156,中风险,0.196,中风险,0.121,中风险,0.13,中风险
742.0,3-1,location3,0.0,低风险,0.0,低风险,0.0,低风险,0.0,低风险,0.0,低风险,0.0,低风险
742.0,3-2,location3,0.0,低风险,0.0,低风险,0.0,低风险,0.0,低风险,0.0,低风险,0.0,低风险
742.0,3-3,location3,0.0,低风险,0.0,低风险,0.0,低风险,0.0,低风险,0.0,低风险,0.0,低风险
743.0,3-2,location3,0.172,中风险,0.069,低风险,0.291,中风险,0.364,高风险,0.225,中风险,0.241,中风险
743.0,3-3,location3,0.187,中风险,0.093,低风险,0.289,中风险,0.362,高风险,0.235,中风险,0.248,中风险
743.0,3-4,location3,0.0,低风险,0.0,低风险,0.0,低风险,0.0,低风险,0.0,低风险,0.0,低风险
744.0,3-1,location3,0.146,中风险,0.058,低风险,0.247,中风险,0.309,中风险,0.191,中风险,0.205,中风险
744.0,3-2,location3,0.394,高风险,0.315,高风险,0.418,高风险,0.526,高风险,0.417,高风险,0.419,高风险
744.0,3-3,location3,0.269,中风险,0.108,低风险,0.456,高风险,0.572,高风险,0.353,高风险,0.379,高风险
744.0,3-4,location3,0.072,低风险,0.029,低风险,0.122,中风险,0.152,中风险,0.094,低风险,0.101,低风险
745.0,3-1,location3,0.103,低风险,0.041,低风险,0.174,中风险,0.218,中风险,0.135,中风险,0.144,中风险
745.0,3-2,location3,0.34,高风险,0.233,中风险,0.432,高风险,0.444,高风险,0.352,高风险,0.37,高风险
745.0,3-3,location3,0.083,低风险,0.033,低风险,0.14,中风险,0.176,中风险,0.109,低风险,0.117,中风险
745.0,3-4,location3,0.247,中风险,0.147,中风险,0.347,高风险,0.387,高风险,0.278,中风险,0.294,中风险
746.0,3-1,location3,0.04,低风险,0.042,低风险,0.029,低风险,0.01,低风险,0.027,低风险,0.027,低风险
746.0,3-2,location3,0.231,中风险,0.093,低风险,0.392,高风险,0.49,高风险,0.303,中风险,0.325,高风险
746.0,3-3,location3,0.239,中风险,0.096,低风险,0.406,高风险,0.508,高风险,0.314,高风险,0.337,高风险
747.0,3-1,location3,0.147,中风险,0.059,低风险,0.25,中风险,0.313,高风险,0.193,中风险,0.207,中风险
747.0,3-4,location3,0.0,低风险,0.0,低风险,0.0,低风险,0.0,低风险,0.0,低风险,0.0,低风险
748.0,3-1,location3,0.0,低风险,0.0,低风险,0.0,低风险,0.0,低风险,0.0,低风险,0.0,低风险
749.0,3-3,location3,0.0,低风险,0.0,低风险,0.0,低风险,0.0,低风险,0.0,低风险,0.0,低风险
749.0,3-4,location3,0.0,低风险,0.0,低风险,0.0,低风险,0.0,低风险,0.0,低风险,0.0,低风险
750.0,3-1,location3,0.3,中风险,0.17,中风险,0.43,高风险,0.539,高风险,0.362,高风险,0.38,高风险
750.0,3-4,location3,0.285,中风险,0.15,中风险,0.427,高风险,0.535,高风险,0.352,高风险,0.371,高风险
751.0,3-1,location3,0.251,中风险,0.101,低风险,0.426,高风险,0.534,高风险,0.33,高风险,0.354,高风险
751.0,3-2,location3,0.123,中风险,0.049,低风险,0.209,中风险,0.261,中风险,0.161,中风险,0.173,中风险
751.0,3-4,location3,0.0,低风险,0.0,低风险,0.0,低风险,0.0,低风险,0.0,低风险,0.0,低风险
752.0,3-3,location3,0.0,低风险,0.0,低风险,0.0,低风险,0.0,低风险,0.0,低风险,0.0,低风险
753.0,3-1,location3,0.226,中风险,0.091,低风险,0.384,高风险,0.48,高风险,0.297,中风险,0.318,高风险
753.0,3-3,location3,0.0,低风险,0.0,低风险,0.0,低风险,0.0,低风险,0.0,低风险,0.0,低风险
753.0,3-4,location3,0.11,低风险,0.044,低风险,0.186,中风险,0.233,中风险,0.144,中风险,0.154,中风险
754.0,3-2,location3,0.106,低风险,0.043,低风险,0.18,中风险,0.226,中风险,0.139,中风险,0.149,中风险
754.0,3-3,location3,0.0,低风险,0.0,低风险,0.0,低风险,0.0,低风险,0.0,低风险,0.0,低风险
754.0,3-4,location3,0.322,高风险,0.239,中风险,0.37,高风险,0.466,高风险,0.352,高风险,0.358,高风险
755.0,3-3,location3,0.5,高风险,0.334,高风险,0.65,高风险,0.681,高风险,0.527,高风险,0.555,高风险
756.0,3-1,location3,0.0,低风险,0.0,低风险,0.0,低风险,0.0,低风险,0.0,低风险,0.0,低风险
756.0,3-2,location3,0.0,低风险,0.0,低风险,0.0,低风险,0.0,低风险,0.0,低风险,0.0,低风险
756.0,3-4,location3,0.0,低风险,0.0,低风险,0.0,低风险,0.0,低风险,0.0,低风险,0.0,低风险
757.0,3-1,location3,0.0,低风险,0.0,低风险,0.0,低风险,0.0,低风险,0.0,低风险,0.0,低风险
757.0,3-3,location3,0.0,低风险,0.0,低风险,0.0,低风险,0.0,低风险,0.0,低风险,0.0,低风险
758.0,3-1,location3,0.008,低风险,0.009,低风险,0.006,低风险,0.002,低风险,0.006,低风险,0.006,低风险
759.0,3-1,location3,0.0,低风险,0.0,低风险,0.0,低风险,0.0,低风险,0.0,低风险,0.0,低风险
760.0,3-3,location3,0.0,低风险,0.0,低风险,0.0,低风险,0.0,低风险,0.0,低风险,0.0,低风险
761.0,3-2,location3,0.037,低风险,0.039,低风险,0.027,低风险,0.01,低风险,0.025,低风险,0.025,低风险
762.0,3-1,location3,0.136,中风险,0.055,低风险,0.231,中风险,0.29,中风险,0.179,中风险,0.192,中风险
762.0,3-4,location3,0.205,中风险,0.082,低风险,0.347,高风险,0.434,高风险,0.269,中风险,0.288,中风险
763.0,3-1,location3,0.192,中风险,0.077,低风险,0.325,高风险,0.408,高风险,0.252,中风险,0.27,中风险
763.0,3-2,location3,0.175,中风险,0.07,低风险,0.296,中风险,0.371,高风险,0.229,中风险,0.245,中风险
764.0,3-1,location3,0.11,低风险,0.044,低风险,0.187,中风险,0.234,中风险,0.144,中风险,0.155,中风险
764.0,3-4,location3,0.0,低风险,0.0,低风险,0.0,低风险,0.0,低风险,0.0,低风险,0.0,低风险
765.0,3-4,location3,0.023,低风险,0.009,低风险,0.04,低风险,0.05,低风险,0.031,低风险,0.033,低风险
766.0,3-2,location3,0.469,高风险,0.344,高风险,0.564,高风险,0.551,高风险,0.465,高风险,0.486,高风险
766.0,3-3,location3,0.0,低风险,0.0,低风险,0.0,低风险,0.0,低风险,0.0,低风险,0.0,低风险
767.0,3-1,location3,0.173,中风险,0.069,低风险,0.293,中风险,0.368,高风险,0.227,中风险,0.243,中风险
767.0,3-2,location3,0.034,低风险,0.014,低风险,0.058,低风险,0.072,低风险,0.045,低风险,0.048,低风险
767.0,3-4,location3,0.524,高风险,0.437,高风险,0.55,高风险,0.463,高风险,0.467,高风险,0.484,高风险
768.0,3-1,location3,0.319,高风险,0.18,中风险,0.463,高风险,0.528,高风险,0.368,高风险,0.39,高风险
768.0,3-2,location3,0.259,中风险,0.104,低风险,0.439,高风险,0.549,高风险,0.34,高风险,0.364,高风险
769.0,3-4,location3,0.0,低风险,0.0,低风险,0.0,低风险,0.0,低风险,0.0,低风险,0.0,低风险
770.0,3-1,location3,0.124,中风险,0.05,低风险,0.211,中风险,0.264,中风险,0.163,中风险,0.175,中风险
770.0,3-2,location3,0.0,低风险,0.0,低风险,0.0,低风险,0.0,低风险,0.0,低风险,0.0,低风险
770.0,3-3,location3,0.0,低风险,0.0,低风险,0.0,低风险,0.0,低风险,0.0,低风险,0.0,低风险
770.0,3-4,location3,0.172,中风险,0.069,低风险,0.291,中风险,0.365,高风险,0.225,中风险,0.242,中风险
771.0,3-1,location3,0.382,高风险,0.241,中风险,0.508,高风险,0.638,高风险,0.446,高风险,0.462,高风险
771.0,3-2,location3,0.0,低风险,0.0,低风险,0.0,低风险,0.0,低风险,0.0,低风险,0.0,低风险
771.0,3-3,location3,0.0,低风险,0.0,低风险,0.0,低风险,0.0,低风险,0.0,低风险,0.0,低风险
772.0,3-1,location3,0.154,中风险,0.08,低风险,0.232,中风险,0.291,中风险,0.19,中风险,0.201,中风险
772.0,3-2,location3,0.085,低风险,0.034,低风险,0.144,中风险,0.18,中风险,0.111,中风险,0.119,中风险
772.0,3-3,location3,0.0,低风险,0.0,低风险,0.0,低风险,0.0,低风险,0.0,低风险,0.0,低风险
773.0,3-1,location3,0.143,中风险,0.057,低风险,0.243,中风险,0.304,中风险,0.188,中风险,0.201,中风险
773.0,3-2,location3,0.238,中风险,0.096,低风险,0.404,高风险,0.506,高风险,0.313,高风险,0.335,高风险
773.0,3-3,location3,0.0,低风险,0.0,低风险,0.0,低风险,0.0,低风险,0.0,低风险,0.0,低风险
773.0,3-4,location3,0.045,低风险,0.047,低风险,0.033,低风险,0.012,低风险,0.03,低风险,0.03,低风险
775.0,3-1,location3,0.184,中风险,0.105,低风险,0.262,中风险,0.329,高风险,0.222,中风险,0.232,中风险
775.0,3-4,location3,0.255,中风险,0.102,低风险,0.433,高风险,0.542,高风险,0.335,高风险,0.359,高风险
777.0,3-1,location3,0.0,低风险,0.0,低风险,0.0,低风险,0.0,低风险,0.0,低风险,0.0,低风险
777.0,3-4,location3,0.357,高风险,0.305,中风险,0.365,高风险,0.297,中风险,0.312,高风险,0.322,高风险
778.0,3-2,location3,0.189,中风险,0.076,低风险,0.32,高风险,0.401,高风险,0.248,中风险,0.266,中风险
778.0,3-4,location3,0.0,低风险,0.0,低风险,0.0,低风险,0.0,低风险,0.0,低风险,0.0,低风险
779.0,3-1,location3,0.0,低风险,0.0,低风险,0.0,低风险,0.0,低风险,0.0,低风险,0.0,低风险
780.0,3-4,location3,0.264,中风险,0.106,低风险,0.447,高风险,0.56,高风险,0.346,高风险,0.371,高风险
781.0,3-1,location3,0.0,低风险,0.0,低风险,0.0,低风险,0.0,低风险,0.0,低风险,0.0,低风险
782.0,3-2,location3,0.169,中风险,0.068,低风险,0.287,中风险,0.359,高风险,0.222,中风险,0.238,中风险
782.0,3-4,location3,0.025,低风险,0.026,低风险,0.018,低风险,0.006,低风险,0.017,低风险,0.017,低风险
783.0,3-1,location3,0.323,高风险,0.21,中风险,0.427,高风险,0.455,高风险,0.345,高风险,0.364,高风险
784.0,3-1,location3,0.238,中风险,0.251,中风险,0.173,中风险,0.062,低风险,0.162,中风险,0.162,中风险
784.0,3-4,location3,0.269,中风险,0.122,中风险,0.433,高风险,0.528,高风险,0.338,高风险,0.361,高风险
785.0,3-1,location3,0.189,中风险,0.076,低风险,0.321,高风险,0.401,高风险,0.248,中风险,0.266,中风险
785.0,3-2,location3,0.139,中风险,0.056,低风险,0.236,中风险,0.295,中风险,0.182,中风险,0.195,中风险
785.0,3-4,location3,0.153,中风险,0.061,低风险,0.259,中风险,0.325,高风险,0.201,中风险,0.215,中风险
786.0,3-2,location3,0.065,低风险,0.026,低风险,0.11,中风险,0.138,中风险,0.085,低风险,0.092,低风险
786.0,3-4,location3,0.0,低风险,0.0,低风险,0.0,低风险,0.0,低风险,0.0,低风险,0.0,低风险
787.0,3-2,location3,0.159,中风险,0.079,低风险,0.248,中风险,0.296,中风险,0.195,中风险,0.207,中风险
787.0,3-4,location3,0.202,中风险,0.081,低风险,0.343,高风险,0.429,高风险,0.265,中风险,0.284,中风险
788.0,3-1,location3,0.0,低风险,0.0,低风险,0.0,低风险,0.0,低风险,0.0,低风险,0.0,低风险
788.0,3-4,location3,0.321,高风险,0.192,中风险,0.451,高风险,0.502,高风险,0.361,高风险,0.382,高风险
789.0,3-4,location3,0.129,中风险,0.052,低风险,0.219,中风险,0.274,中风险,0.169,中风险,0.182,中风险
790.0,3-1,location3,0.281,中风险,0.112,中风险,0.476,高风险,0.596,高风险,0.368,高风险,0.395,高风险
790.0,3-2,location3,0.0,低风险,0.0,低风险,0.0,低风险,0.0,低风险,0.0,低风险,0.0,低风险
790.0,3-3,location3,0.0,低风险,0.0,低风险,0.0,低风险,0.0,低风险,0.0,低风险,0.0,低风险
790.0,3-4,location3,0.259,中风险,0.17,中风险,0.333,高风险,0.419,高风险,0.298,中风险,0.307,中风险
791.0,3-2,location3,0.045,低风险,0.018,低风险,0.076,低风险,0.095,低风险,0.059,低风险,0.063,低风险
791.0,3-4,location3,0.0,低风险,0.0,低风险,0.0,低风险,0.0,低风险,0.0,低风险,0.0,低风险
792.0,3-2,location3,0.0,低风险,0.0,低风险,0.0,低风险,0.0,低风险,0.0,低风险,0.0,低风险
793.0,3-2,location3,0.168,中风险,0.079,低风险,0.266,中风险,0.334,高风险,0.213,中风险,0.226,中风险
794.0,3-2,location3,0.0,低风险,0.0,低风险,0.0,低风险,0.0,低风险,0.0,低风险,0.0,低风险
794.0,3-4,location3,0.238,中风险,0.096,低风险,0.404,高风险,0.506,高风险,0.313,高风险,0.335,高风险
795.0,3-1,location3,0.278,中风险,0.112,中风险,0.472,高风险,0.591,高风险,0.365,高风险,0.391,高风险
795.0,3-2,location3,0.281,中风险,0.166,中风险,0.39,高风险,0.489,高风险,0.334,高风险,0.349,高风险
795.0,3-3,location3,0.0,低风险,0.0,低风险,0.0,低风险,0.0,低风险,0.0,低风险,0.0,低风险
795.0,3-4,location3,0.015,低风险,0.016,低风险,0.011,低风险,0.004,低风险,0.01,低风险,0.01,低风险
796.0,3-1,location3,0.385,高风险,0.247,中风险,0.505,高风险,0.634,高风险,0.446,高风险,0.462,高风险
796.0,3-3,location3,0.04,低风险,0.042,低风险,0.029,低风险,0.011,低风险,0.027,低风险,0.027,低风险
796.0,3-4,location3,0.351,高风险,0.222,中风险,0.465,高风险,0.583,高风险,0.408,高风险,0.423,高风险
797.0,3-1,location3,0.204,中风险,0.082,低风险,0.347,高风险,0.434,高风险,0.268,中风险,0.288,中风险
797.0,3-2,location3,0.261,中风险,0.127,中风险,0.406,高风险,0.509,高风险,0.328,高风险,0.347,高风险
797.0,3-4,location3,0.081,低风险,0.032,低风险,0.137,中风险,0.171,中风险,0.106,低风险,0.113,中风险
798.0,3-2,location3,0.188,中风险,0.075,低风险,0.319,高风险,0.399,高风险,0.247,中风险,0.265,中风险
799.0,3-1,location3,0.175,中风险,0.07,低风险,0.296,中风险,0.371,高风险,0.229,中风险,0.245,中风险
799.0,3-2,location3,0.044,低风险,0.046,低风险,0.032,低风险,0.011,低风险,0.03,低风险,0.03,低风险
799.0,3-4,location3,0.153,中风险,0.061,低风险,0.259,中风险,0.324,高风险,0.201,中风险,0.215,中风险
800.0,3-1,location3,0.0,低风险,0.0,低风险,0.0,低风险,0.0,低风险,0.0,低风险,0.0,低风险
800.0,3-2,location3,0.252,中风险,0.101,低风险,0.427,高风险,0.534,高风险,0.33,高风险,0.354,高风险
801.0,3-2,location3,0.0,低风险,0.0,低风险,0.0,低风险,0.0,低风险,0.0,低风险,0.0,低风险
801.0,3-3,location3,0.0,低风险,0.0,低风险,0.0,低风险,0.0,低风险,0.0,低风险,0.0,低风险
802.0,3-2,location3,0.252,中风险,0.173,中风险,0.313,高风险,0.393,高风险,0.285,中风险,0.293,中风险
802.0,3-3,location3,0.219,中风险,0.134,中风险,0.298,中风险,0.374,高风险,0.258,中风险,0.269,中风险
802.0,3-4,location3,0.016,低风险,0.017,低风险,0.012,低风险,0.004,低风险,0.011,低风险,0.011,低风险
803.0,3-3,location3,0.303,中风险,0.122,中风险,0.514,高风险,0.644,高风险,0.398,高风险,0.427,高风险
804.0,3-2,location3,0.076,低风险,0.031,低风险,0.129,中风险,0.162,中风险,0.1,低风险,0.107,低风险
805.0,3-1,location3,0.179,中风险,0.072,低风险,0.303,中风险,0.38,高风险,0.235,中风险,0.252,中风险
805.0,3-2,location3,0.0,低风险,0.0,低风险,0.0,低风险,0.0,低风险,0.0,低风险,0.0,低风险
805.0,3-4,location3,0.421,高风险,0.291,中风险,0.531,高风险,0.546,高风险,0.435,高风险,0.456,高风险
806.0,3-2,location3,0.0,低风险,0.0,低风险,0.0,低风险,0.0,低风险,0.0,低风险,0.0,低风险
807.0,3-1,location3,0.413,高风险,0.343,高风险,0.435,高风险,0.369,高风险,0.369,高风险,0.383,高风险
807.0,3-2,location3,0.179,中风险,0.072,低风险,0.304,中风险,0.381,高风险,0.235,中风险,0.252,中风险
808.0,3-2,location3,0.0,低风险,0.0,低风险,0.0,低风险,0.0,低风险,0.0,低风险,0.0,低风险
810.0,3-1,location3,0.0,低风险,0.0,低风险,0.0,低风险,0.0,低风险,0.0,低风险,0.0,低风险
810.0,3-3,location3,0.146,中风险,0.058,低风险,0.247,中风险,0.309,中风险,0.191,中风险,0.205,中风险
811.0,3-3,location3,0.18,中风险,0.072,低风险,0.305,中风险,0.382,高风险,0.236,中风险,0.253,中风险
812.0,3-1,location3,0.192,中风险,0.203,中风险,0.14,中风险,0.05,低风险,0.131,中风险,0.131,中风险
812.0,3-3,location3,0.16,中风险,0.064,低风险,0.271,中风险,0.339,高风险,0.21,中风险,0.225,中风险
813.0,3-1,location3,0.0,低风险,0.0,低风险,0.0,低风险,0.0,低风险,0.0,低风险,0.0,低风险
813.0,3-2,location3,0.0,低风险,0.0,低风险,0.0,低风险,0.0,低风险,0.0,低风险,0.0,低风险
814.0,3-2,location3,0.143,中风险,0.057,低风险,0.243,中风险,0.304,中风险,0.188,中风险,0.202,中风险
817.0,3-2,location3,0.247,中风险,0.104,低风险,0.41,高风险,0.514,高风险,0.32,高风险,0.342,高风险
817.0,3-4,location3,0.146,中风险,0.059,低风险,0.248,中风险,0.31,高风险,0.192,中风险,0.206,中风险
818.0,3-1,location3,0.0,低风险,0.0,低风险,0.0,低风险,0.0,低风险,0.0,低风险,0.0,低风险
818.0,3-2,location3,0.206,中风险,0.082,低风险,0.349,高风险,0.437,高风险,0.27,中风险,0.289,中风险
818.0,3-4,location3,0.0,低风险,0.0,低风险,0.0,低风险,0.0,低风险,0.0,低风险,0.0,低风险
819.0,3-2,location3,0.095,低风险,0.038,低风险,0.16,中风险,0.201,中风险,0.124,中风险,0.133,中风险
820.0,3-2,location3,0.123,中风险,0.049,低风险,0.209,中风险,0.261,中风险,0.161,中风险,0.173,中风险
820.0,3-4,location3,0.183,中风险,0.193,中风险,0.133,中风险,0.048,低风险,0.124,中风险,0.124,中风险
821.0,3-4,location3,0.546,高风险,0.326,高风险,0.754,高风险,0.947,高风险,0.648,高风险,0.676,高风险
822.0,3-2,location3,0.214,中风险,0.086,低风险,0.362,高风险,0.453,高风险,0.28,中风险,0.3,中风险
822.0,3-4,location3,0.281,中风险,0.202,中风险,0.343,高风险,0.341,高风险,0.282,中风险,0.296,中风险
823.0,3-1,location3,0.0,低风险,0.0,低风险,0.0,低风险,0.0,低风险,0.0,低风险,0.0,低风险
823.0,3-2,location3,0.0,低风险,0.0,低风险,0.0,低风险,0.0,低风险,0.0,低风险,0.0,低风险
823.0,3-4,location3,0.352,高风险,0.274,中风险,0.398,高风险,0.367,高风险,0.333,高风险,0.347,高风险
824.0,3-1,location3,0.028,低风险,0.011,低风险,0.048,低风险,0.06,低风险,0.037,低风险,0.04,低风险
824.0,3-4,location3,0.403,高风险,0.264,中风险,0.519,高风险,0.652,高风险,0.463,高风险,0.478,高风险
825.0,3-1,location3,0.423,高风险,0.274,中风险,0.551,高风险,0.692,高风险,0.489,高风险,0.506,高风险
826.0,3-1,location3,0.0,低风险,0.0,低风险,0.0,低风险,0.0,低风险,0.0,低风险,0.0,低风险
826.0,3-2,location3,0.187,中风险,0.075,低风险,0.317,高风险,0.397,高风险,0.246,中风险,0.263,中风险
826.0,3-4,location3,0.252,中风险,0.25,中风险,0.19,中风险,0.241,中风险,0.236,中风险,0.227,中风险
827.0,3-1,location3,0.179,中风险,0.188,中风险,0.13,中风险,0.047,低风险,0.121,中风险,0.122,中风险
828.0,3-1,location3,0.0,低风险,0.0,低风险,0.0,低风险,0.0,低风险,0.0,低风险,0.0,低风险
828.0,3-3,location3,0.0,低风险,0.0,低风险,0.0,低风险,0.0,低风险,0.0,低风险,0.0,低风险
828.0,3-4,location3,0.311,高风险,0.125,中风险,0.527,高风险,0.661,高风险,0.408,高风险,0.438,高风险
829.0,3-2,location3,0.206,中风险,0.083,低风险,0.349,高风险,0.437,高风险,0.271,中风险,0.29,中风险
829.0,3-3,location3,0.191,中风险,0.077,低风险,0.324,高风险,0.406,高风险,0.251,中风险,0.269,中风险
830.0,3-2,location3,0.254,中风险,0.102,低风险,0.431,高风险,0.54,高风险,0.334,高风险,0.358,高风险
830.0,3-3,location3,0.088,低风险,0.035,低风险,0.149,中风险,0.187,中风险,0.116,中风险,0.124,中风险
832.0,3-1,location3,0.0,低风险,0.0,低风险,0.0,低风险,0.0,低风险,0.0,低风险,0.0,低风险
833.0,3-1,location3,0.222,中风险,0.089,低风险,0.377,高风险,0.472,高风险,0.292,中风险,0.313,高风险
833.0,3-3,location3,0.0,低风险,0.0,低风险,0.0,低风险,0.0,低风险,0.0,低风险,0.0,低风险
834.0,3-3,location3,0.315,高风险,0.261,中风险,0.333,高风险,0.283,中风险,0.282,中风险,0.293,中风险
835.0,3-4,location3,0.112,中风险,0.045,低风险,0.19,中风险,0.238,中风险,0.147,中风险,0.158,中风险
836.0,3-1,location3,0.269,中风险,0.135,中风险,0.417,高风险,0.495,高风险,0.327,高风险,0.349,高风险
838.0,3-3,location3,0.078,低风险,0.031,低风险,0.133,中风险,0.167,中风险,0.103,低风险,0.11,中风险
841.0,3-1,location3,0.268,中风险,0.108,低风险,0.455,高风险,0.57,高风险,0.352,高风险,0.377,高风险
841.0,3-3,location3,0.159,中风险,0.064,低风险,0.27,中风险,0.338,高风险,0.209,中风险,0.224,中风险
842.0,3-1,location3,0.313,高风险,0.22,中风险,0.386,高风险,0.42,高风险,0.329,高风险,0.342,高风险
842.0,3-3,location3,0.173,中风险,0.069,低风险,0.293,中风险,0.367,高风险,0.227,中风险,0.243,中风险
844.0,3-1,location3,0.0,低风险,0.0,低风险,0.0,低风险,0.0,低风险,0.0,低风险,0.0,低风险
844.0,3-4,location3,0.2,中风险,0.08,低风险,0.338,高风险,0.424,高风险,0.262,中风险,0.281,中风险
845.0,3-1,location3,0.274,中风险,0.143,中风险,0.414,高风险,0.485,高风险,0.327,高风险,0.348,高风险
845.0,3-3,location3,0.128,中风险,0.051,低风险,0.217,中风险,0.271,中风险,0.168,中风险,0.18,中风险
845.0,3-4,location3,0.0,低风险,0.0,低风险,0.0,低风险,0.0,低风险,0.0,低风险,0.0,低风险
846.0,3-4,location3,0.177,中风险,0.071,低风险,0.3,中风险,0.375,高风险,0.232,中风险,0.249,中风险
847.0,3-3,location3,0.0,低风险,0.0,低风险,0.0,低风险,0.0,低风险,0.0,低风险,0.0,低风险
847.0,3-4,location3,0.0,低风险,0.0,低风险,0.0,低风险,0.0,低风险,0.0,低风险,0.0,低风险
848.0,3-1,location3,0.249,中风险,0.1,低风险,0.422,高风险,0.528,高风险,0.327,高风险,0.35,高风险
848.0,3-3,location3,0.33,高风险,0.244,中风险,0.393,高风险,0.384,高风险,0.326,高风险,0.34,高风险
849.0,3-3,location3,0.0,低风险,0.0,低风险,0.0,低风险,0.0,低风险,0.0,低风险,0.0,低风险
850.0,3-4,location3,0.079,低风险,0.032,低风险,0.134,中风险,0.168,中风险,0.104,低风险,0.111,中风险
851.0,3-1,location3,0.232,中风险,0.093,低风险,0.393,高风险,0.492,高风险,0.304,中风险,0.326,高风险
852.0,3-3,location3,0.136,中风险,0.054,低风险,0.23,中风险,0.288,中风险,0.178,中风险,0.191,中风险
853.0,3-1,location3,0.234,中风险,0.094,低风险,0.397,高风险,0.497,高风险,0.307,中风险,0.329,高风险
853.0,3-3,location3,0.218,中风险,0.088,低风险,0.37,高风险,0.464,高风险,0.287,中风险,0.307,中风险
856.0,3-1,location3,0.061,低风险,0.025,低风险,0.104,低风险,0.13,中风险,0.081,低风险,0.086,低风险
856.0,3-3,location3,0.0,低风险,0.0,低风险,0.0,低风险,0.0,低风险,0.0,低风险,0.0,低风险
856.0,3-4,location3,0.537,高风险,0.401,高风险,0.612,高风险,0.771,高风险,0.586,高风险,0.595,高风险
857.0,3-1,location3,0.189,中风险,0.076,低风险,0.321,高风险,0.401,高风险,0.248,中风险,0.266,中风险
858.0,3-1,location3,0.0,低风险,0.0,低风险,0.0,低风险,0.0,低风险,0.0,低风险,0.0,低风险
858.0,3-3,location3,0.292,中风险,0.181,中风险,0.401,高风险,0.44,高风险,0.322,高风险,0.341,高风险
859.0,3-1,location3,0.113,中风险,0.045,低风险,0.192,中风险,0.24,中风险,0.148,中风险,0.159,中风险
859.0,3-3,location3,0.265,中风险,0.106,低风险,0.449,高风险,0.562,高风险,0.348,高风险,0.373,高风险
860.0,3-3,location3,0.451,高风险,0.326,高风险,0.543,高风险,0.595,高风险,0.471,高风险,0.488,高风险
860.0,3-4,location3,0.153,中风险,0.061,低风险,0.26,中风险,0.326,高风险,0.201,中风险,0.216,中风险
861.0,3-3,location3,0.165,中风险,0.066,低风险,0.28,中风险,0.351,高风险,0.217,中风险,0.232,中风险
861.0,3-4,location3,0.31,中风险,0.124,中风险,0.525,高风险,0.657,高风险,0.407,高风险,0.435,高风险
862.0,3-1,location3,0.358,高风险,0.306,中风险,0.348,高风险,0.439,高风险,0.366,高风险,0.364,高风险
862.0,3-3,location3,0.166,中风险,0.097,低风险,0.232,中风险,0.292,中风险,0.198,中风险,0.207,中风险
863.0,3-1,location3,0.0,低风险,0.0,低风险,0.0,低风险,0.0,低风险,0.0,低风险,0.0,低风险
863.0,3-3,location3,0.256,中风险,0.15,中风险,0.359,高风险,0.451,高风险,0.306,中风险,0.32,高风险
864.0,3-3,location3,0.244,中风险,0.098,低风险,0.414,高风险,0.518,高风险,0.32,高风险,0.343,高风险
866.0,3-3,location3,0.145,中风险,0.058,低风险,0.245,中风险,0.307,中风险,0.19,中风险,0.204,中风险
867.0,3-3,location3,0.0,低风险,0.0,低风险,0.0,低风险,0.0,低风险,0.0,低风险,0.0,低风险
868.0,3-1,location3,0.0,低风险,0.0,低风险,0.0,低风险,0.0,低风险,0.0,低风险,0.0,低风险
869.0,3-1,location3,0.321,高风险,0.194,中风险,0.448,高风险,0.496,高风险,0.358,高风险,0.379,高风险
869.0,3-3,location3,0.285,中风险,0.13,中风险,0.46,高风险,0.56,高风险,0.359,高风险,0.384,高风险
870.0,3-1,location3,0.271,中风险,0.108,低风险,0.459,高风险,0.574,高风险,0.355,高风险,0.381,高风险
871.0,3-4,location3,0.121,中风险,0.049,低风险,0.206,中风险,0.258,中风险,0.159,中风险,0.171,中风险
872.0,3-1,location3,0.0,低风险,0.0,低风险,0.0,低风险,0.0,低风险,0.0,低风险,0.0,低风险
872.0,3-3,location3,0.329,高风险,0.206,中风险,0.441,高风险,0.554,高风险,0.385,高风险,0.4,高风险
874.0,3-1,location3,0.0,低风险,0.0,低风险,0.0,低风险,0.0,低风险,0.0,低风险,0.0,低风险
874.0,3-3,location3,0.115,中风险,0.046,低风险,0.194,中风险,0.243,中风险,0.151,中风险,0.161,中风险
874.0,3-4,location3,0.214,中风险,0.092,低风险,0.354,高风险,0.437,高风险,0.275,中风险,0.294,中风险
875.0,3-3,location3,0.102,低风险,0.041,低风险,0.172,中风险,0.216,中风险,0.133,中风险,0.143,中风险
877.0,3-3,location3,0.122,中风险,0.061,低风险,0.188,中风险,0.235,中风险,0.152,中风险,0.161,中风险
879.0,3-1,location3,0.0,低风险,0.0,低风险,0.0,低风险,0.0,低风险,0.0,低风险,0.0,低风险
880.0,3-3,location3,0.111,中风险,0.045,低风险,0.189,中风险,0.237,中风险,0.146,中风险,0.157,中风险
881.0,3-3,location3,0.0,低风险,0.0,低风险,0.0,低风险,0.0,低风险,0.0,低风险,0.0,低风险
881.0,3-4,location3,0.0,低风险,0.0,低风险,0.0,低风险,0.0,低风险,0.0,低风险,0.0,低风险
882.0,3-4,location3,0.218,中风险,0.087,低风险,0.369,高风险,0.463,高风险,0.286,中风险,0.306,中风险
883.0,3-4,location3,0.0,低风险,0.0,低风险,0.0,低风险,0.0,低风险,0.0,低风险,0.0,低风险
884.0,3-3,location3,0.0,低风险,0.0,低风险,0.0,低风险,0.0,低风险,0.0,低风险,0.0,低风险
884.0,3-4,location3,0.275,中风险,0.29,中风险,0.2,中风险,0.072,低风险,0.187,中风险,0.187,中风险
886.0,3-3,location3,0.244,中风险,0.098,低风险,0.413,高风险,0.517,高风险,0.32,高风险,0.343,高风险
886.0,3-4,location3,0.0,低风险,0.0,低风险,0.0,低风险,0.0,低风险,0.0,低风险,0.0,低风险
887.0,3-1,location3,0.125,中风险,0.131,中风险,0.091,低风险,0.033,低风险,0.085,低风险,0.085,低风险
887.0,3-4,location3,0.0,低风险,0.0,低风险,0.0,低风险,0.0,低风险,0.0,低风险,0.0,低风险
888.0,3-3,location3,0.125,中风险,0.057,低风险,0.201,中风险,0.245,中风险,0.157,中风险,0.168,中风险
889.0,3-3,location3,0.0,低风险,0.0,低风险,0.0,低风险,0.0,低风险,0.0,低风险,0.0,低风险
889.0,3-4,location3,0.0,低风险,0.0,低风险,0.0,低风险,0.0,低风险,0.0,低风险,0.0,低风险
890.0,3-3,location3,0.264,中风险,0.106,低风险,0.447,高风险,0.56,高风险,0.346,高风险,0.371,高风险
891.0,3-4,location3,0.47,高风险,0.355,高风险,0.545,高风险,0.563,高风险,0.471,高风险,0.488,高风险
892.0,3-1,location3,0.0,低风险,0.0,低风险,0.0,低风险,0.0,低风险,0.0,低风险,0.0,低风险
892.0,3-3,location3,0.063,低风险,0.025,低风险,0.107,低风险,0.135,中风险,0.083,低风险,0.089,低风险
893.0,3-3,location3,0.239,中风险,0.096,低风险,0.406,高风险,0.508,高风险,0.314,高风险,0.336,高风险
893.0,3-4,location3,0.0,低风险,0.0,低风险,0.0,低风险,0.0,低风险,0.0,低风险,0.0,低风险
894.0,3-1,location3,0.0,低风险,0.0,低风险,0.0,低风险,0.0,低风险,0.0,低风险,0.0,低风险
894.0,3-3,location3,0.175,中风险,0.07,低风险,0.296,中风险,0.371,高风险,0.229,中风险,0.245,中风险
895.0,3-1,location3,0.0,低风险,0.0,低风险,0.0,低风险,0.0,低风险,0.0,低风险,0.0,低风险
895.0,3-3,location3,0.396,高风险,0.328,高风险,0.42,高风险,0.358,高风险,0.355,高风险,0.368,高风险
896.0,3-1,location3,0.493,高风险,0.348,高风险,0.596,高风险,0.749,高风险,0.551,高风险,0.564,高风险
898.0,3-3,location3,0.0,低风险,0.0,低风险,0.0,低风险,0.0,低风险,0.0,低风险,0.0,低风险
898.0,3-4,location3,0.47,高风险,0.331,高风险,0.586,高风险,0.592,高风险,0.479,高风险,0.503,高风险
899.0,3-4,location3,0.318,高风险,0.176,中风险,0.466,高风险,0.534,高风险,0.369,高风险,0.392,高风险
900.0,3-4,location3,0.272,中风险,0.109,低风险,0.461,高风险,0.577,高风险,0.357,高风险,0.382,高风险
901.0,3-4,location3,0.192,中风险,0.121,中风险,0.26,中风险,0.282,中风险,0.209,中风险,0.221,中风险
902.0,3-1,location3,0.165,中风险,0.066,低风险,0.279,中风险,0.35,高风险,0.216,中风险,0.232,中风险
902.0,3-3,location3,0.0,低风险,0.0,低风险,0.0,低风险,0.0,低风险,0.0,低风险,0.0,低风险
902.0,3-4,location3,0.362,高风险,0.225,中风险,0.485,高风险,0.609,高风险,0.423,高风险,0.44,高风险
903.0,3-1,location3,0.166,中风险,0.066,低风险,0.281,中风险,0.352,高风险,0.218,中风险,0.233,中风险
904.0,3-3,location3,0.366,高风险,0.219,中风险,0.513,高风险,0.57,高风险,0.41,高风险,0.434,高风险
906.0,3-1,location3,0.191,中风险,0.09,低风险,0.305,中风险,0.368,高风险,0.238,中风险,0.254,中风险
906.0,3-4,location3,0.413,高风险,0.306,中风险,0.476,高风险,0.6,高风险,0.453,高风险,0.461,高风险
907.0,3-1,location3,0.0,低风险,0.0,低风险,0.0,低风险,0.0,低风险,0.0,低风险,0.0,低风险
907.0,3-3,location3,0.128,中风险,0.051,低风险,0.218,中风险,0.273,中风险,0.169,中风险,0.181,中风险
907.0,3-4,location3,0.0,低风险,0.0,低风险,0.0,低风险,0.0,低风险,0.0,低风险,0.0,低风险
908.0,3-1,location3,0.0,低风险,0.0,低风险,0.0,低风险,0.0,低风险,0.0,低风险,0.0,低风险
908.0,3-3,location3,0.334,高风险,0.248,中风险,0.385,高风险,0.485,高风险,0.366,高风险,0.373,高风险
910.0,3-1,location3,0.263,中风险,0.105,低风险,0.445,高风险,0.558,高风险,0.345,高风险,0.37,高风险
910.0,3-4,location3,0.238,中风险,0.095,低风险,0.403,高风险,0.505,高风险,0.312,高风险,0.335,高风险
911.0,3-3,location3,0.299,中风险,0.212,中风险,0.36,高风险,0.453,高风险,0.334,高风险,0.342,高风险
911.0,3-4,location3,0.469,高风险,0.337,高风险,0.572,高风险,0.569,高风险,0.47,高风险,0.493,高风险
912.0,3-1,location3,0.201,中风险,0.08,低风险,0.34,高风险,0.426,高风险,0.263,中风险,0.282,中风险
912.0,3-4,location3,0.159,中风险,0.082,低风险,0.241,中风险,0.283,中风险,0.19,中风险,0.202,中风险
914.0,3-1,location3,0.146,中风险,0.058,低风险,0.247,中风险,0.31,中风险,0.191,中风险,0.205,中风险
915.0,3-1,location3,0.138,中风险,0.055,低风险,0.234,中风险,0.293,中风险,0.181,中风险,0.194,中风险
915.0,3-3,location3,0.0,低风险,0.0,低风险,0.0,低风险,0.0,低风险,0.0,低风险,0.0,低风险
915.0,3-4,location3,0.286,中风险,0.115,中风险,0.485,高风险,0.608,高风险,0.376,高风险,0.403,高风险
917.0,3-1,location3,0.345,高风险,0.247,中风险,0.417,高风险,0.463,高风险,0.363,高风险,0.376,高风险
917.0,3-4,location3,0.225,中风险,0.09,低风险,0.382,高风险,0.478,高风险,0.296,中风险,0.317,高风险
918.0,3-1,location3,0.29,中风险,0.116,中风险,0.491,高风险,0.615,高风险,0.38,高风险,0.407,高风险
918.0,3-3,location3,0.0,低风险,0.0,低风险,0.0,低风险,0.0,低风险,0.0,低风险,0.0,低风险
919.0,3-3,location3,0.268,中风险,0.107,低风险,0.454,高风险,0.569,高风险,0.352,高风险,0.377,高风险
919.0,3-4,location3,0.341,高风险,0.216,中风险,0.46,高风险,0.497,高风险,0.371,高风险,0.391,高风险
920.0,3-4,location3,0.378,高风险,0.285,中风险,0.436,高风险,0.477,高风险,0.388,高风险,0.399,高风险
921.0,3-3,location3,0.0,低风险,0.0,低风险,0.0,低风险,0.0,低风险,0.0,低风险,0.0,低风险
921.0,3-4,location3,0.293,中风险,0.117,中风险,0.496,高风险,0.621,高风险,0.384,高风险,0.412,高风险
923.0,3-1,location3,0.304,中风险,0.184,中风险,0.419,高风险,0.502,高风险,0.352,高风险,0.368,高风险
923.0,3-3,location3,0.0,低风险,0.0,低风险,0.0,低风险,0.0,低风险,0.0,低风险,0.0,低风险
923.0,3-4,location3,0.326,高风险,0.206,中风险,0.433,高风险,0.544,高风险,0.38,高风险,0.394,高风险
924.0,3-1,location3,0.23,中风险,0.12,中风险,0.347,高风险,0.435,高风险,0.285,中风险,0.3,中风险
926.0,3-1,location3,0.0,低风险,0.0,低风险,0.0,低风险,0.0,低风险,0.0,低风险,0.0,低风险
926.0,3-4,location3,0.263,中风险,0.105,低风险,0.445,高风险,0.557,高风险,0.345,高风险,0.369,高风险
927.0,3-4,location3,0.448,高风险,0.337,高风险,0.514,高风险,0.59,高风险,0.469,高风险,0.48,高风险
928.0,3-3,location3,0.278,中风险,0.13,中风险,0.444,高风险,0.538,高风险,0.347,高风险,0.37,高风险
930.0,3-4,location3,0.0,低风险,0.0,低风险,0.0,低风险,0.0,低风险,0.0,低风险,0.0,低风险
933.0,3-4,location3,0.013,低风险,0.013,低风险,0.009,低风险,0.003,低风险,0.008,低风险,0.009,低风险
935.0,3-1,location3,0.025,低风险,0.027,低风险,0.018,低风险,0.007,低风险,0.017,低风险,0.017,低风险
935.0,3-3,location3,0.181,中风险,0.072,低风险,0.306,中风险,0.383,高风险,0.237,中风险,0.254,中风险
935.0,3-4,location3,0.054,低风险,0.022,低风险,0.092,低风险,0.115,中风险,0.071,低风险,0.076,低风险
936.0,3-1,location3,0.164,中风险,0.127,中风险,0.187,中风险,0.173,中风险,0.156,中风险,0.162,中风险
936.0,3-4,location3,0.091,低风险,0.096,低风险,0.066,低风险,0.024,低风险,0.062,低风险,0.062,低风险
937.0,3-3,location3,0.479,高风险,0.339,高风险,0.594,高风险,0.598,高风险,0.486,高风险,0.51,高风险
937.0,3-4,location3,0.127,中风险,0.051,低风险,0.215,中风险,0.27,中风险,0.167,中风险,0.179,中风险
938.0,3-1,location3,0.0,低风险,0.0,低风险,0.0,低风险,0.0,低风险,0.0,低风险,0.0,低风险
938.0,3-4,location3,0.0,低风险,0.0,低风险,0.0,低风险,0.0,低风险,0.0,低风险,0.0,低风险
939.0,3-1,location3,0.156,中风险,0.063,低风险,0.265,中风险,0.332,高风险,0.205,中风险,0.22,中风险
939.0,3-4,location3,0.132,中风险,0.057,低风险,0.217,中风险,0.272,中风险,0.171,中风险,0.182,中风险
940.0,3-1,location3,0.0,低风险,0.0,低风险,0.0,低风险,0.0,低风险,0.0,低风险,0.0,低风险
940.0,3-4,location3,0.0,低风险,0.0,低风险,0.0,低风险,0.0,低风险,0.0,低风险,0.0,低风险
941.0,3-1,location3,0.0,低风险,0.0,低风险,0.0,低风险,0.0,低风险,0.0,低风险,0.0,低风险
941.0,3-4,location3,0.0,低风险,0.0,低风险,0.0,低风险,0.0,低风险,0.0,低风险,0.0,低风险
942.0,3-1,location3,0.088,低风险,0.057,低风险,0.116,中风险,0.145,中风险,0.102,低风险,0.106,低风险
943.0,3-1,location3,0.0,低风险,0.0,低风险,0.0,低风险,0.0,低风险,0.0,低风险,0.0,低风险
944.0,3-1,location3,0.103,低风险,0.041,低风险,0.175,中风险,0.219,中风险,0.136,中风险,0.145,中风险
944.0,3-3,location3,0.162,中风险,0.11,低风险,0.207,中风险,0.214,中风险,0.168,中风险,0.177,中风险
945.0,3-4,location3,0.0,低风险,0.0,低风险,0.0,低风险,0.0,低风险,0.0,低风险,0.0,低风险
946.0,3-4,location3,0.0,低风险,0.0,低风险,0.0,低风险,0.0,低风险,0.0,低风险,0.0,低风险
947.0,3-1,location3,0.264,中风险,0.106,低风险,0.448,高风险,0.562,高风险,0.347,高风险,0.372,高风险
947.0,3-4,location3,0.0,低风险,0.0,低风险,0.0,低风险,0.0,低风险,0.0,低风险,0.0,低风险
948.0,3-1,location3,0.0,低风险,0.0,低风险,0.0,低风险,0.0,低风险,0.0,低风险,0.0,低风险
948.0,3-4,location3,0.0,低风险,0.0,低风险,0.0,低风险,0.0,低风险,0.0,低风险,0.0,低风险
949.0,3-4,location3,0.26,中风险,0.157,中风险,0.362,高风险,0.401,高风险,0.29,中风险,0.307,中风险
950.0,3-4,location3,0.178,中风险,0.071,低风险,0.302,中风险,0.379,高风险,0.234,中风险,0.251,中风险
951.0,3-1,location3,0.126,中风险,0.058,低风险,0.203,中风险,0.255,中风险,0.162,中风险,0.172,中风险
952.0,3-3,location3,0.158,中风险,0.086,低风险,0.232,中风险,0.291,中风险,0.193,中风险,0.203,中风险
952.0,3-4,location3,0.259,中风险,0.125,中风险,0.405,高风险,0.508,高风险,0.327,高风险,0.346,高风险
953.0,3-4,location3,0.083,低风险,0.087,低风险,0.06,低风险,0.022,低风险,0.056,低风险,0.056,低风险
954.0,3-4,location3,0.0,低风险,0.0,低风险,0.0,低风险,0.0,低风险,0.0,低风险,0.0,低风险
955.0,3-1,location3,0.121,中风险,0.098,低风险,0.131,中风险,0.114,中风险,0.11,中风险,0.114,中风险
957.0,3-1,location3,0.135,中风险,0.054,低风险,0.23,中风险,0.288,中风险,0.178,中风险,0.191,中风险
957.0,3-3,location3,0.264,中风险,0.153,中风险,0.372,高风险,0.467,高风险,0.316,高风险,0.33,高风险
958.0,3-4,location3,0.12,中风险,0.048,低风险,0.203,中风险,0.255,中风险,0.157,中风险,0.169,中风险
959.0,3-4,location3,0.262,中风险,0.105,低风险,0.445,高风险,0.557,高风险,0.345,高风险,0.369,高风险
960.0,3-4,location3,0.007,低风险,0.007,低风险,0.005,低风险,0.002,低风险,0.005,低风险,0.005,低风险
961.0,3-4,location3,0.0,低风险,0.0,低风险,0.0,低风险,0.0,低风险,0.0,低风险,0.0,低风险
962.0,3-1,location3,0.08,低风险,0.032,低风险,0.136,中风险,0.17,中风险,0.105,低风险,0.113,中风险
962.0,3-3,location3,0.0,低风险,0.0,低风险,0.0,低风险,0.0,低风险,0.0,低风险,0.0,低风险
964.0,3-4,location3,0.228,中风险,0.091,低风险,0.387,高风险,0.485,高风险,0.3,中风险,0.321,高风险
965.0,3-1,location3,0.191,中风险,0.076,低风险,0.323,高风险,0.405,高风险,0.25,中风险,0.268,中风险
966.0,3-1,location3,0.393,高风险,0.271,中风险,0.498,高风险,0.511,高风险,0.406,高风险,0.426,高风险
967.0,3-1,location3,0.246,中风险,0.099,低风险,0.418,高风险,0.523,高风险,0.324,高风险,0.347,高风险
967.0,3-3,location3,0.444,高风险,0.29,中风险,0.586,高风险,0.622,高风险,0.474,高风险,0.5,高风险
968.0,3-4,location3,0.264,中风险,0.184,中风险,0.322,高风险,0.405,高风险,0.296,中风险,0.304,中风险
969.0,3-1,location3,0.055,低风险,0.058,低风险,0.04,低风险,0.014,低风险,0.037,低风险,0.037,低风险
969.0,3-4,location3,0.385,高风险,0.317,高风险,0.409,高风险,0.351,高风险,0.346,高风险,0.359,高风险
970.0,3-4,location3,0.139,中风险,0.073,低风险,0.208,中风险,0.26,中风险,0.171,中风险,0.18,中风险
972.0,3-1,location3,0.0,低风险,0.0,低风险,0.0,低风险,0.0,低风险,0.0,低风险,0.0,低风险
972.0,3-4,location3,0.0,低风险,0.0,低风险,0.0,低风险,0.0,低风险,0.0,低风险,0.0,低风险
973.0,3-4,location3,0.421,高风险,0.274,中风险,0.556,高风险,0.592,高风险,0.45,高风险,0.474,高风险
974.0,3-1,location3,0.068,低风险,0.072,低风险,0.049,低风险,0.018,低风险,0.046,低风险,0.046,低风险
975.0,3-3,location3,0.063,低风险,0.025,低风险,0.107,低风险,0.134,中风险,0.083,低风险,0.089,低风险
976.0,3-4,location3,0.0,低风险,0.0,低风险,0.0,低风险,0.0,低风险,0.0,低风险,0.0,低风险
978.0,3-3,location3,0.387,高风险,0.236,中风险,0.535,高风险,0.59,高风险,0.429,高风险,0.454,高风险
978.0,3-4,location3,0.0,低风险,0.0,低风险,0.0,低风险,0.0,低风险,0.0,低风险,0.0,低风险
979.0,3-4,location3,0.0,低风险,0.0,低风险,0.0,低风险,0.0,低风险,0.0,低风险,0.0,低风险
982.0,3-4,location3,0.081,低风险,0.033,低风险,0.138,中风险,0.173,中风险,0.107,低风险,0.115,中风险
983.0,3-3,location3,0.0,低风险,0.0,低风险,0.0,低风险,0.0,低风险,0.0,低风险,0.0,低风险
983.0,3-4,location3,0.212,中风险,0.085,低风险,0.359,高风险,0.45,高风险,0.278,中风险,0.298,中风险
984.0,3-3,location3,0.398,高风险,0.264,中风险,0.508,高风险,0.638,高风险,0.456,高风险,0.47,高风险
984.0,3-4,location3,0.0,低风险,0.0,低风险,0.0,低风险,0.0,低风险,0.0,低风险,0.0,低风险
985.0,3-3,location3,0.206,中风险,0.128,中风险,0.281,中风险,0.307,中风险,0.226,中风险,0.239,中风险
985.0,3-4,location3,0.0,低风险,0.0,低风险,0.0,低风险,0.0,低风险,0.0,低风险,0.0,低风险
986.0,3-1,location3,0.299,中风险,0.206,中风险,0.378,高风险,0.388,高风险,0.308,中风险,0.324,高风险
986.0,3-3,location3,0.272,中风险,0.109,低风险,0.462,高风险,0.578,高风险,0.358,高风险,0.383,高风险
986.0,3-4,location3,0.0,低风险,0.0,低风险,0.0,低风险,0.0,低风险,0.0,低风险,0.0,低风险
987.0,3-1,location3,0.218,中风险,0.135,中风险,0.294,中风险,0.369,高风险,0.256,中风险,0.266,中风险
987.0,3-3,location3,0.38,高风险,0.222,中风险,0.534,高风险,0.67,高风险,0.455,高风险,0.475,高风险
987.0,3-4,location3,0.0,低风险,0.0,低风险,0.0,低风险,0.0,低风险,0.0,低风险,0.0,低风险
988.0,3-1,location3,0.579,高风险,0.446,高风险,0.641,高风险,0.807,高风险,0.624,高风险,0.631,高风险
988.0,3-4,location3,0.298,中风险,0.188,中风险,0.403,高风险,0.436,高风险,0.324,高风险,0.342,高风险
989.0,3-1,location3,0.215,中风险,0.086,低风险,0.365,高风险,0.458,高风险,0.283,中风险,0.303,中风险
989.0,3-3,location3,0.0,低风险,0.0,低风险,0.0,低风险,0.0,低风险,0.0,低风险,0.0,低风险
989.0,3-4,location3,0.244,中风险,0.257,中风险,0.177,中风险,0.064,低风险,0.166,中风险,0.166,中风险
990.0,3-1,location3,0.0,低风险,0.0,低风险,0.0,低风险,0.0,低风险,0.0,低风险,0.0,低风险
990.0,3-3,location3,0.019,低风险,0.008,低风险,0.032,低风险,0.04,低风险,0.025,低风险,0.026,低风险
990.0,3-4,location3,0.0,低风险,0.0,低风险,0.0,低风险,0.0,低风险,0.0,低风险,0.0,低风险
991.0,3-1,location3,0.234,中风险,0.094,低风险,0.397,高风险,0.497,高风险,0.307,中风险,0.329,高风险
991.0,3-3,location3,0.177,中风险,0.071,低风险,0.301,中风险,0.376,高风险,0.233,中风险,0.249,中风险
992.0,3-1,location3,0.306,中风险,0.188,中风险,0.416,高风险,0.522,高风险,0.361,高风险,0.375,高风险
992.0,3-3,location3,0.0,低风险,0.0,低风险,0.0,低风险,0.0,低风险,0.0,低风险,0.0,低风险
992.0,3-4,location3,0.0,低风险,0.0,低风险,0.0,低风险,0.0,低风险,0.0,低风险,0.0,低风险
993.0,3-1,location3,0.171,中风险,0.069,低风险,0.291,中风险,0.364,高风险,0.225,中风险,0.241,中风险
993.0,3-3,location3,0.256,中风险,0.146,中风险,0.365,高风险,0.458,高风险,0.309,中风险,0.323,高风险
993.0,3-4,location3,0.216,中风险,0.086,低风险,0.366,高风险,0.458,高风险,0.283,中风险,0.303,中风险
994.0,3-1,location3,0.148,中风险,0.155,中风险,0.107,低风险,0.039,低风险,0.1,低风险,0.1,低风险
995.0,3-3,location3,0.322,高风险,0.204,中风险,0.436,高风险,0.472,高风险,0.351,高风险,0.371,高风险
995.0,3-4,location3,0.284,中风险,0.114,中风险,0.481,高风险,0.602,高风险,0.372,高风险,0.399,高风险
996.0,3-1,location3,0.158,中风险,0.063,低风险,0.267,中风险,0.335,高风险,0.207,中风险,0.222,中风险
997.0,3-3,location3,0.16,中风险,0.064,低风险,0.271,中风险,0.339,高风险,0.21,中风险,0.225,中风险
998.0,3-4,location3,0.403,高风险,0.311,高风险,0.458,高风险,0.456,高风险,0.394,高风险,0.409,高风险
999.0,3-4,location3,0.2,中风险,0.08,低风险,0.339,高风险,0.425,高风险,0.263,中风险,0.281,中风险
1000.0,3-1,location3,0.041,低风险,0.016,低风险,0.069,低风险,0.086,低风险,0.053,低风险,0.057,低风险
1001.0,3-4,location3,0.229,中风险,0.133,中风险,0.328,高风险,0.37,高风险,0.261,中风险,0.277,中风险
1002.0,3-4,location3,0.165,中风险,0.066,低风险,0.278,中风险,0.348,高风险,0.216,中风险,0.231,中风险
1003.0,3-1,location3,0.099,低风险,0.104,低风险,0.072,低风险,0.026,低风险,0.067,低风险,0.067,低风险
1003.0,3-3,location3,0.191,中风险,0.077,低风险,0.324,高风险,0.405,高风险,0.251,中风险,0.269,中风险
1003.0,3-4,location3,0.0,低风险,0.0,低风险,0.0,低风险,0.0,低风险,0.0,低风险,0.0,低风险
1004.0,3-3,location3,0.314,高风险,0.218,中风险,0.385,高风险,0.485,高风险,0.354,高风险,0.363,高风险
1005.0,3-1,location3,0.326,高风险,0.344,高风险,0.237,中风险,0.085,低风险,0.222,中风险,0.222,中风险
1005.0,3-4,location3,0.0,低风险,0.0,低风险,0.0,低风险,0.0,低风险,0.0,低风险,0.0,低风险
1006.0,3-3,location3,0.0,低风险,0.0,低风险,0.0,低风险,0.0,低风险,0.0,低风险,0.0,低风险
1006.0,3-4,location3,0.236,中风险,0.146,中风险,0.318,高风险,0.4,高风险,0.277,中风险,0.288,中风险
1007.0,3-3,location3,0.329,高风险,0.197,中风险,0.455,高风险,0.571,高风险,0.391,高风险,0.407,高风险
1007.0,3-4,location3,0.0,低风险,0.0,低风险,0.0,低风险,0.0,低风险,0.0,低风险,0.0,低风险
1008.0,3-3,location3,0.052,低风险,0.021,低风险,0.087,低风险,0.109,低风险,0.068,低风险,0.072,低风险
1008.0,3-4,location3,0.105,低风险,0.044,低风险,0.175,中风险,0.219,中风险,0.137,中风险,0.146,中风险
1009.0,3-3,location3,0.097,低风险,0.039,低风险,0.164,中风险,0.205,中风险,0.127,中风险,0.136,中风险
1009.0,3-4,location3,0.111,中风险,0.044,低风险,0.187,中风险,0.235,中风险,0.145,中风险,0.155,中风险
1010.0,3-3,location3,0.0,低风险,0.0,低风险,0.0,低风险,0.0,低风险,0.0,低风险,0.0,低风险
1010.0,3-4,location3,0.0,低风险,0.0,低风险,0.0,低风险,0.0,低风险,0.0,低风险,0.0,低风险
1011.0,3-3,location3,0.0,低风险,0.0,低风险,0.0,低风险,0.0,低风险,0.0,低风险,0.0,低风险
1011.0,3-4,location3,0.162,中风险,0.065,低风险,0.273,中风险,0.342,高风险,0.212,中风险,0.227,中风险
1012.0,3-4,location3,0.0,低风险,0.0,低风险,0.0,低风险,0.0,低风险,0.0,低风险,0.0,低风险
1013.0,3-1,location3,0.237,中风险,0.095,低风险,0.402,高风险,0.504,高风险,0.311,高风险,0.334,高风险
1014.0,3-1,location3,0.236,中风险,0.098,低风险,0.393,高风险,0.489,高风险,0.305,中风险,0.327,高风险
1015.0,3-4,location3,0.251,中风险,0.101,低风险,0.426,高风险,0.533,高风险,0.33,高风险,0.353,高风险
1017.0,3-4,location3,0.037,低风险,0.015,低风险,0.063,低风险,0.079,低风险,0.049,低风险,0.052,低风险
1018.0,3-3,location3,0.169,中风险,0.068,低风险,0.287,中风险,0.359,高风险,0.222,中风险,0.238,中风险
1018.0,3-4,location3,0.206,中风险,0.083,低风险,0.35,高风险,0.438,高风险,0.271,中风险,0.29,中风险
1019.0,3-4,location3,0.0,低风险,0.0,低风险,0.0,低风险,0.0,低风险,0.0,低风险,0.0,低风险
1020.0,3-4,location3,0.237,中风险,0.095,低风险,0.401,高风险,0.502,高风险,0.311,高风险,0.333,高风险
1021.0,3-1,location3,0.0,低风险,0.0,低风险,0.0,低风险,0.0,低风险,0.0,低风险,0.0,低风险
1021.0,3-3,location3,0.174,中风险,0.1,低风险,0.247,中风险,0.31,高风险,0.209,中风险,0.219,中风险
1021.0,3-4,location3,0.0,低风险,0.0,低风险,0.0,低风险,0.0,低风险,0.0,低风险,0.0,低风险
1022.0,3-3,location3,0.187,中风险,0.075,低风险,0.317,高风险,0.398,高风险,0.246,中风险,0.263,中风险
1022.0,3-4,location3,0.288,中风险,0.115,中风险,0.488,高风险,0.611,高风险,0.378,高风险,0.405,高风险
1023.0,3-1,location3,0.239,中风险,0.096,低风险,0.405,高风险,0.507,高风险,0.313,高风险,0.336,高风险
1023.0,3-3,location3,0.0,低风险,0.0,低风险,0.0,低风险,0.0,低风险,0.0,低风险,0.0,低风险
1023.0,3-4,location3,0.135,中风险,0.054,低风险,0.229,中风险,0.287,中风险,0.178,中风险,0.19,中风险
1024.0,3-1,location3,0.181,中风险,0.073,低风险,0.307,中风险,0.384,高风险,0.238,中风险,0.255,中风险
1025.0,3-1,location3,0.295,中风险,0.189,中风险,0.387,高风险,0.486,高风险,0.342,高风险,0.354,高风险
1025.0,3-3,location3,0.253,中风险,0.101,低风险,0.429,高风险,0.537,高风险,0.332,高风险,0.356,高风险
1025.0,3-4,location3,0.226,中风险,0.091,低风险,0.383,高风险,0.48,高风险,0.297,中风险,0.318,高风险
1026.0,3-1,location3,0.172,中风险,0.069,低风险,0.291,中风险,0.365,高风险,0.226,中风险,0.242,中风险
1026.0,3-3,location3,0.0,低风险,0.0,低风险,0.0,低风险,0.0,低风险,0.0,低风险,0.0,低风险
1027.0,3-1,location3,0.195,中风险,0.117,中风险,0.272,中风险,0.301,中风险,0.218,中风险,0.23,中风险
1027.0,3-3,location3,0.226,中风险,0.091,低风险,0.384,高风险,0.481,高风险,0.297,中风险,0.318,高风险
1027.0,3-4,location3,0.244,中风险,0.098,低风险,0.414,高风险,0.519,高风险,0.321,高风险,0.344,高风险
1028.0,3-1,location3,0.121,中风险,0.049,低风险,0.205,中风险,0.257,中风险,0.159,中风险,0.17,中风险
1028.0,3-3,location3,0.106,低风险,0.042,低风险,0.179,中风险,0.224,中风险,0.139,中风险,0.148,中风险
1028.0,3-4,location3,0.0,低风险,0.0,低风险,0.0,低风险,0.0,低风险,0.0,低风险,0.0,低风险
1029.0,3-1,location3,0.299,中风险,0.162,中风险,0.438,高风险,0.55,高风险,0.365,高风险,0.384,高风险
1029.0,3-3,location3,0.227,中风险,0.091,低风险,0.384,高风险,0.481,高风险,0.298,中风险,0.319,高风险
1029.0,3-4,location3,0.085,低风险,0.089,低风险,0.062,低风险,0.022,低风险,0.058,低风险,0.058,低风险
1030.0,3-3,location3,0.264,中风险,0.182,中风险,0.331,高风险,0.364,高风险,0.281,中风险,0.292,中风险
1031.0,3-3,location3,0.246,中风险,0.099,低风险,0.417,高风险,0.522,高风险,0.323,高风险,0.346,高风险
1032.0,3-1,location3,0.216,中风险,0.087,低风险,0.367,高风险,0.459,高风险,0.284,中风险,0.304,中风险
1032.0,3-4,location3,0.316,高风险,0.193,中风险,0.43,高风险,0.54,高风险,0.373,高风险,0.388,高风险
1033.0,3-3,location3,0.395,高风险,0.227,中风险,0.56,高风险,0.703,高风险,0.475,高风险,0.497,高风险
1033.0,3-4,location3,0.232,中风险,0.099,低风险,0.385,高风险,0.476,高风险,0.299,中风险,0.32,高风险
1034.0,3-3,location3,0.237,中风险,0.119,中风险,0.366,高风险,0.435,高风险,0.288,中风险,0.307,中风险
1034.0,3-4,location3,0.269,中风险,0.108,低风险,0.456,高风险,0.571,高风险,0.353,高风险,0.378,高风险
1035.0,3-1,location3,0.231,中风险,0.092,低风险,0.391,高风险,0.49,高风险,0.303,中风险,0.324,高风险
1035.0,3-3,location3,0.0,低风险,0.0,低风险,0.0,低风险,0.0,低风险,0.0,低风险,0.0,低风险
1035.0,3-4,location3,0.083,低风险,0.087,低风险,0.06,低风险,0.022,低风险,0.056,低风险,0.056,低风险
1036.0,3-1,location3,0.458,高风险,0.28,中风险,0.622,高风险,0.78,高风险,0.539,高风险,0.561,高风险
1037.0,3-1,location3,0.04,低风险,0.042,低风险,0.029,低风险,0.01,低风险,0.027,低风险,0.027,低风险
1037.0,3-4,location3,0.166,中风险,0.071,低风险,0.274,中风险,0.339,高风险,0.213,中风险,0.228,中风险
1038.0,3-1,location3,0.375,高风险,0.211,中风险,0.545,高风险,0.622,高风险,0.433,高风险,0.459,高风险
1038.0,3-3,location3,0.182,中风险,0.073,低风险,0.309,中风险,0.387,高风险,0.239,中风险,0.256,中风险
1038.0,3-4,location3,0.2,中风险,0.08,低风险,0.338,高风险,0.424,高风险,0.262,中风险,0.281,中风险
1039.0,3-1,location3,0.0,低风险,0.0,低风险,0.0,低风险,0.0,低风险,0.0,低风险,0.0,低风险
1039.0,3-4,location3,0.0,低风险,0.0,低风险,0.0,低风险,0.0,低风险,0.0,低风险,0.0,低风险
1040.0,3-1,location3,0.382,高风险,0.225,中风险,0.532,高风险,0.668,高风险,0.455,高风险,0.475,高风险
1042.0,3-1,location3,0.0,低风险,0.0,低风险,0.0,低风险,0.0,低风险,0.0,低风险,0.0,低风险
1043.0,3-1,location3,0.0,低风险,0.0,低风险,0.0,低风险,0.0,低风险,0.0,低风险,0.0,低风险
1043.0,3-4,location3,0.144,中风险,0.062,低风险,0.236,中风险,0.295,中风险,0.185,中风险,0.198,中风险
1046.0,3-1,location3,0.0,低风险,0.0,低风险,0.0,低风险,0.0,低风险,0.0,低风险,0.0,低风险
1046.0,3-3,location3,0.354,高风险,0.215,中风险,0.483,高风险,0.607,高风险,0.418,高风险,0.435,高风险
1046.0,3-4,location3,0.0,低风险,0.0,低风险,0.0,低风险,0.0,低风险,0.0,低风险,0.0,低风险
1048.0,3-3,location3,0.364,高风险,0.211,中风险,0.519,高风险,0.586,高风险,0.414,高风险,0.439,高风险
1049.0,3-3,location3,0.173,中风险,0.069,低风险,0.293,中风险,0.367,高风险,0.227,中风险,0.243,中风险
1050.0,3-1,location3,0.177,中风险,0.071,低风险,0.3,中风险,0.376,高风险,0.232,中风险,0.249,中风险
1050.0,3-3,location3,0.067,低风险,0.027,低风险,0.114,中风险,0.143,中风险,0.089,低风险,0.095,低风险
1050.0,3-4,location3,0.085,低风险,0.034,低风险,0.144,中风险,0.18,中风险,0.112,中风险,0.12,中风险
1051.0,3-4,location3,0.0,低风险,0.0,低风险,0.0,低风险,0.0,低风险,0.0,低风险,0.0,低风险
1052.0,3-1,location3,0.009,低风险,0.01,低风险,0.007,低风险,0.002,低风险,0.006,低风险,0.006,低风险
1053.0,3-1,location3,0.0,低风险,0.0,低风险,0.0,低风险,0.0,低风险,0.0,低风险,0.0,低风险
1053.0,3-3,location3,0.332,高风险,0.224,中风险,0.426,高风险,0.443,高风险,0.346,高风险,0.364,高风险
1053.0,3-4,location3,0.16,中风险,0.064,低风险,0.272,中风险,0.34,高风险,0.21,中风险,0.225,中风险
1054.0,3-3,location3,0.23,中风险,0.092,低风险,0.39,高风险,0.489,高风险,0.302,中风险,0.324,高风险
1056.0,3-1,location3,0.241,中风险,0.097,低风险,0.409,高风险,0.512,高风险,0.317,高风险,0.339,高风险
1056.0,3-3,location3,0.424,高风险,0.302,中风险,0.507,高风险,0.638,高风险,0.472,高风险,0.482,高风险
1057.0,3-1,location3,0.0,低风险,0.0,低风险,0.0,低风险,0.0,低风险,0.0,低风险,0.0,低风险
1058.0,3-1,location3,0.208,中风险,0.083,低风险,0.353,高风险,0.442,高风险,0.273,中风险,0.293,中风险
1058.0,3-4,location3,0.267,中风险,0.107,低风险,0.453,高风险,0.568,高风险,0.351,高风险,0.376,高风险
1059.0,3-3,location3,0.327,高风险,0.221,中风险,0.41,高风险,0.516,高风险,0.372,高风险,0.383,高风险
1060.0,3-1,location3,0.058,低风险,0.061,低风险,0.042,低风险,0.015,低风险,0.04,低风险,0.04,低风险
1061.0,3-1,location3,0.033,低风险,0.035,低风险,0.024,低风险,0.009,低风险,0.022,低风险,0.022,低风险
1061.0,3-3,location3,0.378,高风险,0.243,中风险,0.505,高风险,0.542,高风险,0.408,高风险,0.43,高风险
1062.0,3-1,location3,0.324,高风险,0.175,中风险,0.478,高风险,0.599,高风险,0.397,高风险,0.417,高风险
1063.0,3-1,location3,0.0,低风险,0.0,低风险,0.0,低风险,0.0,低风险,0.0,低风险,0.0,低风险
1064.0,3-3,location3,0.197,中风险,0.079,低风险,0.335,高风险,0.419,高风险,0.259,中风险,0.278,中风险
1065.0,3-3,location3,0.264,中风险,0.14,中风险,0.393,高风险,0.493,高风险,0.325,高风险,0.342,高风险
1065.0,3-4,location3,0.0,低风险,0.0,低风险,0.0,低风险,0.0,低风险,0.0,低风险,0.0,低风险
1067.0,3-3,location3,0.093,低风险,0.037,低风险,0.158,中风险,0.198,中风险,0.123,中风险,0.131,中风险
1067.0,3-4,location3,0.45,高风险,0.317,高风险,0.553,高风险,0.6,高风险,0.471,高风险,0.49,高风险
1068.0,3-3,location3,0.031,低风险,0.012,低风险,0.053,低风险,0.066,低风险,0.041,低风险,0.044,低风险
1069.0,3-3,location3,0.221,中风险,0.089,低风险,0.375,高风险,0.469,高风险,0.29,中风险,0.311,高风险
1070.0,3-1,location3,0.0,低风险,0.0,低风险,0.0,低风险,0.0,低风险,0.0,低风险,0.0,低风险
1070.0,3-4,location3,0.265,中风险,0.123,中风险,0.423,高风险,0.512,高风险,0.33,高风险,0.353,高风险
1071.0,3-1,location3,0.365,高风险,0.285,中风险,0.413,高风险,0.379,高风险,0.344,高风险,0.359,高风险
1072.0,3-4,location3,0.0,低风险,0.0,低风险,0.0,低风险,0.0,低风险,0.0,低风险,0.0,低风险
1073.0,3-4,location3,0.156,中风险,0.063,低风险,0.265,中风险,0.332,高风险,0.205,中风险,0.22,中风险
1074.0,3-1,location3,0.0,低风险,0.0,低风险,0.0,低风险,0.0,低风险,0.0,低风险,0.0,低风险
1075.0,3-1,location3,0.291,中风险,0.184,中风险,0.393,高风险,0.425,高风险,0.316,高风险,0.334,高风险
1075.0,3-3,location3,0.472,高风险,0.346,高风险,0.568,高风险,0.555,高风险,0.468,高风险,0.49,高风险
1076.0,3-4,location3,0.345,高风险,0.246,中风险,0.413,高风险,0.519,高风险,0.384,高风险,0.393,高风险
1077.0,3-1,location3,0.408,高风险,0.292,中风险,0.486,高风险,0.611,高风险,0.453,高风险,0.463,高风险
1077.0,3-4,location3,0.173,中风险,0.069,低风险,0.294,中风险,0.368,高风险,0.228,中风险,0.244,中风险
1078.0,3-3,location3,0.2,中风险,0.08,低风险,0.34,高风险,0.425,高风险,0.263,中风险,0.282,中风险
1079.0,3-3,location3,0.15,中风险,0.06,低风险,0.254,中风险,0.318,高风险,0.197,中风险,0.211,中风险
1080.0,3-1,location3,0.118,中风险,0.072,低风险,0.16,中风险,0.201,中风险,0.139,中风险,0.144,中风险
1080.0,3-4,location3,0.308,中风险,0.123,中风险,0.522,高风险,0.654,高风险,0.405,高风险,0.433,高风险
1081.0,3-1,location3,0.239,中风险,0.118,中风险,0.371,高风险,0.461,高风险,0.299,中风险,0.317,高风险
1081.0,3-3,location3,0.23,中风险,0.092,低风险,0.39,高风险,0.489,高风险,0.302,中风险,0.324,高风险
1081.0,3-4,location3,0.026,低风险,0.01,低风险,0.044,低风险,0.055,低风险,0.034,低风险,0.037,低风险
1082.0,3-1,location3,0.0,低风险,0.0,低风险,0.0,低风险,0.0,低风险,0.0,低风险,0.0,低风险
1082.0,3-3,location3,0.0,低风险,0.0,低风险,0.0,低风险,0.0,低风险,0.0,低风险,0.0,低风险
1082.0,3-4,location3,0.0,低风险,0.0,低风险,0.0,低风险,0.0,低风险,0.0,低风险,0.0,低风险
1083.0,3-4,location3,0.0,低风险,0.0,低风险,0.0,低风险,0.0,低风险,0.0,低风险,0.0,低风险
1084.0,3-1,location3,0.168,中风险,0.067,低风险,0.284,中风险,0.356,高风险,0.22,中风险,0.236,中风险
1085.0,3-1,location3,0.195,中风险,0.084,低风险,0.322,高风险,0.397,高风险,0.25,中风险,0.268,中风险
1085.0,3-4,location3,0.459,高风险,0.308,中风险,0.579,高风险,0.728,高风险,0.523,高风险,0.538,高风险
1087.0,3-1,location3,0.17,中风险,0.068,低风险,0.289,中风险,0.362,高风险,0.224,中风险,0.24,中风险
1087.0,3-4,location3,0.18,中风险,0.085,低风险,0.285,中风险,0.345,高风险,0.223,中风险,0.238,中风险
1088.0,3-1,location3,0.22,中风险,0.131,中风险,0.307,中风险,0.347,高风险,0.248,中风险,0.262,中风险
1088.0,3-4,location3,0.0,低风险,0.0,低风险,0.0,低风险,0.0,低风险,0.0,低风险,0.0,低风险
1089.0,3-1,location3,0.315,高风险,0.194,中风险,0.426,高风险,0.535,高风险,0.37,高风险,0.385,高风险
1089.0,3-3,location3,0.0,低风险,0.0,低风险,0.0,低风险,0.0,低风险,0.0,低风险,0.0,低风险
1090.0,3-3,location3,0.0,低风险,0.0,低风险,0.0,低风险,0.0,低风险,0.0,低风险,0.0,低风险
1090.0,3-4,location3,0.0,低风险,0.0,低风险,0.0,低风险,0.0,低风险,0.0,低风险,0.0,低风险
1093.0,3-1,location3,0.337,高风险,0.225,中风险,0.438,高风险,0.46,高风险,0.355,高风险,0.374,高风险
1094.0,3-3,location3,0.0,低风险,0.0,低风险,0.0,低风险,0.0,低风险,0.0,低风险,0.0,低风险
1095.0,3-1,location3,0.349,高风险,0.212,中风险,0.478,高风险,0.6,高风险,0.413,高风险,0.43,高风险
1095.0,3-3,location3,0.15,中风险,0.091,低风险,0.205,中风险,0.257,中风险,0.177,中风险,0.184,中风险
1096.0,3-3,location3,0.349,高风险,0.233,中风险,0.442,高风险,0.556,高风险,0.398,高风险,0.41,高风险
1097.0,3-3,location3,0.0,低风险,0.0,低风险,0.0,低风险,0.0,低风险,0.0,低风险,0.0,低风险
1097.0,3-4,location3,0.12,中风险,0.048,低风险,0.204,中风险,0.256,中风险,0.158,中风险,0.169,中风险
1098.0,3-4,location3,0.173,中风险,0.07,低风险,0.293,中风险,0.367,高风险,0.227,中风险,0.243,中风险
1099.0,3-3,location3,0.245,中风险,0.098,低风险,0.416,高风险,0.521,高风险,0.322,高风险,0.345,高风险
1099.0,3-4,location3,0.207,中风险,0.083,低风险,0.352,高风险,0.44,高风险,0.272,中风险,0.292,中风险
1100.0,3-3,location3,0.0,低风险,0.0,低风险,0.0,低风险,0.0,低风险,0.0,低风险,0.0,低风险
1101.0,3-4,location3,0.0,低风险,0.0,低风险,0.0,低风险,0.0,低风险,0.0,低风险,0.0,低风险
1102.0,3-3,location3,0.117,中风险,0.052,低风险,0.191,中风险,0.24,中风险,0.151,中风险,0.161,中风险
1102.0,3-4,location3,0.067,低风险,0.027,低风险,0.114,中风险,0.143,中风险,0.088,低风险,0.095,低风险
1103.0,3-4,location3,0.284,中风险,0.17,中风险,0.39,高风险,0.49,高风险,0.336,高风险,0.35,高风险
1106.0,3-3,location3,0.0,低风险,0.0,低风险,0.0,低风险,0.0,低风险,0.0,低风险,0.0,低风险
1107.0,3-3,location3,0.156,中风险,0.096,低风险,0.211,中风险,0.265,中风险,0.183,中风险,0.191,中风险
1108.0,3-4,location3,0.07,低风险,0.028,低风险,0.119,中风险,0.148,中风险,0.092,低风险,0.098,低风险
1109.0,3-4,location3,0.0,低风险,0.0,低风险,0.0,低风险,0.0,低风险,0.0,低风险,0.0,低风险
1116.0,3-3,location3,0.0,低风险,0.0,低风险,0.0,低风险,0.0,低风险,0.0,低风险,0.0,低风险
1117.0,3-3,location3,0.135,中风险,0.054,低风险,0.23,中风险,0.288,中风险,0.178,中风险,0.19,中风险
1117.0,3-4,location3,0.0,低风险,0.0,低风险,0.0,低风险,0.0,低风险,0.0,低风险,0.0,低风险
1118.0,3-3,location3,0.301,中风险,0.121,中风险,0.511,高风险,0.64,高风险,0.396,高风险,0.424,高风险
1119.0,3-4,location3,0.003,低风险,0.003,低风险,0.002,低风险,0.001,低风险,0.002,低风险,0.002,低风险
1120.0,3-3,location3,0.0,低风险,0.0,低风险,0.0,低风险,0.0,低风险,0.0,低风险,0.0,低风险
1121.0,3-3,location3,0.0,低风险,0.0,低风险,0.0,低风险,0.0,低风险,0.0,低风险,0.0,低风险
1121.0,3-4,location3,0.0,低风险,0.0,低风险,0.0,低风险,0.0,低风险,0.0,低风险,0.0,低风险
1122.0,3-3,location3,0.288,中风险,0.235,中风险,0.311,高风险,0.271,中风险,0.262,中风险,0.272,中风险
1122.0,3-4,location3,0.0,低风险,0.0,低风险,0.0,低风险,0.0,低风险,0.0,低风险,0.0,低风险
1123.0,3-3,location3,0.18,中风险,0.072,低风险,0.304,中风险,0.381,高风险,0.236,中风险,0.253,中风险
1123.0,3-4,location3,0.0,低风险,0.0,低风险,0.0,低风险,0.0,低风险,0.0,低风险,0.0,低风险
1124.0,3-4,location3,0.0,低风险,0.0,低风险,0.0,低风险,0.0,低风险,0.0,低风险,0.0,低风险
1125.0,3-4,location3,0.041,低风险,0.043,低风险,0.03,低风险,0.011,低风险,0.028,低风险,0.028,低风险
1126.0,3-3,location3,0.077,低风险,0.031,低风险,0.13,中风险,0.163,中风险,0.101,低风险,0.108,低风险
1127.0,3-3,location3,0.046,低风险,0.048,低风险,0.033,低风险,0.012,低风险,0.031,低风险,0.031,低风险
1127.0,3-4,location3,0.347,高风险,0.327,高风险,0.31,中风险,0.202,中风险,0.274,中风险,0.28,中风险
1128.0,3-3,location3,0.0,低风险,0.0,低风险,0.0,低风险,0.0,低风险,0.0,低风险,0.0,低风险
1128.0,3-4,location3,0.0,低风险,0.0,低风险,0.0,低风险,0.0,低风险,0.0,低风险,0.0,低风险
1129.0,3-4,location3,0.304,中风险,0.178,中风险,0.424,高风险,0.533,高风险,0.362,高风险,0.378,高风险
1131.0,3-3,location3,0.0,低风险,0.0,低风险,0.0,低风险,0.0,低风险,0.0,低风险,0.0,低风险
1132.0,3-3,location3,0.045,低风险,0.018,低风险,0.077,低风险,0.096,低风险,0.059,低风险,0.064,低风险
1132.0,3-4,location3,0.0,低风险,0.0,低风险,0.0,低风险,0.0,低风险,0.0,低风险,0.0,低风险
1133.0,3-3,location3,0.111,中风险,0.044,低风险,0.188,中风险,0.235,中风险,0.145,中风险,0.156,中风险
1133.0,3-4,location3,0.214,中风险,0.086,低风险,0.363,高风险,0.454,高风险,0.281,中风险,0.301,中风险
1134.0,3-4,location3,0.249,中风险,0.104,低风险,0.417,高风险,0.518,高风险,0.323,高风险,0.346,高风险
1135.0,3-4,location3,0.201,中风险,0.081,低风险,0.341,高风险,0.427,高风险,0.264,中风险,0.283,中风险
1136.0,3-3,location3,0.0,低风险,0.0,低风险,0.0,低风险,0.0,低风险,0.0,低风险,0.0,低风险
1137.0,3-4,location3,0.22,中风险,0.088,低风险,0.373,高风险,0.467,高风险,0.289,中风险,0.31,中风险
1138.0,3-3,location3,0.0,低风险,0.0,低风险,0.0,低风险,0.0,低风险,0.0,低风险,0.0,低风险
1138.0,3-4,location3,0.0,低风险,0.0,低风险,0.0,低风险,0.0,低风险,0.0,低风险,0.0,低风险
1139.0,3-4,location3,0.023,低风险,0.009,低风险,0.039,低风险,0.049,低风险,0.03,低风险,0.032,低风险
1140.0,3-4,location3,0.0,低风险,0.0,低风险,0.0,低风险,0.0,低风险,0.0,低风险,0.0,低风险
1141.0,3-3,location3,0.303,中风险,0.121,中风险,0.513,高风险,0.643,高风险,0.397,高风险,0.426,高风险
1141.0,3-4,location3,0.0,低风险,0.0,低风险,0.0,低风险,0.0,低风险,0.0,低风险,0.0,低风险
1142.0,3-3,location3,0.152,中风险,0.16,中风险,0.11,中风险,0.04,低风险,0.103,低风险,0.103,低风险
1144.0,3-3,location3,0.319,高风险,0.17,中风险,0.474,高风险,0.595,高风险,0.392,高风险,0.413,高风险
1149.0,3-3,location3,0.17,中风险,0.088,低风险,0.258,中风险,0.324,高风险,0.211,中风险,0.223,中风险
1151.0,3-3,location3,0.0,低风险,0.0,低风险,0.0,低风险,0.0,低风险,0.0,低风险,0.0,低风险
1152.0,3-4,location3,0.199,中风险,0.08,低风险,0.337,高风险,0.422,高风险,0.261,中风险,0.279,中风险
1153.0,3-3,location3,0.076,低风险,0.03,低风险,0.128,中风险,0.161,中风险,0.099,低风险,0.106,低风险
1153.0,3-4,location3,0.148,中风险,0.114,中风险,0.164,中风险,0.207,中风险,0.16,中风险,0.162,中风险
1154.0,3-3,location3,0.0,低风险,0.0,低风险,0.0,低风险,0.0,低风险,0.0,低风险,0.0,低风险
1154.0,3-4,location3,0.0,低风险,0.0,低风险,0.0,低风险,0.0,低风险,0.0,低风险,0.0,低风险
1155.0,3-3,location3,0.297,中风险,0.223,中风险,0.349,高风险,0.335,高风险,0.289,中风险,0.302,中风险
1155.0,3-4,location3,0.0,低风险,0.0,低风险,0.0,低风险,0.0,低风险,0.0,低风险,0.0,低风险
1156.0,3-3,location3,0.248,中风险,0.099,低风险,0.421,高风险,0.527,高风险,0.326,高风险,0.349,高风险
1158.0,3-4,location3,0.0,低风险,0.0,低风险,0.0,低风险,0.0,低风险,0.0,低风险,0.0,低风险
1159.0,3-4,location3,0.0,低风险,0.0,低风险,0.0,低风险,0.0,低风险,0.0,低风险,0.0,低风险
1160.0,3-3,location3,0.168,中风险,0.067,低风险,0.284,中风险,0.356,高风险,0.22,中风险,0.236,中风险
1160.0,3-4,location3,0.15,中风险,0.158,中风险,0.109,低风险,0.039,低风险,0.102,低风险,0.102,低风险
1161.0,3-3,location3,0.113,中风险,0.119,中风险,0.082,低风险,0.03,低风险,0.077,低风险,0.077,低风险
1161.0,3-4,location3,0.249,中风险,0.1,低风险,0.422,高风险,0.529,高风险,0.327,高风险,0.35,高风险
1162.0,3-3,location3,0.181,中风险,0.093,低风险,0.275,中风险,0.345,高风险,0.225,中风险,0.238,中风险
1163.0,3-4,location3,0.453,高风险,0.305,中风险,0.57,高风险,0.714,高风险,0.515,高风险,0.53,高风险
1164.0,3-3,location3,0.411,高风险,0.253,中风险,0.557,高风险,0.699,高风险,0.484,高风险,0.503,高风险
1164.0,3-4,location3,0.105,低风险,0.042,低风险,0.178,中风险,0.223,中风险,0.138,中风险,0.147,中风险
1165.0,3-3,location3,0.0,低风险,0.0,低风险,0.0,低风险,0.0,低风险,0.0,低风险,0.0,低风险
1166.0,3-3,location3,0.147,中风险,0.059,低风险,0.249,中风险,0.312,高风险,0.193,中风险,0.207,中风险
1166.0,3-4,location3,0.089,低风险,0.093,低风险,0.064,低风险,0.023,低风险,0.06,低风险,0.06,低风险
1167.0,3-3,location3,0.177,中风险,0.071,低风险,0.3,中风险,0.376,高风险,0.232,中风险,0.249,中风险
1167.0,3-4,location3,0.241,中风险,0.096,低风险,0.408,高风险,0.511,高风险,0.316,高风险,0.339,高风险
1168.0,3-4,location3,0.151,中风险,0.06,低风险,0.255,中风险,0.32,高风险,0.198,中风险,0.212,中风险
1169.0,3-3,location3,0.0,低风险,0.0,低风险,0.0,低风险,0.0,低风险,0.0,低风险,0.0,低风险
1170.0,3-3,location3,0.261,中风险,0.17,中风险,0.345,高风险,0.368,高风险,0.279,中风险,0.294,中风险
1170.0,3-4,location3,0.079,低风险,0.031,低风险,0.133,中风险,0.167,中风险,0.103,低风险,0.11,中风险
1171.0,3-3,location3,0.212,中风险,0.087,低风险,0.356,高风险,0.444,高风险,0.276,中风险,0.296,中风险
1173.0,3-3,location3,0.205,中风险,0.111,中风险,0.305,中风险,0.353,高风险,0.241,中风险,0.257,中风险
1173.0,3-4,location3,0.0,低风险,0.0,低风险,0.0,低风险,0.0,低风险,0.0,低风险,0.0,低风险
1174.0,3-3,location3,0.0,低风险,0.0,低风险,0.0,低风险,0.0,低风险,0.0,低风险,0.0,低风险
1174.0,3-4,location3,0.221,中风险,0.118,中风险,0.327,高风险,0.411,高风险,0.271,中风险,0.285,中风险
1175.0,3-4,location3,0.363,高风险,0.215,中风险,0.513,高风险,0.574,高风险,0.41,高风险,0.434,高风险
1176.0,3-3,location3,0.355,高风险,0.217,中风险,0.482,高风险,0.605,高风险,0.418,高风险,0.435,高风险
1176.0,3-4,location3,0.251,中风险,0.101,低风险,0.426,高风险,0.533,高风险,0.33,高风险,0.353,高风险
1177.0,3-3,location3,0.289,中风险,0.116,中风险,0.489,高风险,0.613,高风险,0.379,高风险,0.406,高风险
1178.0,3-4,location3,0.283,中风险,0.143,中风险,0.435,高风险,0.516,高风险,0.343,高风险,0.365,高风险
1179.0,3-3,location3,0.167,中风险,0.067,低风险,0.284,中风险,0.355,高风险,0.22,中风险,0.235,中风险
1179.0,3-4,location3,0.361,高风险,0.306,中风险,0.369,高风险,0.327,高风险,0.325,高风险,0.334,高风险
1180.0,3-3,location3,0.136,中风险,0.055,低风险,0.231,中风险,0.29,中风险,0.179,中风险,0.192,中风险
1181.0,3-3,location3,0.21,中风险,0.084,低风险,0.355,高风险,0.445,高风险,0.275,中风险,0.295,中风险
1181.0,3-4,location3,0.242,中风险,0.128,中风险,0.36,高风险,0.451,高风险,0.297,中风险,0.313,高风险
1182.0,3-3,location3,0.263,中风险,0.164,中风险,0.359,高风险,0.391,高风险,0.288,中风险,0.304,中风险
1182.0,3-4,location3,0.037,低风险,0.015,低风险,0.063,低风险,0.078,低风险,0.048,低风险,0.052,低风险
1183.0,3-3,location3,0.162,中风险,0.097,低风险,0.225,中风险,0.263,中风险,0.185,中风险,0.195,中风险
1183.0,3-4,location3,0.0,低风险,0.0,低风险,0.0,低风险,0.0,低风险,0.0,低风险,0.0,低风险
1184.0,3-4,location3,0.429,高风险,0.338,高风险,0.47,高风险,0.519,高风险,0.433,高风险,0.442,高风险
1185.0,3-3,location3,0.0,低风险,0.0,低风险,0.0,低风险,0.0,低风险,0.0,低风险,0.0,低风险
1185.0,3-4,location3,0.19,中风险,0.076,低风险,0.322,高风险,0.403,高风险,0.249,中风险,0.267,中风险
1189.0,3-4,location3,0.231,中风险,0.092,低风险,0.391,高风险,0.49,高风险,0.303,中风险,0.325,高风险
1190.0,3-3,location3,0.317,高风险,0.216,中风险,0.395,高风险,0.497,高风险,0.359,高风险,0.369,高风险
1190.0,3-4,location3,0.166,中风险,0.081,低风险,0.258,中风险,0.323,高风险,0.208,中风险,0.221,中风险
1191.0,3-3,location3,0.098,低风险,0.078,低风险,0.108,低风险,0.097,低风险,0.091,低风险,0.095,低风险
1191.0,3-4,location3,0.188,中风险,0.078,低风险,0.314,高风险,0.39,高风险,0.244,中风险,0.261,中风险
1192.0,3-4,location3,0.0,低风险,0.0,低风险,0.0,低风险,0.0,低风险,0.0,低风险,0.0,低风险
1193.0,3-3,location3,0.259,中风险,0.143,中风险,0.378,高风险,0.474,高风险,0.316,高风险,0.332,高风险
1193.0,3-4,location3,0.195,中风险,0.078,低风险,0.33,高风险,0.414,高风险,0.256,中风险,0.274,中风险
1194.0,3-3,location3,0.159,中风险,0.064,低风险,0.269,中风险,0.337,高风险,0.209,中风险,0.224,中风险
1194.0,3-4,location3,0.25,中风险,0.1,低风险,0.424,高风险,0.531,高风险,0.329,高风险,0.352,高风险
1195.0,3-4,location3,0.21,中风险,0.084,低风险,0.356,高风险,0.446,高风险,0.276,中风险,0.295,中风险
1196.0,3-3,location3,0.35,高风险,0.309,中风险,0.342,高风险,0.26,中风险,0.295,中风险,0.304,中风险
1196.0,3-4,location3,0.147,中风险,0.059,低风险,0.25,中风险,0.313,高风险,0.194,中风险,0.207,中风险
1198.0,3-3,location3,0.117,中风险,0.062,低风险,0.174,中风险,0.218,中风险,0.144,中风险,0.151,中风险
1198.0,3-4,location3,0.279,中风险,0.23,中风险,0.296,中风险,0.253,中风险,0.251,中风险,0.26,中风险
1199.0,3-3,location3,0.0,低风险,0.0,低风险,0.0,低风险,0.0,低风险,0.0,低风险,0.0,低风险
1201.0,3-4,location3,0.108,低风险,0.114,中风险,0.079,低风险,0.028,低风险,0.074,低风险,0.074,低风险
1202.0,3-3,location3,0.768,高风险,0.636,高风险,0.793,高风险,0.87,高风险,0.757,高风险,0.766,高风险
1202.0,3-4,location3,0.0,低风险,0.0,低风险,0.0,低风险,0.0,低风险,0.0,低风险,0.0,低风险
1203.0,3-4,location3,0.0,低风险,0.0,低风险,0.0,低风险,0.0,低风险,0.0,低风险,0.0,低风险
1204.0,3-4,location3,0.392,高风险,0.228,中风险,0.552,高风险,0.692,高风险,0.47,高风险,0.491,高风险
1208.0,3-4,location3,0.0,低风险,0.0,低风险,0.0,低风险,0.0,低风险,0.0,低风险,0.0,低风险
1209.0,3-4,location3,0.0,低风险,0.0,低风险,0.0,低风险,0.0,低风险,0.0,低风险,0.0,低风险
1210.0,3-4,location3,0.0,低风险,0.0,低风险,0.0,低风险,0.0,低风险,0.0,低风险,0.0,低风险
1211.0,3-3,location3,0.022,低风险,0.023,低风险,0.016,低风险,0.006,低风险,0.015,低风险,0.015,低风险
1211.0,3-4,location3,0.078,低风险,0.031,低风险,0.132,中风险,0.165,中风险,0.102,低风险,0.109,低风险
1212.0,3-4,location3,0.238,中风险,0.095,低风险,0.403,高风险,0.505,高风险,0.312,高风险,0.334,高风险
1213.0,3-3,location3,0.181,中风险,0.073,低风险,0.308,中风险,0.385,高风险,0.238,中风险,0.255,中风险
1214.0,3-3,location3,0.383,高风险,0.281,中风险,0.446,高风险,0.561,高风险,0.422,高风险,0.43,高风险
1214.0,3-4,location3,0.237,中风险,0.095,低风险,0.401,高风险,0.503,高风险,0.311,高风险,0.333,高风险
1215.0,3-3,location3,0.242,中风险,0.097,低风险,0.41,高风险,0.513,高风险,0.317,高风险,0.34,高风险
1215.0,3-4,location3,0.398,高风险,0.261,中风险,0.512,高风险,0.643,高风险,0.457,高风险,0.472,高风险
1216.0,3-3,location3,0.448,高风险,0.33,高风险,0.519,高风险,0.651,高风险,0.491,高风险,0.5,高风险
1216.0,3-4,location3,0.236,中风险,0.095,低风险,0.401,高风险,0.502,高风险,0.31,高风险,0.332,高风险
1217.0,3-4,location3,0.178,中风险,0.071,低风险,0.301,中风险,0.377,高风险,0.233,中风险,0.25,中风险
1218.0,3-3,location3,0.174,中风险,0.087,低风险,0.268,中风险,0.336,高风险,0.218,中风险,0.23,中风险
1218.0,3-4,location3,0.217,中风险,0.087,低风险,0.369,高风险,0.462,高风险,0.286,中风险,0.306,中风险
1220.0,3-3,location3,0.272,中风险,0.109,低风险,0.462,高风险,0.578,高风险,0.358,高风险,0.383,高风险
1221.0,3-4,location3,0.357,高风险,0.24,中风险,0.461,高风险,0.489,高风险,0.378,高风险,0.397,高风险
1222.0,3-3,location3,0.401,高风险,0.343,高风险,0.392,高风险,0.457,高风险,0.397,高风险,0.397,高风险
1223.0,3-4,location3,0.0,低风险,0.0,低风险,0.0,低风险,0.0,低风险,0.0,低风险,0.0,低风险
1224.0,3-4,location3,0.354,高风险,0.199,中风险,0.51,高风险,0.64,高风险,0.429,高风险,0.449,高风险
1225.0,3-4,location3,0.002,低风险,0.002,低风险,0.001,低风险,0.0,低风险,0.001,低风险,0.001,低风险
1226.0,3-4,location3,0.258,中风险,0.185,中风险,0.316,高风险,0.314,高风险,0.259,中风险,0.272,中风险
1227.0,3-3,location3,0.139,中风险,0.056,低风险,0.236,中风险,0.296,中风险,0.183,中风险,0.196,中风险
1227.0,3-4,location3,0.146,中风险,0.059,低风险,0.248,中风险,0.311,高风险,0.192,中风险,0.206,中风险
1228.0,3-3,location3,0.0,低风险,0.0,低风险,0.0,低风险,0.0,低风险,0.0,低风险,0.0,低风险
1228.0,3-4,location3,0.0,低风险,0.0,低风险,0.0,低风险,0.0,低风险,0.0,低风险,0.0,低风险
1230.0,3-3,location3,0.383,高风险,0.25,中风险,0.506,高风险,0.539,高风险,0.409,高风险,0.432,高风险
1230.0,3-4,location3,0.0,低风险,0.0,低风险,0.0,低风险,0.0,低风险,0.0,低风险,0.0,低风险
1232.0,3-4,location3,0.218,中风险,0.087,低风险,0.369,高风险,0.463,高风险,0.286,中风险,0.306,中风险
1233.0,3-4,location3,0.529,高风险,0.441,高风险,0.548,高风险,0.53,高风险,0.495,高风险,0.506,高风险
1234.0,3-3,location3,0.317,高风险,0.127,中风险,0.538,高风险,0.673,高风险,0.416,高风险,0.446,高风险
1234.0,3-4,location3,0.152,中风险,0.061,低风险,0.259,中风险,0.324,高风险,0.2,中风险,0.214,中风险
1235.0,3-4,location3,0.266,中风险,0.107,低风险,0.451,高风险,0.565,高风险,0.349,高风险,0.374,高风险
1236.0,3-4,location3,0.318,高风险,0.207,中风险,0.411,高风险,0.517,高风险,0.366,高风险,0.378,高风险
1237.0,3-4,location3,0.138,中风险,0.055,低风险,0.233,中风险,0.292,中风险,0.181,中风险,0.194,中风险
1239.0,3-4,location3,0.291,中风险,0.152,中风险,0.44,高风险,0.516,高风险,0.347,高风险,0.369,高风险
1241.0,3-4,location3,0.225,中风险,0.09,低风险,0.382,高风险,0.478,高风险,0.296,中风险,0.317,高风险
1244.0,3-4,location3,0.093,低风险,0.037,低风险,0.158,中风险,0.198,中风险,0.123,中风险,0.131,中风险
1246.0,3-4,location3,0.035,低风险,0.016,低风险,0.057,低风险,0.072,低风险,0.045,低风险,0.048,低风险
1247.0,3-4,location3,0.0,低风险,0.0,低风险,0.0,低风险,0.0,低风险,0.0,低风险,0.0,低风险
1248.0,3-4,location3,0.049,低风险,0.052,低风险,0.036,低风险,0.013,低风险,0.034,低风险,0.034,低风险
1249.0,3-4,location3,0.0,低风险,0.0,低风险,0.0,低风险,0.0,低风险,0.0,低风险,0.0,低风险
1250.0,3-4,location3,0.054,低风险,0.022,低风险,0.092,低风险,0.115,中风险,0.071,低风险,0.076,低风险
1251.0,3-4,location3,0.24,中风险,0.096,低风险,0.407,高风险,0.51,高风险,0.315,高风险,0.338,高风险
1252.0,3-4,location3,0.02,低风险,0.008,低风险,0.033,低风险,0.042,低风险,0.026,低风险,0.028,低风险
1258.0,3-3,location3,0.578,高风险,0.397,高风险,0.715,高风险,0.899,高风险,0.653,高风险,0.67,高风险
1259.0,3-3,location3,0.069,低风险,0.028,低风险,0.118,中风险,0.147,中风险,0.091,低风险,0.098,低风险
1263.0,3-3,location3,0.213,中风险,0.086,低风险,0.362,高风险,0.453,高风险,0.28,中风险,0.3,中风险
1264.0,3-3,location3,0.0,低风险,0.0,低风险,0.0,低风险,0.0,低风险,0.0,低风险,0.0,低风险
1266.0,3-3,location3,0.0,低风险,0.0,低风险,0.0,低风险,0.0,低风险,0.0,低风险,0.0,低风险
1267.0,3-3,location3,0.341,高风险,0.137,中风险,0.578,高风险,0.724,高风险,0.448,高风险,0.48,高风险
1270.0,3-3,location3,0.0,低风险,0.0,低风险,0.0,低风险,0.0,低风险,0.0,低风险,0.0,低风险
1271.0,3-3,location3,0.118,中风险,0.047,低风险,0.2,中风险,0.25,中风险,0.155,中风险,0.166,中风险
1272.0,3-3,location3,0.159,中风险,0.064,低风险,0.27,中风险,0.338,高风险,0.209,中风险,0.224,中风险
1274.0,3-3,location3,0.0,低风险,0.0,低风险,0.0,低风险,0.0,低风险,0.0,低风险,0.0,低风险
1275.0,3-3,location3,0.0,低风险,0.0,低风险,0.0,低风险,0.0,低风险,0.0,低风险,0.0,低风险
1276.0,3-3,location3,0.101,低风险,0.106,低风险,0.073,低风险,0.026,低风险,0.069,低风险,0.069,低风险
1277.0,3-3,location3,0.14,中风险,0.056,低风险,0.238,中风险,0.297,中风险,0.184,中风险,0.197,中风险
1279.0,3-3,location3,0.272,中风险,0.109,低风险,0.462,高风险,0.578,高风险,0.358,高风险,0.383,高风险
1280.0,3-3,location3,0.164,中风险,0.066,低风险,0.278,中风险,0.348,高风险,0.215,中风险,0.231,中风险
1282.0,3-3,location3,0.274,中风险,0.164,中风险,0.383,高风险,0.425,高风险,0.306,中风险,0.324,高风险
1283.0,3-3,location3,0.0,低风险,0.0,低风险,0.0,低风险,0.0,低风险,0.0,低风险,0.0,低风险
1285.0,3-3,location3,0.0,低风险,0.0,低风险,0.0,低风险,0.0,低风险,0.0,低风险,0.0,低风险
1286.0,3-3,location3,0.367,高风险,0.235,中风险,0.492,高风险,0.529,高风险,0.397,高风险,0.419,高风险
1289.0,3-3,location3,0.504,高风险,0.374,高风险,0.593,高风险,0.617,高风险,0.509,高风险,0.528,高风险
1291.0,3-3,location3,0.0,低风险,0.0,低风险,0.0,低风险,0.0,低风险,0.0,低风险,0.0,低风险
1293.0,3-3,location3,0.304,中风险,0.122,中风险,0.515,高风险,0.645,高风险,0.399,高风险,0.427,高风险
1296.0,3-3,location3,0.125,中风险,0.05,低风险,0.212,中风险,0.265,中风险,0.164,中风险,0.176,中风险
1298.0,3-3,location3,0.068,低风险,0.027,低风险,0.115,中风险,0.144,中风险,0.089,低风险,0.096,低风险
1299.0,3-3,location3,0.144,中风险,0.152,中风险,0.105,低风险,0.038,低风险,0.098,低风险,0.098,低风险
1302.0,3-3,location3,0.276,中风险,0.157,中风险,0.393,高风险,0.493,高风险,0.332,高风险,0.348,高风险
1307.0,3-3,location3,0.351,高风险,0.212,中风险,0.489,高风险,0.542,高风险,0.392,高风险,0.415,高风险
1309.0,3-3,location3,0.001,低风险,0.001,低风险,0.001,低风险,0.0,低风险,0.001,低风险,0.001,低风险
1312.0,3-3,location3,0.0,低风险,0.0,低风险,0.0,低风险,0.0,低风险,0.0,低风险,0.0,低风险
1317.0,3-3,location3,0.096,低风险,0.038,低风险,0.163,中风险,0.204,中风险,0.126,中风险,0.135,中风险
1318.0,3-3,location3,0.08,低风险,0.032,低风险,0.136,中风险,0.17,中风险,0.105,低风险,0.113,中风险
1322.0,3-3,location3,0.073,低风险,0.03,低风险,0.123,中风险,0.154,中风险,0.096,低风险,0.102,低风险
1323.0,3-3,location3,0.02,低风险,0.021,低风险,0.014,低风险,0.005,低风险,0.013,低风险,0.013,低风险
1326.0,3-3,location3,0.056,低风险,0.059,低风险,0.041,低风险,0.015,低风险,0.038,低风险,0.038,低风险
1327.0,3-3,location3,0.175,中风险,0.135,中风险,0.191,中风险,0.241,中风险,0.187,中风险,0.189,中风险
1328.0,3-3,location3,0.274,中风险,0.149,中风险,0.401,高风险,0.503,高风险,0.334,高风险,0.351,高风险
1332.0,3-3,location3,0.231,中风险,0.093,低风险,0.392,高风险,0.491,高风险,0.303,中风险,0.325,高风险
1334.0,3-3,location3,0.125,中风险,0.132,中风险,0.091,低风险,0.033,低风险,0.085,低风险,0.085,低风险
1335.0,3-3,location3,0.0,低风险,0.0,低风险,0.0,低风险,0.0,低风险,0.0,低风险,0.0,低风险
1344.0,3-3,location3,0.073,低风险,0.077,低风险,0.053,低风险,0.019,低风险,0.05,低风险,0.05,低风险
1349.0,3-3,location3,0.034,低风险,0.035,低风险,0.024,低风险,0.009,低风险,0.023,低风险,0.023,低风险
1352.0,3-3,location3,0.122,中风险,0.049,低风险,0.207,中风险,0.259,中风险,0.16,中风险,0.172,中风险
1353.0,3-3,location3,0.364,高风险,0.244,中风险,0.459,高风险,0.577,高风险,0.415,高风险,0.427,高风险
1354.0,3-3,location3,0.0,低风险,0.0,低风险,0.0,低风险,0.0,低风险,0.0,低风险,0.0,低风险
1355.0,3-3,location3,0.252,中风险,0.147,中风险,0.352,高风险,0.442,高风险,0.301,中风险,0.314,高风险
1358.0,3-3,location3,0.109,低风险,0.044,低风险,0.185,中风险,0.232,中风险,0.143,中风险,0.154,中风险
1359.0,3-3,location3,0.0,低风险,0.0,低风险,0.0,低风险,0.0,低风险,0.0,低风险,0.0,低风险
1361.0,3-3,location3,0.142,中风险,0.057,低风险,0.241,中风险,0.301,中风险,0.186,中风险,0.2,中风险
1362.0,3-3,location3,0.31,中风险,0.307,中风险,0.252,中风险,0.134,中风险,0.229,中风险,0.231,中风险
1368.0,3-3,location3,0.086,低风险,0.037,低风险,0.142,中风险,0.178,中风险,0.111,中风险,0.119,中风险
1380.0,3-3,location3,0.005,低风险,0.005,低风险,0.003,低风险,0.001,低风险,0.003,低风险,0.003,低风险
1381.0,3-3,location3,0.062,低风险,0.025,低风险,0.106,低风险,0.132,中风险,0.082,低风险,0.088,低风险
1382.0,3-3,location3,0.059,低风险,0.024,低风险,0.1,低风险,0.125,中风险,0.077,低风险,0.083,低风险
1383.0,3-3,location3,0.045,低风险,0.018,低风险,0.077,低风险,0.097,低风险,0.06,低风险,0.064,低风险
1384.0,3-3,location3,0.0,低风险,0.0,低风险,0.0,低风险,0.0,低风险,0.0,低风险,0.0,低风险
1385.0,3-3,location3,0.411,高风险,0.277,中风险,0.529,高风险,0.551,高风险,0.43,高风险,0.453,高风险
1386.0,3-3,location3,0.334,高风险,0.202,中风险,0.456,高风险,0.573,高风险,0.394,高风险,0.411,高风险
1389.0,3-3,location3,0.235,中风险,0.094,低风险,0.399,高风险,0.499,高风险,0.309,中风险,0.331,高风险
1391.0,3-3,location3,0.107,低风险,0.112,中风险,0.078,低风险,0.028,低风险,0.073,低风险,0.073,低风险
1392.0,3-3,location3,0.231,中风险,0.129,中风险,0.336,高风险,0.384,高风险,0.267,中风险,0.283,中风险
1393.0,3-3,location3,0.035,低风险,0.037,低风险,0.025,低风险,0.009,低风险,0.024,低风险,0.024,低风险
1394.0,3-3,location3,0.0,低风险,0.0,低风险,0.0,低风险,0.0,低风险,0.0,低风险,0.0,低风险
1395.0,3-3,location3,0.052,低风险,0.021,低风险,0.088,低风险,0.11,中风险,0.068,低风险,0.073,低风险
1397.0,3-3,location3,0.374,高风险,0.27,中风险,0.442,高风险,0.556,高风险,0.414,高风险,0.423,高风险
1398.0,3-3,location3,0.216,中风险,0.087,低风险,0.366,高风险,0.459,高风险,0.284,中风险,0.304,中风险
1399.0,3-3,location3,0.165,中风险,0.066,低风险,0.28,中风险,0.35,高风险,0.217,中风险,0.232,中风险
1403.0,3-3,location3,0.187,中风险,0.09,低风险,0.293,中风险,0.367,高风险,0.236,中风险,0.25,中风险
1404.0,3-3,location3,0.43,高风险,0.304,中风险,0.519,高风险,0.653,高风险,0.481,高风险,0.492,高风险
1406.0,3-3,location3,0.242,中风险,0.097,低风险,0.41,高风险,0.513,高风险,0.317,高风险,0.34,高风险
1408.0,3-3,location3,0.3,中风险,0.12,中风险,0.509,高风险,0.638,高风险,0.395,高风险,0.423,高风险
1409.0,3-3,location3,0.199,中风险,0.08,低风险,0.337,高风险,0.422,高风险,0.261,中风险,0.28,中风险
1410.0,3-3,location3,0.142,中风险,0.057,低风险,0.24,中风险,0.301,中风险,0.186,中风险,0.199,中风险
1415.0,3-3,location3,0.136,中风险,0.054,低风险,0.23,中风险,0.288,中风险,0.178,中风险,0.191,中风险
1417.0,3-3,location3,0.168,中风险,0.067,低风险,0.285,中风险,0.357,高风险,0.221,中风险,0.237,中风险
1418.0,3-3,location3,0.48,高风险,0.357,高风险,0.568,高风险,0.548,高风险,0.47,高风险,0.491,高风险
1420.0,3-3,location3,0.312,高风险,0.186,中风险,0.439,高风险,0.49,高风险,0.351,高风险,0.372,高风险
1423.0,3-3,location3,0.203,中风险,0.081,低风险,0.343,高风险,0.43,高风险,0.266,中风险,0.285,中风险
1426.0,3-3,location3,0.16,中风险,0.064,低风险,0.271,中风险,0.34,高风险,0.21,中风险,0.225,中风险
1427.0,3-3,location3,0.254,中风险,0.147,中风险,0.364,高风险,0.411,高风险,0.29,中风险,0.307,中风险
1428.0,3-3,location3,0.242,中风险,0.097,低风险,0.41,高风险,0.514,高风险,0.318,高风险,0.34,高风险
1430.0,3-3,location3,0.158,中风险,0.063,低风险,0.268,中风险,0.336,高风险,0.208,中风险,0.222,中风险
1433.0,3-3,location3,0.0,低风险,0.0,低风险,0.0,低风险,0.0,低风险,0.0,低风险,0.0,低风险
1436.0,3-3,location3,0.22,中风险,0.088,低风险,0.374,高风险,0.468,高风险,0.289,中风险,0.31,高风险
1438.0,3-3,location3,0.0,低风险,0.0,低风险,0.0,低风险,0.0,低风险,0.0,低风险,0.0,低风险
1439.0,3-3,location3,0.194,中风险,0.078,低风险,0.329,高风险,0.412,高风险,0.255,中风险,0.273,中风险
1441.0,3-3,location3,0.248,中风险,0.099,低风险,0.42,高风险,0.526,高风险,0.325,高风险,0.348,高风险
1443.0,3-3,location3,0.0,低风险,0.0,低风险,0.0,低风险,0.0,低风险,0.0,低风险,0.0,低风险
1446.0,3-3,location3,0.0,低风险,0.0,低风险,0.0,低风险,0.0,低风险,0.0,低风险,0.0,低风险
1448.0,3-3,location3,0.227,中风险,0.126,中风险,0.333,高风险,0.382,高风险,0.264,中风险,0.28,中风险
1449.0,3-3,location3,0.23,中风险,0.092,低风险,0.39,高风险,0.489,高风险,0.302,中风险,0.324,高风险
1450.0,3-3,location3,0.21,中风险,0.084,低风险,0.355,高风险,0.445,高风险,0.275,中风险,0.295,中风险
1453.0,3-3,location3,0.13,中风险,0.052,低风险,0.22,中风险,0.275,中风险,0.17,中风险,0.182,中风险
1454.0,3-3,location3,0.421,高风险,0.275,中风险,0.556,高风险,0.59,高风险,0.449,高风险,0.474,高风险
1455.0,3-3,location3,0.209,中风险,0.124,中风险,0.291,中风险,0.365,高风险,0.249,中风险,0.26,中风险
1456.0,3-3,location3,0.226,中风险,0.091,低风险,0.383,高风险,0.48,高风险,0.297,中风险,0.318,高风险
1458.0,3-3,location3,0.514,高风险,0.388,高风险,0.589,高风险,0.668,高风险,0.535,高风险,0.548,高风险
1460.0,3-3,location3,0.096,低风险,0.038,低风险,0.162,中风险,0.203,中风险,0.126,中风险,0.135,中风险
1461.0,3-3,location3,0.297,中风险,0.209,中风险,0.358,高风险,0.451,高风险,0.332,高风险,0.339,高风险
1462.0,3-3,location3,0.254,中风险,0.102,低风险,0.431,高风险,0.54,高风险,0.334,高风险,0.357,高风险
1467.0,3-3,location3,0.134,中风险,0.054,低风险,0.227,中风险,0.285,中风险,0.176,中风险,0.189,中风险
1470.0,3-3,location3,0.379,高风险,0.316,高风险,0.399,高风险,0.336,高风险,0.338,高风险,0.35,高风险
1473.0,3-3,location3,0.185,中风险,0.194,中风险,0.134,中风险,0.048,低风险,0.125,中风险,0.126,中风险
1474.0,3-3,location3,0.273,中风险,0.121,中风险,0.446,高风险,0.547,高风险,0.347,高风险,0.371,高风险
1479.0,3-3,location3,0.127,中风险,0.057,低风险,0.207,中风险,0.253,中风险,0.161,中风险,0.172,中风险
1482.0,3-3,location3,0.0,低风险,0.0,低风险,0.0,低风险,0.0,低风险,0.0,低风险,0.0,低风险
1483.0,3-3,location3,0.231,中风险,0.099,低风险,0.38,高风险,0.476,高风险,0.299,中风险,0.319,高风险
1484.0,3-3,location3,0.228,中风险,0.186,中风险,0.242,中风险,0.245,中风险,0.219,中风险,0.224,中风险
1485.0,3-3,location3,0.138,中风险,0.055,低风险,0.234,中风险,0.292,中风险,0.181,中风险,0.194,中风险
1486.0,3-3,location3,0.0,低风险,0.0,低风险,0.0,低风险,0.0,低风险,0.0,低风险,0.0,低风险
1490.0,3-3,location3,0.275,中风险,0.11,中风险,0.467,高风险,0.585,高风险,0.362,高风险,0.387,高风险
1491.0,3-3,location3,0.339,高风险,0.225,中风险,0.434,高风险,0.531,高风险,0.383,高风险,0.397,高风险
1496.0,3-3,location3,0.255,中风险,0.175,中风险,0.317,高风险,0.399,高风险,0.289,中风险,0.297,中风险
1497.0,3-3,location3,0.0,低风险,0.0,低风险,0.0,低风险,0.0,低风险,0.0,低风险,0.0,低风险
1498.0,3-3,location3,0.0,低风险,0.0,低风险,0.0,低风险,0.0,低风险,0.0,低风险,0.0,低风险
1499.0,3-3,location3,0.176,中风险,0.07,低风险,0.298,中风险,0.373,高风险,0.231,中风险,0.247,中风险
1507.0,3-3,location3,0.126,中风险,0.133,中风险,0.092,低风险,0.033,低风险,0.086,低风险,0.086,低风险
1508.0,3-3,location3,0.035,低风险,0.037,低风险,0.026,低风险,0.009,低风险,0.024,低风险,0.024,低风险
1513.0,3-3,location3,0.096,低风险,0.042,低风险,0.157,中风险,0.197,中风险,0.124,中风险,0.132,中风险
1516.0,3-3,location3,0.356,高风险,0.156,中风险,0.582,高风险,0.729,高风险,0.459,高风险,0.489,高风险
1517.0,3-3,location3,0.36,高风险,0.245,中风险,0.45,高风险,0.565,高风险,0.409,高风险,0.42,高风险
1518.0,3-3,location3,0.067,低风险,0.027,低风险,0.114,中风险,0.143,中风险,0.088,低风险,0.095,低风险
1525.0,3-3,location3,0.05,低风险,0.02,低风险,0.085,低风险,0.107,低风险,0.066,低风险,0.071,低风险
1534.0,3-3,location3,0.13,中风险,0.052,低风险,0.221,中风险,0.277,中风险,0.171,中风险,0.183,中风险
1536.0,3-3,location3,0.404,高风险,0.294,中风险,0.488,高风险,0.479,高风险,0.402,高风险,0.421,高风险
1544.0,3-3,location3,0.095,低风险,0.038,低风险,0.16,中风险,0.201,中风险,0.124,中风险,0.133,中风险
1546.0,3-3,location3,0.425,高风险,0.301,中风险,0.512,高风险,0.644,高风险,0.475,高风险,0.486,高风险
1547.0,3-3,location3,0.12,中风险,0.048,低风险,0.203,中风险,0.254,中风险,0.157,中风险,0.168,中风险
1548.0,3-3,location3,0.129,中风险,0.052,低风险,0.219,中风险,0.274,中风险,0.169,中风险,0.181,中风险
1550.0,3-3,location3,0.377,高风险,0.264,中风险,0.471,高风险,0.477,高风险,0.385,高风险,0.404,高风险
1551.0,3-3,location3,0.026,低风险,0.028,低风险,0.019,低风险,0.007,低风险,0.018,低风险,0.018,低风险
1553.0,3-3,location3,0.241,中风险,0.117,中风险,0.376,高风险,0.471,高风险,0.303,中风险,0.321,高风险
1555.0,3-3,location3,0.337,高风险,0.153,中风险,0.541,高风险,0.678,高风险,0.43,高风险,0.458,高风险
1556.0,3-3,location3,0.237,中风险,0.095,低风险,0.401,高风险,0.502,高风险,0.311,高风险,0.333,高风险
1557.0,3-3,location3,0.0,低风险,0.0,低风险,0.0,低风险,0.0,低风险,0.0,低风险,0.0,低风险
1559.0,3-3,location3,0.284,中风险,0.208,中风险,0.33,高风险,0.416,高风险,0.312,高风险,0.318,高风险
1568.0,3-3,location3,0.329,高风险,0.162,中风险,0.512,高风险,0.611,高风险,0.402,高风险,0.429,高风险
1570.0,3-3,location3,0.264,中风险,0.106,低风险,0.448,高风险,0.561,高风险,0.347,高风险,0.372,高风险
1572.0,3-3,location3,0.175,中风险,0.07,低风险,0.296,中风险,0.371,高风险,0.229,中风险,0.246,中风险
1573.0,3-3,location3,0.0,低风险,0.0,低风险,0.0,低风险,0.0,低风险,0.0,低风险,0.0,低风险
1574.0,3-3,location3,0.0,低风险,0.0,低风险,0.0,低风险,0.0,低风险,0.0,低风险,0.0,低风险
1575.0,3-3,location3,0.329,高风险,0.257,中风险,0.368,高风险,0.371,高风险,0.322,高风险,0.332,高风险
1587.0,3-3,location3,0.258,中风险,0.104,低风险,0.438,高风险,0.549,高风险,0.339,高风险,0.363,高风险
1590.0,3-3,location3,0.0,低风险,0.0,低风险,0.0,低风险,0.0,低风险,0.0,低风险,0.0,低风险
1591.0,3-3,location3,0.237,中风险,0.128,中风险,0.349,高风险,0.438,高风险,0.29,中风险,0.305,中风险
1593.0,3-3,location3,0.332,高风险,0.251,中风险,0.389,高风险,0.37,高风险,0.322,高风险,0.336,高风险
1594.0,3-3,location3,0.317,高风险,0.127,中风险,0.537,高风险,0.672,高风险,0.416,高风险,0.445,高风险
1596.0,3-3,location3,0.313,高风险,0.126,中风险,0.531,高风险,0.665,高风险,0.411,高风险,0.441,高风险
1599.0,3-3,location3,0.0,低风险,0.0,低风险,0.0,低风险,0.0,低风险,0.0,低风险,0.0,低风险
1600.0,3-3,location3,0.622,高风险,0.495,高风险,0.669,高风险,0.779,高风险,0.638,高风险,0.647,高风险
1602.0,3-3,location3,0.0,低风险,0.0,低风险,0.0,低风险,0.0,低风险,0.0,低风险,0.0,低风险
1605.0,3-3,location3,0.422,高风险,0.232,中风险,0.614,高风险,0.77,高风险,0.513,高风险,0.539,高风险
1606.0,3-3,location3,0.207,中风险,0.083,低风险,0.352,高风险,0.44,高风险,0.272,中风险,0.292,中风险
1607.0,3-3,location3,0.193,中风险,0.203,中风险,0.14,中风险,0.051,低风险,0.131,中风险,0.131,中风险
1609.0,3-3,location3,0.224,中风险,0.09,低风险,0.38,高风险,0.476,高风险,0.294,中风险,0.315,高风险
1610.0,3-3,location3,0.284,中风险,0.114,中风险,0.482,高风险,0.603,高风险,0.373,高风险,0.4,高风险
1613.0,3-3,location3,0.122,中风险,0.049,低风险,0.206,中风险,0.258,中风险,0.16,中风险,0.171,中风险
1614.0,3-3,location3,0.291,中风险,0.117,中风险,0.494,高风险,0.619,高风险,0.383,高风险,0.41,高风险
1616.0,3-3,location3,0.0,低风险,0.0,低风险,0.0,低风险,0.0,低风险,0.0,低风险,0.0,低风险
1621.0,3-3,location3,0.482,高风险,0.28,中风险,0.687,高风险,0.774,高风险,0.548,高风险,0.58,高风险
1625.0,3-3,location3,0.0,低风险,0.0,低风险,0.0,低风险,0.0,低风险,0.0,低风险,0.0,低风险
1628.0,3-3,location3,0.481,高风险,0.322,高风险,0.61,高风险,0.767,高风险,0.55,高风险,0.566,高风险
1629.0,3-3,location3,0.323,高风险,0.225,中风险,0.406,高风险,0.413,高风险,0.332,高风险,0.348,高风险
1630.0,3-3,location3,0.168,中风险,0.067,低风险,0.285,中风险,0.357,高风险,0.221,中风险,0.236,中风险
1631.0,3-3,location3,0.424,高风险,0.287,中风险,0.531,高风险,0.667,高风险,0.481,高风险,0.495,高风险
1634.0,3-3,location3,0.112,中风险,0.045,低风险,0.191,中风险,0.239,中风险,0.148,中风险,0.158,中风险
1637.0,3-3,location3,0.261,中风险,0.219,中风险,0.26,中风险,0.328,高风险,0.27,中风险,0.269,中风险
1638.0,3-3,location3,0.0,低风险,0.0,低风险,0.0,低风险,0.0,低风险,0.0,低风险,0.0,低风险
1639.0,3-3,location3,0.0,低风险,0.0,低风险,0.0,低风险,0.0,低风险,0.0,低风险,0.0,低风险
1650.0,3-3,location3,0.0,低风险,0.0,低风险,0.0,低风险,0.0,低风险,0.0,低风险,0.0,低风险
1653.0,3-3,location3,0.23,中风险,0.092,低风险,0.39,高风险,0.488,高风险,0.302,中风险,0.324,高风险
1655.0,3-3,location3,0.072,低风险,0.029,低风险,0.122,中风险,0.153,中风险,0.094,低风险,0.101,低风险
1656.0,3-3,location3,0.0,低风险,0.0,低风险,0.0,低风险,0.0,低风险,0.0,低风险,0.0,低风险
1658.0,3-3,location3,0.103,低风险,0.041,低风险,0.174,中风险,0.218,中风险,0.135,中风险,0.144,中风险
1660.0,3-3,location3,0.0,低风险,0.0,低风险,0.0,低风险,0.0,低风险,0.0,低风险,0.0,低风险
1662.0,3-3,location3,0.075,低风险,0.03,低风险,0.127,中风险,0.159,中风险,0.099,低风险,0.106,低风险
1664.0,3-3,location3,0.243,中风险,0.098,低风险,0.413,高风险,0.517,高风险,0.319,高风险,0.342,高风险
1665.0,3-3,location3,0.0,低风险,0.0,低风险,0.0,低风险,0.0,低风险,0.0,低风险,0.0,低风险
1667.0,3-3,location3,0.27,中风险,0.108,低风险,0.457,高风险,0.573,高风险,0.354,高风险,0.379,高风险
1668.0,3-3,location3,0.238,中风险,0.18,中风险,0.278,中风险,0.264,中风险,0.23,中风险,0.241,中风险
1669.0,3-3,location3,0.287,中风险,0.115,中风险,0.486,高风险,0.609,高风险,0.377,高风险,0.403,高风险
1670.0,3-3,location3,0.278,中风险,0.216,中风险,0.316,高风险,0.291,中风险,0.263,中风险,0.274,中风险
1674.0,3-3,location3,0.0,低风险,0.0,低风险,0.0,低风险,0.0,低风险,0.0,低风险,0.0,低风险
1688.0,3-3,location3,0.244,中风险,0.098,低风险,0.414,高风险,0.518,高风险,0.32,高风险,0.343,高风险
1691.0,3-3,location3,0.241,中风险,0.139,中风险,0.346,高风险,0.391,高风险,0.276,中风险,0.292,中风险
1696.0,3-3,location3,0.0,低风险,0.0,低风险,0.0,低风险,0.0,低风险,0.0,低风险,0.0,低风险
1700.0,3-3,location3,0.0,低风险,0.0,低风险,0.0,低风险,0.0,低风险,0.0,低风险,0.0,低风险
1703.0,3-3,location3,0.235,中风险,0.094,低风险,0.398,高风险,0.499,高风险,0.308,中风险,0.33,高风险
1705.0,3-3,location3,0.0,低风险,0.0,低风险,0.0,低风险,0.0,低风险,0.0,低风险,0.0,低风险
1708.0,3-3,location3,0.0,低风险,0.0,低风险,0.0,低风险,0.0,低风险,0.0,低风险,0.0,低风险
1715.0,3-3,location3,0.189,中风险,0.091,低风险,0.297,中风险,0.357,高风险,0.233,中风险,0.249,中风险
1719.0,3-3,location3,0.037,低风险,0.039,低风险,0.027,低风险,0.01,低风险,0.025,低风险,0.025,低风险
1740.0,3-3,location3,0.0,低风险,0.0,低风险,0.0,低风险,0.0,低风险,0.0,低风险,0.0,低风险
1741.0,3-3,location3,0.229,中风险,0.111,中风险,0.358,高风险,0.448,高风险,0.288,中风险,0.306,中风险
1753.0,3-3,location3,0.023,低风险,0.024,低风险,0.016,低风险,0.006,低风险,0.015,低风险,0.015,低风险
1758.0,3-3,location3,0.339,高风险,0.162,中风险,0.536,高风险,0.645,高风险,0.42,高风险,0.448,高风险
1760.0,3-3,location3,0.044,低风险,0.046,低风险,0.032,低风险,0.011,低风险,0.03,低风险,0.03,低风险
1766.0,3-3,location3,0.347,高风险,0.139,中风险,0.588,高风险,0.736,高风险,0.455,高风险,0.488,高风险
1767.0,3-3,location3,0.222,中风险,0.118,中风险,0.329,高风险,0.413,高风险,0.273,中风险,0.287,中风险
1769.0,3-3,location3,0.266,中风险,0.12,中风险,0.43,高风险,0.539,高风险,0.341,高风险,0.363,高风险
1771.0,3-3,location3,0.0,低风险,0.0,低风险,0.0,低风险,0.0,低风险,0.0,低风险,0.0,低风险
1772.0,3-3,location3,0.211,中风险,0.127,中风险,0.291,中风险,0.365,高风险,0.25,中风险,0.261,中风险
1776.0,3-3,location3,0.149,中风险,0.06,低风险,0.253,中风险,0.317,高风险,0.196,中风险,0.21,中风险
1782.0,3-3,location3,0.124,中风险,0.05,低风险,0.21,中风险,0.262,中风险,0.162,中风险,0.174,中风险
1784.0,3-3,location3,0.064,低风险,0.068,低风险,0.047,低风险,0.017,低风险,0.044,低风险,0.044,低风险
1787.0,3-3,location3,0.105,低风险,0.042,低风险,0.178,中风险,0.223,中风险,0.138,中风险,0.148,中风险
1799.0,3-3,location3,0.066,低风险,0.069,低风险,0.048,低风险,0.017,低风险,0.045,低风险,0.045,低风险
1800.0,3-3,location3,0.081,低风险,0.032,低风险,0.137,中风险,0.172,中风险,0.106,低风险,0.114,中风险
1803.0,3-3,location3,0.0,低风险,0.0,低风险,0.0,低风险,0.0,低风险,0.0,低风险,0.0,低风险
1804.0,3-3,location3,0.285,中风险,0.189,中风险,0.365,高风险,0.459,高风险,0.327,高风险,0.337,高风险
1805.0,3-3,location3,0.0,低风险,0.0,低风险,0.0,低风险,0.0,低风险,0.0,低风险,0.0,低风险
1808.0,3-3,location3,0.188,中风险,0.076,低风险,0.319,高风险,0.4,高风险,0.247,中风险,0.265,中风险
1811.0,3-3,location3,0.0,低风险,0.0,低风险,0.0,低风险,0.0,低风险,0.0,低风险,0.0,低风险
1815.0,3-3,location3,0.248,中风险,0.099,低风险,0.42,高风险,0.526,高风险,0.325,高风险,0.348,高风险
1816.0,3-3,location3,0.0,低风险,0.0,低风险,0.0,低风险,0.0,低风险,0.0,低风险,0.0,低风险
1817.0,3-3,location3,0.05,低风险,0.02,低风险,0.085,低风险,0.107,低风险,0.066,低风险,0.071,低风险
1818.0,3-3,location3,0.197,中风险,0.079,低风险,0.334,高风险,0.418,高风险,0.259,中风险,0.277,中风险
1820.0,3-3,location3,0.264,中风险,0.174,中风险,0.347,高风险,0.368,高风险,0.281,中风险,0.296,中风险
1821.0,3-3,location3,0.564,高风险,0.431,高风险,0.638,高风险,0.716,高风险,0.581,高风险,0.595,高风险
1822.0,3-3,location3,0.358,高风险,0.232,中风险,0.465,高风险,0.584,高风险,0.413,高风险,0.427,高风险
1823.0,3-3,location3,0.267,中风险,0.107,低风险,0.452,高风险,0.566,高风险,0.35,高风险,0.375,高风险
1824.0,3-3,location3,0.332,高风险,0.232,中风险,0.405,高风险,0.509,高风险,0.373,高风险,0.382,高风险
1.0,4-1,location4,0.042,低风险,0.044,低风险,0.03,低风险,0.011,低风险,0.028,低风险,0.028,低风险
1.0,4-2,location4,0.277,中风险,0.171,中风险,0.381,高风险,0.417,高风险,0.306,中风险,0.323,高风险
1.0,4-3,location4,0.409,高风险,0.293,中风险,0.486,高风险,0.612,高风险,0.454,高风险,0.464,高风险
1.0,4-4,location4,0.0,低风险,0.0,低风险,0.0,低风险,0.0,低风险,0.0,低风险,0.0,低风险
1.0,4-5,location4,0.193,中风险,0.203,中风险,0.14,中风险,0.051,低风险,0.131,中风险,0.131,中风险
2.0,4-2,location4,0.008,低风险,0.008,低风险,0.005,低风险,0.002,低风险,0.005,低风险,0.005,低风险
2.0,4-4,location4,0.025,低风险,0.027,低风险,0.018,低风险,0.007,低风险,0.017,低风险,0.017,低风险
3.0,4-2,location4,0.325,高风险,0.201,中风险,0.44,高风险,0.552,高风险,0.382,高风险,0.397,高风险
3.0,4-4,location4,0.0,低风险,0.0,低风险,0.0,低风险,0.0,低风险,0.0,低风险,0.0,低风险
4.0,4-1,location4,0.203,中风险,0.082,低风险,0.345,高风险,0.432,高风险,0.267,中风险,0.286,中风险
4.0,4-2,location4,0.153,中风险,0.061,低风险,0.259,中风险,0.324,高风险,0.201,中风险,0.215,中风险
4.0,4-3,location4,0.0,低风险,0.0,低风险,0.0,低风险,0.0,低风险,0.0,低风险,0.0,低风险
4.0,4-5,location4,0.262,中风险,0.176,中风险,0.33,高风险,0.414,高风险,0.298,中风险,0.307,中风险
5.0,4-2,location4,0.62,高风险,0.486,高风险,0.68,高风险,0.785,高风险,0.639,高风险,0.65,高风险
5.0,4-3,location4,0.0,低风险,0.0,低风险,0.0,低风险,0.0,低风险,0.0,低风险,0.0,低风险
5.0,4-4,location4,0.263,中风险,0.109,低风险,0.442,高风险,0.55,高风险,0.343,高风险,0.367,高风险
5.0,4-5,location4,0.275,中风险,0.23,中风险,0.273,中风险,0.345,高风险,0.284,中风险,0.283,中风险
6.0,4-1,location4,0.202,中风险,0.112,中风险,0.295,中风险,0.339,高风险,0.234,中风险,0.249,中风险
6.0,4-2,location4,0.0,低风险,0.0,低风险,0.0,低风险,0.0,低风险,0.0,低风险,0.0,低风险
7.0,4-1,location4,0.0,低风险,0.0,低风险,0.0,低风险,0.0,低风险,0.0,低风险,0.0,低风险
7.0,4-2,location4,0.209,中风险,0.084,低风险,0.354,高风险,0.443,高风险,0.274,中风险,0.293,中风险
7.0,4-4,location4,0.319,高风险,0.335,高风险,0.231,中风险,0.083,低风险,0.216,中风险,0.217,中风险
7.0,4-5,location4,0.289,中风险,0.238,中风险,0.307,中风险,0.264,中风险,0.26,中风险,0.27,中风险
8.0,4-1,location4,0.297,中风险,0.313,高风险,0.216,中风险,0.078,低风险,0.202,中风险,0.202,中风险
8.0,4-2,location4,0.0,低风险,0.0,低风险,0.0,低风险,0.0,低风险,0.0,低风险,0.0,低风险
8.0,4-3,location4,0.155,中风险,0.164,中风险,0.113,中风险,0.041,低风险,0.106,低风险,0.106,低风险
9.0,4-1,location4,0.0,低风险,0.0,低风险,0.0,低风险,0.0,低风险,0.0,低风险,0.0,低风险
9.0,4-2,location4,0.245,中风险,0.258,中风险,0.178,中风险,0.064,低风险,0.167,中风险,0.167,中风险
9.0,4-4,location4,0.173,中风险,0.069,低风险,0.293,中风险,0.367,高风险,0.227,中风险,0.243,中风险
10.0,4-1,location4,0.345,高风险,0.187,中风险,0.513,高风险,0.595,高风险,0.406,高风险,0.432,高风险
10.0,4-3,location4,0.0,低风险,0.0,低风险,0.0,低风险,0.0,低风险,0.0,低风险,0.0,低风险
10.0,4-4,location4,0.269,中风险,0.108,低风险,0.456,高风险,0.571,高风险,0.353,高风险,0.378,高风险
10.0,4-5,location4,0.0,低风险,0.0,低风险,0.0,低风险,0.0,低风险,0.0,低风险,0.0,低风险
11.0,4-3,location4,0.0,低风险,0.0,低风险,0.0,低风险,0.0,低风险,0.0,低风险,0.0,低风险
12.0,4-1,location4,0.0,低风险,0.0,低风险,0.0,低风险,0.0,低风险,0.0,低风险,0.0,低风险
12.0,4-3,location4,0.0,低风险,0.0,低风险,0.0,低风险,0.0,低风险,0.0,低风险,0.0,低风险
13.0,4-1,location4,0.284,中风险,0.236,中风险,0.294,中风险,0.3,中风险,0.271,中风险,0.277,中风险
13.0,4-2,location4,0.0,低风险,0.0,低风险,0.0,低风险,0.0,低风险,0.0,低风险,0.0,低风险
13.0,4-3,location4,0.0,低风险,0.0,低风险,0.0,低风险,0.0,低风险,0.0,低风险,0.0,低风险
14.0,4-1,location4,0.0,低风险,0.0,低风险,0.0,低风险,0.0,低风险,0.0,低风险,0.0,低风险
14.0,4-3,location4,0.212,中风险,0.085,低风险,0.359,高风险,0.45,高风险,0.278,中风险,0.298,中风险
15.0,4-1,location4,0.147,中风险,0.1,低风险,0.182,中风险,0.228,中风险,0.166,中风险,0.17,中风险
15.0,4-2,location4,0.42,高风险,0.273,中风险,0.545,高风险,0.684,高风险,0.484,高风险,0.5,高风险
15.0,4-3,location4,0.0,低风险,0.0,低风险,0.0,低风险,0.0,低风险,0.0,低风险,0.0,低风险
16.0,4-2,location4,0.102,低风险,0.041,低风险,0.173,中风险,0.217,中风险,0.134,中风险,0.144,中风险
16.0,4-3,location4,0.0,低风险,0.0,低风险,0.0,低风险,0.0,低风险,0.0,低风险,0.0,低风险
16.0,4-5,location4,0.211,中风险,0.085,低风险,0.358,高风险,0.448,高风险,0.277,中风险,0.297,中风险
17.0,4-1,location4,0.24,中风险,0.096,低风险,0.408,高风险,0.51,高风险,0.316,高风险,0.338,高风险
17.0,4-2,location4,0.099,低风险,0.04,低风险,0.168,中风险,0.211,中风险,0.13,中风险,0.14,中风险
17.0,4-3,location4,0.0,低风险,0.0,低风险,0.0,低风险,0.0,低风险,0.0,低风险,0.0,低风险
18.0,4-2,location4,0.154,中风险,0.062,低风险,0.261,中风险,0.327,高风险,0.202,中风险,0.216,中风险
19.0,4-1,location4,0.179,中风险,0.072,低风险,0.303,中风险,0.38,高风险,0.235,中风险,0.252,中风险
20.0,4-1,location4,0.0,低风险,0.0,低风险,0.0,低风险,0.0,低风险,0.0,低风险,0.0,低风险
20.0,4-4,location4,0.0,低风险,0.0,低风险,0.0,低风险,0.0,低风险,0.0,低风险,0.0,低风险
20.0,4-5,location4,0.0,低风险,0.0,低风险,0.0,低风险,0.0,低风险,0.0,低风险,0.0,低风险
21.0,4-1,location4,0.0,低风险,0.0,低风险,0.0,低风险,0.0,低风险,0.0,低风险,0.0,低风险
21.0,4-2,location4,0.0,低风险,0.0,低风险,0.0,低风险,0.0,低风险,0.0,低风险,0.0,低风险
21.0,4-3,location4,0.126,中风险,0.051,低风险,0.214,中风险,0.268,中风险,0.166,中风险,0.178,中风险
21.0,4-5,location4,0.277,中风险,0.204,中风险,0.33,高风险,0.32,高风险,0.272,中风险,0.285,中风险
22.0,4-1,location4,0.0,低风险,0.0,低风险,0.0,低风险,0.0,低风险,0.0,低风险,0.0,低风险
22.0,4-2,location4,0.277,中风险,0.111,中风险,0.47,高风险,0.589,高风险,0.364,高风险,0.39,高风险
22.0,4-3,location4,0.17,中风险,0.125,中风险,0.203,中风险,0.198,中风险,0.168,中风险,0.175,中风险
23.0,4-1,location4,0.284,中风险,0.144,中风险,0.437,高风险,0.517,高风险,0.344,高风险,0.366,高风险
23.0,4-2,location4,0.177,中风险,0.071,低风险,0.3,中风险,0.376,高风险,0.233,中风险,0.249,中风险
24.0,4-1,location4,0.208,中风险,0.083,低风险,0.352,高风险,0.441,高风险,0.273,中风险,0.292,中风险
25.0,4-1,location4,0.25,中风险,0.1,低风险,0.424,高风险,0.532,高风险,0.329,高风险,0.352,高风险
25.0,4-3,location4,0.0,低风险,0.0,低风险,0.0,低风险,0.0,低风险,0.0,低风险,0.0,低风险
26.0,4-2,location4,0.079,低风险,0.083,低风险,0.057,低风险,0.021,低风险,0.053,低风险,0.053,低风险
26.0,4-3,location4,0.0,低风险,0.0,低风险,0.0,低风险,0.0,低风险,0.0,低风险,0.0,低风险
27.0,4-1,location4,0.175,中风险,0.11,中风险,0.233,中风险,0.293,中风险,0.205,中风险,0.212,中风险
27.0,4-3,location4,0.0,低风险,0.0,低风险,0.0,低风险,0.0,低风险,0.0,低风险,0.0,低风险
27.0,4-4,location4,0.0,低风险,0.0,低风险,0.0,低风险,0.0,低风险,0.0,低风险,0.0,低风险
28.0,4-2,location4,0.471,高风险,0.349,高风险,0.543,高风险,0.681,高风险,0.515,高风险,0.524,高风险
28.0,4-3,location4,0.392,高风险,0.285,中风险,0.46,高风险,0.579,高风险,0.433,高风险,0.441,高风险
29.0,4-1,location4,0.0,低风险,0.0,低风险,0.0,低风险,0.0,低风险,0.0,低风险,0.0,低风险
29.0,4-2,location4,0.403,高风险,0.26,中风险,0.536,高风险,0.573,高风险,0.433,高风险,0.456,高风险
29.0,4-3,location4,0.0,低风险,0.0,低风险,0.0,低风险,0.0,低风险,0.0,低风险,0.0,低风险
30.0,4-1,location4,0.0,低风险,0.0,低风险,0.0,低风险,0.0,低风险,0.0,低风险,0.0,低风险
30.0,4-3,location4,0.126,中风险,0.051,低风险,0.214,中风险,0.268,中风险,0.166,中风险,0.177,中风险
31.0,4-2,location4,0.224,中风险,0.139,中风险,0.301,中风险,0.378,高风险,0.263,中风险,0.273,中风险
31.0,4-4,location4,0.215,中风险,0.086,低风险,0.365,高风险,0.457,高风险,0.283,中风险,0.303,中风险
32.0,4-1,location4,0.203,中风险,0.096,低风险,0.322,高风险,0.388,高风险,0.252,中风险,0.269,中风险
32.0,4-2,location4,0.119,中风险,0.05,低风险,0.197,中风险,0.247,中风险,0.154,中风险,0.165,中风险
32.0,4-3,location4,0.0,低风险,0.0,低风险,0.0,低风险,0.0,低风险,0.0,低风险,0.0,低风险
32.0,4-4,location4,0.0,低风险,0.0,低风险,0.0,低风险,0.0,低风险,0.0,低风险,0.0,低风险
33.0,4-1,location4,0.253,中风险,0.12,中风险,0.402,高风险,0.486,高风险,0.315,高风险,0.336,高风险
33.0,4-2,location4,0.207,中风险,0.085,低风险,0.348,高风险,0.436,高风险,0.271,中风险,0.29,中风险
33.0,4-3,location4,0.199,中风险,0.209,中风险,0.144,中风险,0.052,低风险,0.135,中风险,0.135,中风险
34.0,4-1,location4,0.023,低风险,0.025,低风险,0.017,低风险,0.006,低风险,0.016,低风险,0.016,低风险
34.0,4-2,location4,0.0,低风险,0.0,低风险,0.0,低风险,0.0,低风险,0.0,低风险,0.0,低风险
34.0,4-3,location4,0.412,高风险,0.378,高风险,0.383,高风险,0.27,中风险,0.335,高风险,0.343,高风险
34.0,4-5,location4,0.0,低风险,0.0,低风险,0.0,低风险,0.0,低风险,0.0,低风险,0.0,低风险
35.0,4-1,location4,0.0,低风险,0.0,低风险,0.0,低风险,0.0,低风险,0.0,低风险,0.0,低风险
35.0,4-2,location4,0.0,低风险,0.0,低风险,0.0,低风险,0.0,低风险,0.0,低风险,0.0,低风险
35.0,4-3,location4,0.125,中风险,0.05,低风险,0.212,中风险,0.265,中风险,0.164,中风险,0.176,中风险
36.0,4-2,location4,0.144,中风险,0.058,低风险,0.243,中风险,0.305,中风险,0.189,中风险,0.202,中风险
37.0,4-1,location4,0.258,中风险,0.121,中风险,0.408,高风险,0.512,高风险,0.327,高风险,0.347,高风险
37.0,4-3,location4,0.224,中风险,0.09,低风险,0.38,高风险,0.476,高风险,0.294,中风险,0.315,高风险
38.0,4-1,location4,0.2,中风险,0.111,中风险,0.29,中风险,0.364,高风险,0.243,中风险,0.255,中风险
38.0,4-2,location4,0.0,低风险,0.0,低风险,0.0,低风险,0.0,低风险,0.0,低风险,0.0,低风险
38.0,4-3,location4,0.144,中风险,0.058,低风险,0.245,中风险,0.306,中风险,0.189,中风险,0.203,中风险
39.0,4-1,location4,0.0,低风险,0.0,低风险,0.0,低风险,0.0,低风险,0.0,低风险,0.0,低风险
39.0,4-2,location4,0.097,低风险,0.039,低风险,0.165,中风险,0.207,中风险,0.128,中风险,0.137,中风险
39.0,4-3,location4,0.112,中风险,0.045,低风险,0.191,中风险,0.239,中风险,0.148,中风险,0.158,中风险
39.0,4-4,location4,0.0,低风险,0.0,低风险,0.0,低风险,0.0,低风险,0.0,低风险,0.0,低风险
40.0,4-1,location4,0.0,低风险,0.0,低风险,0.0,低风险,0.0,低风险,0.0,低风险,0.0,低风险
40.0,4-2,location4,0.0,低风险,0.0,低风险,0.0,低风险,0.0,低风险,0.0,低风险,0.0,低风险
40.0,4-3,location4,0.052,低风险,0.021,低风险,0.089,低风险,0.111,中风险,0.069,低风险,0.074,低风险
41.0,4-2,location4,0.0,低风险,0.0,低风险,0.0,低风险,0.0,低风险,0.0,低风险,0.0,低风险
41.0,4-3,location4,0.0,低风险,0.0,低风险,0.0,低风险,0.0,低风险,0.0,低风险,0.0,低风险
41.0,4-4,location4,0.371,高风险,0.218,中风险,0.525,高风险,0.588,高风险,0.419,高风险,0.444,高风险
42.0,4-2,location4,0.226,中风险,0.15,中风险,0.294,中风险,0.31,中风险,0.239,中风险,0.251,中风险
42.0,4-4,location4,0.349,高风险,0.22,中风险,0.465,高风险,0.584,高风险,0.408,高风险,0.423,高风险
42.0,4-5,location4,0.0,低风险,0.0,低风险,0.0,低风险,0.0,低风险,0.0,低风险,0.0,低风险
43.0,4-2,location4,0.0,低风险,0.0,低风险,0.0,低风险,0.0,低风险,0.0,低风险,0.0,低风险
43.0,4-3,location4,0.018,低风险,0.019,低风险,0.013,低风险,0.005,低风险,0.012,低风险,0.012,低风险
43.0,4-4,location4,0.0,低风险,0.0,低风险,0.0,低风险,0.0,低风险,0.0,低风险,0.0,低风险
44.0,4-1,location4,0.034,低风险,0.014,低风险,0.058,低风险,0.073,低风险,0.045,低风险,0.048,低风险
44.0,4-3,location4,0.0,低风险,0.0,低风险,0.0,低风险,0.0,低风险,0.0,低风险,0.0,低风险
45.0,4-3,location4,0.004,低风险,0.005,低风险,0.003,低风险,0.001,低风险,0.003,低风险,0.003,低风险
46.0,4-2,location4,0.422,高风险,0.27,中风险,0.565,高风险,0.607,高风险,0.456,高风险,0.481,高风险
46.0,4-3,location4,0.0,低风险,0.0,低风险,0.0,低风险,0.0,低风险,0.0,低风险,0.0,低风险
46.0,4-4,location4,0.293,中风险,0.14,中风险,0.464,高风险,0.559,高风险,0.363,高风险,0.387,高风险
47.0,4-2,location4,0.244,中风险,0.098,低风险,0.414,高风险,0.518,高风险,0.32,高风险,0.343,高风险
47.0,4-3,location4,0.0,低风险,0.0,低风险,0.0,低风险,0.0,低风险,0.0,低风险,0.0,低风险
47.0,4-4,location4,0.214,中风险,0.086,低风险,0.362,高风险,0.453,高风险,0.28,中风险,0.3,中风险
48.0,4-2,location4,0.0,低风险,0.0,低风险,0.0,低风险,0.0,低风险,0.0,低风险,0.0,低风险
48.0,4-3,location4,0.0,低风险,0.0,低风险,0.0,低风险,0.0,低风险,0.0,低风险,0.0,低风险
49.0,4-2,location4,0.042,低风险,0.017,低风险,0.071,低风险,0.089,低风险,0.055,低风险,0.059,低风险
49.0,4-3,location4,0.159,中风险,0.064,低风险,0.27,中风险,0.338,高风险,0.209,中风险,0.224,中风险
49.0,4-4,location4,0.0,低风险,0.0,低风险,0.0,低风险,0.0,低风险,0.0,低风险,0.0,低风险
49.0,4-5,location4,0.0,低风险,0.0,低风险,0.0,低风险,0.0,低风险,0.0,低风险,0.0,低风险
50.0,4-1,location4,0.104,低风险,0.044,低风险,0.172,中风险,0.216,中风险,0.135,中风险,0.144,中风险
50.0,4-2,location4,0.0,低风险,0.0,低风险,0.0,低风险,0.0,低风险,0.0,低风险,0.0,低风险
50.0,4-3,location4,0.153,中风险,0.061,低风险,0.259,中风险,0.324,高风险,0.201,中风险,0.215,中风险
51.0,4-1,location4,0.0,低风险,0.0,低风险,0.0,低风险,0.0,低风险,0.0,低风险,0.0,低风险
51.0,4-2,location4,0.0,低风险,0.0,低风险,0.0,低风险,0.0,低风险,0.0,低风险,0.0,低风险
51.0,4-3,location4,0.0,低风险,0.0,低风险,0.0,低风险,0.0,低风险,0.0,低风险,0.0,低风险
52.0,4-1,location4,0.0,低风险,0.0,低风险,0.0,低风险,0.0,低风险,0.0,低风险,0.0,低风险
52.0,4-3,location4,0.261,中风险,0.151,中风险,0.369,高风险,0.463,高风险,0.313,高风险,0.327,高风险
53.0,4-1,location4,0.248,中风险,0.261,中风险,0.18,中风险,0.065,低风险,0.168,中风险,0.168,中风险
53.0,4-2,location4,0.0,低风险,0.0,低风险,0.0,低风险,0.0,低风险,0.0,低风险,0.0,低风险
53.0,4-3,location4,0.0,低风险,0.0,低风险,0.0,低风险,0.0,低风险,0.0,低风险,0.0,低风险
54.0,4-1,location4,0.0,低风险,0.0,低风险,0.0,低风险,0.0,低风险,0.0,低风险,0.0,低风险
54.0,4-2,location4,0.0,低风险,0.0,低风险,0.0,低风险,0.0,低风险,0.0,低风险,0.0,低风险
54.0,4-3,location4,0.251,中风险,0.101,低风险,0.426,高风险,0.533,高风险,0.33,高风险,0.353,高风险
55.0,4-1,location4,0.0,低风险,0.0,低风险,0.0,低风险,0.0,低风险,0.0,低风险,0.0,低风险
55.0,4-2,location4,0.188,中风险,0.198,中风险,0.136,中风险,0.049,低风险,0.128,中风险,0.128,中风险
55.0,4-3,location4,0.0,低风险,0.0,低风险,0.0,低风险,0.0,低风险,0.0,低风险,0.0,低风险
56.0,4-1,location4,0.0,低风险,0.0,低风险,0.0,低风险,0.0,低风险,0.0,低风险,0.0,低风险
56.0,4-3,location4,0.0,低风险,0.0,低风险,0.0,低风险,0.0,低风险,0.0,低风险,0.0,低风险
57.0,4-1,location4,0.216,中风险,0.087,低风险,0.367,高风险,0.459,高风险,0.284,中风险,0.304,中风险
57.0,4-2,location4,0.0,低风险,0.0,低风险,0.0,低风险,0.0,低风险,0.0,低风险,0.0,低风险
57.0,4-3,location4,0.124,中风险,0.05,低风险,0.211,中风险,0.264,中风险,0.163,中风险,0.175,中风险
58.0,4-2,location4,0.207,中风险,0.083,低风险,0.351,高风险,0.439,高风险,0.272,中风险,0.291,中风险
58.0,4-3,location4,0.0,低风险,0.0,低风险,0.0,低风险,0.0,低风险,0.0,低风险,0.0,低风险
59.0,4-1,location4,0.213,中风险,0.085,低风险,0.361,高风险,0.452,高风险,0.279,中风险,0.299,中风险
59.0,4-2,location4,0.444,高风险,0.326,高风险,0.517,高风险,0.65,高风险,0.489,高风险,0.498,高风险
59.0,4-3,location4,0.0,低风险,0.0,低风险,0.0,低风险,0.0,低风险,0.0,低风险,0.0,低风险
59.0,4-4,location4,0.461,高风险,0.339,高风险,0.534,高风险,0.672,高风险,0.506,高风险,0.515,高风险
60.0,4-2,location4,0.427,高风险,0.317,高风险,0.492,高风险,0.613,高风险,0.465,高风险,0.474,高风险
60.0,4-3,location4,0.0,低风险,0.0,低风险,0.0,低风险,0.0,低风险,0.0,低风险,0.0,低风险
61.0,4-1,location4,0.366,高风险,0.211,中风险,0.524,高风险,0.593,高风险,0.418,高风险,0.443,高风险
61.0,4-4,location4,0.446,高风险,0.316,高风险,0.552,高风险,0.555,高风险,0.452,高风险,0.474,高风险
62.0,4-2,location4,0.0,低风险,0.0,低风险,0.0,低风险,0.0,低风险,0.0,低风险,0.0,低风险
62.0,4-4,location4,0.0,低风险,0.0,低风险,0.0,低风险,0.0,低风险,0.0,低风险,0.0,低风险
63.0,4-2,location4,0.0,低风险,0.0,低风险,0.0,低风险,0.0,低风险,0.0,低风险,0.0,低风险
64.0,4-1,location4,0.176,中风险,0.071,低风险,0.299,中风险,0.374,高风险,0.231,中风险,0.248,中风险
64.0,4-2,location4,0.253,中风险,0.155,中风险,0.351,高风险,0.386,高风险,0.281,中风险,0.297,中风险
64.0,4-4,location4,0.292,中风险,0.173,中风险,0.412,高风险,0.46,高风险,0.329,高风险,0.348,高风险
65.0,4-1,location4,0.236,中风险,0.094,低风险,0.399,高风险,0.5,高风险,0.309,中风险,0.331,高风险
65.0,4-2,location4,0.177,中风险,0.09,低风险,0.269,中风险,0.337,高风险,0.22,中风险,0.232,中风险
65.0,4-4,location4,0.198,中风险,0.144,中风险,0.232,中风险,0.292,中风险,0.218,中风险,0.223,中风险
66.0,4-1,location4,0.286,中风险,0.21,中风险,0.332,高风险,0.418,高风险,0.314,高风险,0.32,高风险
66.0,4-4,location4,0.0,低风险,0.0,低风险,0.0,低风险,0.0,低风险,0.0,低风险,0.0,低风险
66.0,4-5,location4,0.0,低风险,0.0,低风险,0.0,低风险,0.0,低风险,0.0,低风险,0.0,低风险
67.0,4-1,location4,0.446,高风险,0.35,高风险,0.483,高风险,0.608,高风险,0.476,高风险,0.48,高风险
67.0,4-2,location4,0.369,高风险,0.213,中风险,0.521,高风险,0.654,高风险,0.443,高风险,0.463,高风险
67.0,4-4,location4,0.456,高风险,0.306,中风险,0.576,高风险,0.723,高风险,0.52,高风险,0.535,高风险
68.0,4-1,location4,0.135,中风险,0.054,低风险,0.228,中风险,0.286,中风险,0.177,中风险,0.19,中风险
68.0,4-2,location4,0.259,中风险,0.165,中风险,0.342,高风险,0.429,高风险,0.301,中风险,0.312,高风险
68.0,4-4,location4,0.199,中风险,0.08,低风险,0.337,高风险,0.422,高风险,0.261,中风险,0.28,中风险
69.0,4-1,location4,0.129,中风险,0.136,中风险,0.094,低风险,0.034,低风险,0.088,低风险,0.088,低风险
69.0,4-2,location4,0.0,低风险,0.0,低风险,0.0,低风险,0.0,低风险,0.0,低风险,0.0,低风险
69.0,4-3,location4,0.207,中风险,0.083,低风险,0.35,高风险,0.439,高风险,0.271,中风险,0.291,中风险
70.0,4-1,location4,0.274,中风险,0.159,中风险,0.387,高风险,0.485,高风险,0.329,高风险,0.344,高风险
70.0,4-2,location4,0.429,高风险,0.3,中风险,0.526,高风险,0.619,高风险,0.467,高风险,0.482,高风险
70.0,4-3,location4,0.0,低风险,0.0,低风险,0.0,低风险,0.0,低风险,0.0,低风险,0.0,低风险
70.0,4-4,location4,0.0,低风险,0.0,低风险,0.0,低风险,0.0,低风险,0.0,低风险,0.0,低风险
71.0,4-1,location4,0.0,低风险,0.0,低风险,0.0,低风险,0.0,低风险,0.0,低风险,0.0,低风险
71.0,4-2,location4,0.182,中风险,0.085,低风险,0.29,中风险,0.351,高风险,0.227,中风险,0.242,中风险
71.0,4-3,location4,0.0,低风险,0.0,低风险,0.0,低风险,0.0,低风险,0.0,低风险,0.0,低风险
71.0,4-4,location4,0.031,低风险,0.033,低风险,0.023,低风险,0.008,低风险,0.021,低风险,0.021,低风险
72.0,4-1,location4,0.43,高风险,0.293,中风险,0.537,高风险,0.674,高风险,0.488,高风险,0.501,高风险
72.0,4-2,location4,0.0,低风险,0.0,低风险,0.0,低风险,0.0,低风险,0.0,低风险,0.0,低风险
72.0,4-3,location4,0.2,中风险,0.134,中风险,0.254,中风险,0.319,高风险,0.229,中风险,0.236,中风险
73.0,4-1,location4,0.0,低风险,0.0,低风险,0.0,低风险,0.0,低风险,0.0,低风险,0.0,低风险
73.0,4-2,location4,0.06,低风险,0.024,低风险,0.101,低风险,0.127,中风险,0.078,低风险,0.084,低风险
73.0,4-3,location4,0.016,低风险,0.017,低风险,0.012,低风险,0.004,低风险,0.011,低风险,0.011,低风险
73.0,4-4,location4,0.16,中风险,0.064,低风险,0.27,中风险,0.339,高风险,0.209,中风险,0.224,中风险
74.0,4-4,location4,0.0,低风险,0.0,低风险,0.0,低风险,0.0,低风险,0.0,低风险,0.0,低风险
75.0,4-1,location4,0.0,低风险,0.0,低风险,0.0,低风险,0.0,低风险,0.0,低风险,0.0,低风险
75.0,4-2,location4,0.207,中风险,0.093,低风险,0.335,高风险,0.42,高风险,0.265,中风险,0.283,中风险
75.0,4-4,location4,0.356,高风险,0.222,中风险,0.485,高风险,0.529,高风险,0.39,高风险,0.412,高风险
75.0,4-5,location4,0.167,中风险,0.067,低风险,0.282,中风险,0.354,高风险,0.219,中风险,0.234,中风险
76.0,4-1,location4,0.238,中风险,0.122,中风险,0.362,高风险,0.427,高风险,0.286,中风险,0.304,中风险
76.0,4-4,location4,0.5,高风险,0.363,高风险,0.587,高风险,0.739,高风险,0.552,高风险,0.563,高风险
77.0,4-2,location4,0.208,中风险,0.083,低风险,0.352,高风险,0.441,高风险,0.273,中风险,0.292,中风险
77.0,4-4,location4,0.0,低风险,0.0,低风险,0.0,低风险,0.0,低风险,0.0,低风险,0.0,低风险
78.0,4-2,location4,0.392,高风险,0.223,中风险,0.566,高风险,0.643,高风险,0.45,高风险,0.477,高风险
78.0,4-4,location4,0.121,中风险,0.066,低风险,0.178,中风险,0.223,中风险,0.148,中风险,0.156,中风险
79.0,4-1,location4,0.213,中风险,0.148,中风险,0.261,中风险,0.328,高风险,0.24,中风险,0.246,中风险
79.0,4-2,location4,0.374,高风险,0.246,中风险,0.48,高风险,0.604,高风险,0.429,高风险,0.443,高风险
79.0,4-4,location4,0.128,中风险,0.051,低风险,0.217,中风险,0.271,中风险,0.168,中风险,0.18,中风险
81.0,4-2,location4,0.029,低风险,0.031,低风险,0.021,低风险,0.008,低风险,0.02,低风险,0.02,低风险
81.0,4-4,location4,0.129,中风险,0.052,低风险,0.218,中风险,0.273,中风险,0.169,中风险,0.181,中风险
82.0,4-1,location4,0.0,低风险,0.0,低风险,0.0,低风险,0.0,低风险,0.0,低风险,0.0,低风险
82.0,4-2,location4,0.35,高风险,0.303,中风险,0.352,高风险,0.279,中风险,0.302,中风险,0.311,高风险
82.0,4-3,location4,0.309,中风险,0.197,中风险,0.416,高风险,0.449,高风险,0.336,高风险,0.354,高风险
82.0,4-4,location4,0.109,低风险,0.044,低风险,0.185,中风险,0.231,中风险,0.143,中风险,0.153,中风险
83.0,4-2,location4,0.325,高风险,0.241,中风险,0.385,高风险,0.372,高风险,0.318,高风险,0.333,高风险
84.0,4-1,location4,0.327,高风险,0.25,中风险,0.373,高风险,0.383,高风险,0.324,高风险,0.336,高风险
84.0,4-4,location4,0.0,低风险,0.0,低风险,0.0,低风险,0.0,低风险,0.0,低风险,0.0,低风险
85.0,4-2,location4,0.393,高风险,0.239,中风险,0.537,高风险,0.674,高风险,0.464,高风险,0.483,高风险
85.0,4-4,location4,0.0,低风险,0.0,低风险,0.0,低风险,0.0,低风险,0.0,低风险,0.0,低风险
86.0,4-1,location4,0.263,中风险,0.105,低风险,0.446,高风险,0.558,高风险,0.345,高风险,0.37,高风险
86.0,4-2,location4,0.263,中风险,0.105,低风险,0.445,高风险,0.557,高风险,0.345,高风险,0.369,高风险
86.0,4-3,location4,0.0,低风险,0.0,低风险,0.0,低风险,0.0,低风险,0.0,低风险,0.0,低风险
86.0,4-4,location4,0.0,低风险,0.0,低风险,0.0,低风险,0.0,低风险,0.0,低风险,0.0,低风险
87.0,4-2,location4,0.251,中风险,0.1,低风险,0.425,高风险,0.532,高风险,0.329,高风险,0.352,高风险
87.0,4-3,location4,0.0,低风险,0.0,低风险,0.0,低风险,0.0,低风险,0.0,低风险,0.0,低风险
87.0,4-4,location4,0.0,低风险,0.0,低风险,0.0,低风险,0.0,低风险,0.0,低风险,0.0,低风险
88.0,4-2,location4,0.165,中风险,0.119,中风险,0.202,中风险,0.201,中风险,0.166,中风险,0.174,中风险
88.0,4-4,location4,0.192,中风险,0.077,低风险,0.325,高风险,0.408,高风险,0.252,中风险,0.27,中风险
88.0,4-5,location4,0.0,低风险,0.0,低风险,0.0,低风险,0.0,低风险,0.0,低风险,0.0,低风险
89.0,4-1,location4,0.0,低风险,0.0,低风险,0.0,低风险,0.0,低风险,0.0,低风险,0.0,低风险
89.0,4-2,location4,0.246,中风险,0.099,低风险,0.418,高风险,0.523,高风险,0.324,高风险,0.347,高风险
89.0,4-3,location4,0.0,低风险,0.0,低风险,0.0,低风险,0.0,低风险,0.0,低风险,0.0,低风险
89.0,4-4,location4,0.225,中风险,0.09,低风险,0.381,高风险,0.478,高风险,0.295,中风险,0.316,高风险
90.0,4-3,location4,0.122,中风险,0.049,低风险,0.208,中风险,0.26,中风险,0.161,中风险,0.172,中风险
90.0,4-4,location4,0.192,中风险,0.077,低风险,0.325,高风险,0.407,高风险,0.251,中风险,0.269,中风险
91.0,4-4,location4,0.243,中风险,0.199,中风险,0.262,中风险,0.227,中风险,0.221,中风险,0.229,中风险
92.0,4-2,location4,0.2,中风险,0.08,低风险,0.339,高风险,0.425,高风险,0.263,中风险,0.281,中风险
92.0,4-3,location4,0.007,低风险,0.007,低风险,0.005,低风险,0.002,低风险,0.005,低风险,0.005,低风险
92.0,4-4,location4,0.254,中风险,0.115,中风险,0.412,高风险,0.503,高风险,0.321,高风险,0.343,高风险
93.0,4-3,location4,0.0,低风险,0.0,低风险,0.0,低风险,0.0,低风险,0.0,低风险,0.0,低风险
93.0,4-4,location4,0.186,中风险,0.075,低风险,0.316,高风险,0.395,高风险,0.244,中风险,0.262,中风险
94.0,4-3,location4,0.14,中风险,0.056,低风险,0.237,中风险,0.297,中风险,0.184,中风险,0.197,中风险
94.0,4-4,location4,0.0,低风险,0.0,低风险,0.0,低风险,0.0,低风险,0.0,低风险,0.0,低风险
95.0,4-3,location4,0.339,高风险,0.136,中风险,0.575,高风险,0.72,高风险,0.445,高风险,0.477,高风险
95.0,4-4,location4,0.216,中风险,0.107,低风险,0.333,高风险,0.417,高风险,0.27,中风险,0.286,中风险
96.0,4-2,location4,0.057,低风险,0.06,低风险,0.041,低风险,0.015,低风险,0.039,低风险,0.039,低风险
97.0,4-2,location4,0.166,中风险,0.066,低风险,0.281,中风险,0.352,高风险,0.218,中风险,0.233,中风险
97.0,4-3,location4,0.0,低风险,0.0,低风险,0.0,低风险,0.0,低风险,0.0,低风险,0.0,低风险
97.0,4-4,location4,0.0,低风险,0.0,低风险,0.0,低风险,0.0,低风险,0.0,低风险,0.0,低风险
97.0,4-5,location4,0.322,高风险,0.24,中风险,0.38,高风险,0.367,高风险,0.315,高风险,0.329,高风险
98.0,4-4,location4,0.145,中风险,0.058,低风险,0.246,中风险,0.308,中风险,0.191,中风险,0.204,中风险
99.0,4-1,location4,0.096,低风险,0.039,低风险,0.163,中风险,0.205,中风险,0.127,中风险,0.136,中风险
99.0,4-2,location4,0.281,中风险,0.146,中风险,0.423,高风险,0.53,高风险,0.348,高风险,0.366,高风险
100.0,4-4,location4,0.173,中风险,0.076,低风险,0.283,中风险,0.354,高风险,0.223,中风险,0.238,中风险
101.0,4-2,location4,0.119,中风险,0.048,低风险,0.201,中风险,0.252,中风险,0.156,中风险,0.167,中风险
101.0,4-3,location4,0.0,低风险,0.0,低风险,0.0,低风险,0.0,低风险,0.0,低风险,0.0,低风险
101.0,4-4,location4,0.188,中风险,0.075,低风险,0.318,高风险,0.398,高风险,0.246,中风险,0.264,中风险
102.0,4-2,location4,0.234,中风险,0.203,中风险,0.234,中风险,0.185,中风险,0.201,中风险,0.207,中风险
102.0,4-4,location4,0.0,低风险,0.0,低风险,0.0,低风险,0.0,低风险,0.0,低风险,0.0,低风险
102.0,4-5,location4,0.146,中风险,0.059,低风险,0.248,中风险,0.31,高风险,0.192,中风险,0.205,中风险
103.0,4-3,location4,0.107,低风险,0.043,低风险,0.182,中风险,0.228,中风险,0.141,中风险,0.151,中风险
103.0,4-4,location4,0.0,低风险,0.0,低风险,0.0,低风险,0.0,低风险,0.0,低风险,0.0,低风险
104.0,4-4,location4,0.279,中风险,0.112,中风险,0.472,高风险,0.592,高风险,0.366,高风险,0.392,高风险
105.0,4-1,location4,0.232,中风险,0.244,中风险,0.168,中风险,0.061,低风险,0.157,中风险,0.157,中风险
105.0,4-4,location4,0.158,中风险,0.063,低风险,0.267,中风险,0.335,高风险,0.207,中风险,0.222,中风险
106.0,4-3,location4,0.253,中风险,0.145,中风险,0.36,高风险,0.452,高风险,0.305,中风险,0.319,高风险
106.0,4-4,location4,0.0,低风险,0.0,低风险,0.0,低风险,0.0,低风险,0.0,低风险,0.0,低风险
107.0,4-2,location4,0.0,低风险,0.0,低风险,0.0,低风险,0.0,低风险,0.0,低风险,0.0,低风险
107.0,4-4,location4,0.183,中风险,0.097,低风险,0.272,中风险,0.341,高风险,0.225,中风险,0.237,中风险
108.0,4-2,location4,0.266,中风险,0.107,低风险,0.452,高风险,0.566,高风险,0.35,高风险,0.375,高风险
108.0,4-4,location4,0.159,中风险,0.103,低风险,0.211,中风险,0.225,中风险,0.171,中风险,0.18,中风险
108.0,4-5,location4,0.0,低风险,0.0,低风险,0.0,低风险,0.0,低风险,0.0,低风险,0.0,低风险
109.0,4-2,location4,0.136,中风险,0.054,低风险,0.23,中风险,0.288,中风险,0.178,中风险,0.191,中风险
109.0,4-4,location4,0.118,中风险,0.047,低风险,0.2,中风险,0.251,中风险,0.155,中风险,0.166,中风险
110.0,4-4,location4,0.059,低风险,0.024,低风险,0.101,低风险,0.126,中风险,0.078,低风险,0.084,低风险
111.0,4-1,location4,0.241,中风险,0.147,中风险,0.329,高风险,0.413,高风险,0.285,中风险,0.296,中风险
111.0,4-2,location4,0.173,中风险,0.069,低风险,0.293,中风险,0.367,高风险,0.227,中风险,0.243,中风险
111.0,4-3,location4,0.081,低风险,0.033,低风险,0.138,中风险,0.173,中风险,0.107,低风险,0.115,中风险
111.0,4-4,location4,0.13,中风险,0.052,低风险,0.221,中风险,0.277,中风险,0.171,中风险,0.183,中风险
112.0,4-4,location4,0.176,中风险,0.071,低风险,0.298,中风险,0.374,高风险,0.231,中风险,0.248,中风险
113.0,4-3,location4,0.171,中风险,0.068,低风险,0.29,中风险,0.363,高风险,0.224,中风险,0.24,中风险
114.0,4-1,location4,0.0,低风险,0.0,低风险,0.0,低风险,0.0,低风险,0.0,低风险,0.0,低风险
114.0,4-3,location4,0.0,低风险,0.0,低风险,0.0,低风险,0.0,低风险,0.0,低风险,0.0,低风险
114.0,4-5,location4,0.428,高风险,0.311,高风险,0.503,高风险,0.634,高风险,0.473,高风险,0.483,高风险
115.0,4-1,location4,0.206,中风险,0.082,低风险,0.349,高风险,0.437,高风险,0.27,中风险,0.29,中风险
115.0,4-2,location4,0.444,高风险,0.321,高风险,0.525,高风险,0.66,高风险,0.492,高风险,0.502,高风险
115.0,4-3,location4,0.065,低风险,0.026,低风险,0.111,中风险,0.139,中风险,0.086,低风险,0.092,低风险
115.0,4-4,location4,0.076,低风险,0.03,低风险,0.129,中风险,0.161,中风险,0.1,低风险,0.107,低风险
116.0,4-1,location4,0.148,中风险,0.155,中风险,0.107,低风险,0.039,低风险,0.1,低风险,0.1,低风险
116.0,4-3,location4,0.0,低风险,0.0,低风险,0.0,低风险,0.0,低风险,0.0,低风险,0.0,低风险
116.0,4-4,location4,0.13,中风险,0.052,低风险,0.22,中风险,0.275,中风险,0.17,中风险,0.182,中风险
117.0,4-1,location4,0.242,中风险,0.097,低风险,0.41,高风险,0.514,高风险,0.318,高风险,0.34,高风险
117.0,4-2,location4,0.174,中风险,0.07,低风险,0.295,中风险,0.369,高风险,0.228,中风险,0.245,中风险
118.0,4-1,location4,0.155,中风险,0.062,低风险,0.262,中风险,0.328,高风险,0.203,中风险,0.217,中风险
119.0,4-1,location4,0.24,中风险,0.096,低风险,0.406,高风险,0.509,高风险,0.315,高风险,0.337,高风险
119.0,4-2,location4,0.383,高风险,0.253,中风险,0.5,高风险,0.527,高风险,0.405,高风险,0.427,高风险
119.0,4-3,location4,0.118,中风险,0.047,低风险,0.2,中风险,0.25,中风险,0.155,中风险,0.166,中风险
119.0,4-4,location4,0.252,中风险,0.101,低风险,0.427,高风险,0.535,高风险,0.331,高风险,0.354,高风险
120.0,4-2,location4,0.421,高风险,0.292,中风险,0.515,高风险,0.648,高风险,0.473,高风险,0.485,高风险
120.0,4-3,location4,0.158,中风险,0.077,低风险,0.245,中风险,0.307,中风险,0.198,中风险,0.21,中风险
120.0,4-4,location4,0.0,低风险,0.0,低风险,0.0,低风险,0.0,低风险,0.0,低风险,0.0,低风险
121.0,4-1,location4,0.244,中风险,0.098,低风险,0.414,高风险,0.519,高风险,0.321,高风险,0.344,高风险
121.0,4-2,location4,0.072,低风险,0.029,低风险,0.122,中风险,0.152,中风险,0.094,低风险,0.101,低风险
121.0,4-3,location4,0.0,低风险,0.0,低风险,0.0,低风险,0.0,低风险,0.0,低风险,0.0,低风险
122.0,4-1,location4,0.069,低风险,0.072,低风险,0.05,低风险,0.018,低风险,0.047,低风险,0.047,低风险
122.0,4-3,location4,0.0,低风险,0.0,低风险,0.0,低风险,0.0,低风险,0.0,低风险,0.0,低风险
123.0,4-1,location4,0.213,中风险,0.085,低风险,0.361,高风险,0.452,高风险,0.279,中风险,0.299,中风险
123.0,4-2,location4,0.157,中风险,0.063,低风险,0.266,中风险,0.334,高风险,0.206,中风险,0.221,中风险
123.0,4-3,location4,0.26,中风险,0.104,低风险,0.441,高风险,0.552,高风险,0.341,高风险,0.365,高风险
123.0,4-4,location4,0.0,低风险,0.0,低风险,0.0,低风险,0.0,低风险,0.0,低风险,0.0,低风险
124.0,4-3,location4,0.04,低风险,0.016,低风险,0.069,低风险,0.086,低风险,0.053,低风险,0.057,低风险
125.0,4-1,location4,0.19,中风险,0.128,中风险,0.239,中风险,0.301,中风险,0.216,中风险,0.223,中风险
125.0,4-3,location4,0.282,中风险,0.149,中风险,0.421,高风险,0.528,高风险,0.348,高风险,0.366,高风险
125.0,4-4,location4,0.0,低风险,0.0,低风险,0.0,低风险,0.0,低风险,0.0,低风险,0.0,低风险
126.0,4-1,location4,0.0,低风险,0.0,低风险,0.0,低风险,0.0,低风险,0.0,低风险,0.0,低风险
126.0,4-2,location4,0.0,低风险,0.0,低风险,0.0,低风险,0.0,低风险,0.0,低风险,0.0,低风险
126.0,4-4,location4,0.0,低风险,0.0,低风险,0.0,低风险,0.0,低风险,0.0,低风险,0.0,低风险
127.0,4-1,location4,0.0,低风险,0.0,低风险,0.0,低风险,0.0,低风险,0.0,低风险,0.0,低风险
127.0,4-2,location4,0.0,低风险,0.0,低风险,0.0,低风险,0.0,低风险,0.0,低风险,0.0,低风险
127.0,4-3,location4,0.183,中风险,0.073,低风险,0.311,高风险,0.389,高风险,0.241,中风险,0.258,中风险
127.0,4-4,location4,0.0,低风险,0.0,低风险,0.0,低风险,0.0,低风险,0.0,低风险,0.0,低风险
128.0,4-1,location4,0.52,高风险,0.392,高风险,0.589,高风险,0.741,高风险,0.566,高风险,0.574,高风险
128.0,4-2,location4,0.145,中风险,0.09,低风险,0.2,中风险,0.219,中风险,0.16,中风险,0.17,中风险
128.0,4-3,location4,0.234,中风险,0.15,中风险,0.314,高风险,0.337,高风险,0.253,中风险,0.267,中风险
128.0,4-4,location4,0.0,低风险,0.0,低风险,0.0,低风险,0.0,低风险,0.0,低风险,0.0,低风险
129.0,4-1,location4,0.212,中风险,0.085,低风险,0.36,高风险,0.45,高风险,0.278,中风险,0.298,中风险
129.0,4-2,location4,0.0,低风险,0.0,低风险,0.0,低风险,0.0,低风险,0.0,低风险,0.0,低风险
129.0,4-3,location4,0.053,低风险,0.021,低风险,0.09,低风险,0.112,中风险,0.069,低风险,0.074,低风险
129.0,4-4,location4,0.0,低风险,0.0,低风险,0.0,低风险,0.0,低风险,0.0,低风险,0.0,低风险
130.0,4-1,location4,0.0,低风险,0.0,低风险,0.0,低风险,0.0,低风险,0.0,低风险,0.0,低风险
130.0,4-2,location4,0.087,低风险,0.035,低风险,0.147,中风险,0.184,中风险,0.114,中风险,0.122,中风险
130.0,4-3,location4,0.082,低风险,0.086,低风险,0.059,低风险,0.021,低风险,0.056,低风险,0.056,低风险
130.0,4-4,location4,0.212,中风险,0.087,低风险,0.357,高风险,0.446,高风险,0.277,中风险,0.297,中风险
131.0,4-2,location4,0.0,低风险,0.0,低风险,0.0,低风险,0.0,低风险,0.0,低风险,0.0,低风险
131.0,4-3,location4,0.481,高风险,0.351,高风险,0.573,高风险,0.623,高风险,0.498,高风险,0.516,高风险
132.0,4-1,location4,0.05,低风险,0.02,低风险,0.084,低风险,0.105,低风险,0.065,低风险,0.07,低风险
132.0,4-2,location4,0.271,中风险,0.116,中风险,0.448,高风险,0.562,高风险,0.351,高风险,0.375,高风险
132.0,4-3,location4,0.0,低风险,0.0,低风险,0.0,低风险,0.0,低风险,0.0,低风险,0.0,低风险
132.0,4-4,location4,0.002,低风险,0.002,低风险,0.002,低风险,0.001,低风险,0.002,低风险,0.002,低风险
133.0,4-1,location4,0.189,中风险,0.111,中风险,0.268,中风险,0.3,中风险,0.214,中风险,0.226,中风险
133.0,4-2,location4,0.165,中风险,0.066,低风险,0.28,中风险,0.351,高风险,0.217,中风险,0.232,中风险
133.0,4-3,location4,0.415,高风险,0.281,中风险,0.532,高风险,0.552,高风险,0.433,高风险,0.455,高风险
133.0,4-4,location4,0.059,低风险,0.062,低风险,0.043,低风险,0.015,低风险,0.04,低风险,0.04,低风险
134.0,4-2,location4,0.0,低风险,0.0,低风险,0.0,低风险,0.0,低风险,0.0,低风险,0.0,低风险
134.0,4-4,location4,0.483,高风险,0.3,中风险,0.648,高风险,0.814,高风险,0.565,高风险,0.587,高风险
135.0,4-2,location4,0.413,高风险,0.279,中风险,0.531,高风险,0.553,高风险,0.432,高风险,0.454,高风险
135.0,4-3,location4,0.547,高风险,0.385,高风险,0.662,高风险,0.833,高风险,0.612,高风险,0.627,高风险
135.0,4-4,location4,0.044,低风险,0.046,低风险,0.032,低风险,0.011,低风险,0.03,低风险,0.03,低风险
136.0,4-1,location4,0.086,低风险,0.091,低风险,0.063,低风险,0.023,低风险,0.059,低风险,0.059,低风险
136.0,4-2,location4,0.234,中风险,0.094,低风险,0.397,高风险,0.498,高风险,0.308,中风险,0.33,高风险
136.0,4-4,location4,0.117,中风险,0.047,低风险,0.198,中风险,0.248,中风险,0.153,中风险,0.164,中风险
136.0,4-5,location4,0.0,低风险,0.0,低风险,0.0,低风险,0.0,低风险,0.0,低风险,0.0,低风险
137.0,4-4,location4,0.0,低风险,0.0,低风险,0.0,低风险,0.0,低风险,0.0,低风险,0.0,低风险
138.0,4-1,location4,0.104,低风险,0.109,低风险,0.075,低风险,0.027,低风险,0.071,低风险,0.071,低风险
138.0,4-2,location4,0.0,低风险,0.0,低风险,0.0,低风险,0.0,低风险,0.0,低风险,0.0,低风险
138.0,4-3,location4,0.067,低风险,0.07,低风险,0.048,低风险,0.017,低风险,0.045,低风险,0.045,低风险
138.0,4-4,location4,0.245,中风险,0.133,中风险,0.361,高风险,0.453,高风险,0.3,中风险,0.316,高风险
139.0,4-2,location4,0.446,高风险,0.313,高风险,0.541,高风险,0.675,高风险,0.497,高风险,0.51,高风险
139.0,4-3,location4,0.0,低风险,0.0,低风险,0.0,低风险,0.0,低风险,0.0,低风险,0.0,低风险
139.0,4-5,location4,0.216,中风险,0.087,低风险,0.366,高风险,0.459,高风险,0.284,中风险,0.304,中风险
140.0,4-1,location4,0.342,高风险,0.228,中风险,0.441,高风险,0.504,高风险,0.375,高风险,0.391,高风险
140.0,4-2,location4,0.112,中风险,0.045,低风险,0.19,中风险,0.238,中风险,0.147,中风险,0.158,中风险
140.0,4-4,location4,0.255,中风险,0.151,中风险,0.355,高风险,0.445,高风险,0.304,中风险,0.317,高风险
141.0,4-4,location4,0.184,中风险,0.074,低风险,0.312,高风险,0.39,高风险,0.241,中风险,0.259,中风险
142.0,4-1,location4,0.412,高风险,0.295,中风险,0.492,高风险,0.619,高风险,0.458,高风险,0.468,高风险
142.0,4-3,location4,0.0,低风险,0.0,低风险,0.0,低风险,0.0,低风险,0.0,低风险,0.0,低风险
142.0,4-4,location4,0.0,低风险,0.0,低风险,0.0,低风险,0.0,低风险,0.0,低风险,0.0,低风险
143.0,4-1,location4,0.371,高风险,0.237,中风险,0.498,高风险,0.537,高风险,0.402,高风险,0.424,高风险
143.0,4-3,location4,0.121,中风险,0.049,低风险,0.205,中风险,0.256,中风险,0.159,中风险,0.17,中风险
143.0,4-4,location4,0.072,低风险,0.029,低风险,0.122,中风险,0.153,中风险,0.094,低风险,0.101,低风险
144.0,4-1,location4,0.363,高风险,0.225,中风险,0.489,高风险,0.613,高风险,0.426,高风险,0.442,高风险
144.0,4-3,location4,0.253,中风险,0.149,中风险,0.353,高风险,0.443,高风险,0.302,中风险,0.315,高风险
144.0,4-4,location4,0.0,低风险,0.0,低风险,0.0,低风险,0.0,低风险,0.0,低风险,0.0,低风险
145.0,4-1,location4,0.232,中风险,0.093,低风险,0.393,高风险,0.492,高风险,0.304,中风险,0.326,高风险
145.0,4-2,location4,0.214,中风险,0.086,低风险,0.362,高风险,0.454,高风险,0.281,中风险,0.301,中风险
145.0,4-3,location4,0.0,低风险,0.0,低风险,0.0,低风险,0.0,低风险,0.0,低风险,0.0,低风险
145.0,4-4,location4,0.0,低风险,0.0,低风险,0.0,低风险,0.0,低风险,0.0,低风险,0.0,低风险
146.0,4-1,location4,0.587,高风险,0.464,高风险,0.641,高风险,0.703,高风险,0.59,高风险,0.603,高风险
146.0,4-2,location4,0.186,中风险,0.101,低风险,0.271,中风险,0.341,高风险,0.226,中风险,0.238,中风险
146.0,4-3,location4,0.0,低风险,0.0,低风险,0.0,低风险,0.0,低风险,0.0,低风险,0.0,低风险
147.0,4-1,location4,0.13,中风险,0.081,低风险,0.175,中风险,0.22,中风险,0.153,中风险,0.159,中风险
147.0,4-2,location4,0.0,低风险,0.0,低风险,0.0,低风险,0.0,低风险,0.0,低风险,0.0,低风险
147.0,4-3,location4,0.119,中风险,0.064,低风险,0.176,中风险,0.204,中风险,0.139,中风险,0.148,中风险
147.0,4-4,location4,0.0,低风险,0.0,低风险,0.0,低风险,0.0,低风险,0.0,低风险,0.0,低风险
148.0,4-1,location4,0.125,中风险,0.055,低风险,0.204,中风险,0.256,中风险,0.161,中风险,0.172,中风险
148.0,4-2,location4,0.0,低风险,0.0,低风险,0.0,低风险,0.0,低风险,0.0,低风险,0.0,低风险
148.0,4-3,location4,0.178,中风险,0.072,低风险,0.303,中风险,0.379,高风险,0.234,中风险,0.251,中风险
148.0,4-4,location4,0.109,低风险,0.044,低风险,0.185,中风险,0.231,中风险,0.143,中风险,0.153,中风险
149.0,4-1,location4,0.405,高风险,0.292,中风险,0.481,高风险,0.58,高风险,0.44,高风险,0.451,高风险
149.0,4-2,location4,0.0,低风险,0.0,低风险,0.0,低风险,0.0,低风险,0.0,低风险,0.0,低风险
149.0,4-3,location4,0.225,中风险,0.112,中风险,0.346,高风险,0.434,高风险,0.281,中风险,0.297,中风险
150.0,4-1,location4,0.0,低风险,0.0,低风险,0.0,低风险,0.0,低风险,0.0,低风险,0.0,低风险
150.0,4-2,location4,0.0,低风险,0.0,低风险,0.0,低风险,0.0,低风险,0.0,低风险,0.0,低风险
150.0,4-3,location4,0.0,低风险,0.0,低风险,0.0,低风险,0.0,低风险,0.0,低风险,0.0,低风险
150.0,4-4,location4,0.247,中风险,0.099,低风险,0.419,高风险,0.525,高风险,0.325,高风险,0.348,高风险
151.0,4-1,location4,0.243,中风险,0.202,中风险,0.256,中风险,0.216,中风险,0.217,中风险,0.225,中风险
151.0,4-2,location4,0.0,低风险,0.0,低风险,0.0,低风险,0.0,低风险,0.0,低风险,0.0,低风险
151.0,4-3,location4,0.0,低风险,0.0,低风险,0.0,低风险,0.0,低风险,0.0,低风险,0.0,低风险
151.0,4-4,location4,0.06,低风险,0.025,低风险,0.1,低风险,0.126,中风险,0.078,低风险,0.084,低风险
152.0,4-2,location4,0.237,中风险,0.095,低风险,0.402,高风险,0.503,高风险,0.311,高风险,0.333,高风险
152.0,4-4,location4,0.0,低风险,0.0,低风险,0.0,低风险,0.0,低风险,0.0,低风险,0.0,低风险
153.0,4-1,location4,0.186,中风险,0.195,中风险,0.135,中风险,0.049,低风险,0.126,中风险,0.126,中风险
153.0,4-2,location4,0.215,中风险,0.226,中风险,0.156,中风险,0.056,低风险,0.146,中风险,0.146,中风险
153.0,4-3,location4,0.0,低风险,0.0,低风险,0.0,低风险,0.0,低风险,0.0,低风险,0.0,低风险
154.0,4-1,location4,0.115,中风险,0.046,低风险,0.195,中风险,0.244,中风险,0.151,中风险,0.162,中风险
154.0,4-3,location4,0.0,低风险,0.0,低风险,0.0,低风险,0.0,低风险,0.0,低风险,0.0,低风险
154.0,4-4,location4,0.171,中风险,0.072,低风险,0.286,中风险,0.358,高风险,0.223,中风险,0.238,中风险
155.0,4-1,location4,0.175,中风险,0.07,低风险,0.296,中风险,0.371,高风险,0.23,中风险,0.246,中风险
155.0,4-2,location4,0.0,低风险,0.0,低风险,0.0,低风险,0.0,低风险,0.0,低风险,0.0,低风险
155.0,4-3,location4,0.0,低风险,0.0,低风险,0.0,低风险,0.0,低风险,0.0,低风险,0.0,低风险
155.0,4-4,location4,0.193,中风险,0.077,低风险,0.328,高风险,0.41,高风险,0.254,中风险,0.272,中风险
156.0,4-2,location4,0.372,高风险,0.149,中风险,0.63,高风险,0.789,高风险,0.488,高风险,0.523,高风险
156.0,4-4,location4,0.0,低风险,0.0,低风险,0.0,低风险,0.0,低风险,0.0,低风险,0.0,低风险
157.0,4-4,location4,0.029,低风险,0.012,低风险,0.05,低风险,0.062,低风险,0.038,低风险,0.041,低风险
158.0,4-1,location4,0.0,低风险,0.0,低风险,0.0,低风险,0.0,低风险,0.0,低风险,0.0,低风险
158.0,4-3,location4,0.0,低风险,0.0,低风险,0.0,低风险,0.0,低风险,0.0,低风险,0.0,低风险
158.0,4-4,location4,0.0,低风险,0.0,低风险,0.0,低风险,0.0,低风险,0.0,低风险,0.0,低风险
159.0,4-1,location4,0.313,高风险,0.125,中风险,0.531,高风险,0.664,高风险,0.411,高风险,0.44,高风险
159.0,4-2,location4,0.218,中风险,0.089,低风险,0.368,高风险,0.461,高风险,0.286,中风险,0.306,中风险
159.0,4-3,location4,0.0,低风险,0.0,低风险,0.0,低风险,0.0,低风险,0.0,低风险,0.0,低风险
159.0,4-4,location4,0.0,低风险,0.0,低风险,0.0,低风险,0.0,低风险,0.0,低风险,0.0,低风险
160.0,4-2,location4,0.134,中风险,0.054,低风险,0.227,中风险,0.284,中风险,0.176,中风险,0.188,中风险
160.0,4-3,location4,0.0,低风险,0.0,低风险,0.0,低风险,0.0,低风险,0.0,低风险,0.0,低风险
160.0,4-4,location4,0.242,中风险,0.097,低风险,0.411,高风险,0.515,高风险,0.318,高风险,0.341,高风险
161.0,4-3,location4,0.0,低风险,0.0,低风险,0.0,低风险,0.0,低风险,0.0,低风险,0.0,低风险
161.0,4-4,location4,0.0,低风险,0.0,低风险,0.0,低风险,0.0,低风险,0.0,低风险,0.0,低风险
162.0,4-1,location4,0.198,中风险,0.116,中风险,0.278,中风险,0.341,高风险,0.234,中风险,0.245,中风险
162.0,4-2,location4,0.0,低风险,0.0,低风险,0.0,低风险,0.0,低风险,0.0,低风险,0.0,低风险
162.0,4-3,location4,0.231,中风险,0.173,中风险,0.272,中风险,0.261,中风险,0.225,中风险,0.236,中风险
162.0,4-4,location4,0.05,低风险,0.02,低风险,0.085,低风险,0.107,低风险,0.066,低风险,0.071,低风险
163.0,4-3,location4,0.0,低风险,0.0,低风险,0.0,低风险,0.0,低风险,0.0,低风险,0.0,低风险
163.0,4-4,location4,0.14,中风险,0.056,低风险,0.237,中风险,0.296,中风险,0.183,中风险,0.196,中风险
163.0,4-5,location4,0.079,低风险,0.032,低风险,0.134,中风险,0.168,中风险,0.104,低风险,0.111,中风险
164.0,4-1,location4,0.271,中风险,0.109,低风险,0.46,高风险,0.575,高风险,0.356,高风险,0.381,高风险
164.0,4-2,location4,0.198,中风险,0.123,中风险,0.266,中风险,0.334,高风险,0.232,中风险,0.241,中风险
164.0,4-3,location4,0.0,低风险,0.0,低风险,0.0,低风险,0.0,低风险,0.0,低风险,0.0,低风险
164.0,4-4,location4,0.031,低风险,0.012,低风险,0.053,低风险,0.066,低风险,0.041,低风险,0.044,低风险
165.0,4-1,location4,0.595,高风险,0.511,高风险,0.586,高风险,0.625,高风险,0.57,高风险,0.574,高风险
165.0,4-2,location4,0.045,低风险,0.047,低风险,0.032,低风险,0.012,低风险,0.03,低风险,0.03,低风险
165.0,4-3,location4,0.205,中风险,0.216,中风险,0.149,中风险,0.054,低风险,0.14,中风险,0.14,中风险
165.0,4-4,location4,0.21,中风险,0.196,中风险,0.19,中风险,0.127,中风险,0.167,中风险,0.171,中风险
166.0,4-1,location4,0.254,中风险,0.102,低风险,0.431,高风险,0.54,高风险,0.334,高风险,0.358,高风险
166.0,4-2,location4,0.273,中风险,0.162,中风险,0.383,高风险,0.44,高风险,0.311,高风险,0.328,高风险
166.0,4-3,location4,0.313,高风险,0.145,中风险,0.502,高风险,0.609,高风险,0.392,高风险,0.418,高风险
166.0,4-4,location4,0.0,低风险,0.0,低风险,0.0,低风险,0.0,低风险,0.0,低风险,0.0,低风险
167.0,4-1,location4,0.112,中风险,0.045,低风险,0.189,中风险,0.237,中风险,0.147,中风险,0.157,中风险
167.0,4-2,location4,0.0,低风险,0.0,低风险,0.0,低风险,0.0,低风险,0.0,低风险,0.0,低风险
168.0,4-2,location4,0.059,低风险,0.024,低风险,0.1,低风险,0.125,中风险,0.077,低风险,0.083,低风险
168.0,4-3,location4,0.284,中风险,0.114,中风险,0.481,高风险,0.602,高风险,0.372,高风险,0.399,高风险
168.0,4-4,location4,0.053,低风险,0.055,低风险,0.038,低风险,0.014,低风险,0.036,低风险,0.036,低风险
169.0,4-4,location4,0.0,低风险,0.0,低风险,0.0,低风险,0.0,低风险,0.0,低风险,0.0,低风险
170.0,4-1,location4,0.073,低风险,0.029,低风险,0.124,中风险,0.155,中风险,0.096,低风险,0.103,低风险
170.0,4-2,location4,0.185,中风险,0.106,低风险,0.262,中风险,0.329,高风险,0.222,中风险,0.232,中风险
171.0,4-1,location4,0.167,中风险,0.098,低风险,0.238,中风险,0.268,中风险,0.19,中风险,0.201,中风险
171.0,4-2,location4,0.0,低风险,0.0,低风险,0.0,低风险,0.0,低风险,0.0,低风险,0.0,低风险
171.0,4-3,location4,0.123,中风险,0.049,低风险,0.208,中风险,0.26,中风险,0.161,中风险,0.173,中风险
171.0,4-4,location4,0.333,高风险,0.252,中风险,0.374,高风险,0.471,高风险,0.361,高风险,0.366,高风险
172.0,4-2,location4,0.193,中风险,0.077,低风险,0.328,高风险,0.41,高风险,0.254,中风险,0.272,中风险
172.0,4-4,location4,0.0,低风险,0.0,低风险,0.0,低风险,0.0,低风险,0.0,低风险,0.0,低风险
173.0,4-3,location4,0.226,中风险,0.091,低风险,0.384,高风险,0.481,高风险,0.297,中风险,0.318,高风险
173.0,4-4,location4,0.309,中风险,0.187,中风险,0.421,高风险,0.529,高风险,0.364,高风险,0.379,高风险
174.0,4-1,location4,0.193,中风险,0.077,低风险,0.328,高风险,0.41,高风险,0.254,中风险,0.272,中风险
174.0,4-2,location4,0.0,低风险,0.0,低风险,0.0,低风险,0.0,低风险,0.0,低风险,0.0,低风险
174.0,4-4,location4,0.274,中风险,0.288,中风险,0.198,中风险,0.072,低风险,0.186,中风险,0.186,中风险
175.0,4-1,location4,0.261,中风险,0.105,低风险,0.443,高风险,0.555,高风险,0.343,高风险,0.367,高风险
175.0,4-2,location4,0.114,中风险,0.046,低风险,0.193,中风险,0.242,中风险,0.15,中风险,0.16,中风险
175.0,4-3,location4,0.19,中风险,0.098,低风险,0.287,中风险,0.36,高风险,0.235,中风险,0.248,中风险
176.0,4-1,location4,0.271,中风险,0.109,低风险,0.46,高风险,0.576,高风险,0.356,高风险,0.382,高风险
176.0,4-3,location4,0.129,中风险,0.101,低风险,0.145,中风险,0.132,中风险,0.121,中风险,0.126,中风险
177.0,4-1,location4,0.51,高风险,0.397,高风险,0.576,高风险,0.566,高风险,0.495,高风险,0.513,高风险
177.0,4-2,location4,0.261,中风险,0.182,中风险,0.325,高风险,0.358,高风险,0.277,中风险,0.288,中风险
177.0,4-3,location4,0.19,中风险,0.076,低风险,0.322,高风险,0.403,高风险,0.249,中风险,0.267,中风险
177.0,4-4,location4,0.245,中风险,0.098,低风险,0.416,高风险,0.521,高风险,0.322,高风险,0.345,高风险
178.0,4-2,location4,0.105,低风险,0.042,低风险,0.179,中风险,0.224,中风险,0.138,中风险,0.148,中风险
178.0,4-3,location4,0.237,中风险,0.194,中风险,0.243,中风险,0.306,中风险,0.247,中风险,0.248,中风险
179.0,4-2,location4,0.32,高风险,0.194,中风险,0.437,高风险,0.548,高风险,0.378,高风险,0.393,高风险
179.0,4-3,location4,0.049,低风险,0.02,低风险,0.084,低风险,0.105,低风险,0.065,低风险,0.07,低风险
179.0,4-4,location4,0.273,中风险,0.159,中风险,0.388,高风险,0.437,高风险,0.309,中风险,0.328,高风险
180.0,4-1,location4,0.287,中风险,0.115,中风险,0.486,高风险,0.609,高风险,0.376,高风险,0.403,高风险
180.0,4-2,location4,0.0,低风险,0.0,低风险,0.0,低风险,0.0,低风险,0.0,低风险,0.0,低风险
180.0,4-4,location4,0.055,低风险,0.024,低风险,0.091,低风险,0.114,中风险,0.072,低风险,0.077,低风险
181.0,4-2,location4,0.16,中风险,0.064,低风险,0.271,中风险,0.339,高风险,0.21,中风险,0.225,中风险
181.0,4-3,location4,0.101,低风险,0.041,低风险,0.171,中风险,0.215,中风险,0.133,中风险,0.142,中风险
181.0,4-4,location4,0.25,中风险,0.1,低风险,0.423,高风险,0.53,高风险,0.328,高风险,0.351,高风险
182.0,4-1,location4,0.244,中风险,0.098,低风险,0.414,高风险,0.519,高风险,0.321,高风险,0.344,高风险
182.0,4-2,location4,0.28,中风险,0.146,中风险,0.421,高风险,0.528,高风险,0.346,高风险,0.365,高风险
182.0,4-4,location4,0.096,低风险,0.101,低风险,0.07,低风险,0.025,低风险,0.065,低风险,0.065,低风险
182.0,4-5,location4,0.115,中风险,0.046,低风险,0.194,中风险,0.243,中风险,0.151,中风险,0.161,中风险
183.0,4-1,location4,0.366,高风险,0.208,中风险,0.529,高风险,0.602,高风险,0.421,高风险,0.446,高风险
183.0,4-4,location4,0.0,低风险,0.0,低风险,0.0,低风险,0.0,低风险,0.0,低风险,0.0,低风险
184.0,4-2,location4,0.0,低风险,0.0,低风险,0.0,低风险,0.0,低风险,0.0,低风险,0.0,低风险
184.0,4-3,location4,0.0,低风险,0.0,低风险,0.0,低风险,0.0,低风险,0.0,低风险,0.0,低风险
185.0,4-2,location4,0.38,高风险,0.238,中风险,0.508,高风险,0.638,高风险,0.444,高风险,0.461,高风险
185.0,4-3,location4,0.07,低风险,0.074,低风险,0.051,低风险,0.018,低风险,0.048,低风险,0.048,低风险
185.0,4-4,location4,0.352,高风险,0.254,中风险,0.422,高风险,0.494,高风险,0.379,高风险,0.39,高风险
186.0,4-1,location4,0.0,低风险,0.0,低风险,0.0,低风险,0.0,低风险,0.0,低风险,0.0,低风险
186.0,4-3,location4,0.0,低风险,0.0,低风险,0.0,低风险,0.0,低风险,0.0,低风险,0.0,低风险
186.0,4-4,location4,0.386,高风险,0.221,中风险,0.555,高风险,0.629,高风险,0.442,高风险,0.468,高风险
187.0,4-2,location4,0.169,中风险,0.068,低风险,0.287,中风险,0.359,高风险,0.222,中风险,0.238,中风险
187.0,4-4,location4,0.0,低风险,0.0,低风险,0.0,低风险,0.0,低风险,0.0,低风险,0.0,低风险
188.0,4-2,location4,0.063,低风险,0.025,低风险,0.106,低风险,0.133,中风险,0.082,低风险,0.088,低风险
188.0,4-3,location4,0.212,中风险,0.116,中风险,0.31,中风险,0.388,高风险,0.258,中风险,0.271,中风险
189.0,4-1,location4,0.404,高风险,0.296,中风险,0.486,高风险,0.475,高风险,0.4,高风险,0.419,高风险
189.0,4-2,location4,0.135,中风险,0.054,低风险,0.228,中风险,0.286,中风险,0.177,中风险,0.189,中风险
189.0,4-3,location4,0.0,低风险,0.0,低风险,0.0,低风险,0.0,低风险,0.0,低风险,0.0,低风险
190.0,4-1,location4,0.127,中风险,0.061,低风险,0.2,中风险,0.239,中风险,0.156,中风险,0.167,中风险
190.0,4-2,location4,0.233,中风险,0.093,低风险,0.394,高风险,0.494,高风险,0.305,中风险,0.327,高风险
190.0,4-3,location4,0.253,中风险,0.222,中风险,0.251,中风险,0.195,中风险,0.216,中风险,0.222,中风险
190.0,4-4,location4,0.439,高风险,0.339,高风险,0.484,高风险,0.605,高风险,0.47,高风险,0.476,高风险
191.0,4-1,location4,0.113,中风险,0.045,低风险,0.191,中风险,0.239,中风险,0.148,中风险,0.159,中风险
191.0,4-2,location4,0.124,中风险,0.05,低风险,0.211,中风险,0.264,中风险,0.163,中风险,0.175,中风险
191.0,4-3,location4,0.134,中风险,0.054,低风险,0.226,中风险,0.284,中风险,0.175,中风险,0.188,中风险
192.0,4-3,location4,0.0,低风险,0.0,低风险,0.0,低风险,0.0,低风险,0.0,低风险,0.0,低风险
192.0,4-4,location4,0.0,低风险,0.0,低风险,0.0,低风险,0.0,低风险,0.0,低风险,0.0,低风险
193.0,4-1,location4,0.215,中风险,0.108,低风险,0.332,高风险,0.394,高风险,0.261,中风险,0.278,中风险
193.0,4-2,location4,0.0,低风险,0.0,低风险,0.0,低风险,0.0,低风险,0.0,低风险,0.0,低风险
193.0,4-3,location4,0.239,中风险,0.11,低风险,0.385,高风险,0.468,高风险,0.301,中风险,0.321,高风险
194.0,4-1,location4,0.357,高风险,0.254,中风险,0.427,高风险,0.538,高风险,0.398,高风险,0.406,高风险
194.0,4-2,location4,0.052,低风险,0.054,低风险,0.038,低风险,0.014,低风险,0.035,低风险,0.035,低风险
194.0,4-4,location4,0.0,低风险,0.0,低风险,0.0,低风险,0.0,低风险,0.0,低风险,0.0,低风险
194.0,4-5,location4,0.031,低风险,0.033,低风险,0.023,低风险,0.008,低风险,0.021,低风险,0.021,低风险
195.0,4-1,location4,0.24,中风险,0.117,中风险,0.374,高风险,0.468,高风险,0.302,中风险,0.319,高风险
195.0,4-2,location4,0.176,中风险,0.086,低风险,0.274,中风险,0.344,高风险,0.221,中风险,0.235,中风险
195.0,4-4,location4,0.0,低风险,0.0,低风险,0.0,低风险,0.0,低风险,0.0,低风险,0.0,低风险
196.0,4-1,location4,0.0,低风险,0.0,低风险,0.0,低风险,0.0,低风险,0.0,低风险,0.0,低风险
196.0,4-2,location4,0.432,高风险,0.295,中风险,0.545,高风险,0.619,高风险,0.467,高风险,0.486,高风险
196.0,4-4,location4,0.252,中风险,0.188,中风险,0.287,中风险,0.361,高风险,0.274,中风险,0.279,中风险
197.0,4-1,location4,0.119,中风险,0.075,低风险,0.158,中风险,0.198,中风险,0.138,中风险,0.144,中风险
197.0,4-3,location4,0.124,中风险,0.05,低风险,0.21,中风险,0.263,中风险,0.163,中风险,0.174,中风险
197.0,4-4,location4,0.15,中风险,0.065,低风险,0.246,中风险,0.308,中风险,0.193,中风险,0.206,中风险
198.0,4-2,location4,0.001,低风险,0.001,低风险,0.0,低风险,0.0,低风险,0.0,低风险,0.0,低风险
198.0,4-3,location4,0.0,低风险,0.0,低风险,0.0,低风险,0.0,低风险,0.0,低风险,0.0,低风险
198.0,4-4,location4,0.295,中风险,0.159,中风险,0.439,高风险,0.509,高风险,0.347,高风险,0.369,高风险
199.0,4-1,location4,0.0,低风险,0.0,低风险,0.0,低风险,0.0,低风险,0.0,低风险,0.0,低风险
199.0,4-2,location4,0.171,中风险,0.069,低风险,0.291,中风险,0.364,高风险,0.225,中风险,0.241,中风险
199.0,4-3,location4,0.001,低风险,0.001,低风险,0.001,低风险,0.0,低风险,0.001,低风险,0.001,低风险
199.0,4-4,location4,0.187,中风险,0.197,中风险,0.136,中风险,0.049,低风险,0.127,中风险,0.127,中风险
200.0,4-1,location4,0.219,中风险,0.088,低风险,0.371,高风险,0.464,高风险,0.287,中风险,0.308,中风险
200.0,4-2,location4,0.325,高风险,0.223,中风险,0.403,高风险,0.507,高风险,0.368,高风险,0.378,高风险
200.0,4-3,location4,0.168,中风险,0.067,低风险,0.285,中风险,0.356,高风险,0.22,中风险,0.236,中风险
200.0,4-4,location4,0.0,低风险,0.0,低风险,0.0,低风险,0.0,低风险,0.0,低风险,0.0,低风险
201.0,4-1,location4,0.073,低风险,0.029,低风险,0.124,中风险,0.155,中风险,0.096,低风险,0.103,低风险
201.0,4-2,location4,0.259,中风险,0.128,中风险,0.401,高风险,0.503,高风险,0.325,高风险,0.344,高风险
201.0,4-3,location4,0.0,低风险,0.0,低风险,0.0,低风险,0.0,低风险,0.0,低风险,0.0,低风险
202.0,4-2,location4,0.043,低风险,0.045,低风险,0.031,低风险,0.011,低风险,0.029,低风险,0.029,低风险
203.0,4-2,location4,0.118,中风险,0.047,低风险,0.2,中风险,0.25,中风险,0.155,中风险,0.166,中风险
203.0,4-3,location4,0.059,低风险,0.024,低风险,0.1,低风险,0.126,中风险,0.078,低风险,0.083,低风险
204.0,4-1,location4,0.163,中风险,0.065,低风险,0.277,中风险,0.347,高风险,0.214,中风险,0.23,中风险
204.0,4-3,location4,0.064,低风险,0.026,低风险,0.109,低风险,0.136,中风险,0.084,低风险,0.09,低风险
205.0,4-3,location4,0.294,中风险,0.309,中风险,0.213,中风险,0.077,低风险,0.2,中风险,0.2,中风险
206.0,4-2,location4,0.205,中风险,0.082,低风险,0.347,高风险,0.435,高风险,0.269,中风险,0.288,中风险
206.0,4-3,location4,0.302,中风险,0.174,中风险,0.428,高风险,0.537,高风险,0.363,高风险,0.38,高风险
206.0,4-4,location4,0.134,中风险,0.054,低风险,0.227,中风险,0.285,中风险,0.176,中风险,0.189,中风险
207.0,4-2,location4,0.195,中风险,0.078,低风险,0.33,高风险,0.413,高风险,0.255,中风险,0.274,中风险
207.0,4-3,location4,0.081,低风险,0.033,低风险,0.138,中风险,0.172,中风险,0.107,低风险,0.114,中风险
208.0,4-4,location4,0.288,中风险,0.115,中风险,0.488,高风险,0.611,高风险,0.378,高风险,0.405,高风险
209.0,4-2,location4,0.465,高风险,0.303,中风险,0.614,高风险,0.653,高风险,0.497,高风险,0.523,高风险
209.0,4-3,location4,0.265,中风险,0.106,低风险,0.449,高风险,0.563,高风险,0.348,高风险,0.373,高风险
209.0,4-5,location4,0.0,低风险,0.0,低风险,0.0,低风险,0.0,低风险,0.0,低风险,0.0,低风险
210.0,4-3,location4,0.212,中风险,0.085,低风险,0.36,高风险,0.451,高风险,0.279,中风险,0.299,中风险
210.0,4-4,location4,0.217,中风险,0.176,中风险,0.236,中风险,0.207,中风险,0.199,中风险,0.206,中风险
212.0,4-1,location4,0.0,低风险,0.0,低风险,0.0,低风险,0.0,低风险,0.0,低风险,0.0,低风险
212.0,4-3,location4,0.107,低风险,0.052,低风险,0.167,中风险,0.21,中风险,0.135,中风险,0.143,中风险
212.0,4-5,location4,0.0,低风险,0.0,低风险,0.0,低风险,0.0,低风险,0.0,低风险,0.0,低风险
213.0,4-3,location4,0.0,低风险,0.0,低风险,0.0,低风险,0.0,低风险,0.0,低风险,0.0,低风险
213.0,4-4,location4,0.664,高风险,0.57,高风险,0.655,高风险,0.678,高风险,0.628,高风险,0.634,高风险
214.0,4-1,location4,0.223,中风险,0.089,低风险,0.378,高风险,0.473,高风险,0.292,中风险,0.313,高风险
214.0,4-2,location4,0.483,高风险,0.36,高风险,0.553,高风险,0.696,高风险,0.528,高风险,0.537,高风险
214.0,4-3,location4,0.171,中风险,0.18,中风险,0.124,中风险,0.045,低风险,0.116,中风险,0.117,中风险
214.0,4-4,location4,0.0,低风险,0.0,低风险,0.0,低风险,0.0,低风险,0.0,低风险,0.0,低风险
215.0,4-1,location4,0.0,低风险,0.0,低风险,0.0,低风险,0.0,低风险,0.0,低风险,0.0,低风险
215.0,4-2,location4,0.0,低风险,0.0,低风险,0.0,低风险,0.0,低风险,0.0,低风险,0.0,低风险
215.0,4-3,location4,0.0,低风险,0.0,低风险,0.0,低风险,0.0,低风险,0.0,低风险,0.0,低风险
215.0,4-4,location4,0.503,高风险,0.358,高风险,0.602,高风险,0.757,高风险,0.56,高风险,0.572,高风险
216.0,4-2,location4,0.14,中风险,0.099,低风险,0.168,中风险,0.212,中风险,0.156,中风险,0.16,中风险
216.0,4-3,location4,0.0,低风险,0.0,低风险,0.0,低风险,0.0,低风险,0.0,低风险,0.0,低风险
216.0,4-4,location4,0.0,低风险,0.0,低风险,0.0,低风险,0.0,低风险,0.0,低风险,0.0,低风险
217.0,4-1,location4,0.278,中风险,0.16,中风险,0.395,高风险,0.496,高风险,0.335,高风险,0.35,高风险
217.0,4-3,location4,0.444,高风险,0.303,中风险,0.554,高风险,0.696,高风险,0.503,高风险,0.518,高风险
217.0,4-4,location4,0.013,低风险,0.014,低风险,0.01,低风险,0.004,低风险,0.009,低风险,0.009,低风险
218.0,4-1,location4,0.0,低风险,0.0,低风险,0.0,低风险,0.0,低风险,0.0,低风险,0.0,低风险
218.0,4-2,location4,0.0,低风险,0.0,低风险,0.0,低风险,0.0,低风险,0.0,低风险,0.0,低风险
218.0,4-3,location4,0.2,中风险,0.08,低风险,0.338,高风险,0.424,高风险,0.262,中风险,0.281,中风险
218.0,4-5,location4,0.0,低风险,0.0,低风险,0.0,低风险,0.0,低风险,0.0,低风险,0.0,低风险
219.0,4-1,location4,0.068,低风险,0.027,低风险,0.116,中风险,0.145,中风险,0.09,低风险,0.096,低风险
219.0,4-3,location4,0.079,低风险,0.032,低风险,0.134,中风险,0.168,中风险,0.104,低风险,0.111,中风险
219.0,4-4,location4,0.0,低风险,0.0,低风险,0.0,低风险,0.0,低风险,0.0,低风险,0.0,低风险
220.0,4-1,location4,0.27,中风险,0.163,中风险,0.371,高风险,0.466,高风险,0.32,高风险,0.333,高风险
220.0,4-3,location4,0.233,中风险,0.154,中风险,0.297,中风险,0.373,高风险,0.267,中风险,0.275,中风险
220.0,4-4,location4,0.266,中风险,0.107,低风险,0.451,高风险,0.565,高风险,0.349,高风险,0.374,高风险
221.0,4-1,location4,0.188,中风险,0.075,低风险,0.319,高风险,0.4,高风险,0.247,中风险,0.265,中风险
221.0,4-2,location4,0.176,中风险,0.185,中风险,0.128,中风险,0.046,低风险,0.12,中风险,0.12,中风险
221.0,4-3,location4,0.081,低风险,0.032,低风险,0.137,中风险,0.172,中风险,0.106,低风险,0.114,中风险
222.0,4-1,location4,0.0,低风险,0.0,低风险,0.0,低风险,0.0,低风险,0.0,低风险,0.0,低风险
222.0,4-3,location4,0.255,中风险,0.187,中风险,0.307,中风险,0.301,中风险,0.253,中风险,0.265,中风险
222.0,4-4,location4,0.197,中风险,0.207,中风险,0.143,中风险,0.051,低风险,0.134,中风险,0.134,中风险
223.0,4-4,location4,0.0,低风险,0.0,低风险,0.0,低风险,0.0,低风险,0.0,低风险,0.0,低风险
224.0,4-2,location4,0.42,高风险,0.336,高风险,0.463,高风险,0.413,高风险,0.388,高风险,0.404,高风险
224.0,4-3,location4,0.0,低风险,0.0,低风险,0.0,低风险,0.0,低风险,0.0,低风险,0.0,低风险
224.0,4-4,location4,0.0,低风险,0.0,低风险,0.0,低风险,0.0,低风险,0.0,低风险,0.0,低风险
225.0,4-1,location4,0.044,低风险,0.046,低风险,0.032,低风险,0.011,低风险,0.03,低风险,0.03,低风险
225.0,4-2,location4,0.449,高风险,0.366,高风险,0.463,高风险,0.584,高风险,0.47,高风险,0.471,高风险
225.0,4-4,location4,0.267,中风险,0.152,中风险,0.385,高风险,0.447,高风险,0.31,高风险,0.328,高风险
226.0,4-1,location4,0.218,中风险,0.148,中风险,0.28,中风险,0.29,中风险,0.228,中风险,0.239,中风险
226.0,4-3,location4,0.0,低风险,0.0,低风险,0.0,低风险,0.0,低风险,0.0,低风险,0.0,低风险
227.0,4-3,location4,0.184,中风险,0.074,低风险,0.312,高风险,0.391,高风险,0.242,中风险,0.259,中风险
227.0,4-4,location4,0.342,高风险,0.183,中风险,0.506,高风险,0.635,高风险,0.419,高风险,0.441,高风险
228.0,4-1,location4,0.0,低风险,0.0,低风险,0.0,低风险,0.0,低风险,0.0,低风险,0.0,低风险
228.0,4-4,location4,0.249,中风险,0.124,中风险,0.383,高风险,0.48,高风险,0.311,高风险,0.329,高风险
229.0,4-1,location4,0.399,高风险,0.26,中风险,0.517,高风险,0.65,高风险,0.46,高风险,0.476,高风险
229.0,4-2,location4,0.0,低风险,0.0,低风险,0.0,低风险,0.0,低风险,0.0,低风险,0.0,低风险
229.0,4-3,location4,0.122,中风险,0.066,低风险,0.181,中风险,0.227,中风险,0.15,中风险,0.158,中风险
230.0,4-1,location4,0.206,中风险,0.083,低风险,0.35,高风险,0.438,高风险,0.271,中风险,0.29,中风险
230.0,4-4,location4,0.095,低风险,0.038,低风险,0.161,中风险,0.201,中风险,0.124,中风险,0.133,中风险
231.0,4-1,location4,0.407,高风险,0.266,中风险,0.524,高风险,0.658,高风险,0.468,高风险,0.483,高风险
231.0,4-2,location4,0.26,中风险,0.104,低风险,0.441,高风险,0.552,高风险,0.341,高风险,0.366,高风险
231.0,4-5,location4,0.282,中风险,0.206,中风险,0.339,高风险,0.332,高风险,0.28,中风险,0.293,中风险
232.0,4-1,location4,0.197,中风险,0.079,低风险,0.334,高风险,0.418,高风险,0.259,中风险,0.277,中风险
232.0,4-3,location4,0.0,低风险,0.0,低风险,0.0,低风险,0.0,低风险,0.0,低风险,0.0,低风险
232.0,4-4,location4,0.271,中风险,0.109,低风险,0.46,高风险,0.576,高风险,0.356,高风险,0.382,高风险
233.0,4-1,location4,0.0,低风险,0.0,低风险,0.0,低风险,0.0,低风险,0.0,低风险,0.0,低风险
233.0,4-2,location4,0.0,低风险,0.0,低风险,0.0,低风险,0.0,低风险,0.0,低风险,0.0,低风险
233.0,4-3,location4,0.249,中风险,0.1,低风险,0.422,高风险,0.528,高风险,0.327,高风险,0.35,高风险
234.0,4-3,location4,0.068,低风险,0.027,低风险,0.115,中风险,0.144,中风险,0.089,低风险,0.095,低风险
234.0,4-4,location4,0.11,低风险,0.044,低风险,0.186,中风险,0.233,中风险,0.144,中风险,0.154,中风险
235.0,4-1,location4,0.162,中风险,0.065,低风险,0.275,中风险,0.344,高风险,0.213,中风险,0.228,中风险
235.0,4-3,location4,0.056,低风险,0.059,低风险,0.04,低风险,0.015,低风险,0.038,低风险,0.038,低风险
236.0,4-3,location4,0.0,低风险,0.0,低风险,0.0,低风险,0.0,低风险,0.0,低风险,0.0,低风险
237.0,4-1,location4,0.058,低风险,0.023,低风险,0.098,低风险,0.123,中风险,0.076,低风险,0.081,低风险
237.0,4-2,location4,0.0,低风险,0.0,低风险,0.0,低风险,0.0,低风险,0.0,低风险,0.0,低风险
237.0,4-3,location4,0.132,中风险,0.053,低风险,0.224,中风险,0.28,中风险,0.173,中风险,0.185,中风险
238.0,4-1,location4,0.005,低风险,0.005,低风险,0.004,低风险,0.001,低风险,0.003,低风险,0.003,低风险
238.0,4-2,location4,0.131,中风险,0.052,低风险,0.222,中风险,0.278,中风险,0.172,中风险,0.184,中风险
238.0,4-3,location4,0.188,中风险,0.1,低风险,0.281,中风险,0.352,高风险,0.232,中风险,0.244,中风险
239.0,4-1,location4,0.091,低风险,0.036,低风险,0.154,中风险,0.193,中风险,0.119,中风险,0.128,中风险
239.0,4-3,location4,0.253,中风险,0.125,中风险,0.394,高风险,0.47,高风险,0.309,中风险,0.33,高风险
241.0,4-2,location4,0.0,低风险,0.0,低风险,0.0,低风险,0.0,低风险,0.0,低风险,0.0,低风险
241.0,4-3,location4,0.157,中风险,0.063,低风险,0.266,中风险,0.333,高风险,0.206,中风险,0.22,中风险
243.0,4-1,location4,0.022,低风险,0.023,低风险,0.016,低风险,0.006,低风险,0.015,低风险,0.015,低风险
243.0,4-2,location4,0.184,中风险,0.074,低风险,0.312,高风险,0.39,高风险,0.241,中风险,0.259,中风险
243.0,4-3,location4,0.104,低风险,0.042,低风险,0.176,中风险,0.221,中风险,0.136,中风险,0.146,中风险
243.0,4-4,location4,0.0,低风险,0.0,低风险,0.0,低风险,0.0,低风险,0.0,低风险,0.0,低风险
244.0,4-2,location4,0.249,中风险,0.1,低风险,0.421,高风险,0.528,高风险,0.326,高风险,0.35,高风险
244.0,4-3,location4,0.0,低风险,0.0,低风险,0.0,低风险,0.0,低风险,0.0,低风险,0.0,低风险
244.0,4-5,location4,0.0,低风险,0.0,低风险,0.0,低风险,0.0,低风险,0.0,低风险,0.0,低风险
245.0,4-2,location4,0.0,低风险,0.0,低风险,0.0,低风险,0.0,低风险,0.0,低风险,0.0,低风险
245.0,4-3,location4,0.0,低风险,0.0,低风险,0.0,低风险,0.0,低风险,0.0,低风险,0.0,低风险
246.0,4-1,location4,0.14,中风险,0.056,低风险,0.237,中风险,0.297,中风险,0.184,中风险,0.197,中风险
246.0,4-3,location4,0.0,低风险,0.0,低风险,0.0,低风险,0.0,低风险,0.0,低风险,0.0,低风险
247.0,4-1,location4,0.183,中风险,0.074,低风险,0.31,中风险,0.387,高风险,0.24,中风险,0.257,中风险
247.0,4-2,location4,0.01,低风险,0.011,低风险,0.008,低风险,0.003,低风险,0.007,低风险,0.007,低风险
247.0,4-3,location4,0.0,低风险,0.0,低风险,0.0,低风险,0.0,低风险,0.0,低风险,0.0,低风险
248.0,4-1,location4,0.263,中风险,0.106,低风险,0.447,高风险,0.559,高风险,0.346,高风险,0.37,高风险
248.0,4-2,location4,0.0,低风险,0.0,低风险,0.0,低风险,0.0,低风险,0.0,低风险,0.0,低风险
248.0,4-3,location4,0.0,低风险,0.0,低风险,0.0,低风险,0.0,低风险,0.0,低风险,0.0,低风险
249.0,4-1,location4,0.115,中风险,0.093,低风险,0.124,中风险,0.112,中风险,0.106,低风险,0.11,低风险
249.0,4-2,location4,0.163,中风险,0.065,低风险,0.277,中风险,0.347,高风险,0.214,中风险,0.23,中风险
249.0,4-3,location4,0.0,低风险,0.0,低风险,0.0,低风险,0.0,低风险,0.0,低风险,0.0,低风险
250.0,4-1,location4,0.0,低风险,0.0,低风险,0.0,低风险,0.0,低风险,0.0,低风险,0.0,低风险
250.0,4-2,location4,0.109,低风险,0.043,低风险,0.184,中风险,0.23,中风险,0.143,中风险,0.153,中风险
250.0,4-3,location4,0.097,低风险,0.039,低风险,0.165,中风险,0.207,中风险,0.128,中风险,0.137,中风险
250.0,4-4,location4,0.0,低风险,0.0,低风险,0.0,低风险,0.0,低风险,0.0,低风险,0.0,低风险
250.0,4-5,location4,0.237,中风险,0.095,低风险,0.402,高风险,0.503,高风险,0.311,高风险,0.333,高风险
251.0,4-2,location4,0.0,低风险,0.0,低风险,0.0,低风险,0.0,低风险,0.0,低风险,0.0,低风险
251.0,4-3,location4,0.0,低风险,0.0,低风险,0.0,低风险,0.0,低风险,0.0,低风险,0.0,低风险
251.0,4-5,location4,0.0,低风险,0.0,低风险,0.0,低风险,0.0,低风险,0.0,低风险,0.0,低风险
252.0,4-1,location4,0.165,中风险,0.066,低风险,0.281,中风险,0.351,高风险,0.217,中风险,0.233,中风险
252.0,4-3,location4,0.166,中风险,0.067,低风险,0.282,中风险,0.353,高风险,0.218,中风险,0.234,中风险
252.0,4-4,location4,0.182,中风险,0.073,低风险,0.308,中风险,0.386,高风险,0.239,中风险,0.256,中风险
253.0,4-1,location4,0.0,低风险,0.0,低风险,0.0,低风险,0.0,低风险,0.0,低风险,0.0,低风险
253.0,4-2,location4,0.0,低风险,0.0,低风险,0.0,低风险,0.0,低风险,0.0,低风险,0.0,低风险
253.0,4-3,location4,0.033,低风险,0.013,低风险,0.056,低风险,0.07,低风险,0.044,低风险,0.047,低风险
253.0,4-4,location4,0.0,低风险,0.0,低风险,0.0,低风险,0.0,低风险,0.0,低风险,0.0,低风险
254.0,4-1,location4,0.165,中风险,0.066,低风险,0.28,中风险,0.351,高风险,0.217,中风险,0.232,中风险
254.0,4-2,location4,0.0,低风险,0.0,低风险,0.0,低风险,0.0,低风险,0.0,低风险,0.0,低风险
254.0,4-3,location4,0.107,低风险,0.113,中风险,0.078,低风险,0.028,低风险,0.073,低风险,0.073,低风险
255.0,4-1,location4,0.294,中风险,0.154,中风险,0.441,高风险,0.553,高风险,0.363,高风险,0.382,高风险
255.0,4-3,location4,0.0,低风险,0.0,低风险,0.0,低风险,0.0,低风险,0.0,低风险,0.0,低风险
255.0,4-4,location4,0.0,低风险,0.0,低风险,0.0,低风险,0.0,低风险,0.0,低风险,0.0,低风险
256.0,4-1,location4,0.146,中风险,0.105,低风险,0.179,中风险,0.178,中风险,0.147,中风险,0.154,中风险
256.0,4-2,location4,0.0,低风险,0.0,低风险,0.0,低风险,0.0,低风险,0.0,低风险,0.0,低风险
256.0,4-3,location4,0.354,高风险,0.217,中风险,0.48,高风险,0.603,高风险,0.417,高风险,0.434,高风险
256.0,4-4,location4,0.0,低风险,0.0,低风险,0.0,低风险,0.0,低风险,0.0,低风险,0.0,低风险
257.0,4-2,location4,0.0,低风险,0.0,低风险,0.0,低风险,0.0,低风险,0.0,低风险,0.0,低风险
257.0,4-4,location4,0.099,低风险,0.04,低风险,0.168,中风险,0.211,中风险,0.13,中风险,0.14,中风险
257.0,4-5,location4,0.12,中风险,0.048,低风险,0.203,中风险,0.255,中风险,0.158,中风险,0.169,中风险
258.0,4-2,location4,0.0,低风险,0.0,低风险,0.0,低风险,0.0,低风险,0.0,低风险,0.0,低风险
258.0,4-3,location4,0.26,中风险,0.157,中风险,0.363,高风险,0.402,高风险,0.29,中风险,0.307,中风险
258.0,4-4,location4,0.0,低风险,0.0,低风险,0.0,低风险,0.0,低风险,0.0,低风险,0.0,低风险
259.0,4-1,location4,0.158,中风险,0.063,低风险,0.268,中风险,0.336,高风险,0.208,中风险,0.222,中风险
259.0,4-2,location4,0.0,低风险,0.0,低风险,0.0,低风险,0.0,低风险,0.0,低风险,0.0,低风险
259.0,4-4,location4,0.0,低风险,0.0,低风险,0.0,低风险,0.0,低风险,0.0,低风险,0.0,低风险
260.0,4-1,location4,0.0,低风险,0.0,低风险,0.0,低风险,0.0,低风险,0.0,低风险,0.0,低风险
260.0,4-4,location4,0.346,高风险,0.251,中风险,0.42,高风险,0.415,高风险,0.345,高风险,0.362,高风险
261.0,4-1,location4,0.0,低风险,0.0,低风险,0.0,低风险,0.0,低风险,0.0,低风险,0.0,低风险
261.0,4-2,location4,0.199,中风险,0.14,中风险,0.249,中风险,0.252,中风险,0.203,中风险,0.214,中风险
261.0,4-4,location4,0.296,中风险,0.14,中风险,0.471,高风险,0.569,高风险,0.369,高风险,0.393,高风险
262.0,4-1,location4,0.613,高风险,0.483,高风险,0.672,高风险,0.734,高风险,0.616,高风险,0.629,高风险
263.0,4-1,location4,0.219,中风险,0.111,中风险,0.335,高风险,0.42,高风险,0.273,中风险,0.289,中风险
264.0,4-4,location4,0.156,中风险,0.09,低风险,0.222,中风险,0.278,中风险,0.188,中风险,0.196,中风险
265.0,4-4,location4,0.0,低风险,0.0,低风险,0.0,低风险,0.0,低风险,0.0,低风险,0.0,低风险
265.0,4-5,location4,0.18,中风险,0.072,低风险,0.306,中风险,0.383,高风险,0.237,中风险,0.254,中风险
266.0,4-2,location4,0.201,中风险,0.08,低风险,0.34,高风险,0.426,高风险,0.264,中风险,0.282,中风险
267.0,4-2,location4,0.0,低风险,0.0,低风险,0.0,低风险,0.0,低风险,0.0,低风险,0.0,低风险
267.0,4-3,location4,0.258,中风险,0.108,低风险,0.431,高风险,0.536,高风险,0.335,高风险,0.358,高风险
267.0,4-4,location4,0.0,低风险,0.0,低风险,0.0,低风险,0.0,低风险,0.0,低风险,0.0,低风险
268.0,4-2,location4,0.0,低风险,0.0,低风险,0.0,低风险,0.0,低风险,0.0,低风险,0.0,低风险
269.0,4-1,location4,0.207,中风险,0.083,低风险,0.352,高风险,0.44,高风险,0.272,中风险,0.292,中风险
269.0,4-2,location4,0.0,低风险,0.0,低风险,0.0,低风险,0.0,低风险,0.0,低风险,0.0,低风险
269.0,4-4,location4,0.005,低风险,0.005,低风险,0.003,低风险,0.001,低风险,0.003,低风险,0.003,低风险
269.0,4-5,location4,0.317,高风险,0.191,中风险,0.434,高风险,0.545,高风险,0.375,高风险,0.39,高风险
270.0,4-1,location4,0.065,低风险,0.026,低风险,0.111,中风险,0.138,中风险,0.086,低风险,0.092,低风险
270.0,4-2,location4,0.0,低风险,0.0,低风险,0.0,低风险,0.0,低风险,0.0,低风险,0.0,低风险
270.0,4-3,location4,0.178,中风险,0.124,中风险,0.224,中风险,0.229,中风险,0.183,中风险,0.192,中风险
271.0,4-1,location4,0.277,中风险,0.195,中风险,0.345,高风险,0.349,高风险,0.283,中风险,0.296,中风险
271.0,4-2,location4,0.186,中风险,0.075,低风险,0.316,高风险,0.396,高风险,0.245,中风险,0.262,中风险
271.0,4-3,location4,0.0,低风险,0.0,低风险,0.0,低风险,0.0,低风险,0.0,低风险,0.0,低风险
271.0,4-4,location4,0.289,中风险,0.116,中风险,0.49,高风险,0.613,高风险,0.379,高风险,0.406,高风险
272.0,4-3,location4,0.58,高风险,0.474,高风险,0.609,高风险,0.67,高风险,0.576,高风险,0.584,高风险
273.0,4-2,location4,0.0,低风险,0.0,低风险,0.0,低风险,0.0,低风险,0.0,低风险,0.0,低风险
273.0,4-3,location4,0.208,中风险,0.083,低风险,0.352,高风险,0.441,高风险,0.273,中风险,0.292,中风险
273.0,4-4,location4,0.093,低风险,0.041,低风险,0.152,中风险,0.191,中风险,0.12,中风险,0.128,中风险
274.0,4-2,location4,0.28,中风险,0.112,中风险,0.475,高风险,0.595,高风险,0.368,高风险,0.394,高风险
274.0,4-4,location4,0.0,低风险,0.0,低风险,0.0,低风险,0.0,低风险,0.0,低风险,0.0,低风险
275.0,4-2,location4,0.267,中风险,0.13,中风险,0.415,高风险,0.52,高风险,0.335,高风险,0.355,高风险
275.0,4-3,location4,0.027,低风险,0.011,低风险,0.046,低风险,0.057,低风险,0.035,低风险,0.038,低风险
275.0,4-4,location4,0.114,中风险,0.046,低风险,0.194,中风险,0.242,中风险,0.15,中风险,0.161,中风险
276.0,4-2,location4,0.0,低风险,0.0,低风险,0.0,低风险,0.0,低风险,0.0,低风险,0.0,低风险
276.0,4-4,location4,0.06,低风险,0.063,低风险,0.044,低风险,0.016,低风险,0.041,低风险,0.041,低风险
277.0,4-1,location4,0.226,中风险,0.161,中风险,0.278,中风险,0.278,中风险,0.228,中风险,0.239,中风险
277.0,4-2,location4,0.092,低风险,0.037,低风险,0.155,中风险,0.194,中风险,0.12,中风险,0.129,中风险
277.0,4-4,location4,0.0,低风险,0.0,低风险,0.0,低风险,0.0,低风险,0.0,低风险,0.0,低风险
278.0,4-1,location4,0.065,低风险,0.069,低风险,0.047,低风险,0.017,低风险,0.044,低风险,0.044,低风险
278.0,4-2,location4,0.117,中风险,0.047,低风险,0.199,中风险,0.249,中风险,0.154,中风险,0.165,中风险
278.0,4-4,location4,0.194,中风险,0.137,中风险,0.241,中风险,0.243,中风险,0.197,中风险,0.207,中风险
279.0,4-1,location4,0.088,低风险,0.035,低风险,0.15,中风险,0.188,中风险,0.116,中风险,0.124,中风险
279.0,4-2,location4,0.0,低风险,0.0,低风险,0.0,低风险,0.0,低风险,0.0,低风险,0.0,低风险
279.0,4-3,location4,0.0,低风险,0.0,低风险,0.0,低风险,0.0,低风险,0.0,低风险,0.0,低风险
279.0,4-4,location4,0.077,低风险,0.031,低风险,0.131,中风险,0.164,中风险,0.102,低风险,0.109,低风险
280.0,4-2,location4,0.0,低风险,0.0,低风险,0.0,低风险,0.0,低风险,0.0,低风险,0.0,低风险
280.0,4-3,location4,0.08,低风险,0.032,低风险,0.135,中风险,0.169,中风险,0.104,低风险,0.112,中风险
280.0,4-4,location4,0.34,高风险,0.203,中风险,0.469,高风险,0.589,高风险,0.403,高风险,0.42,高风险
281.0,4-3,location4,0.0,低风险,0.0,低风险,0.0,低风险,0.0,低风险,0.0,低风险,0.0,低风险
281.0,4-4,location4,0.196,中风险,0.079,低风险,0.333,高风险,0.417,高风险,0.258,中风险,0.276,中风险
282.0,4-1,location4,0.263,中风险,0.155,中风险,0.366,高风险,0.459,高风险,0.313,高风险,0.327,高风险
282.0,4-2,location4,0.0,低风险,0.0,低风险,0.0,低风险,0.0,低风险,0.0,低风险,0.0,低风险
282.0,4-3,location4,0.0,低风险,0.0,低风险,0.0,低风险,0.0,低风险,0.0,低风险,0.0,低风险
283.0,4-2,location4,0.038,低风险,0.04,低风险,0.028,低风险,0.01,低风险,0.026,低风险,0.026,低风险
283.0,4-3,location4,0.0,低风险,0.0,低风险,0.0,低风险,0.0,低风险,0.0,低风险,0.0,低风险
283.0,4-4,location4,0.21,中风险,0.084,低风险,0.356,高风险,0.446,高风险,0.276,中风险,0.295,中风险
284.0,4-1,location4,0.117,中风险,0.047,低风险,0.198,中风险,0.248,中风险,0.154,中风险,0.165,中风险
284.0,4-2,location4,0.0,低风险,0.0,低风险,0.0,低风险,0.0,低风险,0.0,低风险,0.0,低风险
284.0,4-3,location4,0.0,低风险,0.0,低风险,0.0,低风险,0.0,低风险,0.0,低风险,0.0,低风险
284.0,4-4,location4,0.165,中风险,0.066,低风险,0.28,中风险,0.35,高风险,0.217,中风险,0.232,中风险
285.0,4-1,location4,0.107,低风险,0.043,低风险,0.181,中风险,0.227,中风险,0.14,中风险,0.15,中风险
285.0,4-2,location4,0.203,中风险,0.087,低风险,0.335,高风险,0.414,高风险,0.261,中风险,0.279,中风险
285.0,4-3,location4,0.115,中风险,0.046,低风险,0.194,中风险,0.243,中风险,0.15,中风险,0.161,中风险
285.0,4-4,location4,0.0,低风险,0.0,低风险,0.0,低风险,0.0,低风险,0.0,低风险,0.0,低风险
286.0,4-1,location4,0.124,中风险,0.07,低风险,0.177,中风险,0.222,中风险,0.149,中风险,0.156,中风险
286.0,4-2,location4,0.0,低风险,0.0,低风险,0.0,低风险,0.0,低风险,0.0,低风险,0.0,低风险
286.0,4-3,location4,0.455,高风险,0.337,高风险,0.541,高风险,0.524,高风险,0.447,高风险,0.467,高风险
286.0,4-4,location4,0.0,低风险,0.0,低风险,0.0,低风险,0.0,低风险,0.0,低风险,0.0,低风险
287.0,4-1,location4,0.0,低风险,0.0,低风险,0.0,低风险,0.0,低风险,0.0,低风险,0.0,低风险
287.0,4-2,location4,0.0,低风险,0.0,低风险,0.0,低风险,0.0,低风险,0.0,低风险,0.0,低风险
287.0,4-3,location4,0.0,低风险,0.0,低风险,0.0,低风险,0.0,低风险,0.0,低风险,0.0,低风险
287.0,4-4,location4,0.0,低风险,0.0,低风险,0.0,低风险,0.0,低风险,0.0,低风险,0.0,低风险
288.0,4-3,location4,0.431,高风险,0.252,中风险,0.613,高风险,0.689,高风险,0.489,高风险,0.518,高风险
288.0,4-4,location4,0.248,中风险,0.125,中风险,0.383,高风险,0.454,高风险,0.301,中风险,0.321,高风险
289.0,4-1,location4,0.0,低风险,0.0,低风险,0.0,低风险,0.0,低风险,0.0,低风险,0.0,低风险
289.0,4-2,location4,0.143,中风险,0.057,低风险,0.242,中风险,0.303,中风险,0.188,中风险,0.201,中风险
289.0,4-3,location4,0.446,高风险,0.252,中风险,0.639,高风险,0.802,高风险,0.539,高风险,0.564,高风险
289.0,4-4,location4,0.146,中风险,0.104,低风险,0.174,中风险,0.219,中风险,0.162,中风险,0.166,中风险
290.0,4-2,location4,0.175,中风险,0.07,低风险,0.297,中风险,0.372,高风险,0.23,中风险,0.246,中风险
290.0,4-4,location4,0.15,中风险,0.06,低风险,0.254,中风险,0.318,高风险,0.196,中风险,0.21,中风险
290.0,4-5,location4,0.0,低风险,0.0,低风险,0.0,低风险,0.0,低风险,0.0,低风险,0.0,低风险
291.0,4-1,location4,0.0,低风险,0.0,低风险,0.0,低风险,0.0,低风险,0.0,低风险,0.0,低风险
291.0,4-2,location4,0.296,中风险,0.172,中风险,0.417,高风险,0.523,高风险,0.355,高风险,0.371,高风险
291.0,4-3,location4,0.253,中风险,0.101,低风险,0.429,高风险,0.537,高风险,0.332,高风险,0.356,高风险
291.0,4-4,location4,0.216,中风险,0.088,低风险,0.364,高风险,0.455,高风险,0.283,中风险,0.302,中风险
292.0,4-1,location4,0.0,低风险,0.0,低风险,0.0,低风险,0.0,低风险,0.0,低风险,0.0,低风险
292.0,4-2,location4,0.132,中风险,0.053,低风险,0.224,中风险,0.28,中风险,0.173,中风险,0.185,中风险
292.0,4-3,location4,0.261,中风险,0.105,低风险,0.443,高风险,0.555,高风险,0.343,高风险,0.367,高风险
292.0,4-4,location4,0.0,低风险,0.0,低风险,0.0,低风险,0.0,低风险,0.0,低风险,0.0,低风险
293.0,4-1,location4,0.427,高风险,0.254,中风险,0.6,高风险,0.668,高风险,0.479,高风险,0.507,高风险
293.0,4-2,location4,0.316,高风险,0.248,中风险,0.354,高风险,0.322,高风险,0.296,中风险,0.308,中风险
293.0,4-3,location4,0.235,中风险,0.171,中风险,0.285,中风险,0.281,中风险,0.235,中风险,0.246,中风险
293.0,4-4,location4,0.313,高风险,0.195,中风险,0.419,高风险,0.526,高风险,0.366,高风险,0.38,高风险
294.0,4-1,location4,0.141,中风险,0.056,低风险,0.238,中风险,0.298,中风险,0.185,中风险,0.198,中风险
294.0,4-4,location4,0.0,低风险,0.0,低风险,0.0,低风险,0.0,低风险,0.0,低风险,0.0,低风险
295.0,4-1,location4,0.459,高风险,0.312,高风险,0.574,高风险,0.721,高风险,0.521,高风险,0.535,高风险
295.0,4-2,location4,0.0,低风险,0.0,低风险,0.0,低风险,0.0,低风险,0.0,低风险,0.0,低风险
295.0,4-3,location4,0.275,中风险,0.11,中风险,0.467,高风险,0.585,高风险,0.362,高风险,0.387,高风险
295.0,4-4,location4,0.082,低风险,0.033,低风险,0.139,中风险,0.175,中风险,0.108,低风险,0.116,中风险
296.0,4-1,location4,0.18,中风险,0.121,中风险,0.232,中风险,0.243,中风险,0.189,中风险,0.199,中风险
296.0,4-3,location4,0.0,低风险,0.0,低风险,0.0,低风险,0.0,低风险,0.0,低风险,0.0,低风险
296.0,4-5,location4,0.095,低风险,0.045,低风险,0.151,中风险,0.189,中风险,0.121,中风险,0.128,中风险
297.0,4-1,location4,0.242,中风险,0.155,中风险,0.317,高风险,0.398,高风险,0.28,中风险,0.29,中风险
297.0,4-4,location4,0.0,低风险,0.0,低风险,0.0,低风险,0.0,低风险,0.0,低风险,0.0,低风险
298.0,4-1,location4,0.0,低风险,0.0,低风险,0.0,低风险,0.0,低风险,0.0,低风险,0.0,低风险
298.0,4-2,location4,0.259,中风险,0.104,低风险,0.439,高风险,0.549,高风险,0.34,高风险,0.364,高风险
298.0,4-3,location4,0.217,中风险,0.087,低风险,0.369,高风险,0.461,高风险,0.285,中风险,0.306,中风险
298.0,4-4,location4,0.0,低风险,0.0,低风险,0.0,低风险,0.0,低风险,0.0,低风险,0.0,低风险
298.0,4-5,location4,0.267,中风险,0.107,低风险,0.452,高风险,0.566,高风险,0.35,高风险,0.375,高风险
299.0,4-1,location4,0.0,低风险,0.0,低风险,0.0,低风险,0.0,低风险,0.0,低风险,0.0,低风险
299.0,4-4,location4,0.156,中风险,0.063,低风险,0.265,中风险,0.331,高风险,0.205,中风险,0.22,中风险
300.0,4-1,location4,0.0,低风险,0.0,低风险,0.0,低风险,0.0,低风险,0.0,低风险,0.0,低风险
300.0,4-2,location4,0.084,低风险,0.033,低风险,0.142,中风险,0.177,中风险,0.11,低风险,0.118,中风险
300.0,4-4,location4,0.153,中风险,0.061,低风险,0.26,中风险,0.326,高风险,0.201,中风险,0.216,中风险
301.0,4-1,location4,0.088,低风险,0.092,低风险,0.064,低风险,0.023,低风险,0.06,低风险,0.06,低风险
301.0,4-2,location4,0.129,中风险,0.052,低风险,0.219,中风险,0.275,中风险,0.17,中风险,0.182,中风险
301.0,4-4,location4,0.165,中风险,0.066,低风险,0.28,中风险,0.35,高风险,0.217,中风险,0.232,中风险
302.0,4-1,location4,0.175,中风险,0.132,中风险,0.198,中风险,0.249,中风险,0.19,中风险,0.193,中风险
302.0,4-2,location4,0.1,低风险,0.041,低风险,0.168,中风险,0.211,中风险,0.131,中风险,0.14,中风险
302.0,4-4,location4,0.0,低风险,0.0,低风险,0.0,低风险,0.0,低风险,0.0,低风险,0.0,低风险
303.0,4-1,location4,0.251,中风险,0.147,中风险,0.351,高风险,0.441,高风险,0.3,中风险,0.313,高风险
303.0,4-4,location4,0.0,低风险,0.0,低风险,0.0,低风险,0.0,低风险,0.0,低风险,0.0,低风险
304.0,4-1,location4,0.419,高风险,0.287,中风险,0.534,高风险,0.55,高风险,0.435,高风险,0.457,高风险
304.0,4-2,location4,0.269,中风险,0.171,中风险,0.361,高风险,0.39,高风险,0.291,中风险,0.307,中风险
304.0,4-4,location4,0.238,中风险,0.096,低风险,0.404,高风险,0.506,高风险,0.313,高风险,0.335,高风险
305.0,4-1,location4,0.0,低风险,0.0,低风险,0.0,低风险,0.0,低风险,0.0,低风险,0.0,低风险
305.0,4-2,location4,0.073,低风险,0.029,低风险,0.123,中风险,0.154,中风险,0.095,低风险,0.102,低风险
305.0,4-4,location4,0.0,低风险,0.0,低风险,0.0,低风险,0.0,低风险,0.0,低风险,0.0,低风险
306.0,4-1,location4,0.171,中风险,0.108,低风险,0.227,中风险,0.285,中风险,0.199,中风险,0.207,中风险
306.0,4-2,location4,0.114,中风险,0.059,低风险,0.172,中风险,0.216,中风险,0.141,中风险,0.149,中风险
306.0,4-3,location4,0.118,中风险,0.047,低风险,0.199,中风险,0.25,中风险,0.154,中风险,0.165,中风险
306.0,4-5,location4,0.0,低风险,0.0,低风险,0.0,低风险,0.0,低风险,0.0,低风险,0.0,低风险
307.0,4-3,location4,0.006,低风险,0.007,低风险,0.005,低风险,0.002,低风险,0.004,低风险,0.004,低风险
307.0,4-4,location4,0.0,低风险,0.0,低风险,0.0,低风险,0.0,低风险,0.0,低风险,0.0,低风险
308.0,4-1,location4,0.0,低风险,0.0,低风险,0.0,低风险,0.0,低风险,0.0,低风险,0.0,低风险
308.0,4-2,location4,0.255,中风险,0.102,低风险,0.432,高风险,0.54,高风险,0.334,高风险,0.358,高风险
308.0,4-4,location4,0.0,低风险,0.0,低风险,0.0,低风险,0.0,低风险,0.0,低风险,0.0,低风险
308.0,4-5,location4,0.0,低风险,0.0,低风险,0.0,低风险,0.0,低风险,0.0,低风险,0.0,低风险
309.0,4-1,location4,0.048,低风险,0.051,低风险,0.035,低风险,0.013,低风险,0.033,低风险,0.033,低风险
309.0,4-2,location4,0.388,高风险,0.245,中风险,0.515,高风险,0.647,高风险,0.452,高风险,0.469,高风险
309.0,4-4,location4,0.091,低风险,0.037,低风险,0.155,中风险,0.194,中风险,0.12,中风险,0.129,中风险
310.0,4-1,location4,0.127,中风险,0.071,低风险,0.186,中风险,0.214,中风险,0.148,中风险,0.157,中风险
311.0,4-2,location4,0.0,低风险,0.0,低风险,0.0,低风险,0.0,低风险,0.0,低风险,0.0,低风险
311.0,4-3,location4,0.168,中风险,0.067,低风险,0.285,中风险,0.357,高风险,0.221,中风险,0.236,中风险
311.0,4-4,location4,0.075,低风险,0.03,低风险,0.127,中风险,0.16,中风险,0.099,低风险,0.106,低风险
312.0,4-1,location4,0.0,低风险,0.0,低风险,0.0,低风险,0.0,低风险,0.0,低风险,0.0,低风险
312.0,4-3,location4,0.154,中风险,0.065,低风险,0.256,中风险,0.32,高风险,0.2,中风险,0.214,中风险
312.0,4-4,location4,0.0,低风险,0.0,低风险,0.0,低风险,0.0,低风险,0.0,低风险,0.0,低风险
313.0,4-1,location4,0.381,高风险,0.237,中风险,0.521,高风险,0.569,高风险,0.418,高风险,0.442,高风险
313.0,4-2,location4,0.125,中风险,0.05,低风险,0.211,中风险,0.265,中风险,0.164,中风险,0.175,中风险
313.0,4-3,location4,0.224,中风险,0.12,中风险,0.333,高风险,0.387,高风险,0.264,中风险,0.28,中风险
313.0,4-4,location4,0.295,中风险,0.149,中风险,0.452,高风险,0.567,高风险,0.368,高风险,0.389,高风险
314.0,4-1,location4,0.0,低风险,0.0,低风险,0.0,低风险,0.0,低风险,0.0,低风险,0.0,低风险
314.0,4-2,location4,0.0,低风险,0.0,低风险,0.0,低风险,0.0,低风险,0.0,低风险,0.0,低风险
314.0,4-3,location4,0.383,高风险,0.254,中风险,0.489,高风险,0.615,高风险,0.439,高风险,0.452,高风险
314.0,4-4,location4,0.059,低风险,0.024,低风险,0.1,低风险,0.125,中风险,0.077,低风险,0.083,低风险
315.0,4-1,location4,0.08,低风险,0.032,低风险,0.135,中风险,0.169,中风险,0.105,低风险,0.112,中风险
315.0,4-2,location4,0.0,低风险,0.0,低风险,0.0,低风险,0.0,低风险,0.0,低风险,0.0,低风险
315.0,4-3,location4,0.185,中风险,0.088,低风险,0.291,中风险,0.365,高风险,0.234,中风险,0.248,中风险
315.0,4-4,location4,0.0,低风险,0.0,低风险,0.0,低风险,0.0,低风险,0.0,低风险,0.0,低风险
316.0,4-2,location4,0.132,中风险,0.053,低风险,0.223,中风险,0.28,中风险,0.173,中风险,0.185,中风险
316.0,4-3,location4,0.117,中风险,0.047,低风险,0.199,中风险,0.249,中风险,0.154,中风险,0.165,中风险
316.0,4-4,location4,0.0,低风险,0.0,低风险,0.0,低风险,0.0,低风险,0.0,低风险,0.0,低风险
316.0,4-5,location4,0.406,高风险,0.233,中风险,0.584,高风险,0.661,高风险,0.465,高风险,0.493,高风险
317.0,4-1,location4,0.272,中风险,0.109,低风险,0.461,高风险,0.578,高风险,0.357,高风险,0.383,高风险
317.0,4-2,location4,0.167,中风险,0.067,低风险,0.283,中风险,0.354,高风险,0.219,中风险,0.235,中风险
317.0,4-4,location4,0.215,中风险,0.086,低风险,0.365,高风险,0.457,高风险,0.282,中风险,0.302,中风险
318.0,4-1,location4,0.0,低风险,0.0,低风险,0.0,低风险,0.0,低风险,0.0,低风险,0.0,低风险
318.0,4-4,location4,0.11,中风险,0.044,低风险,0.187,中风险,0.234,中风险,0.145,中风险,0.155,中风险
319.0,4-3,location4,0.0,低风险,0.0,低风险,0.0,低风险,0.0,低风险,0.0,低风险,0.0,低风险
319.0,4-4,location4,0.0,低风险,0.0,低风险,0.0,低风险,0.0,低风险,0.0,低风险,0.0,低风险
320.0,4-1,location4,0.369,高风险,0.244,中风险,0.472,高风险,0.593,高风险,0.423,高风险,0.436,高风险
320.0,4-4,location4,0.0,低风险,0.0,低风险,0.0,低风险,0.0,低风险,0.0,低风险,0.0,低风险
321.0,4-2,location4,0.0,低风险,0.0,低风险,0.0,低风险,0.0,低风险,0.0,低风险,0.0,低风险
321.0,4-4,location4,0.0,低风险,0.0,低风险,0.0,低风险,0.0,低风险,0.0,低风险,0.0,低风险
322.0,4-1,location4,0.185,中风险,0.109,低风险,0.257,中风险,0.322,高风险,0.22,中风险,0.229,中风险
322.0,4-2,location4,0.0,低风险,0.0,低风险,0.0,低风险,0.0,低风险,0.0,低风险,0.0,低风险
322.0,4-3,location4,0.0,低风险,0.0,低风险,0.0,低风险,0.0,低风险,0.0,低风险,0.0,低风险
322.0,4-4,location4,0.248,中风险,0.099,低风险,0.421,高风险,0.527,高风险,0.326,高风险,0.349,高风险
323.0,4-2,location4,0.0,低风险,0.0,低风险,0.0,低风险,0.0,低风险,0.0,低风险,0.0,低风险
323.0,4-3,location4,0.035,低风险,0.037,低风险,0.025,低风险,0.009,低风险,0.024,低风险,0.024,低风险
323.0,4-4,location4,0.096,低风险,0.038,低风险,0.162,中风险,0.203,中风险,0.126,中风险,0.135,中风险
324.0,4-1,location4,0.27,中风险,0.167,中风险,0.371,高风险,0.406,高风险,0.298,中风险,0.314,高风险
324.0,4-2,location4,0.0,低风险,0.0,低风险,0.0,低风险,0.0,低风险,0.0,低风险,0.0,低风险
324.0,4-3,location4,0.259,中风险,0.104,低风险,0.439,高风险,0.55,高风险,0.34,高风险,0.365,高风险
324.0,4-4,location4,0.0,低风险,0.0,低风险,0.0,低风险,0.0,低风险,0.0,低风险,0.0,低风险
325.0,4-1,location4,0.475,高风险,0.351,高风险,0.566,高风险,0.549,高风险,0.467,高风险,0.489,高风险
325.0,4-2,location4,0.0,低风险,0.0,低风险,0.0,低风险,0.0,低风险,0.0,低风险,0.0,低风险
325.0,4-4,location4,0.0,低风险,0.0,低风险,0.0,低风险,0.0,低风险,0.0,低风险,0.0,低风险
326.0,4-1,location4,0.365,高风险,0.228,中风险,0.488,高风险,0.613,高风险,0.427,高风险,0.443,高风险
326.0,4-2,location4,0.069,低风险,0.073,低风险,0.05,低风险,0.018,低风险,0.047,低风险,0.047,低风险
326.0,4-3,location4,0.172,中风险,0.069,低风险,0.291,中风险,0.365,高风险,0.225,中风险,0.241,中风险
326.0,4-4,location4,0.0,低风险,0.0,低风险,0.0,低风险,0.0,低风险,0.0,低风险,0.0,低风险
326.0,4-5,location4,0.423,高风险,0.239,中风险,0.607,高风险,0.762,高风险,0.511,高风险,0.536,高风险
327.0,4-3,location4,0.0,低风险,0.0,低风险,0.0,低风险,0.0,低风险,0.0,低风险,0.0,低风险
327.0,4-4,location4,0.453,高风险,0.413,高风险,0.421,高风险,0.319,高风险,0.377,高风险,0.384,高风险
328.0,4-1,location4,0.15,中风险,0.06,低风险,0.254,中风险,0.318,高风险,0.196,中风险,0.21,中风险
328.0,4-2,location4,0.282,中风险,0.113,中风险,0.478,高风险,0.599,高风险,0.37,高风险,0.397,高风险
328.0,4-3,location4,0.0,低风险,0.0,低风险,0.0,低风险,0.0,低风险,0.0,低风险,0.0,低风险
328.0,4-4,location4,0.072,低风险,0.029,低风险,0.122,中风险,0.152,中风险,0.094,低风险,0.101,低风险
329.0,4-3,location4,0.0,低风险,0.0,低风险,0.0,低风险,0.0,低风险,0.0,低风险,0.0,低风险
330.0,4-2,location4,0.214,中风险,0.086,低风险,0.363,高风险,0.455,高风险,0.281,中风险,0.301,中风险
330.0,4-3,location4,0.034,低风险,0.036,低风险,0.025,低风险,0.009,低风险,0.023,低风险,0.023,低风险
330.0,4-4,location4,0.402,高风险,0.267,中风险,0.513,高风险,0.645,高风险,0.461,高风险,0.475,高风险
331.0,4-1,location4,0.252,中风险,0.101,低风险,0.427,高风险,0.534,高风险,0.33,高风险,0.354,高风险
331.0,4-3,location4,0.0,低风险,0.0,低风险,0.0,低风险,0.0,低风险,0.0,低风险,0.0,低风险
332.0,4-2,location4,0.353,高风险,0.236,中风险,0.451,高风险,0.538,高风险,0.394,高风险,0.408,高风险
332.0,4-3,location4,0.1,低风险,0.04,低风险,0.169,中风险,0.212,中风险,0.131,中风险,0.14,中风险
332.0,4-5,location4,0.221,中风险,0.088,低风险,0.374,高风险,0.468,高风险,0.29,中风险,0.31,高风险
333.0,4-1,location4,0.249,中风险,0.113,中风险,0.403,高风险,0.492,高风险,0.315,高风险,0.336,高风险
333.0,4-2,location4,0.0,低风险,0.0,低风险,0.0,低风险,0.0,低风险,0.0,低风险,0.0,低风险
333.0,4-3,location4,0.0,低风险,0.0,低风险,0.0,低风险,0.0,低风险,0.0,低风险,0.0,低风险
334.0,4-1,location4,0.296,中风险,0.197,中风险,0.378,高风险,0.466,高风险,0.336,高风险,0.347,高风险
334.0,4-2,location4,0.244,中风险,0.132,中风险,0.36,高风险,0.451,高风险,0.299,中风险,0.314,高风险
335.0,4-1,location4,0.236,中风险,0.115,中风险,0.368,高风险,0.462,高风险,0.297,中风险,0.315,高风险
335.0,4-2,location4,0.0,低风险,0.0,低风险,0.0,低风险,0.0,低风险,0.0,低风险,0.0,低风险
335.0,4-5,location4,0.0,低风险,0.0,低风险,0.0,低风险,0.0,低风险,0.0,低风险,0.0,低风险
336.0,4-2,location4,0.222,中风险,0.183,中风险,0.227,中风险,0.277,中风险,0.228,中风险,0.229,中风险
337.0,4-1,location4,0.049,低风险,0.052,低风险,0.036,低风险,0.013,低风险,0.033,低风险,0.034,低风险
337.0,4-2,location4,0.245,中风险,0.098,低风险,0.416,高风险,0.521,高风险,0.322,高风险,0.345,高风险
338.0,4-1,location4,0.052,低风险,0.055,低风险,0.038,低风险,0.014,低风险,0.035,低风险,0.035,低风险
338.0,4-2,location4,0.416,高风险,0.371,高风险,0.401,高风险,0.3,中风险,0.348,高风险,0.357,高风险
338.0,4-4,location4,0.0,低风险,0.0,低风险,0.0,低风险,0.0,低风险,0.0,低风险,0.0,低风险
339.0,4-4,location4,0.0,低风险,0.0,低风险,0.0,低风险,0.0,低风险,0.0,低风险,0.0,低风险
340.0,4-1,location4,0.063,低风险,0.037,低风险,0.087,低风险,0.109,低风险,0.075,低风险,0.078,低风险
340.0,4-3,location4,0.233,中风险,0.093,低风险,0.394,高风险,0.494,高风险,0.305,中风险,0.327,高风险
341.0,4-1,location4,0.433,高风险,0.352,高风险,0.466,高风险,0.432,高风险,0.403,高风险,0.417,高风险
341.0,4-2,location4,0.5,高风险,0.369,高风险,0.578,高风险,0.728,高风险,0.549,高风险,0.558,高风险
341.0,4-3,location4,0.242,中风险,0.097,低风险,0.411,高风险,0.515,高风险,0.318,高风险,0.341,高风险
342.0,4-1,location4,0.141,中风险,0.056,低风险,0.239,中风险,0.299,中风险,0.185,中风险,0.198,中风险
342.0,4-2,location4,0.246,中风险,0.099,低风险,0.418,高风险,0.523,高风险,0.323,高风险,0.346,高风险
342.0,4-4,location4,0.0,低风险,0.0,低风险,0.0,低风险,0.0,低风险,0.0,低风险,0.0,低风险
343.0,4-2,location4,0.174,中风险,0.07,低风险,0.295,中风险,0.369,高风险,0.228,中风险,0.244,中风险
343.0,4-4,location4,0.0,低风险,0.0,低风险,0.0,低风险,0.0,低风险,0.0,低风险,0.0,低风险
344.0,4-1,location4,0.0,低风险,0.0,低风险,0.0,低风险,0.0,低风险,0.0,低风险,0.0,低风险
344.0,4-2,location4,0.0,低风险,0.0,低风险,0.0,低风险,0.0,低风险,0.0,低风险,0.0,低风险
344.0,4-3,location4,0.149,中风险,0.06,低风险,0.252,中风险,0.316,高风险,0.195,中风险,0.209,中风险
345.0,4-1,location4,0.249,中风险,0.137,中风险,0.362,高风险,0.454,高风险,0.303,中风险,0.318,高风险
345.0,4-3,location4,0.129,中风险,0.066,低风险,0.195,中风险,0.245,中风险,0.16,中风险,0.169,中风险
345.0,4-4,location4,0.203,中风险,0.081,低风险,0.344,高风险,0.431,高风险,0.267,中风险,0.286,中风险
346.0,4-1,location4,0.128,中风险,0.051,低风险,0.217,中风险,0.271,中风险,0.168,中风险,0.18,中风险
346.0,4-2,location4,0.011,低风险,0.004,低风险,0.019,低风险,0.024,低风险,0.015,低风险,0.016,低风险
346.0,4-3,location4,0.0,低风险,0.0,低风险,0.0,低风险,0.0,低风险,0.0,低风险,0.0,低风险
346.0,4-4,location4,0.087,低风险,0.071,低风险,0.093,低风险,0.08,低风险,0.078,低风险,0.081,低风险
347.0,4-2,location4,0.0,低风险,0.0,低风险,0.0,低风险,0.0,低风险,0.0,低风险,0.0,低风险
347.0,4-4,location4,0.301,中风险,0.192,中风险,0.404,高风险,0.435,高风险,0.326,高风险,0.344,高风险
348.0,4-1,location4,0.277,中风险,0.141,中风险,0.425,高风险,0.502,高风险,0.334,高风险,0.356,高风险
348.0,4-3,location4,0.292,中风险,0.201,中风险,0.36,高风险,0.452,高风险,0.329,高风险,0.338,高风险
348.0,4-4,location4,0.0,低风险,0.0,低风险,0.0,低风险,0.0,低风险,0.0,低风险,0.0,低风险
349.0,4-3,location4,0.0,低风险,0.0,低风险,0.0,低风险,0.0,低风险,0.0,低风险,0.0,低风险
349.0,4-4,location4,0.343,高风险,0.219,中风险,0.45,高风险,0.565,高风险,0.398,高风险,0.412,高风险
350.0,4-1,location4,0.475,高风险,0.34,高风险,0.569,高风险,0.689,高风险,0.519,高风险,0.533,高风险
350.0,4-3,location4,0.085,低风险,0.034,低风险,0.144,中风险,0.18,中风险,0.111,中风险,0.119,中风险
350.0,4-4,location4,0.037,低风险,0.015,低风险,0.064,低风险,0.08,低风险,0.049,低风险,0.053,低风险
351.0,4-1,location4,0.266,中风险,0.129,中风险,0.416,高风险,0.521,高风险,0.335,高风险,0.355,高风险
351.0,4-4,location4,0.4,高风险,0.305,中风险,0.458,高风险,0.478,高风险,0.401,高风险,0.414,高风险
352.0,4-1,location4,0.023,低风险,0.009,低风险,0.039,低风险,0.048,低风险,0.03,低风险,0.032,低风险
352.0,4-2,location4,0.0,低风险,0.0,低风险,0.0,低风险,0.0,低风险,0.0,低风险,0.0,低风险
352.0,4-4,location4,0.309,中风险,0.231,中风险,0.364,高风险,0.37,高风险,0.309,中风险,0.322,高风险
353.0,4-1,location4,0.084,低风险,0.046,低风险,0.121,中风险,0.152,中风险,0.101,低风险,0.106,低风险
354.0,4-1,location4,0.0,低风险,0.0,低风险,0.0,低风险,0.0,低风险,0.0,低风险,0.0,低风险
356.0,4-4,location4,0.109,低风险,0.044,低风险,0.185,中风险,0.232,中风险,0.143,中风险,0.154,中风险
357.0,4-3,location4,0.0,低风险,0.0,低风险,0.0,低风险,0.0,低风险,0.0,低风险,0.0,低风险
357.0,4-4,location4,0.258,中风险,0.103,低风险,0.438,高风险,0.548,高风险,0.339,高风险,0.363,高风险
358.0,4-1,location4,0.011,低风险,0.011,低风险,0.008,低风险,0.003,低风险,0.007,低风险,0.007,低风险
358.0,4-3,location4,0.257,中风险,0.271,中风险,0.187,中风险,0.067,低风险,0.175,中风险,0.175,中风险
358.0,4-4,location4,0.218,中风险,0.087,低风险,0.37,高风险,0.463,高风险,0.286,中风险,0.307,中风险
359.0,4-1,location4,0.15,中风险,0.06,低风险,0.255,中风险,0.319,高风险,0.197,中风险,0.211,中风险
359.0,4-2,location4,0.0,低风险,0.0,低风险,0.0,低风险,0.0,低风险,0.0,低风险,0.0,低风险
359.0,4-3,location4,0.0,低风险,0.0,低风险,0.0,低风险,0.0,低风险,0.0,低风险,0.0,低风险
360.0,4-1,location4,0.21,中风险,0.084,低风险,0.356,高风险,0.445,高风险,0.275,中风险,0.295,中风险
360.0,4-4,location4,0.221,中风险,0.089,低风险,0.375,高风险,0.47,高风险,0.29,中风险,0.311,高风险
361.0,4-1,location4,0.136,中风险,0.063,低风险,0.218,中风险,0.273,中风险,0.174,中风险,0.185,中风险
361.0,4-3,location4,0.0,低风险,0.0,低风险,0.0,低风险,0.0,低风险,0.0,低风险,0.0,低风险
362.0,4-1,location4,0.0,低风险,0.0,低风险,0.0,低风险,0.0,低风险,0.0,低风险,0.0,低风险
363.0,4-1,location4,0.0,低风险,0.0,低风险,0.0,低风险,0.0,低风险,0.0,低风险,0.0,低风险
363.0,4-4,location4,0.054,低风险,0.056,低风险,0.039,低风险,0.014,低风险,0.036,低风险,0.036,低风险
364.0,4-1,location4,0.0,低风险,0.0,低风险,0.0,低风险,0.0,低风险,0.0,低风险,0.0,低风险
364.0,4-4,location4,0.154,中风险,0.062,低风险,0.261,中风险,0.327,高风险,0.202,中风险,0.217,中风险
365.0,4-2,location4,0.0,低风险,0.0,低风险,0.0,低风险,0.0,低风险,0.0,低风险,0.0,低风险
365.0,4-4,location4,0.037,低风险,0.015,低风险,0.063,低风险,0.079,低风险,0.049,低风险,0.052,低风险
366.0,4-2,location4,0.001,低风险,0.001,低风险,0.001,低风险,0.0,低风险,0.001,低风险,0.001,低风险
367.0,4-2,location4,0.52,高风险,0.375,高风险,0.623,高风险,0.72,高风险,0.556,高风险,0.573,高风险
369.0,4-2,location4,0.343,高风险,0.138,中风险,0.582,高风险,0.729,高风险,0.451,高风险,0.483,高风险
369.0,4-4,location4,0.408,高风险,0.299,中风险,0.491,高风险,0.481,高风险,0.404,高风险,0.423,高风险
370.0,4-1,location4,0.0,低风险,0.0,低风险,0.0,低风险,0.0,低风险,0.0,低风险,0.0,低风险
370.0,4-3,location4,0.266,中风险,0.107,低风险,0.452,高风险,0.566,高风险,0.35,高风险,0.375,高风险
371.0,4-1,location4,0.332,高风险,0.235,中风险,0.401,高风险,0.504,高风险,0.371,高风险,0.38,高风险
371.0,4-2,location4,0.0,低风险,0.0,低风险,0.0,低风险,0.0,低风险,0.0,低风险,0.0,低风险
371.0,4-4,location4,0.178,中风险,0.107,低风险,0.245,中风险,0.307,中风险,0.211,中风险,0.22,中风险
373.0,4-2,location4,0.043,低风险,0.017,低风险,0.072,低风险,0.091,低风险,0.056,低风险,0.06,低风险
374.0,4-2,location4,0.138,中风险,0.114,中风险,0.14,中风险,0.177,中风险,0.144,中风险,0.144,中风险
374.0,4-4,location4,0.161,中风险,0.108,低风险,0.207,中风险,0.217,中风险,0.169,中风险,0.177,中风险
375.0,4-1,location4,0.07,低风险,0.074,低风险,0.051,低风险,0.018,低风险,0.047,低风险,0.048,低风险
375.0,4-2,location4,0.034,低风险,0.036,低风险,0.025,低风险,0.009,低风险,0.023,低风险,0.023,低风险
375.0,4-3,location4,0.183,中风险,0.11,中风险,0.252,中风险,0.316,高风险,0.217,中风险,0.226,中风险
375.0,4-4,location4,0.0,低风险,0.0,低风险,0.0,低风险,0.0,低风险,0.0,低风险,0.0,低风险
376.0,4-1,location4,0.242,中风险,0.16,中风险,0.31,中风险,0.389,高风险,0.277,中风险,0.286,中风险
376.0,4-3,location4,0.115,中风险,0.046,低风险,0.195,中风险,0.244,中风险,0.151,中风险,0.162,中风险
376.0,4-4,location4,0.197,中风险,0.109,低风险,0.289,中风险,0.332,高风险,0.229,中风险,0.243,中风险
377.0,4-1,location4,0.322,高风险,0.191,中风险,0.447,高风险,0.561,高风险,0.383,高风险,0.4,高风险
377.0,4-2,location4,0.0,低风险,0.0,低风险,0.0,低风险,0.0,低风险,0.0,低风险,0.0,低风险
378.0,4-1,location4,0.0,低风险,0.0,低风险,0.0,低风险,0.0,低风险,0.0,低风险,0.0,低风险
378.0,4-2,location4,0.0,低风险,0.0,低风险,0.0,低风险,0.0,低风险,0.0,低风险,0.0,低风险
378.0,4-3,location4,0.134,中风险,0.054,低风险,0.228,中风险,0.285,中风险,0.176,中风险,0.189,中风险
379.0,4-1,location4,0.0,低风险,0.0,低风险,0.0,低风险,0.0,低风险,0.0,低风险,0.0,低风险
379.0,4-2,location4,0.272,中风险,0.116,中风险,0.45,高风险,0.557,高风险,0.35,高风险,0.374,高风险
380.0,4-1,location4,0.111,中风险,0.044,低风险,0.187,中风险,0.235,中风险,0.145,中风险,0.155,中风险
380.0,4-2,location4,0.341,高风险,0.255,中风险,0.401,高风险,0.385,高风险,0.332,高风险,0.347,高风险
380.0,4-3,location4,0.18,中风险,0.072,低风险,0.306,中风险,0.383,高风险,0.237,中风险,0.254,中风险
381.0,4-1,location4,0.09,低风险,0.094,低风险,0.065,低风险,0.023,低风险,0.061,低风险,0.061,低风险
381.0,4-4,location4,0.0,低风险,0.0,低风险,0.0,低风险,0.0,低风险,0.0,低风险,0.0,低风险
382.0,4-1,location4,0.115,中风险,0.121,中风险,0.083,低风险,0.03,低风险,0.078,低风险,0.078,低风险
382.0,4-2,location4,0.0,低风险,0.0,低风险,0.0,低风险,0.0,低风险,0.0,低风险,0.0,低风险
382.0,4-3,location4,0.028,低风险,0.03,低风险,0.021,低风险,0.007,低风险,0.019,低风险,0.019,低风险
382.0,4-4,location4,0.392,高风险,0.237,中风险,0.547,高风险,0.606,高风险,0.438,高风险,0.463,高风险
383.0,4-1,location4,0.377,高风险,0.237,中风险,0.503,高风险,0.632,高风险,0.441,高风险,0.457,高风险
383.0,4-2,location4,0.319,高风险,0.177,中风险,0.469,高风险,0.539,高风险,0.372,高风险,0.395,高风险
383.0,4-3,location4,0.0,低风险,0.0,低风险,0.0,低风险,0.0,低风险,0.0,低风险,0.0,低风险
383.0,4-4,location4,0.284,中风险,0.114,中风险,0.481,高风险,0.603,高风险,0.373,高风险,0.399,高风险
384.0,4-1,location4,0.343,高风险,0.205,中风险,0.473,高风险,0.594,高风险,0.407,高风险,0.424,高风险
384.0,4-2,location4,0.0,低风险,0.0,低风险,0.0,低风险,0.0,低风险,0.0,低风险,0.0,低风险
384.0,4-3,location4,0.1,低风险,0.04,低风险,0.169,中风险,0.212,中风险,0.131,中风险,0.14,中风险
385.0,4-4,location4,0.0,低风险,0.0,低风险,0.0,低风险,0.0,低风险,0.0,低风险,0.0,低风险
386.0,4-1,location4,0.0,低风险,0.0,低风险,0.0,低风险,0.0,低风险,0.0,低风险,0.0,低风险
386.0,4-2,location4,0.216,中风险,0.086,低风险,0.366,高风险,0.458,高风险,0.283,中风险,0.304,中风险
386.0,4-3,location4,0.0,低风险,0.0,低风险,0.0,低风险,0.0,低风险,0.0,低风险,0.0,低风险
386.0,4-4,location4,0.192,中风险,0.077,低风险,0.325,高风险,0.408,高风险,0.252,中风险,0.27,中风险
387.0,4-3,location4,0.089,低风险,0.045,低风险,0.136,中风险,0.17,中风险,0.11,中风险,0.117,中风险
387.0,4-4,location4,0.324,高风险,0.219,中风险,0.406,高风险,0.51,高风险,0.368,高风险,0.379,高风险
388.0,4-1,location4,0.215,中风险,0.086,低风险,0.364,高风险,0.456,高风险,0.282,中风险,0.302,中风险
388.0,4-2,location4,0.131,中风险,0.053,低风险,0.222,中风险,0.278,中风险,0.172,中风险,0.184,中风险
388.0,4-3,location4,0.0,低风险,0.0,低风险,0.0,低风险,0.0,低风险,0.0,低风险,0.0,低风险
388.0,4-4,location4,0.216,中风险,0.087,低风险,0.366,高风险,0.459,高风险,0.284,中风险,0.304,中风险
388.0,4-5,location4,0.123,中风险,0.049,低风险,0.208,中风险,0.261,中风险,0.161,中风险,0.173,中风险
389.0,4-1,location4,0.121,中风险,0.127,中风险,0.087,低风险,0.032,低风险,0.082,低风险,0.082,低风险
389.0,4-2,location4,0.08,低风险,0.084,低风险,0.058,低风险,0.021,低风险,0.054,低风险,0.054,低风险
389.0,4-3,location4,0.101,低风险,0.04,低风险,0.17,中风险,0.213,中风险,0.132,中风险,0.141,中风险
390.0,4-1,location4,0.156,中风险,0.063,低风险,0.265,中风险,0.332,高风险,0.205,中风险,0.22,中风险
390.0,4-2,location4,0.0,低风险,0.0,低风险,0.0,低风险,0.0,低风险,0.0,低风险,0.0,低风险
390.0,4-3,location4,0.326,高风险,0.131,中风险,0.553,高风险,0.692,高风险,0.428,高风险,0.458,高风险
390.0,4-4,location4,0.141,中风险,0.057,低风险,0.239,中风险,0.299,中风险,0.185,中风险,0.198,中风险
391.0,4-1,location4,0.087,低风险,0.035,低风险,0.147,中风险,0.184,中风险,0.114,中风险,0.122,中风险
391.0,4-2,location4,0.218,中风险,0.152,中风险,0.266,中风险,0.335,高风险,0.245,中风险,0.251,中风险
391.0,4-5,location4,0.106,低风险,0.042,低风险,0.179,中风险,0.224,中风险,0.139,中风险,0.148,中风险
392.0,4-1,location4,0.32,高风险,0.219,中风险,0.398,高风险,0.5,高风险,0.362,高风险,0.372,高风险
392.0,4-2,location4,0.211,中风险,0.085,低风险,0.358,高风险,0.449,高风险,0.278,中风险,0.297,中风险
392.0,4-3,location4,0.0,低风险,0.0,低风险,0.0,低风险,0.0,低风险,0.0,低风险,0.0,低风险
393.0,4-1,location4,0.032,低风险,0.034,低风险,0.023,低风险,0.008,低风险,0.022,低风险,0.022,低风险
394.0,4-1,location4,0.131,中风险,0.081,低风险,0.176,中风险,0.221,中风险,0.154,中风险,0.16,中风险
394.0,4-2,location4,0.228,中风险,0.133,中风险,0.323,高风险,0.364,高风险,0.258,中风险,0.273,中风险
394.0,4-3,location4,0.208,中风险,0.083,低风险,0.353,高风险,0.441,高风险,0.273,中风险,0.292,中风险
394.0,4-4,location4,0.185,中风险,0.092,低风险,0.286,中风险,0.358,高风险,0.232,中风险,0.245,中风险
395.0,4-1,location4,0.201,中风险,0.105,低风险,0.301,中风险,0.378,高风险,0.248,中风险,0.261,中风险
395.0,4-2,location4,0.036,低风险,0.038,低风险,0.026,低风险,0.01,低风险,0.025,低风险,0.025,低风险
395.0,4-3,location4,0.0,低风险,0.0,低风险,0.0,低风险,0.0,低风险,0.0,低风险,0.0,低风险
395.0,4-4,location4,0.164,中风险,0.066,低风险,0.278,中风险,0.348,高风险,0.215,中风险,0.231,中风险
396.0,4-1,location4,0.043,低风险,0.019,低风险,0.07,低风险,0.088,低风险,0.055,低风险,0.059,低风险
396.0,4-2,location4,0.354,高风险,0.228,中风险,0.461,高风险,0.58,高风险,0.409,高风险,0.423,高风险
397.0,4-2,location4,0.076,低风险,0.03,低风险,0.128,中风险,0.161,中风险,0.099,低风险,0.106,低风险
397.0,4-3,location4,0.187,中风险,0.075,低风险,0.317,高风险,0.396,高风险,0.245,中风险,0.263,中风险
398.0,4-4,location4,0.234,中风险,0.094,低风险,0.397,高风险,0.497,高风险,0.307,中风险,0.329,高风险
398.0,4-5,location4,0.241,中风险,0.096,低风险,0.408,高风险,0.511,高风险,0.316,高风险,0.339,高风险
399.0,4-2,location4,0.105,低风险,0.042,低风险,0.178,中风险,0.223,中风险,0.138,中风险,0.148,中风险
401.0,4-2,location4,0.191,中风险,0.201,中风险,0.139,中风险,0.05,低风险,0.13,中风险,0.13,中风险
402.0,4-2,location4,0.19,中风险,0.076,低风险,0.322,高风险,0.403,高风险,0.249,中风险,0.267,中风险
403.0,4-1,location4,0.0,低风险,0.0,低风险,0.0,低风险,0.0,低风险,0.0,低风险,0.0,低风险
404.0,4-1,location4,0.0,低风险,0.0,低风险,0.0,低风险,0.0,低风险,0.0,低风险,0.0,低风险
404.0,4-2,location4,0.0,低风险,0.0,低风险,0.0,低风险,0.0,低风险,0.0,低风险,0.0,低风险
404.0,4-3,location4,0.151,中风险,0.061,低风险,0.257,中风险,0.322,高风险,0.199,中风险,0.213,中风险
404.0,4-4,location4,0.0,低风险,0.0,低风险,0.0,低风险,0.0,低风险,0.0,低风险,0.0,低风险
405.0,4-1,location4,0.136,中风险,0.054,低风险,0.23,中风险,0.289,中风险,0.178,中风险,0.191,中风险
405.0,4-3,location4,0.0,低风险,0.0,低风险,0.0,低风险,0.0,低风险,0.0,低风险,0.0,低风险
405.0,4-4,location4,0.0,低风险,0.0,低风险,0.0,低风险,0.0,低风险,0.0,低风险,0.0,低风险
405.0,4-5,location4,0.197,中风险,0.115,中风险,0.276,中风险,0.347,高风险,0.235,中风险,0.246,中风险
406.0,4-3,location4,0.036,低风险,0.038,低风险,0.026,低风险,0.009,低风险,0.024,低风险,0.024,低风险
407.0,4-2,location4,0.366,高风险,0.251,中风险,0.467,高风险,0.482,高风险,0.38,高风险,0.4,高风险
408.0,4-1,location4,0.0,低风险,0.0,低风险,0.0,低风险,0.0,低风险,0.0,低风险,0.0,低风险
408.0,4-2,location4,0.0,低风险,0.0,低风险,0.0,低风险,0.0,低风险,0.0,低风险,0.0,低风险
408.0,4-3,location4,0.0,低风险,0.0,低风险,0.0,低风险,0.0,低风险,0.0,低风险,0.0,低风险
409.0,4-1,location4,0.313,高风险,0.184,中风险,0.443,高风险,0.509,高风险,0.358,高风险,0.378,高风险
409.0,4-2,location4,0.158,中风险,0.063,低风险,0.267,中风险,0.335,高风险,0.207,中风险,0.222,中风险
409.0,4-3,location4,0.0,低风险,0.0,低风险,0.0,低风险,0.0,低风险,0.0,低风险,0.0,低风险
410.0,4-1,location4,0.427,高风险,0.268,中风险,0.58,高风险,0.63,高风险,0.466,高风险,0.493,高风险
410.0,4-2,location4,0.18,中风险,0.072,低风险,0.305,中风险,0.382,高风险,0.236,中风险,0.253,中风险
410.0,4-3,location4,0.107,低风险,0.043,低风险,0.182,中风险,0.228,中风险,0.141,中风险,0.151,中风险
411.0,4-2,location4,0.357,高风险,0.337,高风险,0.317,高风险,0.204,中风险,0.28,中风险,0.286,中风险
411.0,4-3,location4,0.0,低风险,0.0,低风险,0.0,低风险,0.0,低风险,0.0,低风险,0.0,低风险
412.0,4-3,location4,0.338,高风险,0.24,中风险,0.414,高风险,0.445,高风险,0.352,高风险,0.366,高风险
413.0,4-3,location4,0.0,低风险,0.0,低风险,0.0,低风险,0.0,低风险,0.0,低风险,0.0,低风险
413.0,4-5,location4,0.08,低风险,0.032,低风险,0.136,中风险,0.171,中风险,0.106,低风险,0.113,中风险
414.0,4-3,location4,0.287,中风险,0.115,中风险,0.487,高风险,0.61,高风险,0.377,高风险,0.404,高风险
415.0,4-1,location4,0.173,中风险,0.069,低风险,0.293,中风险,0.367,高风险,0.227,中风险,0.243,中风险
415.0,4-3,location4,0.0,低风险,0.0,低风险,0.0,低风险,0.0,低风险,0.0,低风险,0.0,低风险
416.0,4-1,location4,0.259,中风险,0.119,中风险,0.414,高风险,0.519,高风险,0.33,高风险,0.351,高风险
416.0,4-2,location4,0.428,高风险,0.265,中风险,0.577,高风险,0.724,高风险,0.503,高风险,0.522,高风险
416.0,4-3,location4,0.0,低风险,0.0,低风险,0.0,低风险,0.0,低风险,0.0,低风险,0.0,低风险
417.0,4-1,location4,0.212,中风险,0.085,低风险,0.36,高风险,0.451,高风险,0.279,中风险,0.299,中风险
418.0,4-1,location4,0.172,中风险,0.116,中风险,0.222,中风险,0.231,中风险,0.18,中风险,0.19,中风险
418.0,4-4,location4,0.0,低风险,0.0,低风险,0.0,低风险,0.0,低风险,0.0,低风险,0.0,低风险
419.0,4-1,location4,0.114,中风险,0.121,中风险,0.083,低风险,0.03,低风险,0.078,低风险,0.078,低风险
420.0,4-1,location4,0.377,高风险,0.275,中风险,0.454,高风险,0.449,高风险,0.375,高风险,0.393,高风险
420.0,4-2,location4,0.236,中风险,0.094,低风险,0.4,高风险,0.501,高风险,0.309,中风险,0.332,高风险
420.0,4-4,location4,0.204,中风险,0.127,中风险,0.279,中风险,0.305,中风险,0.224,中风险,0.237,中风险
421.0,4-2,location4,0.077,低风险,0.031,低风险,0.131,中风险,0.164,中风险,0.102,低风险,0.109,低风险
422.0,4-2,location4,0.065,低风险,0.026,低风险,0.111,中风险,0.139,中风险,0.086,低风险,0.092,低风险
423.0,4-2,location4,0.088,低风险,0.035,低风险,0.149,中风险,0.187,中风险,0.116,中风险,0.124,中风险
423.0,4-3,location4,0.0,低风险,0.0,低风险,0.0,低风险,0.0,低风险,0.0,低风险,0.0,低风险
424.0,4-1,location4,0.293,中风险,0.186,中风险,0.394,高风险,0.426,高风险,0.318,高风险,0.335,高风险
424.0,4-2,location4,0.133,中风险,0.053,低风险,0.225,中风险,0.282,中风险,0.174,中风险,0.187,中风险
424.0,4-3,location4,0.138,中风险,0.055,低风险,0.234,中风险,0.293,中风险,0.181,中风险,0.194,中风险
425.0,4-1,location4,0.579,高风险,0.419,高风险,0.702,高风险,0.693,高风险,0.577,高风险,0.605,高风险
425.0,4-2,location4,0.0,低风险,0.0,低风险,0.0,低风险,0.0,低风险,0.0,低风险,0.0,低风险
425.0,4-3,location4,0.038,低风险,0.015,低风险,0.065,低风险,0.081,低风险,0.05,低风险,0.054,低风险
426.0,4-3,location4,0.217,中风险,0.087,低风险,0.368,高风险,0.46,高风险,0.285,中风险,0.305,中风险
427.0,4-2,location4,0.413,高风险,0.315,高风险,0.479,高风险,0.452,高风险,0.398,高风险,0.415,高风险
427.0,4-3,location4,0.405,高风险,0.266,中风险,0.521,高风险,0.652,高风险,0.464,高风险,0.479,高风险
428.0,4-5,location4,0.0,低风险,0.0,低风险,0.0,低风险,0.0,低风险,0.0,低风险,0.0,低风险
429.0,4-2,location4,0.324,高风险,0.211,中风险,0.419,高风险,0.527,高风险,0.373,高风险,0.385,高风险
430.0,4-2,location4,0.0,低风险,0.0,低风险,0.0,低风险,0.0,低风险,0.0,低风险,0.0,低风险
430.0,4-4,location4,0.0,低风险,0.0,低风险,0.0,低风险,0.0,低风险,0.0,低风险,0.0,低风险
431.0,4-1,location4,0.289,中风险,0.116,中风险,0.489,高风险,0.613,高风险,0.379,高风险,0.406,高风险
431.0,4-3,location4,0.194,中风险,0.205,中风险,0.141,中风险,0.051,低风险,0.132,中风险,0.132,中风险
431.0,4-4,location4,0.254,中风险,0.192,中风险,0.296,中风险,0.281,中风险,0.245,中风险,0.256,中风险
432.0,4-1,location4,0.308,中风险,0.123,中风险,0.522,高风险,0.654,高风险,0.404,高风险,0.433,高风险
432.0,4-3,location4,0.459,高风险,0.304,中风险,0.587,高风险,0.738,高风险,0.526,高风险,0.543,高风险
432.0,4-4,location4,0.384,高风险,0.276,中风险,0.456,高风险,0.574,高风险,0.426,高风险,0.435,高风险
433.0,4-2,location4,0.193,中风险,0.203,中风险,0.14,中风险,0.05,低风险,0.131,中风险,0.131,中风险
433.0,4-3,location4,0.0,低风险,0.0,低风险,0.0,低风险,0.0,低风险,0.0,低风险,0.0,低风险
434.0,4-1,location4,0.182,中风险,0.086,低风险,0.289,中风险,0.349,高风险,0.226,中风险,0.241,中风险
434.0,4-4,location4,0.196,中风险,0.078,低风险,0.332,高风险,0.416,高风险,0.257,中风险,0.275,中风险
435.0,4-1,location4,0.227,中风险,0.107,低风险,0.361,高风险,0.436,高风险,0.282,中风险,0.301,中风险
435.0,4-3,location4,0.0,低风险,0.0,低风险,0.0,低风险,0.0,低风险,0.0,低风险,0.0,低风险
436.0,4-1,location4,0.236,中风险,0.114,中风险,0.369,高风险,0.458,高风险,0.295,中风险,0.314,高风险
436.0,4-2,location4,0.421,高风险,0.295,中风险,0.512,高风险,0.644,高风险,0.472,高风险,0.483,高风险
436.0,4-3,location4,0.217,中风险,0.087,低风险,0.369,高风险,0.462,高风险,0.286,中风险,0.306,中风险
436.0,4-4,location4,0.334,高风险,0.249,中风险,0.382,高风险,0.481,高风险,0.365,高风险,0.371,高风险
437.0,4-2,location4,0.153,中风险,0.161,中风险,0.111,中风险,0.04,低风险,0.104,低风险,0.104,低风险
437.0,4-3,location4,0.156,中风险,0.091,低风险,0.219,中风险,0.274,中风险,0.186,中风险,0.195,中风险
437.0,4-4,location4,0.0,低风险,0.0,低风险,0.0,低风险,0.0,低风险,0.0,低风险,0.0,低风险
438.0,4-1,location4,0.0,低风险,0.0,低风险,0.0,低风险,0.0,低风险,0.0,低风险,0.0,低风险
438.0,4-3,location4,0.161,中风险,0.065,低风险,0.274,中风险,0.343,高风险,0.212,中风险,0.227,中风险
438.0,4-4,location4,0.256,中风险,0.153,中风险,0.359,高风险,0.4,高风险,0.287,中风险,0.304,中风险
439.0,4-2,location4,0.402,高风险,0.305,中风险,0.452,高风险,0.569,高风险,0.436,高风险,0.442,高风险
440.0,4-1,location4,0.0,低风险,0.0,低风险,0.0,低风险,0.0,低风险,0.0,低风险,0.0,低风险
440.0,4-3,location4,0.114,中风险,0.047,低风险,0.191,中风险,0.239,中风险,0.149,中风险,0.159,中风险
440.0,4-4,location4,0.0,低风险,0.0,低风险,0.0,低风险,0.0,低风险,0.0,低风险,0.0,低风险
440.0,4-5,location4,0.341,高风险,0.211,中风险,0.46,高风险,0.577,高风险,0.401,高风险,0.416,高风险
441.0,4-1,location4,0.266,中风险,0.107,低风险,0.451,高风险,0.565,高风险,0.349,高风险,0.374,高风险
441.0,4-2,location4,0.52,高风险,0.363,高风险,0.635,高风险,0.798,高风险,0.584,高风险,0.599,高风险
441.0,4-3,location4,0.0,低风险,0.0,低风险,0.0,低风险,0.0,低风险,0.0,低风险,0.0,低风险
442.0,4-1,location4,0.118,中风险,0.055,低风险,0.187,中风险,0.235,中风险,0.15,中风险,0.159,中风险
442.0,4-3,location4,0.0,低风险,0.0,低风险,0.0,低风险,0.0,低风险,0.0,低风险,0.0,低风险
443.0,4-1,location4,0.106,低风险,0.048,低风险,0.17,中风险,0.213,中风险,0.135,中风险,0.144,中风险
443.0,4-3,location4,0.0,低风险,0.0,低风险,0.0,低风险,0.0,低风险,0.0,低风险,0.0,低风险
443.0,4-4,location4,0.362,高风险,0.194,中风险,0.541,高风险,0.629,高风险,0.428,高风险,0.455,高风险
444.0,4-1,location4,0.0,低风险,0.0,低风险,0.0,低风险,0.0,低风险,0.0,低风险,0.0,低风险
444.0,4-3,location4,0.076,低风险,0.03,低风险,0.129,中风险,0.162,中风险,0.1,低风险,0.107,低风险
444.0,4-4,location4,0.211,中风险,0.145,中风险,0.269,中风险,0.277,中风险,0.219,中风险,0.23,中风险
445.0,4-1,location4,0.0,低风险,0.0,低风险,0.0,低风险,0.0,低风险,0.0,低风险,0.0,低风险
445.0,4-2,location4,0.0,低风险,0.0,低风险,0.0,低风险,0.0,低风险,0.0,低风险,0.0,低风险
445.0,4-3,location4,0.022,低风险,0.009,低风险,0.037,低风险,0.046,低风险,0.029,低风险,0.031,低风险
445.0,4-4,location4,0.176,中风险,0.071,低风险,0.299,中风险,0.374,高风险,0.231,中风险,0.248,中风险
446.0,4-1,location4,0.204,中风险,0.082,低风险,0.345,高风险,0.433,高风险,0.268,中风险,0.287,中风险
446.0,4-3,location4,0.0,低风险,0.0,低风险,0.0,低风险,0.0,低风险,0.0,低风险,0.0,低风险
447.0,4-1,location4,0.0,低风险,0.0,低风险,0.0,低风险,0.0,低风险,0.0,低风险,0.0,低风险
447.0,4-4,location4,0.0,低风险,0.0,低风险,0.0,低风险,0.0,低风险,0.0,低风险,0.0,低风险
448.0,4-1,location4,0.0,低风险,0.0,低风险,0.0,低风险,0.0,低风险,0.0,低风险,0.0,低风险
448.0,4-2,location4,0.0,低风险,0.0,低风险,0.0,低风险,0.0,低风险,0.0,低风险,0.0,低风险
449.0,4-1,location4,0.225,中风险,0.09,低风险,0.382,高风险,0.478,高风险,0.296,中风险,0.317,高风险
449.0,4-2,location4,0.0,低风险,0.0,低风险,0.0,低风险,0.0,低风险,0.0,低风险,0.0,低风险
449.0,4-5,location4,0.295,中风险,0.118,中风险,0.5,高风险,0.627,高风险,0.387,高风险,0.415,高风险
450.0,4-1,location4,0.303,中风险,0.175,中风险,0.428,高风险,0.537,高风险,0.363,高风险,0.38,高风险
450.0,4-4,location4,0.151,中风险,0.061,低风险,0.256,中风险,0.321,高风险,0.198,中风险,0.212,中风险
451.0,4-1,location4,0.056,低风险,0.028,低风险,0.087,低风险,0.11,低风险,0.071,低风险,0.075,低风险
451.0,4-2,location4,0.0,低风险,0.0,低风险,0.0,低风险,0.0,低风险,0.0,低风险,0.0,低风险
451.0,4-4,location4,0.0,低风险,0.0,低风险,0.0,低风险,0.0,低风险,0.0,低风险,0.0,低风险
452.0,4-2,location4,0.1,低风险,0.04,低风险,0.169,中风险,0.212,中风险,0.131,中风险,0.14,中风险
452.0,4-3,location4,0.0,低风险,0.0,低风险,0.0,低风险,0.0,低风险,0.0,低风险,0.0,低风险
453.0,4-2,location4,0.219,中风险,0.088,低风险,0.372,高风险,0.466,高风险,0.288,中风险,0.308,中风险
453.0,4-4,location4,0.466,高风险,0.319,高风险,0.593,高风险,0.612,高风险,0.483,高风险,0.508,高风险
454.0,4-2,location4,0.121,中风险,0.048,低风险,0.205,中风险,0.256,中风险,0.159,中风险,0.17,中风险
454.0,4-4,location4,0.303,中风险,0.227,中风险,0.357,高风险,0.342,高风险,0.295,中风险,0.309,中风险
455.0,4-4,location4,0.441,高风险,0.3,中风险,0.55,高风险,0.691,高风险,0.5,高风险,0.514,高风险
456.0,4-2,location4,0.0,低风险,0.0,低风险,0.0,低风险,0.0,低风险,0.0,低风险,0.0,低风险
456.0,4-3,location4,0.0,低风险,0.0,低风险,0.0,低风险,0.0,低风险,0.0,低风险,0.0,低风险
456.0,4-4,location4,0.134,中风险,0.054,低风险,0.227,中风险,0.284,中风险,0.176,中风险,0.188,中风险
457.0,4-1,location4,0.0,低风险,0.0,低风险,0.0,低风险,0.0,低风险,0.0,低风险,0.0,低风险
457.0,4-2,location4,0.262,中风险,0.153,中风险,0.367,高风险,0.46,高风险,0.313,高风险,0.327,高风险
457.0,4-4,location4,0.299,中风险,0.214,中风险,0.356,高风险,0.447,高风险,0.332,高风险,0.339,高风险
458.0,4-2,location4,0.137,中风险,0.055,低风险,0.232,中风险,0.291,中风险,0.18,中风险,0.193,中风险
458.0,4-3,location4,0.096,低风险,0.042,低风险,0.158,中风险,0.198,中风险,0.124,中风险,0.133,中风险
458.0,4-4,location4,0.551,高风险,0.417,高风险,0.621,高风险,0.782,高风险,0.598,高风险,0.607,高风险
459.0,4-2,location4,0.064,低风险,0.026,低风险,0.109,低风险,0.136,中风险,0.084,低风险,0.09,低风险
459.0,4-3,location4,0.0,低风险,0.0,低风险,0.0,低风险,0.0,低风险,0.0,低风险,0.0,低风险
459.0,4-4,location4,0.238,中风险,0.095,低风险,0.403,高风险,0.505,高风险,0.312,高风险,0.334,高风险
460.0,4-1,location4,0.0,低风险,0.0,低风险,0.0,低风险,0.0,低风险,0.0,低风险,0.0,低风险
460.0,4-3,location4,0.0,低风险,0.0,低风险,0.0,低风险,0.0,低风险,0.0,低风险,0.0,低风险
460.0,4-4,location4,0.0,低风险,0.0,低风险,0.0,低风险,0.0,低风险,0.0,低风险,0.0,低风险
461.0,4-2,location4,0.0,低风险,0.0,低风险,0.0,低风险,0.0,低风险,0.0,低风险,0.0,低风险
461.0,4-4,location4,0.011,低风险,0.012,低风险,0.008,低风险,0.003,低风险,0.008,低风险,0.008,低风险
462.0,4-1,location4,0.214,中风险,0.086,低风险,0.363,高风险,0.455,高风险,0.281,中风险,0.301,中风险
462.0,4-3,location4,0.084,低风险,0.033,低风险,0.142,中风险,0.177,中风险,0.11,低风险,0.118,中风险
463.0,4-1,location4,0.3,中风险,0.135,中风险,0.486,高风险,0.594,高风险,0.379,高风险,0.405,高风险
463.0,4-2,location4,0.209,中风险,0.084,低风险,0.354,高风险,0.444,高风险,0.274,中风险,0.294,中风险
463.0,4-4,location4,0.159,中风险,0.064,低风险,0.269,中风险,0.337,高风险,0.208,中风险,0.223,中风险
463.0,4-5,location4,0.0,低风险,0.0,低风险,0.0,低风险,0.0,低风险,0.0,低风险,0.0,低风险
464.0,4-1,location4,0.191,中风险,0.076,低风险,0.323,高风险,0.405,高风险,0.25,中风险,0.268,中风险
464.0,4-2,location4,0.261,中风险,0.174,中风险,0.339,高风险,0.356,高风险,0.275,中风险,0.29,中风险
464.0,4-4,location4,0.043,低风险,0.046,低风险,0.032,低风险,0.011,低风险,0.03,低风险,0.03,低风险
465.0,4-1,location4,0.221,中风险,0.113,中风险,0.337,高风险,0.422,高风险,0.275,中风险,0.291,中风险
465.0,4-2,location4,0.275,中风险,0.242,中风险,0.269,中风险,0.206,中风险,0.232,中风险,0.239,中风险
465.0,4-3,location4,0.132,中风险,0.139,中风险,0.096,低风险,0.035,低风险,0.09,低风险,0.09,低风险
465.0,4-4,location4,0.43,高风险,0.333,高风险,0.488,高风险,0.472,高风险,0.415,高风险,0.431,高风险
466.0,4-1,location4,0.0,低风险,0.0,低风险,0.0,低风险,0.0,低风险,0.0,低风险,0.0,低风险
466.0,4-3,location4,0.0,低风险,0.0,低风险,0.0,低风险,0.0,低风险,0.0,低风险,0.0,低风险
467.0,4-2,location4,0.0,低风险,0.0,低风险,0.0,低风险,0.0,低风险,0.0,低风险,0.0,低风险
467.0,4-3,location4,0.0,低风险,0.0,低风险,0.0,低风险,0.0,低风险,0.0,低风险,0.0,低风险
467.0,4-4,location4,0.0,低风险,0.0,低风险,0.0,低风险,0.0,低风险,0.0,低风险,0.0,低风险
468.0,4-1,location4,0.034,低风险,0.014,低风险,0.058,低风险,0.073,低风险,0.045,低风险,0.048,低风险
468.0,4-4,location4,0.112,中风险,0.045,低风险,0.19,中风险,0.238,中风险,0.147,中风险,0.158,中风险
469.0,4-2,location4,0.203,中风险,0.081,低风险,0.344,高风险,0.431,高风险,0.267,中风险,0.286,中风险
469.0,4-4,location4,0.0,低风险,0.0,低风险,0.0,低风险,0.0,低风险,0.0,低风险,0.0,低风险
470.0,4-2,location4,0.238,中风险,0.153,中风险,0.311,高风险,0.39,高风险,0.275,中风险,0.285,中风险
470.0,4-4,location4,0.0,低风险,0.0,低风险,0.0,低风险,0.0,低风险,0.0,低风险,0.0,低风险
471.0,4-1,location4,0.222,中风险,0.161,中风险,0.271,中风险,0.268,中风险,0.223,中风险,0.233,中风险
471.0,4-3,location4,0.289,中风险,0.186,中风险,0.377,高风险,0.473,高风险,0.334,高风险,0.345,高风险
472.0,4-1,location4,0.0,低风险,0.0,低风险,0.0,低风险,0.0,低风险,0.0,低风险,0.0,低风险
472.0,4-2,location4,0.086,低风险,0.09,低风险,0.062,低风险,0.023,低风险,0.058,低风险,0.058,低风险
472.0,4-3,location4,0.116,中风险,0.077,低风险,0.15,中风险,0.157,中风险,0.122,中风险,0.128,中风险
472.0,4-4,location4,0.122,中风险,0.128,中风险,0.088,低风险,0.032,低风险,0.083,低风险,0.083,低风险
472.0,4-5,location4,0.226,中风险,0.091,低风险,0.384,高风险,0.48,高风险,0.297,中风险,0.318,高风险
473.0,4-2,location4,0.0,低风险,0.0,低风险,0.0,低风险,0.0,低风险,0.0,低风险,0.0,低风险
473.0,4-3,location4,0.131,中风险,0.138,中风险,0.095,低风险,0.034,低风险,0.089,低风险,0.089,低风险
473.0,4-4,location4,0.188,中风险,0.076,低风险,0.32,高风险,0.4,高风险,0.247,中风险,0.265,中风险
473.0,4-5,location4,0.0,低风险,0.0,低风险,0.0,低风险,0.0,低风险,0.0,低风险,0.0,低风险
474.0,4-2,location4,0.11,低风险,0.044,低风险,0.186,中风险,0.233,中风险,0.144,中风险,0.155,中风险
474.0,4-3,location4,0.206,中风险,0.083,低风险,0.35,高风险,0.438,高风险,0.271,中风险,0.29,中风险
475.0,4-1,location4,0.448,高风险,0.315,高风险,0.543,高风险,0.683,高风险,0.502,高风险,0.514,高风险
475.0,4-2,location4,0.294,中风险,0.184,中风险,0.392,高风险,0.493,高风险,0.343,高风险,0.356,高风险
475.0,4-3,location4,0.0,低风险,0.0,低风险,0.0,低风险,0.0,低风险,0.0,低风险,0.0,低风险
476.0,4-1,location4,0.218,中风险,0.087,低风险,0.369,高风险,0.463,高风险,0.286,中风险,0.306,中风险
476.0,4-2,location4,0.277,中风险,0.111,中风险,0.47,高风险,0.589,高风险,0.364,高风险,0.39,高风险
476.0,4-3,location4,0.289,中风险,0.116,中风险,0.489,高风险,0.613,高风险,0.379,高风险,0.406,高风险
477.0,4-2,location4,0.219,中风险,0.088,低风险,0.371,高风险,0.465,高风险,0.287,中风险,0.308,中风险
478.0,4-1,location4,0.0,低风险,0.0,低风险,0.0,低风险,0.0,低风险,0.0,低风险,0.0,低风险
478.0,4-2,location4,0.0,低风险,0.0,低风险,0.0,低风险,0.0,低风险,0.0,低风险,0.0,低风险
478.0,4-4,location4,0.261,中风险,0.219,中风险,0.271,中风险,0.226,中风险,0.231,中风险,0.239,中风险
479.0,4-1,location4,0.346,高风险,0.209,中风险,0.474,高风险,0.595,高风险,0.409,高风险,0.426,高风险
480.0,4-2,location4,0.0,低风险,0.0,低风险,0.0,低风险,0.0,低风险,0.0,低风险,0.0,低风险
480.0,4-3,location4,0.103,低风险,0.041,低风险,0.174,中风险,0.218,中风险,0.135,中风险,0.145,中风险
480.0,4-4,location4,0.159,中风险,0.064,低风险,0.269,中风险,0.337,高风险,0.208,中风险,0.223,中风险
481.0,4-1,location4,0.208,中风险,0.084,低风险,0.353,高风险,0.443,高风险,0.274,中风险,0.293,中风险
482.0,4-2,location4,0.191,中风险,0.113,中风险,0.27,中风险,0.301,中风险,0.215,中风险,0.228,中风险
482.0,4-4,location4,0.193,中风险,0.077,低风险,0.328,高风险,0.41,高风险,0.254,中风险,0.272,中风险
483.0,4-2,location4,0.218,中风险,0.087,低风险,0.369,高风险,0.462,高风险,0.286,中风险,0.306,中风险
484.0,4-2,location4,0.0,低风险,0.0,低风险,0.0,低风险,0.0,低风险,0.0,低风险,0.0,低风险
484.0,4-4,location4,0.0,低风险,0.0,低风险,0.0,低风险,0.0,低风险,0.0,低风险,0.0,低风险
485.0,4-2,location4,0.202,中风险,0.081,低风险,0.342,高风险,0.428,高风险,0.265,中风险,0.284,中风险
485.0,4-4,location4,0.247,中风险,0.135,中风险,0.362,高风险,0.454,高风险,0.301,中风险,0.317,高风险
486.0,4-3,location4,0.0,低风险,0.0,低风险,0.0,低风险,0.0,低风险,0.0,低风险,0.0,低风险
488.0,4-1,location4,0.0,低风险,0.0,低风险,0.0,低风险,0.0,低风险,0.0,低风险,0.0,低风险
488.0,4-4,location4,0.471,高风险,0.339,高风险,0.576,高风险,0.573,高风险,0.473,高风险,0.496,高风险
489.0,4-1,location4,0.0,低风险,0.0,低风险,0.0,低风险,0.0,低风险,0.0,低风险,0.0,低风险
490.0,4-1,location4,0.025,低风险,0.026,低风险,0.018,低风险,0.006,低风险,0.017,低风险,0.017,低风险
490.0,4-4,location4,0.248,中风险,0.099,低风险,0.421,高风险,0.527,高风险,0.326,高风险,0.349,高风险
491.0,4-1,location4,0.238,中风险,0.106,低风险,0.388,高风险,0.476,高风险,0.302,中风险,0.323,高风险
491.0,4-4,location4,0.164,中风险,0.08,低风险,0.255,中风险,0.319,高风险,0.206,中风险,0.218,中风险
493.0,4-1,location4,0.0,低风险,0.0,低风险,0.0,低风险,0.0,低风险,0.0,低风险,0.0,低风险
493.0,4-3,location4,0.02,低风险,0.021,低风险,0.014,低风险,0.005,低风险,0.014,低风险,0.014,低风险
493.0,4-4,location4,0.0,低风险,0.0,低风险,0.0,低风险,0.0,低风险,0.0,低风险,0.0,低风险
494.0,4-1,location4,0.335,高风险,0.21,中风险,0.453,高风险,0.505,高风险,0.37,高风险,0.389,高风险
494.0,4-4,location4,0.163,中风险,0.105,低风险,0.217,中风险,0.233,中风险,0.176,中风险,0.185,中风险
495.0,4-1,location4,0.544,高风险,0.401,高风险,0.64,高风险,0.715,高风险,0.568,高风险,0.585,高风险
495.0,4-3,location4,0.262,中风险,0.105,低风险,0.444,高风险,0.556,高风险,0.344,高风险,0.368,高风险
496.0,4-4,location4,0.0,低风险,0.0,低风险,0.0,低风险,0.0,低风险,0.0,低风险,0.0,低风险
497.0,4-1,location4,0.0,低风险,0.0,低风险,0.0,低风险,0.0,低风险,0.0,低风险,0.0,低风险
497.0,4-4,location4,0.41,高风险,0.255,中风险,0.56,高风险,0.611,高风险,0.45,高风险,0.475,高风险
498.0,4-1,location4,0.122,中风险,0.05,低风险,0.205,中风险,0.257,中风险,0.16,中风险,0.171,中风险
499.0,4-1,location4,0.249,中风险,0.1,低风险,0.423,高风险,0.53,高风险,0.328,高风险,0.351,高风险
500.0,4-3,location4,0.0,低风险,0.0,低风险,0.0,低风险,0.0,低风险,0.0,低风险,0.0,低风险
500.0,4-4,location4,0.285,中风险,0.173,中风险,0.395,高风险,0.436,高风险,0.317,高风险,0.335,高风险
501.0,4-4,location4,0.0,低风险,0.0,低风险,0.0,低风险,0.0,低风险,0.0,低风险,0.0,低风险
502.0,4-1,location4,0.0,低风险,0.0,低风险,0.0,低风险,0.0,低风险,0.0,低风险,0.0,低风险
502.0,4-3,location4,0.0,低风险,0.0,低风险,0.0,低风险,0.0,低风险,0.0,低风险,0.0,低风险
502.0,4-4,location4,0.016,低风险,0.006,低风险,0.027,低风险,0.034,低风险,0.021,低风险,0.022,低风险
503.0,4-1,location4,0.0,低风险,0.0,低风险,0.0,低风险,0.0,低风险,0.0,低风险,0.0,低风险
503.0,4-4,location4,0.16,中风险,0.077,低风险,0.25,中风险,0.314,高风险,0.202,中风险,0.214,中风险
503.0,4-5,location4,0.078,低风险,0.031,低风险,0.133,中风险,0.166,中风险,0.103,低风险,0.11,中风险
504.0,4-1,location4,0.087,低风险,0.035,低风险,0.148,中风险,0.185,中风险,0.114,中风险,0.123,中风险
504.0,4-3,location4,0.35,高风险,0.246,中风险,0.435,高风险,0.44,高风险,0.356,高风险,0.374,高风险
504.0,4-4,location4,0.37,高风险,0.285,中风险,0.423,高风险,0.394,高风险,0.352,高风险,0.367,高风险
505.0,4-1,location4,0.0,低风险,0.0,低风险,0.0,低风险,0.0,低风险,0.0,低风险,0.0,低风险
505.0,4-3,location4,0.245,中风险,0.209,中风险,0.249,中风险,0.201,中风险,0.213,中风险,0.22,中风险
506.0,4-1,location4,0.338,高风险,0.232,中风险,0.43,高风险,0.45,高风险,0.353,高风险,0.371,高风险
506.0,4-4,location4,0.0,低风险,0.0,低风险,0.0,低风险,0.0,低风险,0.0,低风险,0.0,低风险
507.0,4-1,location4,0.329,高风险,0.208,中风险,0.436,高风险,0.548,高风险,0.383,高风险,0.397,高风险
508.0,4-1,location4,0.0,低风险,0.0,低风险,0.0,低风险,0.0,低风险,0.0,低风险,0.0,低风险
509.0,4-1,location4,0.0,低风险,0.0,低风险,0.0,低风险,0.0,低风险,0.0,低风险,0.0,低风险
509.0,4-3,location4,0.078,低风险,0.031,低风险,0.133,中风险,0.166,中风险,0.103,低风险,0.11,低风险
509.0,4-4,location4,0.186,中风险,0.075,低风险,0.315,高风险,0.395,高风险,0.244,中风险,0.262,中风险
510.0,4-1,location4,0.0,低风险,0.0,低风险,0.0,低风险,0.0,低风险,0.0,低风险,0.0,低风险
511.0,4-1,location4,0.0,低风险,0.0,低风险,0.0,低风险,0.0,低风险,0.0,低风险,0.0,低风险
511.0,4-3,location4,0.038,低风险,0.04,低风险,0.027,低风险,0.01,低风险,0.026,低风险,0.026,低风险
511.0,4-4,location4,0.08,低风险,0.032,低风险,0.136,中风险,0.171,中风险,0.106,低风险,0.113,中风险
512.0,4-1,location4,0.0,低风险,0.0,低风险,0.0,低风险,0.0,低风险,0.0,低风险,0.0,低风险
512.0,4-4,location4,0.105,低风险,0.052,低风险,0.162,中风险,0.203,中风险,0.131,中风险,0.139,中风险
513.0,4-1,location4,0.178,中风险,0.081,低风险,0.287,中风险,0.35,高风险,0.224,中风险,0.24,中风险
513.0,4-4,location4,0.057,低风险,0.06,低风险,0.041,低风险,0.015,低风险,0.039,低风险,0.039,低风险
513.0,4-5,location4,0.213,中风险,0.106,低风险,0.33,高风险,0.392,高风险,0.259,中风险,0.276,中风险
514.0,4-1,location4,0.167,中风险,0.07,低风险,0.279,中风险,0.347,高风险,0.217,中风险,0.232,中风险
514.0,4-3,location4,0.062,低风险,0.03,低风险,0.096,低风险,0.12,中风险,0.078,低风险,0.082,低风险
514.0,4-4,location4,0.0,低风险,0.0,低风险,0.0,低风险,0.0,低风险,0.0,低风险,0.0,低风险
515.0,4-1,location4,0.2,中风险,0.08,低风险,0.339,高风险,0.424,高风险,0.262,中风险,0.281,中风险
516.0,4-4,location4,0.0,低风险,0.0,低风险,0.0,低风险,0.0,低风险,0.0,低风险,0.0,低风险
517.0,4-5,location4,0.0,低风险,0.0,低风险,0.0,低风险,0.0,低风险,0.0,低风险,0.0,低风险
518.0,4-3,location4,0.0,低风险,0.0,低风险,0.0,低风险,0.0,低风险,0.0,低风险,0.0,低风险
518.0,4-4,location4,0.264,中风险,0.148,中风险,0.38,高风险,0.477,高风险,0.32,高风险,0.335,高风险
519.0,4-4,location4,0.467,高风险,0.366,高风险,0.525,高风险,0.48,高风险,0.439,高风险,0.457,高风险
520.0,4-3,location4,0.214,中风险,0.225,中风险,0.155,中风险,0.056,低风险,0.145,中风险,0.146,中风险
520.0,4-4,location4,0.0,低风险,0.0,低风险,0.0,低风险,0.0,低风险,0.0,低风险,0.0,低风险
520.0,4-5,location4,0.0,低风险,0.0,低风险,0.0,低风险,0.0,低风险,0.0,低风险,0.0,低风险
521.0,4-1,location4,0.148,中风险,0.059,低风险,0.251,中风险,0.314,高风险,0.194,中风险,0.208,中风险
521.0,4-3,location4,0.0,低风险,0.0,低风险,0.0,低风险,0.0,低风险,0.0,低风险,0.0,低风险
522.0,4-1,location4,0.296,中风险,0.206,中风险,0.361,高风险,0.455,高风险,0.332,高风险,0.341,高风险
523.0,4-1,location4,0.0,低风险,0.0,低风险,0.0,低风险,0.0,低风险,0.0,低风险,0.0,低风险
524.0,4-1,location4,0.28,中风险,0.165,中风险,0.389,高风险,0.488,高风险,0.333,高风险,0.348,高风险
524.0,4-3,location4,0.132,中风险,0.053,低风险,0.223,中风险,0.28,中风险,0.173,中风险,0.185,中风险
524.0,4-4,location4,0.0,低风险,0.0,低风险,0.0,低风险,0.0,低风险,0.0,低风险,0.0,低风险
525.0,4-1,location4,0.0,低风险,0.0,低风险,0.0,低风险,0.0,低风险,0.0,低风险,0.0,低风险
525.0,4-3,location4,0.0,低风险,0.0,低风险,0.0,低风险,0.0,低风险,0.0,低风险,0.0,低风险
525.0,4-4,location4,0.0,低风险,0.0,低风险,0.0,低风险,0.0,低风险,0.0,低风险,0.0,低风险
526.0,4-3,location4,0.121,中风险,0.071,低风险,0.17,中风险,0.213,中风险,0.145,中风险,0.151,中风险
526.0,4-4,location4,0.205,中风险,0.082,低风险,0.348,高风险,0.436,高风险,0.269,中风险,0.289,中风险
527.0,4-3,location4,0.0,低风险,0.0,低风险,0.0,低风险,0.0,低风险,0.0,低风险,0.0,低风险
527.0,4-4,location4,0.0,低风险,0.0,低风险,0.0,低风险,0.0,低风险,0.0,低风险,0.0,低风险
527.0,4-5,location4,0.0,低风险,0.0,低风险,0.0,低风险,0.0,低风险,0.0,低风险,0.0,低风险
528.0,4-4,location4,0.105,低风险,0.042,低风险,0.178,中风险,0.223,中风险,0.138,中风险,0.148,中风险
529.0,4-3,location4,0.0,低风险,0.0,低风险,0.0,低风险,0.0,低风险,0.0,低风险,0.0,低风险
529.0,4-4,location4,0.0,低风险,0.0,低风险,0.0,低风险,0.0,低风险,0.0,低风险,0.0,低风险
530.0,4-5,location4,0.205,中风险,0.082,低风险,0.348,高风险,0.436,高风险,0.269,中风险,0.289,中风险
532.0,4-3,location4,0.028,低风险,0.029,低风险,0.02,低风险,0.007,低风险,0.019,低风险,0.019,低风险
533.0,4-3,location4,0.193,中风险,0.122,中风险,0.256,中风险,0.321,高风险,0.225,中风险,0.233,中风险
535.0,4-1,location4,0.0,低风险,0.0,低风险,0.0,低风险,0.0,低风险,0.0,低风险,0.0,低风险
536.0,4-1,location4,0.0,低风险,0.0,低风险,0.0,低风险,0.0,低风险,0.0,低风险,0.0,低风险
536.0,4-3,location4,0.151,中风险,0.06,低风险,0.255,中风险,0.32,高风险,0.198,中风险,0.212,中风险
536.0,4-5,location4,0.209,中风险,0.084,低风险,0.354,高风险,0.443,高风险,0.274,中风险,0.293,中风险
537.0,4-3,location4,0.0,低风险,0.0,低风险,0.0,低风险,0.0,低风险,0.0,低风险,0.0,低风险
538.0,4-1,location4,0.415,高风险,0.311,高风险,0.472,高风险,0.594,高风险,0.452,高风险,0.459,高风险
538.0,4-3,location4,0.0,低风险,0.0,低风险,0.0,低风险,0.0,低风险,0.0,低风险,0.0,低风险
540.0,4-1,location4,0.079,低风险,0.032,低风险,0.135,中风险,0.169,中风险,0.104,低风险,0.112,中风险
540.0,4-3,location4,0.0,低风险,0.0,低风险,0.0,低风险,0.0,低风险,0.0,低风险,0.0,低风险
540.0,4-4,location4,0.202,中风险,0.126,中风险,0.274,中风险,0.308,中风险,0.224,中风险,0.236,中风险
541.0,4-3,location4,0.0,低风险,0.0,低风险,0.0,低风险,0.0,低风险,0.0,低风险,0.0,低风险
541.0,4-4,location4,0.0,低风险,0.0,低风险,0.0,低风险,0.0,低风险,0.0,低风险,0.0,低风险
542.0,4-1,location4,0.0,低风险,0.0,低风险,0.0,低风险,0.0,低风险,0.0,低风险,0.0,低风险
544.0,4-1,location4,0.091,低风险,0.037,低风险,0.155,中风险,0.194,中风险,0.12,中风险,0.129,中风险
544.0,4-3,location4,0.107,低风险,0.048,低风险,0.172,中风险,0.21,中风险,0.135,中风险,0.144,中风险
544.0,4-4,location4,0.249,中风险,0.138,中风险,0.361,高风险,0.453,高风险,0.302,中风险,0.317,高风险
545.0,4-1,location4,0.11,低风险,0.044,低风险,0.186,中风险,0.233,中风险,0.144,中风险,0.154,中风险
546.0,4-1,location4,0.234,中风险,0.094,低风险,0.397,高风险,0.498,高风险,0.308,中风险,0.33,高风险
547.0,4-1,location4,0.255,中风险,0.102,低风险,0.432,高风险,0.541,高风险,0.335,高风险,0.358,高风险
547.0,4-3,location4,0.111,中风险,0.072,低风险,0.145,中风险,0.182,中风险,0.129,中风险,0.133,中风险
547.0,4-5,location4,0.0,低风险,0.0,低风险,0.0,低风险,0.0,低风险,0.0,低风险,0.0,低风险
548.0,4-1,location4,0.165,中风险,0.113,中风险,0.209,中风险,0.216,中风险,0.171,中风险,0.179,中风险
548.0,4-3,location4,0.0,低风险,0.0,低风险,0.0,低风险,0.0,低风险,0.0,低风险,0.0,低风险
549.0,4-3,location4,0.375,高风险,0.195,中风险,0.565,高风险,0.708,高风险,0.464,高风险,0.489,高风险
550.0,4-1,location4,0.3,中风险,0.19,中风险,0.399,高风险,0.501,高风险,0.35,高风险,0.363,高风险
550.0,4-3,location4,0.299,中风险,0.12,中风险,0.507,高风险,0.634,高风险,0.392,高风险,0.42,高风险
550.0,4-4,location4,0.0,低风险,0.0,低风险,0.0,低风险,0.0,低风险,0.0,低风险,0.0,低风险
551.0,4-3,location4,0.0,低风险,0.0,低风险,0.0,低风险,0.0,低风险,0.0,低风险,0.0,低风险
552.0,4-3,location4,0.155,中风险,0.062,低风险,0.263,中风险,0.329,高风险,0.204,中风险,0.218,中风险
555.0,4-3,location4,0.312,高风险,0.172,中风险,0.458,高风险,0.527,高风险,0.363,高风险,0.386,高风险
555.0,4-5,location4,0.29,中风险,0.116,中风险,0.492,高风险,0.616,高风险,0.381,高风险,0.408,高风险
556.0,4-3,location4,0.14,中风险,0.147,中风险,0.101,低风险,0.037,低风险,0.095,低风险,0.095,低风险
557.0,4-1,location4,0.0,低风险,0.0,低风险,0.0,低风险,0.0,低风险,0.0,低风险,0.0,低风险
557.0,4-3,location4,0.22,中风险,0.088,低风险,0.373,高风险,0.467,高风险,0.289,中风险,0.309,中风险
558.0,4-1,location4,0.292,中风险,0.194,中风险,0.381,高风险,0.401,高风险,0.309,中风险,0.326,高风险
558.0,4-3,location4,0.0,低风险,0.0,低风险,0.0,低风险,0.0,低风险,0.0,低风险,0.0,低风险
558.0,4-4,location4,0.0,低风险,0.0,低风险,0.0,低风险,0.0,低风险,0.0,低风险,0.0,低风险
559.0,4-3,location4,0.232,中风险,0.093,低风险,0.393,高风险,0.492,高风险,0.304,中风险,0.326,高风险
560.0,4-1,location4,0.0,低风险,0.0,低风险,0.0,低风险,0.0,低风险,0.0,低风险,0.0,低风险
560.0,4-4,location4,0.0,低风险,0.0,低风险,0.0,低风险,0.0,低风险,0.0,低风险,0.0,低风险
561.0,4-1,location4,0.221,中风险,0.089,低风险,0.375,高风险,0.47,高风险,0.29,中风险,0.311,高风险
561.0,4-3,location4,0.106,低风险,0.042,低风险,0.179,中风险,0.224,中风险,0.139,中风险,0.149,中风险
562.0,4-1,location4,0.129,中风险,0.135,中风险,0.093,低风险,0.034,低风险,0.087,低风险,0.087,低风险
562.0,4-3,location4,0.318,高风险,0.24,中风险,0.371,高风险,0.354,高风险,0.308,中风险,0.321,高风险
562.0,4-4,location4,0.0,低风险,0.0,低风险,0.0,低风险,0.0,低风险,0.0,低风险,0.0,低风险
563.0,4-3,location4,0.056,低风险,0.023,低风险,0.095,低风险,0.119,中风险,0.074,低风险,0.079,低风险
563.0,4-4,location4,0.106,低风险,0.05,低风险,0.169,中风险,0.204,中风险,0.132,中风险,0.141,中风险
564.0,4-4,location4,0.0,低风险,0.0,低风险,0.0,低风险,0.0,低风险,0.0,低风险,0.0,低风险
565.0,4-3,location4,0.286,中风险,0.115,中风险,0.485,高风险,0.607,高风险,0.375,高风险,0.402,高风险
565.0,4-4,location4,0.082,低风险,0.033,低风险,0.14,中风险,0.175,中风险,0.108,低风险,0.116,中风险
566.0,4-1,location4,0.267,中风险,0.169,中风险,0.353,高风险,0.444,高风险,0.311,高风险,0.322,高风险
566.0,4-3,location4,0.216,中风险,0.087,低风险,0.367,高风险,0.459,高风险,0.284,中风险,0.304,中风险
566.0,4-4,location4,0.139,中风险,0.063,低风险,0.223,中风险,0.28,中风险,0.177,中风险,0.189,中风险
566.0,4-5,location4,0.0,低风险,0.0,低风险,0.0,低风险,0.0,低风险,0.0,低风险,0.0,低风险
567.0,4-1,location4,0.053,低风险,0.055,低风险,0.038,低风险,0.014,低风险,0.036,低风险,0.036,低风险
567.0,4-3,location4,0.203,中风险,0.082,低风险,0.345,高风险,0.432,高风险,0.267,中风险,0.286,中风险
567.0,4-4,location4,0.0,低风险,0.0,低风险,0.0,低风险,0.0,低风险,0.0,低风险,0.0,低风险
568.0,4-4,location4,0.0,低风险,0.0,低风险,0.0,低风险,0.0,低风险,0.0,低风险,0.0,低风险
569.0,4-3,location4,0.0,低风险,0.0,低风险,0.0,低风险,0.0,低风险,0.0,低风险,0.0,低风险
570.0,4-3,location4,0.238,中风险,0.095,低风险,0.403,高风险,0.505,高风险,0.312,高风险,0.334,高风险
571.0,4-3,location4,0.036,低风险,0.014,低风险,0.061,低风险,0.076,低风险,0.047,低风险,0.05,低风险
572.0,4-3,location4,0.176,中风险,0.125,中风险,0.217,中风险,0.218,中风险,0.178,中风险,0.187,中风险
574.0,4-3,location4,0.243,中风险,0.097,低风险,0.412,高风险,0.515,高风险,0.319,高风险,0.341,高风险
578.0,4-5,location4,0.0,低风险,0.0,低风险,0.0,低风险,0.0,低风险,0.0,低风险,0.0,低风险
580.0,4-3,location4,0.369,高风险,0.298,中风险,0.402,高风险,0.354,高风险,0.338,高风险,0.351,高风险
581.0,4-3,location4,0.128,中风险,0.051,低风险,0.217,中风险,0.272,中风险,0.168,中风险,0.18,中风险
583.0,4-3,location4,0.428,高风险,0.339,高风险,0.458,高风险,0.577,高风险,0.455,高风险,0.458,高风险
584.0,4-3,location4,0.126,中风险,0.051,低风险,0.214,中风险,0.268,中风险,0.166,中风险,0.178,中风险
586.0,4-1,location4,0.138,中风险,0.145,中风险,0.1,低风险,0.036,低风险,0.094,低风险,0.094,低风险
586.0,4-3,location4,0.176,中风险,0.1,低风险,0.255,中风险,0.29,中风险,0.203,中风险,0.215,中风险
587.0,4-1,location4,0.267,中风险,0.107,低风险,0.452,高风险,0.566,高风险,0.35,高风险,0.375,高风险
587.0,4-3,location4,0.114,中风险,0.046,低风险,0.194,中风险,0.243,中风险,0.15,中风险,0.161,中风险
587.0,4-5,location4,0.346,高风险,0.26,中风险,0.406,高风险,0.388,高风险,0.337,高风险,0.352,高风险
588.0,4-3,location4,0.213,中风险,0.104,低风险,0.331,高风险,0.415,高风险,0.268,中风险,0.283,中风险
589.0,4-3,location4,0.0,低风险,0.0,低风险,0.0,低风险,0.0,低风险,0.0,低风险,0.0,低风险
590.0,4-1,location4,0.216,中风险,0.087,低风险,0.366,高风险,0.459,高风险,0.284,中风险,0.304,中风险
590.0,4-3,location4,0.138,中风险,0.06,低风险,0.227,中风险,0.284,中风险,0.178,中风险,0.19,中风险
591.0,4-1,location4,0.0,低风险,0.0,低风险,0.0,低风险,0.0,低风险,0.0,低风险,0.0,低风险
591.0,4-3,location4,0.148,中风险,0.156,中风险,0.107,低风险,0.039,低风险,0.1,低风险,0.1,低风险
593.0,4-1,location4,0.184,中风险,0.146,中风险,0.197,中风险,0.248,中风险,0.196,中风险,0.197,中风险
593.0,4-3,location4,0.19,中风险,0.2,中风险,0.138,中风险,0.05,低风险,0.129,中风险,0.129,中风险
594.0,4-1,location4,0.204,中风险,0.126,中风险,0.275,中风险,0.346,高风险,0.24,中风险,0.249,中风险
594.0,4-3,location4,0.352,高风险,0.223,中风险,0.475,高风险,0.513,高风险,0.382,高风险,0.404,高风险
595.0,4-1,location4,0.248,中风险,0.129,中风险,0.374,高风险,0.469,高风险,0.307,中风险,0.324,高风险
596.0,4-1,location4,0.225,中风险,0.237,中风险,0.164,中风险,0.059,低风险,0.153,中风险,0.153,中风险
596.0,4-3,location4,0.567,高风险,0.381,高风险,0.717,高风险,0.901,高风险,0.647,高风险,0.666,高风险
597.0,4-1,location4,0.0,低风险,0.0,低风险,0.0,低风险,0.0,低风险,0.0,低风险,0.0,低风险
597.0,4-3,location4,0.227,中风险,0.091,低风险,0.385,高风险,0.483,高风险,0.298,中风险,0.32,高风险
600.0,4-1,location4,0.063,低风险,0.025,低风险,0.107,低风险,0.134,中风险,0.083,低风险,0.089,低风险
601.0,4-3,location4,0.0,低风险,0.0,低风险,0.0,低风险,0.0,低风险,0.0,低风险,0.0,低风险
602.0,4-1,location4,0.092,低风险,0.037,低风险,0.157,中风险,0.196,中风险,0.121,中风险,0.13,中风险
603.0,4-3,location4,0.0,低风险,0.0,低风险,0.0,低风险,0.0,低风险,0.0,低风险,0.0,低风险
604.0,4-1,location4,0.0,低风险,0.0,低风险,0.0,低风险,0.0,低风险,0.0,低风险,0.0,低风险
604.0,4-3,location4,0.021,低风险,0.022,低风险,0.015,低风险,0.005,低风险,0.014,低风险,0.014,低风险
605.0,4-3,location4,0.035,低风险,0.036,低风险,0.025,低风险,0.009,低风险,0.024,低风险,0.024,低风险
606.0,4-1,location4,0.154,中风险,0.076,低风险,0.24,中风险,0.286,中风险,0.188,中风险,0.201,中风险
606.0,4-3,location4,0.184,中风险,0.088,低风险,0.29,中风险,0.363,高风险,0.233,中风险,0.247,中风险
607.0,4-1,location4,0.321,高风险,0.252,中风险,0.348,高风险,0.439,高风险,0.343,高风险,0.346,高风险
607.0,4-3,location4,0.174,中风险,0.096,低风险,0.254,中风险,0.319,高风险,0.212,中风险,0.223,中风险
608.0,4-1,location4,0.153,中风险,0.061,低风险,0.259,中风险,0.325,高风险,0.201,中风险,0.215,中风险
608.0,4-3,location4,0.0,低风险,0.0,低风险,0.0,低风险,0.0,低风险,0.0,低风险,0.0,低风险
609.0,4-1,location4,0.204,中风险,0.082,低风险,0.346,高风险,0.433,高风险,0.268,中风险,0.287,中风险
609.0,4-3,location4,0.0,低风险,0.0,低风险,0.0,低风险,0.0,低风险,0.0,低风险,0.0,低风险
610.0,4-3,location4,0.249,中风险,0.11,低风险,0.408,高风险,0.501,高风险,0.318,高风险,0.339,高风险
610.0,4-5,location4,0.155,中风险,0.062,低风险,0.263,中风险,0.33,高风险,0.204,中风险,0.218,中风险
611.0,4-1,location4,0.266,中风险,0.107,低风险,0.452,高风险,0.566,高风险,0.35,高风险,0.375,高风险
611.0,4-3,location4,0.0,低风险,0.0,低风险,0.0,低风险,0.0,低风险,0.0,低风险,0.0,低风险
612.0,4-5,location4,0.051,低风险,0.053,低风险,0.037,低风险,0.013,低风险,0.034,低风险,0.034,低风险
613.0,4-3,location4,0.143,中风险,0.15,中风险,0.104,低风险,0.037,低风险,0.097,低风险,0.097,低风险
614.0,4-3,location4,0.0,低风险,0.0,低风险,0.0,低风险,0.0,低风险,0.0,低风险,0.0,低风险
615.0,4-1,location4,0.239,中风险,0.096,低风险,0.406,高风险,0.508,高风险,0.314,高风险,0.336,高风险
615.0,4-3,location4,0.187,中风险,0.086,低风险,0.299,中风险,0.375,高风险,0.238,中风险,0.253,中风险
616.0,4-1,location4,0.244,中风险,0.098,低风险,0.414,高风险,0.518,高风险,0.32,高风险,0.343,高风险
617.0,4-1,location4,0.244,中风险,0.098,低风险,0.414,高风险,0.519,高风险,0.321,高风险,0.344,高风险
618.0,4-1,location4,0.124,中风险,0.05,低风险,0.211,中风险,0.264,中风险,0.163,中风险,0.175,中风险
618.0,4-3,location4,0.1,低风险,0.04,低风险,0.169,中风险,0.211,中风险,0.131,中风险,0.14,中风险
619.0,4-1,location4,0.18,中风险,0.19,中风险,0.131,中风险,0.047,低风险,0.122,中风险,0.122,中风险
620.0,4-1,location4,0.237,中风险,0.095,低风险,0.402,高风险,0.504,高风险,0.311,高风险,0.334,高风险
620.0,4-3,location4,0.118,中风险,0.047,低风险,0.199,中风险,0.25,中风险,0.154,中风险,0.165,中风险
621.0,4-1,location4,0.342,高风险,0.324,高风险,0.3,中风险,0.19,中风险,0.266,中风险,0.272,中风险
622.0,4-3,location4,0.0,低风险,0.0,低风险,0.0,低风险,0.0,低风险,0.0,低风险,0.0,低风险
624.0,4-3,location4,0.303,中风险,0.234,中风险,0.334,高风险,0.421,高风险,0.326,高风险,0.329,高风险
624.0,4-5,location4,0.396,高风险,0.286,中风险,0.481,高风险,0.476,高风险,0.396,高风险,0.415,高风险
625.0,4-3,location4,0.123,中风险,0.049,低风险,0.209,中风险,0.262,中风险,0.162,中风险,0.173,中风险
626.0,4-1,location4,0.143,中风险,0.057,低风险,0.242,中风险,0.303,中风险,0.188,中风险,0.201,中风险
627.0,4-1,location4,0.0,低风险,0.0,低风险,0.0,低风险,0.0,低风险,0.0,低风险,0.0,低风险
627.0,4-3,location4,0.183,中风险,0.073,低风险,0.31,高风险,0.389,高风险,0.24,中风险,0.257,中风险
628.0,4-1,location4,0.118,中风险,0.047,低风险,0.2,中风险,0.251,中风险,0.155,中风险,0.166,中风险
629.0,4-3,location4,0.313,高风险,0.203,中风险,0.406,高风险,0.51,高风险,0.361,高风险,0.373,高风险
630.0,4-1,location4,0.127,中风险,0.133,中风险,0.092,低风险,0.033,低风险,0.086,低风险,0.086,低风险
630.0,4-3,location4,0.0,低风险,0.0,低风险,0.0,低风险,0.0,低风险,0.0,低风险,0.0,低风险
630.0,4-5,location4,0.492,高风险,0.338,高风险,0.625,高风险,0.642,高风险,0.509,高风险,0.535,高风险
631.0,4-1,location4,0.224,中风险,0.092,低风险,0.377,高风险,0.47,高风险,0.292,中风险,0.313,高风险
631.0,4-3,location4,0.07,低风险,0.028,低风险,0.119,中风险,0.149,中风险,0.092,低风险,0.099,低风险
631.0,4-5,location4,0.475,高风险,0.341,高风险,0.565,高风险,0.711,高风险,0.528,高风险,0.539,高风险
632.0,4-3,location4,0.0,低风险,0.0,低风险,0.0,低风险,0.0,低风险,0.0,低风险,0.0,低风险
633.0,4-3,location4,0.0,低风险,0.0,低风险,0.0,低风险,0.0,低风险,0.0,低风险,0.0,低风险
634.0,4-3,location4,0.0,低风险,0.0,低风险,0.0,低风险,0.0,低风险,0.0,低风险,0.0,低风险
635.0,4-1,location4,0.172,中风险,0.072,低风险,0.286,中风险,0.358,高风险,0.223,中风险,0.238,中风险
636.0,4-3,location4,0.0,低风险,0.0,低风险,0.0,低风险,0.0,低风险,0.0,低风险,0.0,低风险
637.0,4-3,location4,0.0,低风险,0.0,低风险,0.0,低风险,0.0,低风险,0.0,低风险,0.0,低风险
637.0,4-5,location4,0.503,高风险,0.322,高风险,0.662,高风险,0.831,高风险,0.584,高风险,0.605,高风险
638.0,4-3,location4,0.08,低风险,0.032,低风险,0.136,中风险,0.17,中风险,0.105,低风险,0.112,中风险
639.0,4-1,location4,0.306,中风险,0.155,中风险,0.47,高风险,0.556,高风险,0.37,高风险,0.394,高风险
639.0,4-3,location4,0.066,低风险,0.026,低风险,0.111,中风险,0.139,中风险,0.086,低风险,0.092,低风险
640.0,4-1,location4,0.43,高风险,0.283,中风险,0.55,高风险,0.692,高风险,0.493,高风险,0.508,高风险
641.0,4-1,location4,0.149,中风险,0.157,中风险,0.108,低风险,0.039,低风险,0.101,低风险,0.101,低风险
642.0,4-1,location4,0.45,高风险,0.355,高风险,0.493,高风险,0.548,高风险,0.456,高风险,0.465,高风险
642.0,4-3,location4,0.191,中风险,0.124,中风险,0.253,中风险,0.269,中风险,0.204,中风险,0.215,中风险
643.0,4-1,location4,0.149,中风险,0.06,低风险,0.253,中风险,0.317,高风险,0.196,中风险,0.21,中风险
643.0,4-3,location4,0.086,低风险,0.091,低风险,0.063,低风险,0.023,低风险,0.059,低风险,0.059,低风险
644.0,4-1,location4,0.215,中风险,0.086,低风险,0.364,高风险,0.456,高风险,0.282,中风险,0.302,中风险
644.0,4-3,location4,0.0,低风险,0.0,低风险,0.0,低风险,0.0,低风险,0.0,低风险,0.0,低风险
645.0,4-1,location4,0.212,中风险,0.123,中风险,0.299,中风险,0.375,高风险,0.254,中风险,0.266,中风险
645.0,4-3,location4,0.596,高风险,0.489,高风险,0.634,高风险,0.596,高风险,0.557,高风险,0.573,高风险
646.0,4-1,location4,0.044,低风险,0.017,低风险,0.074,低风险,0.093,低风险,0.057,低风险,0.061,低风险
646.0,4-3,location4,0.023,低风险,0.009,低风险,0.039,低风险,0.048,低风险,0.03,低风险,0.032,低风险
648.0,4-1,location4,0.322,高风险,0.166,中风险,0.492,高风险,0.579,高风险,0.387,高风险,0.412,高风险
648.0,4-3,location4,0.412,高风险,0.277,中风险,0.52,高风险,0.654,高风险,0.47,高风险,0.484,高风险
649.0,4-1,location4,0.24,中风险,0.114,中风险,0.378,高风险,0.474,高风险,0.303,中风险,0.322,高风险
650.0,4-1,location4,0.207,中风险,0.131,中风险,0.275,中风险,0.345,高风险,0.242,中风险,0.25,中风险
650.0,4-3,location4,0.25,中风险,0.1,低风险,0.423,高风险,0.53,高风险,0.328,高风险,0.351,高风险
650.0,4-5,location4,0.304,中风险,0.256,中风险,0.316,高风险,0.262,中风险,0.269,中风险,0.278,中风险
651.0,4-1,location4,0.391,高风险,0.257,中风险,0.513,高风险,0.543,高风险,0.415,高风险,0.438,高风险
651.0,4-3,location4,0.439,高风险,0.333,高风险,0.496,高风险,0.582,高风险,0.461,高风险,0.47,高风险
652.0,4-3,location4,0.178,中风险,0.071,低风险,0.301,中风险,0.377,高风险,0.233,中风险,0.25,中风险
653.0,4-1,location4,0.163,中风险,0.065,低风险,0.276,中风险,0.346,高风险,0.214,中风险,0.229,中风险
653.0,4-3,location4,0.032,低风险,0.034,低风险,0.023,低风险,0.008,低风险,0.022,低风险,0.022,低风险
654.0,4-1,location4,0.175,中风险,0.07,低风险,0.297,中风险,0.371,高风险,0.23,中风险,0.246,中风险
654.0,4-3,location4,0.0,低风险,0.0,低风险,0.0,低风险,0.0,低风险,0.0,低风险,0.0,低风险
656.0,4-1,location4,0.389,高风险,0.275,中风险,0.47,高风险,0.591,高风险,0.435,高风险,0.445,高风险
656.0,4-3,location4,0.059,低风险,0.062,低风险,0.043,低风险,0.015,低风险,0.04,低风险,0.04,低风险
657.0,4-1,location4,0.169,中风险,0.068,低风险,0.286,中风险,0.358,高风险,0.221,中风险,0.237,中风险
658.0,4-1,location4,0.0,低风险,0.0,低风险,0.0,低风险,0.0,低风险,0.0,低风险,0.0,低风险
658.0,4-3,location4,0.097,低风险,0.039,低风险,0.164,中风险,0.206,中风险,0.127,中风险,0.136,中风险
661.0,4-3,location4,0.212,中风险,0.085,低风险,0.36,高风险,0.451,高风险,0.279,中风险,0.299,中风险
663.0,4-1,location4,0.07,低风险,0.028,低风险,0.119,中风险,0.149,中风险,0.092,低风险,0.099,低风险
664.0,4-1,location4,0.0,低风险,0.0,低风险,0.0,低风险,0.0,低风险,0.0,低风险,0.0,低风险
667.0,4-3,location4,0.231,中风险,0.093,低风险,0.392,高风险,0.491,高风险,0.304,中风险,0.325,高风险
670.0,4-1,location4,0.0,低风险,0.0,低风险,0.0,低风险,0.0,低风险,0.0,低风险,0.0,低风险
671.0,4-3,location4,0.0,低风险,0.0,低风险,0.0,低风险,0.0,低风险,0.0,低风险,0.0,低风险
672.0,4-3,location4,0.0,低风险,0.0,低风险,0.0,低风险,0.0,低风险,0.0,低风险,0.0,低风险
673.0,4-3,location4,0.0,低风险,0.0,低风险,0.0,低风险,0.0,低风险,0.0,低风险,0.0,低风险
674.0,4-3,location4,0.0,低风险,0.0,低风险,0.0,低风险,0.0,低风险,0.0,低风险,0.0,低风险
675.0,4-3,location4,0.0,低风险,0.0,低风险,0.0,低风险,0.0,低风险,0.0,低风险,0.0,低风险
676.0,4-3,location4,0.191,中风险,0.077,低风险,0.324,高风险,0.406,高风险,0.251,中风险,0.269,中风险
677.0,4-1,location4,0.21,中风险,0.084,低风险,0.357,高风险,0.447,高风险,0.276,中风险,0.296,中风险
677.0,4-3,location4,0.232,中风险,0.142,中风险,0.315,高风险,0.395,高风险,0.273,中风险,0.284,中风险
678.0,4-1,location4,0.0,低风险,0.0,低风险,0.0,低风险,0.0,低风险,0.0,低风险,0.0,低风险
678.0,4-3,location4,0.0,低风险,0.0,低风险,0.0,低风险,0.0,低风险,0.0,低风险,0.0,低风险
679.0,4-3,location4,0.0,低风险,0.0,低风险,0.0,低风险,0.0,低风险,0.0,低风险,0.0,低风险
680.0,4-3,location4,0.244,中风险,0.103,低风险,0.406,高风险,0.504,高风险,0.316,高风险,0.338,高风险
681.0,4-3,location4,0.0,低风险,0.0,低风险,0.0,低风险,0.0,低风险,0.0,低风险,0.0,低风险
681.0,4-5,location4,0.128,中风险,0.051,低风险,0.216,中风险,0.271,中风险,0.168,中风险,0.179,中风险
682.0,4-1,location4,0.195,中风险,0.205,中风险,0.142,中风险,0.051,低风险,0.133,中风险,0.133,中风险
683.0,4-1,location4,0.424,高风险,0.302,中风险,0.509,高风险,0.64,高风险,0.473,高风险,0.484,高风险
684.0,4-3,location4,0.0,低风险,0.0,低风险,0.0,低风险,0.0,低风险,0.0,低风险,0.0,低风险
685.0,4-3,location4,0.0,低风险,0.0,低风险,0.0,低风险,0.0,低风险,0.0,低风险,0.0,低风险
686.0,4-1,location4,0.0,低风险,0.0,低风险,0.0,低风险,0.0,低风险,0.0,低风险,0.0,低风险
687.0,4-1,location4,0.0,低风险,0.0,低风险,0.0,低风险,0.0,低风险,0.0,低风险,0.0,低风险
687.0,4-5,location4,0.334,高风险,0.266,中风险,0.363,高风险,0.387,高风险,0.331,高风险,0.339,高风险
688.0,4-1,location4,0.21,中风险,0.084,低风险,0.357,高风险,0.447,高风险,0.276,中风险,0.296,中风险
688.0,4-5,location4,0.0,低风险,0.0,低风险,0.0,低风险,0.0,低风险,0.0,低风险,0.0,低风险
691.0,4-5,location4,0.238,中风险,0.095,低风险,0.403,高风险,0.505,高风险,0.312,高风险,0.335,高风险
692.0,4-1,location4,0.167,中风险,0.117,中风险,0.202,中风险,0.254,中风险,0.187,中风险,0.191,中风险
692.0,4-3,location4,0.0,低风险,0.0,低风险,0.0,低风险,0.0,低风险,0.0,低风险,0.0,低风险
695.0,4-1,location4,0.128,中风险,0.051,低风险,0.217,中风险,0.272,中风险,0.168,中风险,0.18,中风险
696.0,4-3,location4,0.0,低风险,0.0,低风险,0.0,低风险,0.0,低风险,0.0,低风险,0.0,低风险
696.0,4-5,location4,0.157,中风险,0.166,中风险,0.114,中风险,0.041,低风险,0.107,低风险,0.107,低风险
697.0,4-1,location4,0.211,中风险,0.085,低风险,0.358,高风险,0.449,高风险,0.278,中风险,0.297,中风险
698.0,4-1,location4,0.305,中风险,0.237,中风险,0.347,高风险,0.321,高风险,0.29,中风险,0.302,中风险
698.0,4-3,location4,0.0,低风险,0.0,低风险,0.0,低风险,0.0,低风险,0.0,低风险,0.0,低风险
699.0,4-3,location4,0.07,低风险,0.028,低风险,0.118,中风险,0.148,中风险,0.092,低风险,0.098,低风险
700.0,4-1,location4,0.447,高风险,0.308,中风险,0.566,高风险,0.58,高风险,0.461,高风险,0.485,高风险
700.0,4-3,location4,0.0,低风险,0.0,低风险,0.0,低风险,0.0,低风险,0.0,低风险,0.0,低风险
701.0,4-1,location4,0.156,中风险,0.071,低风险,0.252,中风险,0.316,高风险,0.2,中风险,0.213,中风险
702.0,4-1,location4,0.195,中风险,0.078,低风险,0.33,高风险,0.414,高风险,0.256,中风险,0.274,中风险
702.0,4-3,location4,0.0,低风险,0.0,低风险,0.0,低风险,0.0,低风险,0.0,低风险,0.0,低风险
703.0,4-3,location4,0.16,中风险,0.064,低风险,0.271,中风险,0.339,高风险,0.209,中风险,0.224,中风险
704.0,4-1,location4,0.274,中风险,0.14,中风险,0.418,高风险,0.493,高风险,0.329,高风险,0.351,高风险
704.0,4-3,location4,0.0,低风险,0.0,低风险,0.0,低风险,0.0,低风险,0.0,低风险,0.0,低风险
705.0,4-5,location4,0.174,中风险,0.129,中风险,0.199,中风险,0.251,中风险,0.19,中风险,0.193,中风险
706.0,4-1,location4,0.049,低风险,0.02,低风险,0.083,低风险,0.104,低风险,0.064,低风险,0.069,低风险
706.0,4-3,location4,0.026,低风险,0.027,低风险,0.019,低风险,0.007,低风险,0.017,低风险,0.017,低风险
707.0,4-3,location4,0.0,低风险,0.0,低风险,0.0,低风险,0.0,低风险,0.0,低风险,0.0,低风险
708.0,4-1,location4,0.0,低风险,0.0,低风险,0.0,低风险,0.0,低风险,0.0,低风险,0.0,低风险
708.0,4-3,location4,0.3,中风险,0.12,中风险,0.509,高风险,0.637,高风险,0.394,高风险,0.422,高风险
709.0,4-1,location4,0.227,中风险,0.091,低风险,0.386,高风险,0.483,高风险,0.299,中风险,0.32,高风险
709.0,4-3,location4,0.0,低风险,0.0,低风险,0.0,低风险,0.0,低风险,0.0,低风险,0.0,低风险
709.0,4-5,location4,0.516,高风险,0.336,高风险,0.668,高风险,0.84,高风险,0.595,高风险,0.615,高风险
710.0,4-1,location4,0.262,中风险,0.105,低风险,0.444,高风险,0.556,高风险,0.344,高风险,0.369,高风险
710.0,4-3,location4,0.237,中风险,0.095,低风险,0.402,高风险,0.503,高风险,0.311,高风险,0.333,高风险
711.0,4-3,location4,0.194,中风险,0.078,低风险,0.33,高风险,0.413,高风险,0.255,中风险,0.273,中风险
712.0,4-1,location4,0.0,低风险,0.0,低风险,0.0,低风险,0.0,低风险,0.0,低风险,0.0,低风险
712.0,4-3,location4,0.126,中风险,0.076,低风险,0.173,中风险,0.217,中风险,0.15,中风险,0.156,中风险
713.0,4-3,location4,0.0,低风险,0.0,低风险,0.0,低风险,0.0,低风险,0.0,低风险,0.0,低风险
714.0,4-1,location4,0.173,中风险,0.069,低风险,0.293,中风险,0.366,高风险,0.226,中风险,0.243,中风险
714.0,4-3,location4,0.045,低风险,0.018,低风险,0.077,低风险,0.097,低风险,0.06,低风险,0.064,低风险
715.0,4-3,location4,0.107,低风险,0.112,中风险,0.077,低风险,0.028,低风险,0.072,低风险,0.072,低风险
717.0,4-3,location4,0.285,中风险,0.126,中风险,0.467,高风险,0.574,高风险,0.364,高风险,0.389,高风险
718.0,4-1,location4,0.451,高风险,0.339,高风险,0.518,高风险,0.604,高风险,0.476,高风险,0.487,高风险
718.0,4-3,location4,0.216,中风险,0.086,低风险,0.366,高风险,0.458,高风险,0.283,中风险,0.303,中风险
719.0,4-1,location4,0.057,低风险,0.023,低风险,0.097,低风险,0.121,中风险,0.075,低风险,0.08,低风险
720.0,4-1,location4,0.0,低风险,0.0,低风险,0.0,低风险,0.0,低风险,0.0,低风险,0.0,低风险
720.0,4-3,location4,0.0,低风险,0.0,低风险,0.0,低风险,0.0,低风险,0.0,低风险,0.0,低风险
721.0,4-1,location4,0.267,中风险,0.107,低风险,0.453,高风险,0.568,高风险,0.351,高风险,0.376,高风险
721.0,4-3,location4,0.158,中风险,0.076,低风险,0.247,中风险,0.309,中风险,0.199,中风险,0.211,中风险
722.0,4-3,location4,0.0,低风险,0.0,低风险,0.0,低风险,0.0,低风险,0.0,低风险,0.0,低风险
723.0,4-1,location4,0.258,中风险,0.103,低风险,0.437,高风险,0.547,高风险,0.338,高风险,0.363,高风险
723.0,4-3,location4,0.229,中风险,0.092,低风险,0.388,高风险,0.486,高风险,0.301,中风险,0.322,高风险
724.0,4-1,location4,0.149,中风险,0.06,低风险,0.253,中风险,0.316,高风险,0.196,中风险,0.21,中风险
724.0,4-3,location4,0.177,中风险,0.071,低风险,0.3,中风险,0.376,高风险,0.233,中风险,0.249,中风险
725.0,4-1,location4,0.437,高风险,0.311,高风险,0.534,高风险,0.573,高风险,0.454,高风险,0.473,高风险
725.0,4-3,location4,0.264,中风险,0.106,低风险,0.447,高风险,0.56,高风险,0.346,高风险,0.371,高风险
726.0,4-1,location4,0.107,低风险,0.043,低风险,0.181,中风险,0.226,中风险,0.14,中风险,0.15,中风险
727.0,4-3,location4,0.128,中风险,0.051,低风险,0.217,中风险,0.271,中风险,0.168,中风险,0.18,中风险
728.0,4-1,location4,0.0,低风险,0.0,低风险,0.0,低风险,0.0,低风险,0.0,低风险,0.0,低风险
728.0,4-3,location4,0.138,中风险,0.055,低风险,0.233,中风险,0.292,中风险,0.181,中风险,0.193,中风险
729.0,4-1,location4,0.183,中风险,0.073,低风险,0.31,高风险,0.389,高风险,0.24,中风险,0.257,中风险
729.0,4-3,location4,0.266,中风险,0.107,低风险,0.451,高风险,0.565,高风险,0.349,高风险,0.374,高风险
729.0,4-5,location4,0.188,中风险,0.096,低风险,0.288,中风险,0.34,高风险,0.227,中风险,0.241,中风险
730.0,4-1,location4,0.276,中风险,0.291,中风险,0.2,中风险,0.072,低风险,0.188,中风险,0.188,中风险
730.0,4-3,location4,0.0,低风险,0.0,低风险,0.0,低风险,0.0,低风险,0.0,低风险,0.0,低风险
731.0,4-1,location4,0.246,中风险,0.259,中风险,0.179,中风险,0.064,低风险,0.167,中风险,0.167,中风险
731.0,4-3,location4,0.0,低风险,0.0,低风险,0.0,低风险,0.0,低风险,0.0,低风险,0.0,低风险
732.0,4-3,location4,0.0,低风险,0.0,低风险,0.0,低风险,0.0,低风险,0.0,低风险,0.0,低风险
733.0,4-3,location4,0.065,低风险,0.068,低风险,0.047,低风险,0.017,低风险,0.044,低风险,0.044,低风险
734.0,4-1,location4,0.0,低风险,0.0,低风险,0.0,低风险,0.0,低风险,0.0,低风险,0.0,低风险
734.0,4-3,location4,0.104,低风险,0.109,低风险,0.075,低风险,0.027,低风险,0.07,低风险,0.07,低风险
735.0,4-1,location4,0.0,低风险,0.0,低风险,0.0,低风险,0.0,低风险,0.0,低风险,0.0,低风险
735.0,4-3,location4,0.0,低风险,0.0,低风险,0.0,低风险,0.0,低风险,0.0,低风险,0.0,低风险
735.0,4-5,location4,0.29,中风险,0.116,中风险,0.491,高风险,0.615,高风险,0.38,高风险,0.407,高风险
736.0,4-1,location4,0.119,中风险,0.088,低风险,0.141,中风险,0.137,中风险,0.117,中风险,0.122,中风险
736.0,4-3,location4,0.0,低风险,0.0,低风险,0.0,低风险,0.0,低风险,0.0,低风险,0.0,低风险
737.0,4-3,location4,0.251,中风险,0.158,中风险,0.333,高风险,0.419,高风险,0.293,中风险,0.303,中风险
738.0,4-1,location4,0.168,中风险,0.067,低风险,0.284,中风险,0.356,高风险,0.22,中风险,0.236,中风险
738.0,4-3,location4,0.336,高风险,0.249,中风险,0.388,高风险,0.488,高风险,0.368,高风险,0.375,高风险
739.0,4-1,location4,0.056,低风险,0.023,低风险,0.095,低风险,0.12,中风险,0.074,低风险,0.079,低风险
739.0,4-3,location4,0.039,低风险,0.016,低风险,0.066,低风险,0.082,低风险,0.051,低风险,0.054,低风险
740.0,4-1,location4,0.336,高风险,0.209,中风险,0.45,高风险,0.566,高风险,0.393,高风险,0.408,高风险
740.0,4-3,location4,0.0,低风险,0.0,低风险,0.0,低风险,0.0,低风险,0.0,低风险,0.0,低风险
741.0,4-3,location4,0.0,低风险,0.0,低风险,0.0,低风险,0.0,低风险,0.0,低风险,0.0,低风险
742.0,4-1,location4,0.0,低风险,0.0,低风险,0.0,低风险,0.0,低风险,0.0,低风险,0.0,低风险
742.0,4-3,location4,0.0,低风险,0.0,低风险,0.0,低风险,0.0,低风险,0.0,低风险,0.0,低风险
743.0,4-1,location4,0.0,低风险,0.0,低风险,0.0,低风险,0.0,低风险,0.0,低风险,0.0,低风险
743.0,4-3,location4,0.0,低风险,0.0,低风险,0.0,低风险,0.0,低风险,0.0,低风险,0.0,低风险
744.0,4-1,location4,0.112,中风险,0.045,低风险,0.19,中风险,0.238,中风险,0.147,中风险,0.158,中风险
744.0,4-3,location4,0.021,低风险,0.022,低风险,0.015,低风险,0.005,低风险,0.014,低风险,0.014,低风险
745.0,4-1,location4,0.0,低风险,0.0,低风险,0.0,低风险,0.0,低风险,0.0,低风险,0.0,低风险
745.0,4-3,location4,0.0,低风险,0.0,低风险,0.0,低风险,0.0,低风险,0.0,低风险,0.0,低风险
746.0,4-1,location4,0.166,中风险,0.067,低风险,0.282,中风险,0.353,高风险,0.218,中风险,0.234,中风险
746.0,4-3,location4,0.0,低风险,0.0,低风险,0.0,低风险,0.0,低风险,0.0,低风险,0.0,低风险
747.0,4-1,location4,0.221,中风险,0.091,低风险,0.37,高风险,0.464,高风险,0.288,中风险,0.308,中风险
747.0,4-3,location4,0.167,中风险,0.083,低风险,0.258,中风险,0.323,高风险,0.209,中风险,0.222,中风险
749.0,4-1,location4,0.177,中风险,0.115,中风险,0.235,中风险,0.251,中风险,0.19,中风险,0.2,中风险
749.0,4-3,location4,0.0,低风险,0.0,低风险,0.0,低风险,0.0,低风险,0.0,低风险,0.0,低风险
750.0,4-3,location4,0.295,中风险,0.18,中风险,0.408,高风险,0.456,高风险,0.33,高风险,0.348,高风险
751.0,4-3,location4,0.0,低风险,0.0,低风险,0.0,低风险,0.0,低风险,0.0,低风险,0.0,低风险
752.0,4-1,location4,0.123,中风险,0.049,低风险,0.208,中风险,0.26,中风险,0.161,中风险,0.172,中风险
752.0,4-3,location4,0.317,高风险,0.205,中风险,0.412,高风险,0.518,高风险,0.366,高风险,0.378,高风险
753.0,4-1,location4,0.354,高风险,0.227,中风险,0.464,高风险,0.583,高风险,0.41,高风险,0.425,高风险
753.0,4-3,location4,0.0,低风险,0.0,低风险,0.0,低风险,0.0,低风险,0.0,低风险,0.0,低风险
754.0,4-3,location4,0.238,中风险,0.144,中风险,0.325,高风险,0.408,高风险,0.281,中风险,0.293,中风险
755.0,4-3,location4,0.256,中风险,0.102,低风险,0.433,高风险,0.543,高风险,0.336,高风险,0.359,高风险
755.0,4-5,location4,0.0,低风险,0.0,低风险,0.0,低风险,0.0,低风险,0.0,低风险,0.0,低风险
757.0,4-1,location4,0.194,中风险,0.107,低风险,0.285,中风险,0.328,高风险,0.226,中风险,0.24,中风险
758.0,4-1,location4,0.31,中风险,0.214,中风险,0.392,高风险,0.402,高风险,0.319,高风险,0.336,高风险
759.0,4-3,location4,0.123,中风险,0.049,低风险,0.209,中风险,0.261,中风险,0.161,中风险,0.173,中风险
760.0,4-3,location4,0.0,低风险,0.0,低风险,0.0,低风险,0.0,低风险,0.0,低风险,0.0,低风险
761.0,4-1,location4,0.0,低风险,0.0,低风险,0.0,低风险,0.0,低风险,0.0,低风险,0.0,低风险
762.0,4-1,location4,0.385,高风险,0.258,中风险,0.487,高风险,0.613,高风险,0.439,高风险,0.453,高风险
762.0,4-5,location4,0.0,低风险,0.0,低风险,0.0,低风险,0.0,低风险,0.0,低风险,0.0,低风险
766.0,4-5,location4,0.288,中风险,0.14,中风险,0.448,高风险,0.562,高风险,0.362,高风险,0.383,高风险
767.0,4-3,location4,0.0,低风险,0.0,低风险,0.0,低风险,0.0,低风险,0.0,低风险,0.0,低风险
768.0,4-3,location4,0.0,低风险,0.0,低风险,0.0,低风险,0.0,低风险,0.0,低风险,0.0,低风险
770.0,4-1,location4,0.244,中风险,0.098,低风险,0.414,高风险,0.518,高风险,0.32,高风险,0.343,高风险
774.0,4-3,location4,0.0,低风险,0.0,低风险,0.0,低风险,0.0,低风险,0.0,低风险,0.0,低风险
777.0,4-3,location4,0.0,低风险,0.0,低风险,0.0,低风险,0.0,低风险,0.0,低风险,0.0,低风险
780.0,4-5,location4,0.216,中风险,0.087,低风险,0.366,高风险,0.459,高风险,0.284,中风险,0.304,中风险
781.0,4-3,location4,0.0,低风险,0.0,低风险,0.0,低风险,0.0,低风险,0.0,低风险,0.0,低风险
782.0,4-3,location4,0.146,中风险,0.058,低风险,0.247,中风险,0.309,中风险,0.191,中风险,0.205,中风险
783.0,4-3,location4,0.302,中风险,0.187,中风险,0.408,高风险,0.512,高风险,0.355,高风险,0.369,高风险
784.0,4-3,location4,0.088,低风险,0.035,低风险,0.149,中风险,0.186,中风险,0.115,中风险,0.123,中风险
785.0,4-1,location4,0.778,高风险,0.656,高风险,0.779,高风险,0.891,高风险,0.772,高风险,0.776,高风险
786.0,4-1,location4,0.211,中风险,0.089,低风险,0.351,高风险,0.44,高风险,0.275,中风险,0.293,中风险
786.0,4-3,location4,0.172,中风险,0.069,低风险,0.292,中风险,0.365,高风险,0.226,中风险,0.242,中风险
787.0,4-3,location4,0.174,中风险,0.07,低风险,0.295,中风险,0.37,高风险,0.229,中风险,0.245,中风险
788.0,4-3,location4,0.193,中风险,0.16,中风险,0.203,中风险,0.173,中风险,0.172,中风险,0.179,中风险
789.0,4-1,location4,0.164,中风险,0.089,低风险,0.24,中风险,0.301,中风险,0.2,中风险,0.21,中风险
789.0,4-5,location4,0.195,中风险,0.078,低风险,0.33,高风险,0.414,高风险,0.256,中风险,0.274,中风险
790.0,4-1,location4,0.176,中风险,0.071,低风险,0.298,中风险,0.374,高风险,0.231,中风险,0.248,中风险
790.0,4-3,location4,0.252,中风险,0.126,中风险,0.39,高风险,0.464,高风险,0.307,中风险,0.327,高风险
791.0,4-3,location4,0.031,低风险,0.012,低风险,0.053,低风险,0.066,低风险,0.041,低风险,0.044,低风险
792.0,4-1,location4,0.0,低风险,0.0,低风险,0.0,低风险,0.0,低风险,0.0,低风险,0.0,低风险
792.0,4-3,location4,0.0,低风险,0.0,低风险,0.0,低风险,0.0,低风险,0.0,低风险,0.0,低风险
795.0,4-1,location4,0.138,中风险,0.146,中风险,0.1,低风险,0.036,低风险,0.094,低风险,0.094,低风险
795.0,4-3,location4,0.139,中风险,0.083,低风险,0.192,中风险,0.241,中风险,0.165,中风险,0.172,中风险
796.0,4-3,location4,0.124,中风险,0.13,中风险,0.09,低风险,0.032,低风险,0.084,低风险,0.084,低风险
801.0,4-3,location4,0.129,中风险,0.052,低风险,0.219,中风险,0.275,中风险,0.17,中风险,0.182,中风险
802.0,4-1,location4,0.15,中风险,0.084,低风险,0.218,中风险,0.25,中风险,0.173,中风险,0.184,中风险
803.0,4-1,location4,0.259,中风险,0.104,低风险,0.439,高风险,0.549,高风险,0.34,高风险,0.364,高风险
803.0,4-3,location4,0.0,低风险,0.0,低风险,0.0,低风险,0.0,低风险,0.0,低风险,0.0,低风险
804.0,4-1,location4,0.308,中风险,0.226,中风险,0.358,高风险,0.45,高风险,0.339,高风险,0.345,高风险
805.0,4-3,location4,0.235,中风险,0.153,中风险,0.304,中风险,0.382,高风险,0.271,中风险,0.28,中风险
806.0,4-3,location4,0.181,中风险,0.073,低风险,0.307,中风险,0.384,高风险,0.238,中风险,0.255,中风险
807.0,4-1,location4,0.258,中风险,0.151,中风险,0.361,高风险,0.453,高风险,0.308,中风险,0.322,高风险
807.0,4-3,location4,0.0,低风险,0.0,低风险,0.0,低风险,0.0,低风险,0.0,低风险,0.0,低风险
808.0,4-1,location4,0.275,中风险,0.11,中风险,0.466,高风险,0.584,高风险,0.361,高风险,0.387,高风险
809.0,4-1,location4,0.069,低风险,0.027,低风险,0.116,中风险,0.145,中风险,0.09,低风险,0.096,低风险
810.0,4-3,location4,0.032,低风险,0.034,低风险,0.023,低风险,0.008,低风险,0.022,低风险,0.022,低风险
811.0,4-3,location4,0.0,低风险,0.0,低风险,0.0,低风险,0.0,低风险,0.0,低风险,0.0,低风险
812.0,4-1,location4,0.001,低风险,0.001,低风险,0.001,低风险,0.0,低风险,0.001,低风险,0.001,低风险
813.0,4-1,location4,0.0,低风险,0.0,低风险,0.0,低风险,0.0,低风险,0.0,低风险,0.0,低风险
813.0,4-3,location4,0.226,中风险,0.109,低风险,0.353,高风险,0.442,高风险,0.284,中风险,0.301,中风险
814.0,4-1,location4,0.182,中风险,0.073,低风险,0.309,中风险,0.386,高风险,0.239,中风险,0.256,中风险
814.0,4-3,location4,0.207,中风险,0.117,中风险,0.297,中风险,0.373,高风险,0.251,中风险,0.262,中风险
815.0,4-1,location4,0.145,中风险,0.058,低风险,0.245,中风险,0.307,中风险,0.19,中风险,0.204,中风险
815.0,4-3,location4,0.0,低风险,0.0,低风险,0.0,低风险,0.0,低风险,0.0,低风险,0.0,低风险
816.0,4-1,location4,0.255,中风险,0.157,中风险,0.345,高风险,0.433,高风险,0.3,中风险,0.312,高风险
816.0,4-3,location4,0.0,低风险,0.0,低风险,0.0,低风险,0.0,低风险,0.0,低风险,0.0,低风险
817.0,4-1,location4,0.0,低风险,0.0,低风险,0.0,低风险,0.0,低风险,0.0,低风险,0.0,低风险
817.0,4-3,location4,0.203,中风险,0.081,低风险,0.344,高风险,0.43,高风险,0.266,中风险,0.285,中风险
817.0,4-5,location4,0.0,低风险,0.0,低风险,0.0,低风险,0.0,低风险,0.0,低风险,0.0,低风险
818.0,4-1,location4,0.156,中风险,0.076,低风险,0.244,中风险,0.306,中风险,0.197,中风险,0.208,中风险
818.0,4-3,location4,0.0,低风险,0.0,低风险,0.0,低风险,0.0,低风险,0.0,低风险,0.0,低风险
819.0,4-1,location4,0.232,中风险,0.093,低风险,0.393,高风险,0.492,高风险,0.304,中风险,0.326,高风险
819.0,4-3,location4,0.0,低风险,0.0,低风险,0.0,低风险,0.0,低风险,0.0,低风险,0.0,低风险
820.0,4-3,location4,0.071,低风险,0.028,低风险,0.12,中风险,0.15,中风险,0.093,低风险,0.1,低风险
821.0,4-1,location4,0.401,高风险,0.285,中风险,0.488,高风险,0.569,高风险,0.433,高风险,0.447,高风险
821.0,4-3,location4,0.0,低风险,0.0,低风险,0.0,低风险,0.0,低风险,0.0,低风险,0.0,低风险
822.0,4-1,location4,0.0,低风险,0.0,低风险,0.0,低风险,0.0,低风险,0.0,低风险,0.0,低风险
822.0,4-3,location4,0.252,中风险,0.101,低风险,0.427,高风险,0.534,高风险,0.33,高风险,0.354,高风险
823.0,4-1,location4,0.241,中风险,0.097,低风险,0.409,高风险,0.513,高风险,0.317,高风险,0.34,高风险
823.0,4-3,location4,0.0,低风险,0.0,低风险,0.0,低风险,0.0,低风险,0.0,低风险,0.0,低风险
824.0,4-1,location4,0.233,中风险,0.093,低风险,0.395,高风险,0.495,高风险,0.306,中风险,0.328,高风险
824.0,4-3,location4,0.0,低风险,0.0,低风险,0.0,低风险,0.0,低风险,0.0,低风险,0.0,低风险
825.0,4-1,location4,0.002,低风险,0.002,低风险,0.001,低风险,0.001,低风险,0.001,低风险,0.001,低风险
825.0,4-3,location4,0.171,中风险,0.069,低风险,0.29,中风险,0.363,高风险,0.225,中风险,0.241,中风险
826.0,4-1,location4,0.235,中风险,0.094,低风险,0.399,高风险,0.499,高风险,0.309,中风险,0.331,高风险
827.0,4-1,location4,0.237,中风险,0.095,低风险,0.401,高风险,0.503,高风险,0.311,高风险,0.333,高风险
827.0,4-3,location4,0.0,低风险,0.0,低风险,0.0,低风险,0.0,低风险,0.0,低风险,0.0,低风险
828.0,4-1,location4,0.257,中风险,0.103,低风险,0.435,高风险,0.545,高风险,0.337,高风险,0.361,高风险
829.0,4-1,location4,0.02,低风险,0.021,低风险,0.015,低风险,0.005,低风险,0.014,低风险,0.014,低风险
829.0,4-3,location4,0.178,中风险,0.098,低风险,0.26,中风险,0.326,高风险,0.217,中风险,0.228,中风险
830.0,4-3,location4,0.599,高风险,0.471,高风险,0.662,高风险,0.704,高风险,0.597,高风险,0.612,高风险
831.0,4-1,location4,0.0,低风险,0.0,低风险,0.0,低风险,0.0,低风险,0.0,低风险,0.0,低风险
831.0,4-3,location4,0.82,高风险,0.633,高风险,0.905,高风险,1.14,高风险,0.883,高风险,0.892,高风险
832.0,4-1,location4,0.236,中风险,0.095,低风险,0.4,高风险,0.501,高风险,0.31,中风险,0.332,高风险
832.0,4-3,location4,0.31,高风险,0.124,中风险,0.526,高风险,0.659,高风险,0.407,高风险,0.436,高风险
833.0,4-1,location4,0.358,高风险,0.255,中风险,0.442,高风险,0.443,高风险,0.363,高风险,0.38,高风险
834.0,4-1,location4,0.266,中风险,0.177,中风险,0.339,高风险,0.426,高风险,0.304,中风险,0.314,高风险
835.0,4-1,location4,0.138,中风险,0.055,低风险,0.233,中风险,0.292,中风险,0.181,中风险,0.193,中风险
836.0,4-1,location4,0.194,中风险,0.078,低风险,0.328,高风险,0.411,高风险,0.254,中风险,0.272,中风险
836.0,4-3,location4,0.443,高风险,0.273,中风险,0.599,高风险,0.747,高风险,0.519,高风险,0.54,高风险
837.0,4-1,location4,0.036,低风险,0.038,低风险,0.026,低风险,0.009,低风险,0.024,低风险,0.024,低风险
839.0,4-1,location4,0.294,中风险,0.118,中风险,0.499,高风险,0.625,高风险,0.386,高风险,0.414,高风险
839.0,4-5,location4,0.0,低风险,0.0,低风险,0.0,低风险,0.0,低风险,0.0,低风险,0.0,低风险
841.0,4-1,location4,0.106,低风险,0.042,低风险,0.179,中风险,0.224,中风险,0.139,中风险,0.148,中风险
842.0,4-1,location4,0.307,中风险,0.213,中风险,0.377,高风险,0.474,高风险,0.346,高风险,0.355,高风险
843.0,4-1,location4,0.0,低风险,0.0,低风险,0.0,低风险,0.0,低风险,0.0,低风险,0.0,低风险
844.0,4-1,location4,0.0,低风险,0.0,低风险,0.0,低风险,0.0,低风险,0.0,低风险,0.0,低风险
845.0,4-1,location4,0.0,低风险,0.0,低风险,0.0,低风险,0.0,低风险,0.0,低风险,0.0,低风险
847.0,4-3,location4,0.336,高风险,0.231,中风险,0.416,高风险,0.522,高风险,0.379,高风险,0.39,高风险
849.0,4-3,location4,0.0,低风险,0.0,低风险,0.0,低风险,0.0,低风险,0.0,低风险,0.0,低风险
850.0,4-3,location4,0.191,中风险,0.086,低风险,0.309,中风险,0.387,高风险,0.245,中风险,0.261,中风险
851.0,4-3,location4,0.131,中风险,0.053,低风险,0.223,中风险,0.279,中风险,0.172,中风险,0.185,中风险
852.0,4-1,location4,0.0,低风险,0.0,低风险,0.0,低风险,0.0,低风险,0.0,低风险,0.0,低风险
852.0,4-3,location4,0.0,低风险,0.0,低风险,0.0,低风险,0.0,低风险,0.0,低风险,0.0,低风险
853.0,4-1,location4,0.0,低风险,0.0,低风险,0.0,低风险,0.0,低风险,0.0,低风险,0.0,低风险
853.0,4-3,location4,0.081,低风险,0.032,低风险,0.137,中风险,0.172,中风险,0.106,低风险,0.114,中风险
854.0,4-1,location4,0.0,低风险,0.0,低风险,0.0,低风险,0.0,低风险,0.0,低风险,0.0,低风险
855.0,4-3,location4,0.0,低风险,0.0,低风险,0.0,低风险,0.0,低风险,0.0,低风险,0.0,低风险
856.0,4-1,location4,0.06,低风险,0.024,低风险,0.101,低风险,0.127,中风险,0.078,低风险,0.084,低风险
856.0,4-3,location4,0.134,中风险,0.054,低风险,0.227,中风险,0.284,中风险,0.176,中风险,0.188,中风险
858.0,4-1,location4,0.0,低风险,0.0,低风险,0.0,低风险,0.0,低风险,0.0,低风险,0.0,低风险
858.0,4-3,location4,0.0,低风险,0.0,低风险,0.0,低风险,0.0,低风险,0.0,低风险,0.0,低风险
859.0,4-1,location4,0.011,低风险,0.011,低风险,0.008,低风险,0.003,低风险,0.007,低风险,0.007,低风险
859.0,4-3,location4,0.522,高风险,0.321,高风险,0.706,高风险,0.887,高风险,0.614,高风险,0.638,高风险
860.0,4-1,location4,0.0,低风险,0.0,低风险,0.0,低风险,0.0,低风险,0.0,低风险,0.0,低风险
860.0,4-3,location4,0.244,中风险,0.098,低风险,0.414,高风险,0.519,高风险,0.321,高风险,0.344,高风险
861.0,4-3,location4,0.0,低风险,0.0,低风险,0.0,低风险,0.0,低风险,0.0,低风险,0.0,低风险
863.0,4-3,location4,0.184,中风险,0.074,低风险,0.312,高风险,0.39,高风险,0.241,中风险,0.258,中风险
864.0,4-3,location4,0.272,中风险,0.227,中风险,0.287,中风险,0.243,中风险,0.243,中风险,0.252,中风险
865.0,4-3,location4,0.0,低风险,0.0,低风险,0.0,低风险,0.0,低风险,0.0,低风险,0.0,低风险
866.0,4-1,location4,0.038,低风险,0.04,低风险,0.028,低风险,0.01,低风险,0.026,低风险,0.026,低风险
866.0,4-3,location4,0.0,低风险,0.0,低风险,0.0,低风险,0.0,低风险,0.0,低风险,0.0,低风险
868.0,4-3,location4,0.0,低风险,0.0,低风险,0.0,低风险,0.0,低风险,0.0,低风险,0.0,低风险
869.0,4-3,location4,0.261,中风险,0.105,低风险,0.443,高风险,0.555,高风险,0.343,高风险,0.367,高风险
870.0,4-1,location4,0.299,中风险,0.12,中风险,0.508,高风险,0.636,高风险,0.393,高风险,0.421,高风险
871.0,4-1,location4,0.0,低风险,0.0,低风险,0.0,低风险,0.0,低风险,0.0,低风险,0.0,低风险
871.0,4-3,location4,0.0,低风险,0.0,低风险,0.0,低风险,0.0,低风险,0.0,低风险,0.0,低风险
872.0,4-1,location4,0.0,低风险,0.0,低风险,0.0,低风险,0.0,低风险,0.0,低风险,0.0,低风险
872.0,4-3,location4,0.161,中风险,0.169,中风险,0.117,中风险,0.042,低风险,0.109,低风险,0.109,低风险
872.0,4-5,location4,0.135,中风险,0.054,低风险,0.229,中风险,0.287,中风险,0.178,中风险,0.19,中风险
873.0,4-1,location4,0.237,中风险,0.095,低风险,0.402,高风险,0.504,高风险,0.311,高风险,0.334,高风险
873.0,4-3,location4,0.404,高风险,0.272,中风险,0.508,高风险,0.639,高风险,0.46,高风险,0.473,高风险
874.0,4-3,location4,0.0,低风险,0.0,低风险,0.0,低风险,0.0,低风险,0.0,低风险,0.0,低风险
875.0,4-1,location4,0.183,中风险,0.073,低风险,0.311,高风险,0.389,高风险,0.24,中风险,0.258,中风险
875.0,4-3,location4,0.044,低风险,0.018,低风险,0.074,低风险,0.093,低风险,0.058,低风险,0.062,低风险
876.0,4-3,location4,0.0,低风险,0.0,低风险,0.0,低风险,0.0,低风险,0.0,低风险,0.0,低风险
877.0,4-1,location4,0.191,中风险,0.077,低风险,0.325,高风险,0.407,高风险,0.251,中风险,0.269,中风险
877.0,4-3,location4,0.058,低风险,0.023,低风险,0.098,低风险,0.123,中风险,0.076,低风险,0.081,低风险
877.0,4-5,location4,0.262,中风险,0.134,中风险,0.4,高风险,0.472,高风险,0.315,高风险,0.336,高风险
878.0,4-1,location4,0.0,低风险,0.0,低风险,0.0,低风险,0.0,低风险,0.0,低风险,0.0,低风险
878.0,4-3,location4,0.158,中风险,0.063,低风险,0.268,中风险,0.336,高风险,0.208,中风险,0.222,中风险
880.0,4-1,location4,0.241,中风险,0.097,低风险,0.409,高风险,0.513,高风险,0.317,高风险,0.34,高风险
881.0,4-1,location4,0.0,低风险,0.0,低风险,0.0,低风险,0.0,低风险,0.0,低风险,0.0,低风险
881.0,4-3,location4,0.0,低风险,0.0,低风险,0.0,低风险,0.0,低风险,0.0,低风险,0.0,低风险
882.0,4-1,location4,0.102,低风险,0.108,低风险,0.074,低风险,0.027,低风险,0.069,低风险,0.069,低风险
883.0,4-1,location4,0.0,低风险,0.0,低风险,0.0,低风险,0.0,低风险,0.0,低风险,0.0,低风险
883.0,4-3,location4,0.0,低风险,0.0,低风险,0.0,低风险,0.0,低风险,0.0,低风险,0.0,低风险
885.0,4-1,location4,0.074,低风险,0.03,低风险,0.125,中风险,0.157,中风险,0.097,低风险,0.104,低风险
885.0,4-3,location4,0.0,低风险,0.0,低风险,0.0,低风险,0.0,低风险,0.0,低风险,0.0,低风险
886.0,4-1,location4,0.263,中风险,0.157,中风险,0.369,高风险,0.411,高风险,0.295,中风险,0.312,高风险
886.0,4-3,location4,0.0,低风险,0.0,低风险,0.0,低风险,0.0,低风险,0.0,低风险,0.0,低风险
887.0,4-1,location4,0.006,低风险,0.006,低风险,0.004,低风险,0.001,低风险,0.004,低风险,0.004,低风险
887.0,4-3,location4,0.0,低风险,0.0,低风险,0.0,低风险,0.0,低风险,0.0,低风险,0.0,低风险
889.0,4-1,location4,0.155,中风险,0.062,低风险,0.263,中风险,0.33,高风险,0.204,中风险,0.218,中风险
889.0,4-3,location4,0.034,低风险,0.014,低风险,0.057,低风险,0.072,低风险,0.044,低风险,0.048,低风险
890.0,4-1,location4,0.238,中风险,0.151,中风险,0.314,高风险,0.395,高风险,0.277,中风险,0.287,中风险
890.0,4-3,location4,0.0,低风险,0.0,低风险,0.0,低风险,0.0,低风险,0.0,低风险,0.0,低风险
891.0,4-1,location4,0.208,中风险,0.116,中风险,0.302,中风险,0.379,高风险,0.253,中风险,0.266,中风险
892.0,4-1,location4,0.151,中风险,0.07,低风险,0.243,中风险,0.295,中风险,0.19,中风险,0.203,中风险
894.0,4-1,location4,0.209,中风险,0.084,低风险,0.354,高风险,0.443,高风险,0.274,中风险,0.294,中风险
896.0,4-5,location4,0.0,低风险,0.0,低风险,0.0,低风险,0.0,低风险,0.0,低风险,0.0,低风险
897.0,4-1,location4,0.0,低风险,0.0,低风险,0.0,低风险,0.0,低风险,0.0,低风险,0.0,低风险
898.0,4-3,location4,0.0,低风险,0.0,低风险,0.0,低风险,0.0,低风险,0.0,低风险,0.0,低风险
899.0,4-1,location4,0.371,高风险,0.318,高风险,0.377,高风险,0.305,中风险,0.323,高风险,0.333,高风险
900.0,4-1,location4,0.035,低风险,0.014,低风险,0.06,低风险,0.075,低风险,0.046,低风险,0.049,低风险
900.0,4-3,location4,0.161,中风险,0.065,低风险,0.274,中风险,0.343,高风险,0.212,中风险,0.227,中风险
902.0,4-1,location4,0.355,高风险,0.285,中风险,0.391,高风险,0.348,高风险,0.328,高风险,0.341,高风险
902.0,4-3,location4,0.0,低风险,0.0,低风险,0.0,低风险,0.0,低风险,0.0,低风险,0.0,低风险
902.0,4-5,location4,0.0,低风险,0.0,低风险,0.0,低风险,0.0,低风险,0.0,低风险,0.0,低风险
903.0,4-1,location4,0.0,低风险,0.0,低风险,0.0,低风险,0.0,低风险,0.0,低风险,0.0,低风险
905.0,4-5,location4,0.201,中风险,0.08,低风险,0.34,高风险,0.426,高风险,0.263,中风险,0.282,中风险
906.0,4-3,location4,0.0,低风险,0.0,低风险,0.0,低风险,0.0,低风险,0.0,低风险,0.0,低风险
908.0,4-3,location4,0.09,低风险,0.036,低风险,0.152,中风险,0.191,中风险,0.118,中风险,0.126,中风险
910.0,4-3,location4,0.078,低风险,0.031,低风险,0.132,中风险,0.165,中风险,0.102,低风险,0.11,低风险
912.0,4-1,location4,0.102,低风险,0.057,低风险,0.146,中风险,0.183,中风险,0.123,中风险,0.129,中风险
913.0,4-3,location4,0.12,中风险,0.084,低风险,0.147,中风险,0.185,中风险,0.135,中风险,0.138,中风险
914.0,4-1,location4,0.306,中风险,0.182,中风险,0.43,高风险,0.48,高风险,0.344,高风险,0.364,高风险
915.0,4-1,location4,0.332,高风险,0.198,中风险,0.459,高风险,0.576,高风险,0.394,高风险,0.411,高风险
915.0,4-3,location4,0.267,中风险,0.264,中风险,0.203,中风险,0.257,中风险,0.251,中风险,0.241,中风险
916.0,4-1,location4,0.245,中风险,0.158,中风险,0.32,高风险,0.402,高风险,0.283,中风险,0.293,中风险
918.0,4-5,location4,0.0,低风险,0.0,低风险,0.0,低风险,0.0,低风险,0.0,低风险,0.0,低风险
919.0,4-1,location4,0.0,低风险,0.0,低风险,0.0,低风险,0.0,低风险,0.0,低风险,0.0,低风险
923.0,4-1,location4,0.0,低风险,0.0,低风险,0.0,低风险,0.0,低风险,0.0,低风险,0.0,低风险
924.0,4-1,location4,0.181,中风险,0.096,低风险,0.272,中风险,0.317,高风险,0.214,中风险,0.228,中风险
924.0,4-3,location4,0.0,低风险,0.0,低风险,0.0,低风险,0.0,低风险,0.0,低风险,0.0,低风险
926.0,4-1,location4,0.327,高风险,0.207,中风险,0.433,高风险,0.544,高风险,0.381,高风险,0.395,高风险
926.0,4-5,location4,0.159,中风险,0.064,低风险,0.27,中风险,0.338,高风险,0.209,中风险,0.224,中风险
927.0,4-1,location4,0.0,低风险,0.0,低风险,0.0,低风险,0.0,低风险,0.0,低风险,0.0,低风险
929.0,4-1,location4,0.183,中风险,0.073,低风险,0.31,高风险,0.388,高风险,0.24,中风险,0.257,中风险
929.0,4-5,location4,0.132,中风险,0.085,低风险,0.172,中风险,0.216,中风险,0.152,中风险,0.158,中风险
931.0,4-1,location4,0.034,低风险,0.036,低风险,0.025,低风险,0.009,低风险,0.023,低风险,0.023,低风险
931.0,4-3,location4,0.036,低风险,0.038,低风险,0.026,低风险,0.009,低风险,0.025,低风险,0.025,低风险
931.0,4-5,location4,0.0,低风险,0.0,低风险,0.0,低风险,0.0,低风险,0.0,低风险,0.0,低风险
932.0,4-1,location4,0.0,低风险,0.0,低风险,0.0,低风险,0.0,低风险,0.0,低风险,0.0,低风险
932.0,4-3,location4,0.102,低风险,0.041,低风险,0.173,中风险,0.217,中风险,0.134,中风险,0.144,中风险
932.0,4-5,location4,0.0,低风险,0.0,低风险,0.0,低风险,0.0,低风险,0.0,低风险,0.0,低风险
933.0,4-1,location4,0.054,低风险,0.021,低风险,0.091,低风险,0.114,中风险,0.07,低风险,0.075,低风险
933.0,4-3,location4,0.041,低风险,0.043,低风险,0.03,低风险,0.011,低风险,0.028,低风险,0.028,低风险
934.0,4-1,location4,0.066,低风险,0.027,低风险,0.113,中风险,0.141,中风险,0.087,低风险,0.094,低风险
935.0,4-3,location4,0.173,中风险,0.069,低风险,0.293,中风险,0.368,高风险,0.227,中风险,0.243,中风险
936.0,4-1,location4,0.249,中风险,0.1,低风险,0.423,高风险,0.529,高风险,0.327,高风险,0.351,高风险
937.0,4-1,location4,0.274,中风险,0.156,中风险,0.392,高风险,0.492,高风险,0.331,高风险,0.347,高风险
937.0,4-3,location4,0.485,高风险,0.364,高风险,0.552,高风险,0.695,高风险,0.529,高风险,0.537,高风险
938.0,4-1,location4,0.04,低风险,0.042,低风险,0.029,低风险,0.01,低风险,0.027,低风险,0.027,低风险
939.0,4-1,location4,0.125,中风险,0.05,低风险,0.212,中风险,0.266,中风险,0.164,中风险,0.176,中风险
939.0,4-3,location4,0.133,中风险,0.053,低风险,0.225,中风险,0.281,中风险,0.174,中风险,0.186,中风险
940.0,4-1,location4,0.0,低风险,0.0,低风险,0.0,低风险,0.0,低风险,0.0,低风险,0.0,低风险
941.0,4-3,location4,0.053,低风险,0.021,低风险,0.09,低风险,0.112,中风险,0.069,低风险,0.074,低风险
942.0,4-1,location4,0.0,低风险,0.0,低风险,0.0,低风险,0.0,低风险,0.0,低风险,0.0,低风险
943.0,4-1,location4,0.0,低风险,0.0,低风险,0.0,低风险,0.0,低风险,0.0,低风险,0.0,低风险
943.0,4-3,location4,0.208,中风险,0.083,低风险,0.353,高风险,0.442,高风险,0.273,中风险,0.293,中风险
944.0,4-3,location4,0.147,中风险,0.059,低风险,0.25,中风险,0.313,高风险,0.193,中风险,0.207,中风险
945.0,4-1,location4,0.216,中风险,0.126,中风险,0.302,中风险,0.38,高风险,0.258,中风险,0.269,中风险
945.0,4-3,location4,0.066,低风险,0.026,低风险,0.111,中风险,0.14,中风险,0.086,低风险,0.092,低风险
946.0,4-1,location4,0.193,中风险,0.077,低风险,0.327,高风险,0.409,高风险,0.253,中风险,0.271,中风险
947.0,4-1,location4,0.075,低风险,0.037,低风险,0.116,中风险,0.146,中风险,0.094,低风险,0.1,低风险
949.0,4-1,location4,0.0,低风险,0.0,低风险,0.0,低风险,0.0,低风险,0.0,低风险,0.0,低风险
950.0,4-1,location4,0.254,中风险,0.102,低风险,0.431,高风险,0.54,高风险,0.334,高风险,0.357,高风险
951.0,4-1,location4,0.0,低风险,0.0,低风险,0.0,低风险,0.0,低风险,0.0,低风险,0.0,低风险
952.0,4-1,location4,0.0,低风险,0.0,低风险,0.0,低风险,0.0,低风险,0.0,低风险,0.0,低风险
953.0,4-1,location4,0.114,中风险,0.046,低风险,0.193,中风险,0.242,中风险,0.15,中风险,0.161,中风险
954.0,4-1,location4,0.0,低风险,0.0,低风险,0.0,低风险,0.0,低风险,0.0,低风险,0.0,低风险
955.0,4-1,location4,0.0,低风险,0.0,低风险,0.0,低风险,0.0,低风险,0.0,低风险,0.0,低风险
959.0,4-1,location4,0.166,中风险,0.175,中风险,0.121,中风险,0.044,低风险,0.113,中风险,0.113,中风险
960.0,4-1,location4,0.0,低风险,0.0,低风险,0.0,低风险,0.0,低风险,0.0,低风险,0.0,低风险
963.0,4-1,location4,0.454,高风险,0.312,高风险,0.562,高风险,0.706,高风险,0.513,高风险,0.526,高风险
964.0,4-1,location4,0.0,低风险,0.0,低风险,0.0,低风险,0.0,低风险,0.0,低风险,0.0,低风险
964.0,4-5,location4,0.091,低风险,0.037,低风险,0.155,中风险,0.194,中风险,0.12,中风险,0.128,中风险
965.0,4-1,location4,0.173,中风险,0.069,低风险,0.293,中风险,0.367,高风险,0.227,中风险,0.243,中风险
966.0,4-1,location4,0.0,低风险,0.0,低风险,0.0,低风险,0.0,低风险,0.0,低风险,0.0,低风险
967.0,4-1,location4,0.129,中风险,0.052,低风险,0.219,中风险,0.274,中风险,0.169,中风险,0.182,中风险
968.0,4-1,location4,0.071,低风险,0.028,低风险,0.12,中风险,0.15,中风险,0.093,低风险,0.099,低风险
970.0,4-1,location4,0.149,中风险,0.06,低风险,0.253,中风险,0.317,高风险,0.196,中风险,0.21,中风险
970.0,4-5,location4,0.159,中风险,0.167,中风险,0.115,中风险,0.042,低风险,0.108,低风险,0.108,低风险
972.0,4-1,location4,0.072,低风险,0.076,低风险,0.052,低风险,0.019,低风险,0.049,低风险,0.049,低风险
973.0,4-1,location4,0.064,低风险,0.067,低风险,0.046,低风险,0.017,低风险,0.043,低风险,0.043,低风险
975.0,4-1,location4,0.225,中风险,0.11,中风险,0.351,高风险,0.439,高风险,0.283,中风险,0.3,中风险
978.0,4-1,location4,0.0,低风险,0.0,低风险,0.0,低风险,0.0,低风险,0.0,低风险,0.0,低风险
979.0,4-1,location4,0.197,中风险,0.079,低风险,0.334,高风险,0.418,高风险,0.258,中风险,0.277,中风险
979.0,4-5,location4,0.0,低风险,0.0,低风险,0.0,低风险,0.0,低风险,0.0,低风险,0.0,低风险
980.0,4-1,location4,0.077,低风险,0.081,低风险,0.056,低风险,0.02,低风险,0.052,低风险,0.052,低风险
980.0,4-5,location4,0.28,中风险,0.112,中风险,0.475,高风险,0.595,高风险,0.368,高风险,0.394,高风险
981.0,4-1,location4,0.273,中风险,0.167,中风险,0.371,高风险,0.465,高风险,0.321,高风险,0.334,高风险
981.0,4-5,location4,0.005,低风险,0.005,低风险,0.004,低风险,0.001,低风险,0.003,低风险,0.003,低风险
982.0,4-1,location4,0.0,低风险,0.0,低风险,0.0,低风险,0.0,低风险,0.0,低风险,0.0,低风险
983.0,4-1,location4,0.116,中风险,0.046,低风险,0.196,中风险,0.246,中风险,0.152,中风险,0.163,中风险
984.0,4-1,location4,0.075,低风险,0.03,低风险,0.127,中风险,0.159,中风险,0.098,低风险,0.105,低风险
985.0,4-1,location4,0.0,低风险,0.0,低风险,0.0,低风险,0.0,低风险,0.0,低风险,0.0,低风险
986.0,4-1,location4,0.305,中风险,0.184,中风险,0.418,高风险,0.519,高风险,0.359,高风险,0.374,高风险
986.0,4-5,location4,0.0,低风险,0.0,低风险,0.0,低风险,0.0,低风险,0.0,低风险,0.0,低风险
987.0,4-1,location4,0.158,中风险,0.063,低风险,0.268,中风险,0.335,高风险,0.207,中风险,0.222,中风险
988.0,4-1,location4,0.135,中风险,0.054,低风险,0.229,中风险,0.286,中风险,0.177,中风险,0.19,中风险
989.0,4-1,location4,0.187,中风险,0.075,低风险,0.316,高风险,0.396,高风险,0.245,中风险,0.262,中风险
991.0,4-1,location4,0.0,低风险,0.0,低风险,0.0,低风险,0.0,低风险,0.0,低风险,0.0,低风险
992.0,4-1,location4,0.0,低风险,0.0,低风险,0.0,低风险,0.0,低风险,0.0,低风险,0.0,低风险
993.0,4-1,location4,0.023,低风险,0.024,低风险,0.017,低风险,0.006,低风险,0.016,低风险,0.016,低风险
994.0,4-1,location4,0.159,中风险,0.064,低风险,0.27,中风险,0.338,高风险,0.209,中风险,0.224,中风险
995.0,4-1,location4,0.175,中风险,0.07,低风险,0.297,中风险,0.372,高风险,0.23,中风险,0.247,中风险
996.0,4-1,location4,0.167,中风险,0.067,低风险,0.282,中风险,0.354,高风险,0.219,中风险,0.234,中风险
997.0,4-1,location4,0.207,中风险,0.132,中风险,0.277,中风险,0.299,中风险,0.224,中风险,0.236,中风险
999.0,4-1,location4,0.0,低风险,0.0,低风险,0.0,低风险,0.0,低风险,0.0,低风险,0.0,低风险
1000.0,4-1,location4,0.296,中风险,0.127,中风险,0.489,高风险,0.612,高风险,0.383,高风险,0.409,高风险
1000.0,4-5,location4,0.22,中风险,0.088,低风险,0.372,高风险,0.466,高风险,0.288,中风险,0.309,中风险
1001.0,4-1,location4,0.22,中风险,0.145,中风险,0.283,中风险,0.355,高风险,0.253,中风险,0.261,中风险
1002.0,4-1,location4,0.0,低风险,0.0,低风险,0.0,低风险,0.0,低风险,0.0,低风险,0.0,低风险
1003.0,4-1,location4,0.064,低风险,0.039,低风险,0.089,低风险,0.112,中风险,0.076,低风险,0.08,低风险
1004.0,4-5,location4,0.146,中风险,0.154,中风险,0.106,低风险,0.038,低风险,0.099,低风险,0.099,低风险
1005.0,4-1,location4,0.0,低风险,0.0,低风险,0.0,低风险,0.0,低风险,0.0,低风险,0.0,低风险
1006.0,4-1,location4,0.095,低风险,0.038,低风险,0.162,中风险,0.202,中风险,0.125,中风险,0.134,中风险
1006.0,4-5,location4,0.22,中风险,0.088,低风险,0.372,高风险,0.466,高风险,0.288,中风险,0.309,中风险
1007.0,4-1,location4,0.0,低风险,0.0,低风险,0.0,低风险,0.0,低风险,0.0,低风险,0.0,低风险
1008.0,4-1,location4,0.116,中风险,0.047,低风险,0.197,中风险,0.246,中风险,0.152,中风险,0.163,中风险
1008.0,4-5,location4,0.157,中风险,0.063,低风险,0.266,中风险,0.334,高风险,0.206,中风险,0.221,中风险
1009.0,4-1,location4,0.187,中风险,0.075,低风险,0.316,高风险,0.396,高风险,0.245,中风险,0.262,中风险
1010.0,4-1,location4,0.172,中风险,0.069,低风险,0.292,中风险,0.366,高风险,0.226,中风险,0.242,中风险
1011.0,4-1,location4,0.0,低风险,0.0,低风险,0.0,低风险,0.0,低风险,0.0,低风险,0.0,低风险
1012.0,4-1,location4,0.0,低风险,0.0,低风险,0.0,低风险,0.0,低风险,0.0,低风险,0.0,低风险
1013.0,4-1,location4,0.0,低风险,0.0,低风险,0.0,低风险,0.0,低风险,0.0,低风险,0.0,低风险
1014.0,4-5,location4,0.598,高风险,0.452,高风险,0.676,高风险,0.851,高风险,0.65,高风险,0.66,高风险
1015.0,4-1,location4,0.036,低风险,0.015,低风险,0.062,低风险,0.077,低风险,0.048,低风险,0.051,低风险
1015.0,4-5,location4,0.159,中风险,0.079,低风险,0.244,中风险,0.306,中风险,0.198,中风险,0.21,中风险
1016.0,4-1,location4,0.0,低风险,0.0,低风险,0.0,低风险,0.0,低风险,0.0,低风险,0.0,低风险
1017.0,4-1,location4,0.0,低风险,0.0,低风险,0.0,低风险,0.0,低风险,0.0,低风险,0.0,低风险
1018.0,4-1,location4,0.193,中风险,0.077,低风险,0.327,高风险,0.41,高风险,0.253,中风险,0.271,中风险
1019.0,4-1,location4,0.0,低风险,0.0,低风险,0.0,低风险,0.0,低风险,0.0,低风险,0.0,低风险
1020.0,4-1,location4,0.267,中风险,0.107,低风险,0.452,高风险,0.566,高风险,0.35,高风险,0.375,高风险
1021.0,4-1,location4,0.0,低风险,0.0,低风险,0.0,低风险,0.0,低风险,0.0,低风险,0.0,低风险
1025.0,4-1,location4,0.174,中风险,0.07,低风险,0.295,中风险,0.369,高风险,0.228,中风险,0.245,中风险
1030.0,4-1,location4,0.253,中风险,0.174,中风险,0.32,高风险,0.329,高风险,0.261,中风险,0.274,中风险
1031.0,4-5,location4,0.0,低风险,0.0,低风险,0.0,低风险,0.0,低风险,0.0,低风险,0.0,低风险
1038.0,4-1,location4,0.0,低风险,0.0,低风险,0.0,低风险,0.0,低风险,0.0,低风险,0.0,低风险
1043.0,4-1,location4,0.221,中风险,0.13,中风险,0.309,中风险,0.388,高风险,0.264,中风险,0.276,中风险
1043.0,4-5,location4,0.258,中风险,0.103,低风险,0.437,高风险,0.547,高风险,0.338,高风险,0.362,高风险
1049.0,4-1,location4,0.0,低风险,0.0,低风险,0.0,低风险,0.0,低风险,0.0,低风险,0.0,低风险
1050.0,4-5,location4,0.143,中风险,0.057,低风险,0.243,中风险,0.304,中风险,0.188,中风险,0.201,中风险
1051.0,4-1,location4,0.277,中风险,0.172,中风险,0.373,高风险,0.469,高风险,0.325,高风险,0.338,高风险
1052.0,4-1,location4,0.104,低风险,0.07,低风险,0.132,中风险,0.165,中风险,0.119,中风险,0.122,中风险
1053.0,4-1,location4,0.0,低风险,0.0,低风险,0.0,低风险,0.0,低风险,0.0,低风险,0.0,低风险
1054.0,4-1,location4,0.169,中风险,0.068,低风险,0.286,中风险,0.358,高风险,0.222,中风险,0.237,中风险
1055.0,4-1,location4,0.0,低风险,0.0,低风险,0.0,低风险,0.0,低风险,0.0,低风险,0.0,低风险
1056.0,4-1,location4,0.302,中风险,0.21,中风险,0.38,高风险,0.387,高风险,0.31,中风险,0.325,高风险
1057.0,4-1,location4,0.0,低风险,0.0,低风险,0.0,低风险,0.0,低风险,0.0,低风险,0.0,低风险
1058.0,4-1,location4,0.23,中风险,0.092,低风险,0.39,高风险,0.488,高风险,0.302,中风险,0.323,高风险
1059.0,4-5,location4,0.368,高风险,0.212,中风险,0.526,高风险,0.594,高风险,0.419,高风险,0.444,高风险
1061.0,4-1,location4,0.18,中风险,0.072,低风险,0.305,中风险,0.383,高风险,0.237,中风险,0.253,中风险
1062.0,4-1,location4,0.0,低风险,0.0,低风险,0.0,低风险,0.0,低风险,0.0,低风险,0.0,低风险
1063.0,4-1,location4,0.016,低风险,0.017,低风险,0.012,低风险,0.004,低风险,0.011,低风险,0.011,低风险
1066.0,4-1,location4,0.0,低风险,0.0,低风险,0.0,低风险,0.0,低风险,0.0,低风险,0.0,低风险
1067.0,4-1,location4,0.284,中风险,0.215,中风险,0.327,高风险,0.355,高风险,0.29,中风险,0.299,中风险
1069.0,4-1,location4,0.0,低风险,0.0,低风险,0.0,低风险,0.0,低风险,0.0,低风险,0.0,低风险
1070.0,4-1,location4,0.0,低风险,0.0,低风险,0.0,低风险,0.0,低风险,0.0,低风险,0.0,低风险
1071.0,4-1,location4,0.0,低风险,0.0,低风险,0.0,低风险,0.0,低风险,0.0,低风险,0.0,低风险
1072.0,4-1,location4,0.107,低风险,0.043,低风险,0.181,中风险,0.227,中风险,0.14,中风险,0.15,中风险
1074.0,4-5,location4,0.463,高风险,0.356,高风险,0.513,高风险,0.646,高风险,0.499,高风险,0.505,高风险
1075.0,4-1,location4,0.0,低风险,0.0,低风险,0.0,低风险,0.0,低风险,0.0,低风险,0.0,低风险
1076.0,4-1,location4,0.091,低风险,0.096,低风险,0.066,低风险,0.024,低风险,0.062,低风险,0.062,低风险
1078.0,4-1,location4,0.274,中风险,0.11,低风险,0.465,高风险,0.583,高风险,0.36,高风险,0.386,高风险
1080.0,4-1,location4,0.18,中风险,0.072,低风险,0.304,中风险,0.381,高风险,0.236,中风险,0.253,中风险
1082.0,4-1,location4,0.0,低风险,0.0,低风险,0.0,低风险,0.0,低风险,0.0,低风险,0.0,低风险
1083.0,4-1,location4,0.044,低风险,0.018,低风险,0.075,低风险,0.094,低风险,0.058,低风险,0.062,低风险
1084.0,4-1,location4,0.343,高风险,0.243,中风险,0.411,高风险,0.517,高风险,0.382,高风险,0.391,高风险
1085.0,4-1,location4,0.294,中风险,0.163,中风险,0.427,高风险,0.536,高风险,0.358,高风险,0.375,高风险
1086.0,4-1,location4,0.0,低风险,0.0,低风险,0.0,低风险,0.0,低风险,0.0,低风险,0.0,低风险
1087.0,4-1,location4,0.139,中风险,0.056,低风险,0.235,中风险,0.294,中风险,0.182,中风险,0.195,中风险
1090.0,4-1,location4,0.0,低风险,0.0,低风险,0.0,低风险,0.0,低风险,0.0,低风险,0.0,低风险
1092.0,4-1,location4,0.0,低风险,0.0,低风险,0.0,低风险,0.0,低风险,0.0,低风险,0.0,低风险
1093.0,4-1,location4,0.0,低风险,0.0,低风险,0.0,低风险,0.0,低风险,0.0,低风险,0.0,低风险
1094.0,4-1,location4,0.083,低风险,0.033,低风险,0.14,中风险,0.176,中风险,0.109,低风险,0.116,中风险
1095.0,4-1,location4,0.111,中风险,0.044,低风险,0.188,中风险,0.235,中风险,0.145,中风险,0.156,中风险
1096.0,4-1,location4,0.0,低风险,0.0,低风险,0.0,低风险,0.0,低风险,0.0,低风险,0.0,低风险
1120.0,4-5,location4,0.061,低风险,0.065,低风险,0.044,低风险,0.016,低风险,0.042,低风险,0.042,低风险
1133.0,4-5,location4,0.224,中风险,0.09,低风险,0.38,高风险,0.475,高风险,0.294,中风险,0.315,高风险
1137.0,4-5,location4,0.175,中风险,0.09,低风险,0.264,中风险,0.331,高风险,0.217,中风险,0.228,中风险
1154.0,4-5,location4,0.046,低风险,0.048,低风险,0.033,低风险,0.012,低风险,0.031,低风险,0.031,低风险
1160.0,4-5,location4,0.0,低风险,0.0,低风险,0.0,低风险,0.0,低风险,0.0,低风险,0.0,低风险
1170.0,4-5,location4,0.234,中风险,0.094,低风险,0.396,高风险,0.496,高风险,0.307,中风险,0.329,高风险
1178.0,4-5,location4,0.0,低风险,0.0,低风险,0.0,低风险,0.0,低风险,0.0,低风险,0.0,低风险
1187.0,4-5,location4,0.528,高风险,0.401,高风险,0.615,高风险,0.583,高风险,0.51,高风险,0.533,高风险
1194.0,4-5,location4,0.0,低风险,0.0,低风险,0.0,低风险,0.0,低风险,0.0,低风险,0.0,低风险
1198.0,4-5,location4,0.257,中风险,0.103,低风险,0.436,高风险,0.545,高风险,0.337,高风险,0.361,高风险
1214.0,4-5,location4,0.0,低风险,0.0,低风险,0.0,低风险,0.0,低风险,0.0,低风险,0.0,低风险
1234.0,4-5,location4,0.258,中风险,0.182,中风险,0.319,高风险,0.322,高风险,0.262,中风险,0.274,中风险
1261.0,4-5,location4,0.0,低风险,0.0,低风险,0.0,低风险,0.0,低风险,0.0,低风险,0.0,低风险
1264.0,4-5,location4,0.164,中风险,0.095,低风险,0.231,中风险,0.291,中风险,0.197,中风险,0.206,中风险
1280.0,4-5,location4,0.184,中风险,0.087,低风险,0.292,中风险,0.366,高风险,0.234,中风险,0.248,中风险
1284.0,4-5,location4,0.179,中风险,0.072,低风险,0.303,中风险,0.379,高风险,0.235,中风险,0.251,中风险
1292.0,4-5,location4,0.155,中风险,0.068,低风险,0.253,中风险,0.317,高风险,0.2,中风险,0.213,中风险
1294.0,4-5,location4,0.307,中风险,0.168,中风险,0.452,高风险,0.521,高风险,0.358,高风险,0.38,高风险
1300.0,4-5,location4,0.483,高风险,0.358,高风险,0.555,高风险,0.699,高风险,0.528,高风险,0.537,高风险
1303.0,4-5,location4,0.237,中风险,0.095,低风险,0.402,高风险,0.504,高风险,0.311,高风险,0.334,高风险
1339.0,4-5,location4,0.147,中风险,0.059,低风险,0.249,中风险,0.311,高风险,0.193,中风险,0.206,中风险
1360.0,4-5,location4,0.084,低风险,0.034,低风险,0.143,中风险,0.179,中风险,0.11,中风险,0.118,中风险
1365.0,4-5,location4,0.031,低风险,0.032,低风险,0.022,低风险,0.008,低风险,0.021,低风险,0.021,低风险
1368.0,4-5,location4,0.0,低风险,0.0,低风险,0.0,低风险,0.0,低风险,0.0,低风险,0.0,低风险
1371.0,4-5,location4,0.23,中风险,0.151,中风险,0.296,中风险,0.372,高风险,0.264,中风险,0.273,中风险
1388.0,4-5,location4,0.214,中风险,0.086,低风险,0.363,高风险,0.454,高风险,0.281,中风险,0.301,中风险
1390.0,4-5,location4,0.199,中风险,0.08,低风险,0.338,高风险,0.423,高风险,0.262,中风险,0.28,中风险
1398.0,4-5,location4,0.0,低风险,0.0,低风险,0.0,低风险,0.0,低风险,0.0,低风险,0.0,低风险
1400.0,4-5,location4,0.0,低风险,0.0,低风险,0.0,低风险,0.0,低风险,0.0,低风险,0.0,低风险
1413.0,4-5,location4,0.24,中风险,0.096,低风险,0.408,高风险,0.51,高风险,0.316,高风险,0.338,高风险
1419.0,4-5,location4,0.226,中风险,0.117,中风险,0.342,高风险,0.428,高风险,0.28,中风险,0.296,中风险
1442.0,4-5,location4,0.41,高风险,0.336,高风险,0.422,高风险,0.532,高风险,0.429,高风险,0.43,高风险
1446.0,4-5,location4,0.335,高风险,0.134,中风险,0.568,高风险,0.712,高风险,0.44,高风险,0.471,高风险
1456.0,4-5,location4,0.251,中风险,0.101,低风险,0.426,高风险,0.533,高风险,0.33,高风险,0.353,高风险
1464.0,4-5,location4,0.101,低风险,0.059,低风险,0.143,中风险,0.161,中风险,0.114,中风险,0.121,中风险
1467.0,4-5,location4,0.0,低风险,0.0,低风险,0.0,低风险,0.0,低风险,0.0,低风险,0.0,低风险
1490.0,4-5,location4,0.0,低风险,0.0,低风险,0.0,低风险,0.0,低风险,0.0,低风险,0.0,低风险
1491.0,4-5,location4,0.232,中风险,0.093,低风险,0.393,高风险,0.492,高风险,0.304,中风险,0.326,高风险
1513.0,4-5,location4,0.0,低风险,0.0,低风险,0.0,低风险,0.0,低风险,0.0,低风险,0.0,低风险
1519.0,4-5,location4,0.166,中风险,0.067,低风险,0.282,中风险,0.353,高风险,0.218,中风险,0.234,中风险
1526.0,4-5,location4,0.237,中风险,0.137,中风险,0.34,高风险,0.385,高风险,0.271,中风险,0.287,中风险
1541.0,4-5,location4,0.111,中风险,0.064,低风险,0.157,中风险,0.197,中风险,0.133,中风险,0.139,中风险
1561.0,4-5,location4,0.0,低风险,0.0,低风险,0.0,低风险,0.0,低风险,0.0,低风险,0.0,低风险
1566.0,4-5,location4,0.0,低风险,0.0,低风险,0.0,低风险,0.0,低风险,0.0,低风险,0.0,低风险
1578.0,4-5,location4,0.199,中风险,0.08,低风险,0.337,高风险,0.422,高风险,0.261,中风险,0.28,中风险
1587.0,4-5,location4,0.0,低风险,0.0,低风险,0.0,低风险,0.0,低风险,0.0,低风险,0.0,低风险
1597.0,4-5,location4,0.199,中风险,0.08,低风险,0.338,高风险,0.423,高风险,0.262,中风险,0.281,中风险
1600.0,4-5,location4,0.261,中风险,0.145,中风险,0.377,高风险,0.473,高风险,0.317,高风险,0.332,高风险
1637.0,4-5,location4,0.23,中风险,0.119,中风险,0.346,高风险,0.434,高风险,0.284,中风险,0.3,中风险
1645.0,4-5,location4,0.0,低风险,0.0,低风险,0.0,低风险,0.0,低风险,0.0,低风险,0.0,低风险
1652.0,4-5,location4,0.0,低风险,0.0,低风险,0.0,低风险,0.0,低风险,0.0,低风险,0.0,低风险
1656.0,4-5,location4,0.074,低风险,0.03,低风险,0.126,中风险,0.158,中风险,0.097,低风险,0.104,低风险
1658.0,4-5,location4,0.126,中风险,0.09,低风险,0.15,中风险,0.189,中风险,0.14,中风险,0.143,中风险
1671.0,4-5,location4,0.116,中风险,0.122,中风险,0.084,低风险,0.03,低风险,0.079,低风险,0.079,低风险
1672.0,4-5,location4,0.295,中风险,0.158,中风险,0.438,高风险,0.55,高风险,0.363,高风险,0.382,高风险
1678.0,4-5,location4,0.288,中风险,0.154,中风险,0.426,高风险,0.534,高风险,0.353,高风险,0.371,高风险
1700.0,4-5,location4,0.0,低风险,0.0,低风险,0.0,低风险,0.0,低风险,0.0,低风险,0.0,低风险
1704.0,4-5,location4,0.0,低风险,0.0,低风险,0.0,低风险,0.0,低风险,0.0,低风险,0.0,低风险
1713.0,4-5,location4,0.178,中风险,0.071,低风险,0.302,中风险,0.378,高风险,0.234,中风险,0.25,中风险
1716.0,4-5,location4,0.211,中风险,0.142,中风险,0.273,中风险,0.285,中风险,0.222,中风险,0.233,中风险
1726.0,4-5,location4,0.0,低风险,0.0,低风险,0.0,低风险,0.0,低风险,0.0,低风险,0.0,低风险
1731.0,4-5,location4,0.331,高风险,0.133,中风险,0.561,高风险,0.703,高风险,0.434,高风险,0.465,高风险
1754.0,4-5,location4,0.211,中风险,0.085,低风险,0.358,高风险,0.449,高风险,0.278,中风险,0.297,中风险
1775.0,4-5,location4,0.076,低风险,0.031,低风险,0.129,中风险,0.162,中风险,0.1,低风险,0.107,低风险
1776.0,4-5,location4,0.0,低风险,0.0,低风险,0.0,低风险,0.0,低风险,0.0,低风险,0.0,低风险
1780.0,4-5,location4,0.317,高风险,0.127,中风险,0.537,高风险,0.672,高风险,0.416,高风险,0.445,高风险
1782.0,4-5,location4,0.277,中风险,0.139,中风险,0.427,高风险,0.507,高风险,0.336,高风险,0.358,高风险
1786.0,4-5,location4,0.217,中风险,0.087,低风险,0.368,高风险,0.46,高风险,0.285,中风险,0.305,中风险
1801.0,4-5,location4,0.122,中风险,0.049,低风险,0.207,中风险,0.259,中风险,0.16,中风险,0.172,中风险
1804.0,4-5,location4,0.166,中风险,0.066,低风险,0.281,中风险,0.352,高风险,0.218,中风险,0.233,中风险
1810.0,4-5,location4,0.116,中风险,0.047,低风险,0.197,中风险,0.247,中风险,0.153,中风险,0.164,中风险
1819.0,4-5,location4,0.0,低风险,0.0,低风险,0.0,低风险,0.0,低风险,0.0,低风险,0.0,低风险
1834.0,4-5,location4,0.165,中风险,0.066,低风险,0.28,中风险,0.351,高风险,0.217,中风险,0.232,中风险
1849.0,4-5,location4,0.112,中风险,0.058,低风险,0.167,中风险,0.21,中风险,0.138,中风险,0.145,中风险
1858.0,4-5,location4,0.0,低风险,0.0,低风险,0.0,低风险,0.0,低风险,0.0,低风险,0.0,低风险
1862.0,4-5,location4,0.063,低风险,0.066,低风险,0.045,低风险,0.016,低风险,0.043,低风险,0.043,低风险
1863.0,4-5,location4,0.0,低风险,0.0,低风险,0.0,低风险,0.0,低风险,0.0,低风险,0.0,低风险
1866.0,4-5,location4,0.242,中风险,0.097,低风险,0.41,高风险,0.513,高风险,0.317,高风险,0.34,高风险
1868.0,4-5,location4,0.478,高风险,0.303,中风险,0.632,高风险,0.794,高风险,0.556,高风险,0.577,高风险
1889.0,4-5,location4,0.087,低风险,0.037,低风险,0.142,中风险,0.178,中风险,0.112,中风险,0.119,中风险
1904.0,4-5,location4,0.195,中风险,0.086,低风险,0.32,高风险,0.401,高风险,0.252,中风险,0.269,中风险
1916.0,4-5,location4,0.08,低风险,0.032,低风险,0.136,中风险,0.171,中风险,0.106,低风险,0.113,中风险
1943.0,4-5,location4,0.0,低风险,0.0,低风险,0.0,低风险,0.0,低风险,0.0,低风险,0.0,低风险
1945.0,4-5,location4,0.071,低风险,0.075,低风险,0.052,低风险,0.019,低风险,0.048,低风险,0.048,低风险
1946.0,4-5,location4,0.278,中风险,0.111,中风险,0.471,高风险,0.59,高风险,0.365,高风险,0.391,高风险
1949.0,4-5,location4,0.0,低风险,0.0,低风险,0.0,低风险,0.0,低风险,0.0,低风险,0.0,低风险
1951.0,4-5,location4,0.0,低风险,0.0,低风险,0.0,低风险,0.0,低风险,0.0,低风险,0.0,低风险
1955.0,4-5,location4,0.0,低风险,0.0,低风险,0.0,低风险,0.0,低风险,0.0,低风险,0.0,低风险
1956.0,4-5,location4,0.421,高风险,0.344,高风险,0.448,高风险,0.443,高风险,0.402,高风险,0.412,高风险
1960.0,4-5,location4,0.266,中风险,0.106,低风险,0.45,高风险,0.564,高风险,0.349,高风险,0.373,高风险
1964.0,4-5,location4,0.552,高风险,0.399,高风险,0.652,高风险,0.82,高风险,0.611,高风险,0.623,高风险
1965.0,4-5,location4,0.281,中风险,0.205,中风险,0.328,高风险,0.413,高风险,0.31,中风险,0.316,高风险
1984.0,4-5,location4,0.08,低风险,0.084,低风险,0.058,低风险,0.021,低风险,0.055,低风险,0.055,低风险
1989.0,4-5,location4,0.0,低风险,0.0,低风险,0.0,低风险,0.0,低风险,0.0,低风险,0.0,低风险
1994.0,4-5,location4,0.258,中风险,0.203,中风险,0.29,中风险,0.264,中风险,0.242,中风险,0.252,中风险
1995.0,4-5,location4,0.0,低风险,0.0,低风险,0.0,低风险,0.0,低风险,0.0,低风险,0.0,低风险
1998.0,4-5,location4,0.278,中风险,0.251,中风险,0.265,中风险,0.193,中风险,0.23,中风险,0.236,中风险
2001.0,4-5,location4,0.582,高风险,0.389,高风险,0.737,高风险,0.927,高风险,0.664,高风险,0.684,高风险
2010.0,4-5,location4,0.333,高风险,0.288,中风险,0.334,高风险,0.265,中风险,0.287,中风险,0.296,中风险
2012.0,4-5,location4,0.0,低风险,0.0,低风险,0.0,低风险,0.0,低风险,0.0,低风险,0.0,低风险
2015.0,4-5,location4,0.136,中风险,0.054,低风险,0.23,中风险,0.288,中风险,0.178,中风险,0.191,中风险
2020.0,4-5,location4,0.143,中风险,0.15,中风险,0.104,低风险,0.037,低风险,0.097,低风险,0.097,低风险
2022.0,4-5,location4,0.264,中风险,0.106,低风险,0.448,高风险,0.561,高风险,0.347,高风险,0.372,高风险
2025.0,4-5,location4,0.288,中风险,0.166,中风险,0.406,高风险,0.51,高风险,0.345,高风险,0.361,高风险
2027.0,4-5,location4,0.332,高风险,0.133,中风险,0.562,高风险,0.704,高风险,0.435,高风险,0.466,高风险
2035.0,4-5,location4,0.405,高风险,0.343,高风险,0.413,高风险,0.379,高风险,0.369,高风险,0.378,高风险
2039.0,4-5,location4,0.441,高风险,0.281,中风险,0.591,高风险,0.636,高风险,0.477,高风险,0.503,高风险
2042.0,4-5,location4,0.02,低风险,0.021,低风险,0.014,低风险,0.005,低风险,0.013,低风险,0.013,低风险
2047.0,4-5,location4,0.131,中风险,0.052,低风险,0.222,中风险,0.278,中风险,0.172,中风险,0.184,中风险
2052.0,4-5,location4,0.0,低风险,0.0,低风险,0.0,低风险,0.0,低风险,0.0,低风险,0.0,低风险
2053.0,4-5,location4,0.0,低风险,0.0,低风险,0.0,低风险,0.0,低风险,0.0,低风险,0.0,低风险
2055.0,4-5,location4,0.777,高风险,0.617,高风险,0.841,高风险,0.955,高风险,0.791,高风险,0.804,高风险
2057.0,4-5,location4,0.345,高风险,0.269,中风险,0.391,高风险,0.359,高风险,0.326,高风险,0.34,高风险
2061.0,4-5,location4,0.449,高风险,0.3,中风险,0.568,高风险,0.714,高风险,0.512,高风险,0.528,高风险
2064.0,4-5,location4,0.086,低风险,0.034,低风险,0.146,中风险,0.182,中风险,0.113,中风险,0.121,中风险
2065.0,4-5,location4,0.227,中风险,0.091,低风险,0.385,高风险,0.482,高风险,0.298,中风险,0.319,高风险
2066.0,4-5,location4,0.085,低风险,0.034,低风险,0.145,中风险,0.181,中风险,0.112,中风险,0.12,中风险
2069.0,4-5,location4,0.093,低风险,0.098,低风险,0.067,低风险,0.024,低风险,0.063,低风险,0.063,低风险
2071.0,4-5,location4,0.228,中风险,0.122,中风险,0.342,高风险,0.398,高风险,0.27,中风险,0.287,中风险
2075.0,4-5,location4,0.17,中风险,0.068,低风险,0.288,中风险,0.36,高风险,0.223,中风险,0.239,中风险
2076.0,4-5,location4,0.316,高风险,0.21,中风险,0.402,高风险,0.506,高风险,0.362,高风险,0.373,高风险
2077.0,4-5,location4,0.147,中风险,0.059,低风险,0.25,中风险,0.313,高风险,0.194,中风险,0.207,中风险
2078.0,4-5,location4,0.082,低风险,0.033,低风险,0.139,中风险,0.174,中风险,0.107,低风险,0.115,中风险
2081.0,4-5,location4,0.287,中风险,0.115,中风险,0.487,高风险,0.61,高风险,0.377,高风险,0.404,高风险
2082.0,4-5,location4,0.141,中风险,0.057,低风险,0.24,中风险,0.3,中风险,0.186,中风险,0.199,中风险
2083.0,4-5,location4,0.102,低风险,0.041,低风险,0.173,中风险,0.217,中风险,0.134,中风险,0.144,中风险
2086.0,4-5,location4,0.13,中风险,0.052,低风险,0.22,中风险,0.275,中风险,0.17,中风险,0.182,中风险
2087.0,4-5,location4,0.173,中风险,0.119,中风险,0.213,中风险,0.268,中风险,0.195,中风险,0.2,中风险
2088.0,4-5,location4,0.175,中风险,0.07,低风险,0.297,中风险,0.372,高风险,0.23,中风险,0.247,中风险
2094.0,4-5,location4,0.444,高风险,0.347,高风险,0.502,高风险,0.461,高风险,0.419,高风险,0.436,高风险
2096.0,4-5,location4,0.093,低风险,0.037,低风险,0.158,中风险,0.197,中风险,0.122,中风险,0.131,中风险
2102.0,4-5,location4,0.272,中风险,0.137,中风险,0.416,高风险,0.522,高风险,0.339,高风险,0.358,高风险
2112.0,4-5,location4,0.0,低风险,0.0,低风险,0.0,低风险,0.0,低风险,0.0,低风险,0.0,低风险
2121.0,4-5,location4,0.238,中风险,0.095,低风险,0.403,高风险,0.504,高风险,0.312,高风险,0.334,高风险
2123.0,4-5,location4,0.288,中风险,0.116,中风险,0.489,高风险,0.612,高风险,0.379,高风险,0.406,高风险
2128.0,4-5,location4,0.313,高风险,0.176,中风险,0.448,高风险,0.563,高风险,0.378,高风险,0.396,高风险
2130.0,4-5,location4,0.27,中风险,0.108,低风险,0.457,高风险,0.573,高风险,0.354,高风险,0.379,高风险
2132.0,4-5,location4,0.188,中风险,0.076,低风险,0.32,高风险,0.4,高风险,0.247,中风险,0.265,中风险
2134.0,4-5,location4,0.0,低风险,0.0,低风险,0.0,低风险,0.0,低风险,0.0,低风险,0.0,低风险
2140.0,4-5,location4,0.215,中风险,0.086,低风险,0.365,高风险,0.457,高风险,0.283,中风险,0.303,中风险
2146.0,4-5,location4,0.272,中风险,0.109,低风险,0.461,高风险,0.577,高风险,0.357,高风险,0.382,高风险
2154.0,4-5,location4,0.25,中风险,0.128,中风险,0.383,高风险,0.453,高风险,0.302,中风险,0.321,高风险
2165.0,4-5,location4,0.0,低风险,0.0,低风险,0.0,低风险,0.0,低风险,0.0,低风险,0.0,低风险
2175.0,4-5,location4,0.0,低风险,0.0,低风险,0.0,低风险,0.0,低风险,0.0,低风险,0.0,低风险
2179.0,4-5,location4,0.204,中风险,0.135,中风险,0.262,中风险,0.329,高风险,0.234,中风险,0.242,中风险
2181.0,4-5,location4,0.129,中风险,0.052,低风险,0.219,中风险,0.274,中风险,0.17,中风险,0.182,中风险
2185.0,4-5,location4,0.0,低风险,0.0,低风险,0.0,低风险,0.0,低风险,0.0,低风险,0.0,低风险
2186.0,4-5,location4,0.121,中风险,0.127,中风险,0.088,低风险,0.032,低风险,0.082,低风险,0.082,低风险
2188.0,4-5,location4,0.0,低风险,0.0,低风险,0.0,低风险,0.0,低风险,0.0,低风险,0.0,低风险
2194.0,4-5,location4,0.198,中风险,0.079,低风险,0.336,高风险,0.421,高风险,0.26,中风险,0.279,中风险
2196.0,4-5,location4,0.0,低风险,0.0,低风险,0.0,低风险,0.0,低风险,0.0,低风险,0.0,低风险
2200.0,4-5,location4,0.0,低风险,0.0,低风险,0.0,低风险,0.0,低风险,0.0,低风险,0.0,低风险
2206.0,4-5,location4,0.15,中风险,0.06,低风险,0.254,中风险,0.318,高风险,0.197,中风险,0.211,中风险
2214.0,4-5,location4,0.217,中风险,0.11,低风险,0.332,高风险,0.416,高风险,0.271,中风险,0.286,中风险
2224.0,4-5,location4,0.0,低风险,0.0,低风险,0.0,低风险,0.0,低风险,0.0,低风险,0.0,低风险
2225.0,4-5,location4,0.0,低风险,0.0,低风险,0.0,低风险,0.0,低风险,0.0,低风险,0.0,低风险
2230.0,4-5,location4,0.184,中风险,0.074,低风险,0.312,高风险,0.391,高风险,0.242,中风险,0.259,中风险
2231.0,4-5,location4,0.334,高风险,0.183,中风险,0.493,高风险,0.568,高风险,0.39,高风险,0.414,高风险
2235.0,4-5,location4,0.0,低风险,0.0,低风险,0.0,低风险,0.0,低风险,0.0,低风险,0.0,低风险
2240.0,4-5,location4,0.0,低风险,0.0,低风险,0.0,低风险,0.0,低风险,0.0,低风险,0.0,低风险
2242.0,4-5,location4,0.164,中风险,0.085,低风险,0.247,中风险,0.31,中风险,0.203,中风险,0.214,中风险
2244.0,4-5,location4,0.0,低风险,0.0,低风险,0.0,低风险,0.0,低风险,0.0,低风险,0.0,低风险
2245.0,4-5,location4,0.0,低风险,0.0,低风险,0.0,低风险,0.0,低风险,0.0,低风险,0.0,低风险
2246.0,4-5,location4,0.254,中风险,0.102,低风险,0.43,高风险,0.538,高风险,0.333,高风险,0.357,高风险
2253.0,4-5,location4,0.29,中风险,0.14,中风险,0.456,高风险,0.548,高风险,0.357,高风险,0.381,高风险
2260.0,4-5,location4,0.396,高风险,0.225,中风险,0.565,高风险,0.709,高风险,0.477,高风险,0.5,高风险
2261.0,4-5,location4,0.182,中风险,0.073,低风险,0.309,中风险,0.387,高风险,0.239,中风险,0.257,中风险
2263.0,4-5,location4,0.0,低风险,0.0,低风险,0.0,低风险,0.0,低风险,0.0,低风险,0.0,低风险
2267.0,4-5,location4,0.009,低风险,0.004,低风险,0.015,低风险,0.019,低风险,0.012,低风险,0.013,低风险
2271.0,4-5,location4,0.192,中风险,0.077,低风险,0.325,高风险,0.407,高风险,0.252,中风险,0.27,中风险
2277.0,4-5,location4,0.178,中风险,0.071,低风险,0.301,中风险,0.377,高风险,0.233,中风险,0.25,中风险
2287.0,4-5,location4,0.279,中风险,0.24,中风险,0.284,中风险,0.228,中风险,0.243,中风险,0.251,中风险
2292.0,4-5,location4,0.403,高风险,0.286,中风险,0.485,高风险,0.61,高风险,0.45,高风险,0.461,高风险
2295.0,4-5,location4,0.0,低风险,0.0,低风险,0.0,低风险,0.0,低风险,0.0,低风险,0.0,低风险
2297.0,4-5,location4,0.224,中风险,0.09,低风险,0.379,高风险,0.475,高风险,0.293,中风险,0.314,高风险
2301.0,4-5,location4,0.0,低风险,0.0,低风险,0.0,低风险,0.0,低风险,0.0,低风险,0.0,低风险
2302.0,4-5,location4,0.0,低风险,0.0,低风险,0.0,低风险,0.0,低风险,0.0,低风险,0.0,低风险
2303.0,4-5,location4,0.002,低风险,0.002,低风险,0.001,低风险,0.001,低风险,0.001,低风险,0.001,低风险
2304.0,4-5,location4,0.264,中风险,0.106,低风险,0.448,高风险,0.561,高风险,0.347,高风险,0.372,高风险
2307.0,4-5,location4,0.0,低风险,0.0,低风险,0.0,低风险,0.0,低风险,0.0,低风险,0.0,低风险
2316.0,4-5,location4,0.344,高风险,0.226,中风险,0.443,高风险,0.557,高风险,0.396,高风险,0.409,高风险
2319.0,4-5,location4,0.255,中风险,0.102,低风险,0.433,高风险,0.542,高风险,0.335,高风险,0.359,高风险
2323.0,4-5,location4,0.226,中风险,0.092,低风险,0.38,高风险,0.474,高风险,0.294,中风险,0.315,高风险
2332.0,4-5,location4,0.22,中风险,0.09,低风险,0.371,高风险,0.464,高风险,0.288,中风险,0.308,中风险
2337.0,4-5,location4,0.006,低风险,0.006,低风险,0.004,低风险,0.002,低风险,0.004,低风险,0.004,低风险
2339.0,4-5,location4,0.123,中风险,0.049,低风险,0.209,中风险,0.262,中风险,0.162,中风险,0.173,中风险
2344.0,4-5,location4,0.0,低风险,0.0,低风险,0.0,低风险,0.0,低风险,0.0,低风险,0.0,低风险
2347.0,4-5,location4,0.307,中风险,0.263,中风险,0.313,高风险,0.253,中风险,0.267,中风险,0.276,中风险
2349.0,4-5,location4,0.206,中风险,0.082,低风险,0.349,高风险,0.437,高风险,0.27,中风险,0.29,中风险
2355.0,4-5,location4,0.0,低风险,0.0,低风险,0.0,低风险,0.0,低风险,0.0,低风险,0.0,低风险
2357.0,4-5,location4,0.237,中风险,0.103,低风险,0.389,高风险,0.48,高风险,0.303,中风险,0.324,高风险
2359.0,4-5,location4,0.532,高风险,0.445,高风险,0.55,高风险,0.521,高风险,0.493,高风险,0.505,高风险
2368.0,4-5,location4,0.0,低风险,0.0,低风险,0.0,低风险,0.0,低风险,0.0,低风险,0.0,低风险
2369.0,4-5,location4,0.0,低风险,0.0,低风险,0.0,低风险,0.0,低风险,0.0,低风险,0.0,低风险
2371.0,4-5,location4,0.079,低风险,0.031,低风险,0.133,中风险,0.167,中风险,0.103,低风险,0.11,中风险
2375.0,4-5,location4,0.34,高风险,0.203,中风险,0.478,高风险,0.532,高风险,0.382,高风险,0.404,高风险
2386.0,4-5,location4,0.289,中风险,0.116,中风险,0.49,高风险,0.613,高风险,0.379,高风险,0.406,高风险
2398.0,4-5,location4,0.0,低风险,0.0,低风险,0.0,低风险,0.0,低风险,0.0,低风险,0.0,低风险
2401.0,4-5,location4,0.12,中风险,0.059,低风险,0.188,中风险,0.235,中风险,0.151,中风险,0.16,中风险
2406.0,4-5,location4,0.348,高风险,0.233,中风险,0.452,高风险,0.474,高风险,0.367,高风险,0.386,高风险
2409.0,4-5,location4,0.0,低风险,0.0,低风险,0.0,低风险,0.0,低风险,0.0,低风险,0.0,低风险
2413.0,4-5,location4,0.274,中风险,0.11,低风险,0.464,高风险,0.581,高风险,0.359,高风险,0.385,高风险
2422.0,4-5,location4,0.177,中风险,0.186,中风险,0.128,中风险,0.046,低风险,0.12,中风险,0.12,中风险
2424.0,4-5,location4,0.413,高风险,0.299,中风险,0.486,高风险,0.611,高风险,0.456,高风险,0.465,高风险
2427.0,4-5,location4,0.229,中风险,0.092,低风险,0.389,高风险,0.487,高风险,0.301,中风险,0.323,高风险
2429.0,4-5,location4,0.0,低风险,0.0,低风险,0.0,低风险,0.0,低风险,0.0,低风险,0.0,低风险
2431.0,4-5,location4,0.268,中风险,0.172,中风险,0.358,高风险,0.384,高风险,0.289,中风险,0.305,中风险
2438.0,4-5,location4,0.0,低风险,0.0,低风险,0.0,低风险,0.0,低风险,0.0,低风险,0.0,低风险
2443.0,4-5,location4,0.319,高风险,0.192,中风险,0.438,高风险,0.55,高风险,0.377,高风险,0.393,高风险
2445.0,4-5,location4,0.089,低风险,0.036,低风险,0.15,中风险,0.188,中风险,0.117,中风险,0.125,中风险
2446.0,4-5,location4,0.0,低风险,0.0,低风险,0.0,低风险,0.0,低风险,0.0,低风险,0.0,低风险
2447.0,4-5,location4,0.0,低风险,0.0,低风险,0.0,低风险,0.0,低风险,0.0,低风险,0.0,低风险
2450.0,4-5,location4,0.143,中风险,0.057,低风险,0.242,中风险,0.303,中风险,0.187,中风险,0.201,中风险
2453.0,4-5,location4,0.254,中风险,0.102,低风险,0.431,高风险,0.539,高风险,0.334,高风险,0.357,高风险
2476.0,4-5,location4,0.235,中风险,0.094,低风险,0.398,高风险,0.499,高风险,0.308,中风险,0.33,高风险
2494.0,4-5,location4,0.0,低风险,0.0,低风险,0.0,低风险,0.0,低风险,0.0,低风险,0.0,低风险
2498.0,4-5,location4,0.0,低风险,0.0,低风险,0.0,低风险,0.0,低风险,0.0,低风险,0.0,低风险
2502.0,4-5,location4,0.0,低风险,0.0,低风险,0.0,低风险,0.0,低风险,0.0,低风险,0.0,低风险
2503.0,4-5,location4,0.376,高风险,0.269,中风险,0.448,高风险,0.564,高风险,0.418,高风险,0.427,高风险
2505.0,4-5,location4,0.0,低风险,0.0,低风险,0.0,低风险,0.0,低风险,0.0,低风险,0.0,低风险
2512.0,4-5,location4,0.0,低风险,0.0,低风险,0.0,低风险,0.0,低风险,0.0,低风险,0.0,低风险
2514.0,4-5,location4,0.215,中风险,0.1,低风险,0.345,高风险,0.419,高风险,0.27,中风险,0.288,中风险
2519.0,4-5,location4,0.141,中风险,0.057,低风险,0.239,中风险,0.3,中风险,0.185,中风险,0.199,中风险
2528.0,4-5,location4,0.0,低风险,0.0,低风险,0.0,低风险,0.0,低风险,0.0,低风险,0.0,低风险
2532.0,4-5,location4,0.32,高风险,0.193,中风险,0.439,高风险,0.552,高风险,0.379,高风险,0.395,高风险
2533.0,4-5,location4,0.173,中风险,0.069,低风险,0.294,中风险,0.368,高风险,0.227,中风险,0.244,中风险
2534.0,4-5,location4,0.113,中风险,0.045,低风险,0.192,中风险,0.24,中风险,0.148,中风险,0.159,中风险
2541.0,4-5,location4,0.479,高风险,0.35,高风险,0.578,高风险,0.567,高风险,0.476,高风险,0.498,高风险
2542.0,4-5,location4,0.28,中风险,0.294,中风险,0.203,中风险,0.073,低风险,0.19,中风险,0.19,中风险
2545.0,4-5,location4,0.377,高风险,0.275,中风险,0.456,高风险,0.448,高风险,0.375,高风险,0.393,高风险
2551.0,4-5,location4,0.495,高风险,0.347,高风险,0.602,高风险,0.757,高风险,0.555,高风险,0.569,高风险
2553.0,4-5,location4,0.0,低风险,0.0,低风险,0.0,低风险,0.0,低风险,0.0,低风险,0.0,低风险
2564.0,4-5,location4,0.0,低风险,0.0,低风险,0.0,低风险,0.0,低风险,0.0,低风险,0.0,低风险
2582.0,4-5,location4,0.145,中风险,0.152,中风险,0.105,低风险,0.038,低风险,0.098,低风险,0.098,低风险
2592.0,4-5,location4,0.142,中风险,0.057,低风险,0.241,中风险,0.302,中风险,0.187,中风险,0.2,中风险
2594.0,4-5,location4,0.179,中风险,0.072,低风险,0.303,中风险,0.379,高风险,0.235,中风险,0.251,中风险
2596.0,4-5,location4,0.348,高风险,0.255,中风险,0.406,高风险,0.511,高风险,0.383,高风险,0.391,高风险
2599.0,4-5,location4,0.0,低风险,0.0,低风险,0.0,低风险,0.0,低风险,0.0,低风险,0.0,低风险
2606.0,4-5,location4,0.111,中风险,0.053,低风险,0.174,中风险,0.218,中风险,0.14,中风险,0.148,中风险
2610.0,4-5,location4,0.226,中风险,0.091,低风险,0.383,高风险,0.48,高风险,0.297,中风险,0.318,高风险
2612.0,4-5,location4,0.308,中风险,0.124,中风险,0.523,高风险,0.655,高风险,0.405,高风险,0.434,高风险
2622.0,4-5,location4,0.064,低风险,0.026,低风险,0.108,低风险,0.136,中风险,0.084,低风险,0.09,低风险
2633.0,4-5,location4,0.143,中风险,0.057,低风险,0.243,中风险,0.304,中风险,0.188,中风险,0.202,中风险
2644.0,4-5,location4,0.0,低风险,0.0,低风险,0.0,低风险,0.0,低风险,0.0,低风险,0.0,低风险
2650.0,4-5,location4,0.0,低风险,0.0,低风险,0.0,低风险,0.0,低风险,0.0,低风险,0.0,低风险
2653.0,4-5,location4,0.348,高风险,0.14,中风险,0.591,高风险,0.74,高风险,0.457,高风险,0.49,高风险
2675.0,4-5,location4,0.266,中风险,0.107,低风险,0.451,高风险,0.564,高风险,0.349,高风险,0.374,高风险
2678.0,4-5,location4,0.0,低风险,0.0,低风险,0.0,低风险,0.0,低风险,0.0,低风险,0.0,低风险
2683.0,4-5,location4,0.088,低风险,0.035,低风险,0.15,中风险,0.188,中风险,0.116,中风险,0.124,中风险
2688.0,4-5,location4,0.168,中风险,0.067,低风险,0.284,中风险,0.356,高风险,0.22,中风险,0.236,中风险
2689.0,4-5,location4,0.0,低风险,0.0,低风险,0.0,低风险,0.0,低风险,0.0,低风险,0.0,低风险
2695.0,4-5,location4,0.0,低风险,0.0,低风险,0.0,低风险,0.0,低风险,0.0,低风险,0.0,低风险
2697.0,4-5,location4,0.0,低风险,0.0,低风险,0.0,低风险,0.0,低风险,0.0,低风险,0.0,低风险
2701.0,4-5,location4,0.0,低风险,0.0,低风险,0.0,低风险,0.0,低风险,0.0,低风险,0.0,低风险
2702.0,4-5,location4,0.0,低风险,0.0,低风险,0.0,低风险,0.0,低风险,0.0,低风险,0.0,低风险
2706.0,4-5,location4,0.111,中风险,0.045,低风险,0.188,中风险,0.236,中风险,0.146,中风险,0.156,中风险
2713.0,4-5,location4,0.206,中风险,0.082,低风险,0.349,高风险,0.437,高风险,0.27,中风险,0.289,中风险
2736.0,4-5,location4,0.192,中风险,0.129,中风险,0.241,中风险,0.303,中风险,0.218,中风险,0.224,中风险
2739.0,4-5,location4,0.169,中风险,0.068,低风险,0.286,中风险,0.358,高风险,0.221,中风险,0.237,中风险
2742.0,4-5,location4,0.0,低风险,0.0,低风险,0.0,低风险,0.0,低风险,0.0,低风险,0.0,低风险
2752.0,4-5,location4,0.0,低风险,0.0,低风险,0.0,低风险,0.0,低风险,0.0,低风险,0.0,低风险
2758.0,4-5,location4,0.067,低风险,0.027,低风险,0.114,中风险,0.143,中风险,0.089,低风险,0.095,低风险
2775.0,4-5,location4,0.386,高风险,0.333,高风险,0.388,高风险,0.309,中风险,0.333,高风险,0.344,高风险
2781.0,4-5,location4,0.0,低风险,0.0,低风险,0.0,低风险,0.0,低风险,0.0,低风险,0.0,低风险
2782.0,4-5,location4,0.0,低风险,0.0,低风险,0.0,低风险,0.0,低风险,0.0,低风险,0.0,低风险
2783.0,4-5,location4,0.0,低风险,0.0,低风险,0.0,低风险,0.0,低风险,0.0,低风险,0.0,低风险
2785.0,4-5,location4,0.226,中风险,0.091,低风险,0.384,高风险,0.481,高风险,0.297,中风险,0.318,高风险
2787.0,4-5,location4,0.271,中风险,0.117,中风险,0.446,高风险,0.55,高风险,0.347,高风险,0.371,高风险
2799.0,4-5,location4,0.113,中风险,0.045,低风险,0.191,中风险,0.239,中风险,0.148,中风险,0.158,中风险
2801.0,4-5,location4,0.179,中风险,0.072,低风险,0.303,中风险,0.38,高风险,0.235,中风险,0.252,中风险
2805.0,4-5,location4,0.171,中风险,0.068,低风险,0.29,中风险,0.363,高风险,0.224,中风险,0.24,中风险
2807.0,4-5,location4,0.243,中风险,0.097,低风险,0.412,高风险,0.516,高风险,0.319,高风险,0.342,高风险
2811.0,4-5,location4,0.247,中风险,0.099,低风险,0.419,高风险,0.525,高风险,0.325,高风险,0.348,高风险
2836.0,4-5,location4,0.0,低风险,0.0,低风险,0.0,低风险,0.0,低风险,0.0,低风险,0.0,低风险
2840.0,4-5,location4,0.27,中风险,0.108,低风险,0.457,高风险,0.573,高风险,0.354,高风险,0.379,高风险
2853.0,4-5,location4,0.114,中风险,0.046,低风险,0.194,中风险,0.243,中风险,0.15,中风险,0.161,中风险
2868.0,4-5,location4,0.195,中风险,0.078,低风险,0.33,高风险,0.413,高风险,0.255,中风险,0.274,中风险
2891.0,4-5,location4,0.288,中风险,0.182,中风险,0.381,高风险,0.478,高风险,0.335,高风险,0.347,高风险
2898.0,4-5,location4,0.177,中风险,0.071,低风险,0.299,中风险,0.375,高风险,0.232,中风险,0.248,中风险
2904.0,4-5,location4,0.021,低风险,0.022,低风险,0.015,低风险,0.006,低风险,0.014,低风险,0.014,低风险
2928.0,4-5,location4,0.0,低风险,0.0,低风险,0.0,低风险,0.0,低风险,0.0,低风险,0.0,低风险
2935.0,4-5,location4,0.201,中风险,0.156,中风险,0.23,中风险,0.214,中风险,0.192,中风险,0.2,中风险
2938.0,4-5,location4,0.128,中风险,0.058,低风险,0.207,中风险,0.259,中风险,0.164,中风险,0.175,中风险
2942.0,4-5,location4,0.369,高风险,0.235,中风险,0.486,高风险,0.61,高风险,0.428,高风险,0.444,高风险
2953.0,4-5,location4,0.0,低风险,0.0,低风险,0.0,低风险,0.0,低风险,0.0,低风险,0.0,低风险
2956.0,4-5,location4,0.0,低风险,0.0,低风险,0.0,低风险,0.0,低风险,0.0,低风险,0.0,低风险
2971.0,4-5,location4,0.155,中风险,0.062,低风险,0.262,中风险,0.328,高风险,0.203,中风险,0.217,中风险
2984.0,4-5,location4,0.033,低风险,0.035,低风险,0.024,低风险,0.009,低风险,0.022,低风险,0.022,低风险
2995.0,4-5,location4,0.165,中风险,0.066,低风险,0.28,中风险,0.35,高风险,0.217,中风险,0.232,中风险
3002.0,4-5,location4,0.101,低风险,0.041,低风险,0.171,中风险,0.215,中风险,0.133,中风险,0.142,中风险
3008.0,4-5,location4,0.086,低风险,0.035,低风险,0.147,中风险,0.184,中风险,0.114,中风险,0.122,中风险
3021.0,4-5,location4,0.212,中风险,0.118,中风险,0.307,中风险,0.385,高风险,0.258,中风险,0.27,中风险
3023.0,4-5,location4,0.0,低风险,0.0,低风险,0.0,低风险,0.0,低风险,0.0,低风险,0.0,低风险
3025.0,4-5,location4,0.0,低风险,0.0,低风险,0.0,低风险,0.0,低风险,0.0,低风险,0.0,低风险
3027.0,4-5,location4,0.068,低风险,0.072,低风险,0.049,低风险,0.018,低风险,0.046,低风险,0.046,低风险
3038.0,4-5,location4,0.288,中风险,0.264,中风险,0.266,中风险,0.186,中风险,0.233,中风险,0.239,中风险
3044.0,4-5,location4,0.254,中风险,0.161,中风险,0.336,高风险,0.422,高风险,0.295,中风险,0.306,中风险
3046.0,4-5,location4,0.0,低风险,0.0,低风险,0.0,低风险,0.0,低风险,0.0,低风险,0.0,低风险
3047.0,4-5,location4,0.063,低风险,0.025,低风险,0.106,低风险,0.133,中风险,0.082,低风险,0.088,低风险
3050.0,4-5,location4,0.314,高风险,0.126,中风险,0.532,高风险,0.666,高风险,0.412,高风险,0.441,高风险
3052.0,4-5,location4,0.056,低风险,0.023,低风险,0.096,低风险,0.12,中风险,0.074,低风险,0.079,低风险
3057.0,4-5,location4,0.204,中风险,0.111,中风险,0.3,中风险,0.375,高风险,0.249,中风险,0.262,中风险
3058.0,4-5,location4,0.182,中风险,0.073,低风险,0.309,中风险,0.387,高风险,0.239,中风险,0.256,中风险
3072.0,4-5,location4,0.23,中风险,0.137,中风险,0.318,高风险,0.399,高风险,0.273,中风险,0.284,中风险
3075.0,4-5,location4,0.0,低风险,0.0,低风险,0.0,低风险,0.0,低风险,0.0,低风险,0.0,低风险
3083.0,4-5,location4,0.0,低风险,0.0,低风险,0.0,低风险,0.0,低风险,0.0,低风险,0.0,低风险
3106.0,4-5,location4,0.0,低风险,0.0,低风险,0.0,低风险,0.0,低风险,0.0,低风险,0.0,低风险
3112.0,4-5,location4,0.208,中风险,0.219,中风险,0.151,中风险,0.055,低风险,0.142,中风险,0.142,中风险
3119.0,4-5,location4,0.0,低风险,0.0,低风险,0.0,低风险,0.0,低风险,0.0,低风险,0.0,低风险
3121.0,4-5,location4,0.0,低风险,0.0,低风险,0.0,低风险,0.0,低风险,0.0,低风险,0.0,低风险
3123.0,4-5,location4,0.0,低风险,0.0,低风险,0.0,低风险,0.0,低风险,0.0,低风险,0.0,低风险
3132.0,4-5,location4,0.589,高风险,0.417,高风险,0.709,高风险,0.891,高风险,0.657,高风险,0.672,高风险
3138.0,4-5,location4,0.539,高风险,0.409,高风险,0.605,高风险,0.762,高风险,0.584,高风险,0.592,高风险
3139.0,4-5,location4,0.317,高风险,0.188,中风险,0.447,高风险,0.499,高风险,0.357,高风险,0.378,高风险
3158.0,4-5,location4,0.078,低风险,0.031,低风险,0.132,中风险,0.165,中风险,0.102,低风险,0.109,低风险
3164.0,4-5,location4,0.397,高风险,0.267,中风险,0.501,高风险,0.629,高风险,0.452,高风险,0.466,高风险
3165.0,4-5,location4,0.0,低风险,0.0,低风险,0.0,低风险,0.0,低风险,0.0,低风险,0.0,低风险
3171.0,4-5,location4,0.317,高风险,0.127,中风险,0.537,高风险,0.672,高风险,0.416,高风险,0.445,高风险
3179.0,4-5,location4,0.0,低风险,0.0,低风险,0.0,低风险,0.0,低风险,0.0,低风险,0.0,低风险
3181.0,4-5,location4,0.09,低风险,0.036,低风险,0.152,中风险,0.19,中风险,0.118,中风险,0.126,中风险
3189.0,4-5,location4,0.0,低风险,0.0,低风险,0.0,低风险,0.0,低风险,0.0,低风险,0.0,低风险
3204.0,4-5,location4,0.153,中风险,0.061,低风险,0.259,中风险,0.325,高风险,0.201,中风险,0.215,中风险
3205.0,4-5,location4,0.256,中风险,0.148,中风险,0.365,高风险,0.412,高风险,0.291,中风险,0.308,中风险
3211.0,4-5,location4,0.369,高风险,0.211,中风险,0.533,高风险,0.605,高风险,0.424,高风险,0.45,高风险
3225.0,4-5,location4,0.201,中风险,0.08,低风险,0.34,高风险,0.426,高风险,0.263,中风险,0.282,中风险
3230.0,4-5,location4,0.405,高风险,0.301,中风险,0.472,高风险,0.512,高风险,0.415,高风险,0.429,高风险
3240.0,4-5,location4,0.32,高风险,0.202,中风险,0.425,高风险,0.534,高风险,0.373,高风险,0.387,高风险
3244.0,4-5,location4,0.221,中风险,0.089,低风险,0.375,高风险,0.469,高风险,0.29,中风险,0.311,高风险
3249.0,4-5,location4,0.39,高风险,0.232,中风险,0.548,高风险,0.612,高风险,0.438,高风险,0.464,高风险
3257.0,4-5,location4,0.385,高风险,0.225,中风险,0.539,高风险,0.676,高风险,0.46,高风险,0.48,高风险
3258.0,4-5,location4,0.472,高风险,0.322,高风险,0.589,高风险,0.74,高风险,0.535,高风险,0.55,高风险
3265.0,4-5,location4,0.056,低风险,0.022,低风险,0.095,低风险,0.119,中风险,0.073,低风险,0.079,低风险
3273.0,4-5,location4,0.052,低风险,0.021,低风险,0.088,低风险,0.111,中风险,0.068,低风险,0.073,低风险
3284.0,4-5,location4,0.231,中风险,0.093,低风险,0.391,高风险,0.489,高风险,0.303,中风险,0.324,高风险
3313.0,4-5,location4,0.077,低风险,0.081,低风险,0.056,低风险,0.02,低风险,0.052,低风险,0.052,低风险
3316.0,4-5,location4,0.215,中风险,0.087,低风险,0.364,高风险,0.456,高风险,0.282,中风险,0.302,中风险
3318.0,4-5,location4,0.11,中风险,0.065,低风险,0.156,中风险,0.175,中风险,0.124,中风险,0.132,中风险
3319.0,4-5,location4,0.137,中风险,0.055,低风险,0.232,中风险,0.29,中风险,0.179,中风险,0.192,中风险
3333.0,4-5,location4,0.47,高风险,0.31,中风险,0.603,高风险,0.758,高风险,0.54,高风险,0.557,高风险
3334.0,4-5,location4,0.17,中风险,0.068,低风险,0.287,中风险,0.36,高风险,0.223,中风险,0.238,中风险
3335.0,4-5,location4,0.199,中风险,0.08,低风险,0.337,高风险,0.422,高风险,0.261,中风险,0.28,中风险
3342.0,4-5,location4,0.0,低风险,0.0,低风险,0.0,低风险,0.0,低风险,0.0,低风险,0.0,低风险
3357.0,4-5,location4,0.095,低风险,0.038,低风险,0.162,中风险,0.203,中风险,0.125,中风险,0.134,中风险
3369.0,4-5,location4,0.0,低风险,0.0,低风险,0.0,低风险,0.0,低风险,0.0,低风险,0.0,低风险
3379.0,4-5,location4,0.038,低风险,0.04,低风险,0.028,低风险,0.01,低风险,0.026,低风险,0.026,低风险
3380.0,4-5,location4,0.307,中风险,0.205,中风险,0.399,高风险,0.418,高风险,0.324,高风险,0.341,高风险
3390.0,4-5,location4,0.347,高风险,0.214,中风险,0.469,高风险,0.589,高风险,0.408,高风险,0.424,高风险
3392.0,4-5,location4,0.0,低风险,0.0,低风险,0.0,低风险,0.0,低风险,0.0,低风险,0.0,低风险
3402.0,4-5,location4,0.0,低风险,0.0,低风险,0.0,低风险,0.0,低风险,0.0,低风险,0.0,低风险
3410.0,4-5,location4,0.256,中风险,0.123,中风险,0.405,高风险,0.487,高风险,0.317,高风险,0.338,高风险
3412.0,4-5,location4,0.24,中风险,0.125,中风险,0.365,高风险,0.429,高风险,0.288,中风险,0.306,中风险
3413.0,4-5,location4,0.863,高风险,0.736,高风险,0.868,高风险,0.849,高风险,0.804,高风险,0.817,高风险
3414.0,4-5,location4,0.0,低风险,0.0,低风险,0.0,低风险,0.0,低风险,0.0,低风险,0.0,低风险
3418.0,4-5,location4,0.308,中风险,0.168,中风险,0.456,高风险,0.526,高风险,0.361,高风险,0.383,高风险
3426.0,4-5,location4,0.063,低风险,0.066,低风险,0.046,低风险,0.016,低风险,0.043,低风险,0.043,低风险
3432.0,4-5,location4,0.272,中风险,0.126,中风险,0.434,高风险,0.543,高风险,0.346,高风险,0.368,高风险
3437.0,4-5,location4,0.346,高风险,0.18,中风险,0.521,高风险,0.654,高风险,0.428,高风险,0.452,高风险
3446.0,4-5,location4,0.38,高风险,0.253,中风险,0.494,高风险,0.518,高风险,0.4,高风险,0.422,高风险
3449.0,4-5,location4,0.246,中风险,0.155,中风险,0.325,高风险,0.409,高风险,0.286,中风险,0.297,中风险
3456.0,4-5,location4,0.207,中风险,0.083,低风险,0.352,高风险,0.44,高风险,0.272,中风险,0.292,中风险
3460.0,4-5,location4,0.092,低风险,0.037,低风险,0.157,中风险,0.196,中风险,0.121,中风险,0.13,中风险
3488.0,4-5,location4,0.118,中风险,0.095,低风险,0.129,中风险,0.115,中风险,0.109,低风险,0.113,中风险
3495.0,4-5,location4,0.0,低风险,0.0,低风险,0.0,低风险,0.0,低风险,0.0,低风险,0.0,低风险
3500.0,4-5,location4,0.298,中风险,0.186,中风险,0.399,高风险,0.501,高风险,0.349,高风险,0.362,高风险
3502.0,4-5,location4,0.123,中风险,0.049,低风险,0.209,中风险,0.262,中风险,0.162,中风险,0.174,中风险
3506.0,4-5,location4,0.0,低风险,0.0,低风险,0.0,低风险,0.0,低风险,0.0,低风险,0.0,低风险
3522.0,4-5,location4,0.222,中风险,0.103,低风险,0.355,高风险,0.43,高风险,0.277,中风险,0.296,中风险
3530.0,4-5,location4,0.156,中风险,0.063,低风险,0.265,中风险,0.332,高风险,0.205,中风险,0.22,中风险
3534.0,4-5,location4,0.0,低风险,0.0,低风险,0.0,低风险,0.0,低风险,0.0,低风险,0.0,低风险
3538.0,4-5,location4,0.237,中风险,0.196,中风险,0.24,中风险,0.302,中风险,0.246,中风险,0.246,中风险
3541.0,4-5,location4,0.377,高风险,0.286,中风险,0.425,高风险,0.525,高风险,0.406,高风险,0.412,高风险
3544.0,4-5,location4,0.077,低风险,0.031,低风险,0.131,中风险,0.164,中风险,0.101,低风险,0.109,低风险
3546.0,4-5,location4,0.25,中风险,0.145,中风险,0.351,高风险,0.441,高风险,0.299,中风险,0.312,高风险
3551.0,4-5,location4,0.449,高风险,0.319,高风险,0.553,高风险,0.555,高风险,0.454,高风险,0.476,高风险
3553.0,4-5,location4,0.254,中风险,0.102,低风险,0.431,高风险,0.539,高风险,0.333,高风险,0.357,高风险
3557.0,4-5,location4,0.037,低风险,0.015,低风险,0.064,低风险,0.08,低风险,0.049,低风险,0.053,低风险
3575.0,4-5,location4,0.175,中风险,0.077,低风险,0.285,中风险,0.358,高风险,0.225,中风险,0.24,中风险
3578.0,4-5,location4,0.158,中风险,0.063,低风险,0.268,中风险,0.335,高风险,0.207,中风险,0.222,中风险
3582.0,4-5,location4,0.199,中风险,0.08,低风险,0.338,高风险,0.423,高风险,0.261,中风险,0.28,中风险
3585.0,4-5,location4,0.578,高风险,0.475,高风险,0.6,高风险,0.662,高风险,0.571,高风险,0.579,高风险
3586.0,4-5,location4,0.095,低风险,0.038,低风险,0.161,中风险,0.201,中风险,0.124,中风险,0.133,中风险
3595.0,4-5,location4,0.263,中风险,0.153,中风险,0.369,高风险,0.463,高风险,0.314,高风险,0.328,高风险
3602.0,4-5,location4,0.439,高风险,0.308,中风险,0.548,高风险,0.554,高风险,0.448,高风险,0.47,高风险
3614.0,4-5,location4,0.296,中风险,0.118,中风险,0.501,高风险,0.628,高风险,0.388,高风险,0.416,高风险
3622.0,4-5,location4,0.556,高风险,0.438,高风险,0.598,高风险,0.753,高风险,0.592,高风险,0.596,高风险
3625.0,4-5,location4,0.151,中风险,0.06,低风险,0.255,中风险,0.32,高风险,0.198,中风险,0.212,中风险
3644.0,4-5,location4,0.312,高风险,0.192,中风险,0.429,高风险,0.47,高风险,0.344,高风险,0.364,高风险
3645.0,4-5,location4,0.38,高风险,0.273,中风险,0.453,高风险,0.57,高风险,0.423,高风险,0.432,高风险
3656.0,4-5,location4,0.0,低风险,0.0,低风险,0.0,低风险,0.0,低风险,0.0,低风险,0.0,低风险
3668.0,4-5,location4,0.062,低风险,0.065,低风险,0.045,低风险,0.016,低风险,0.042,低风险,0.042,低风险
3686.0,4-5,location4,0.315,高风险,0.167,中风险,0.47,高风险,0.589,高风险,0.388,高风险,0.409,高风险
3705.0,4-5,location4,0.21,中风险,0.134,中风险,0.28,中风险,0.301,中风险,0.226,中风险,0.239,中风险
3737.0,4-5,location4,0.123,中风险,0.049,低风险,0.209,中风险,0.261,中风险,0.161,中风险,0.173,中风险
3743.0,4-5,location4,0.0,低风险,0.0,低风险,0.0,低风险,0.0,低风险,0.0,低风险,0.0,低风险
3749.0,4-5,location4,0.06,低风险,0.024,低风险,0.102,低风险,0.128,中风险,0.079,低风险,0.085,低风险
3759.0,4-5,location4,0.236,中风险,0.095,低风险,0.4,高风险,0.501,高风险,0.31,中风险,0.332,高风险
3764.0,4-5,location4,0.203,中风险,0.114,中风险,0.296,中风险,0.338,高风险,0.235,中风险,0.249,中风险
3771.0,4-5,location4,0.11,低风险,0.044,低风险,0.187,中风险,0.234,中风险,0.144,中风险,0.155,中风险
3772.0,4-5,location4,0.0,低风险,0.0,低风险,0.0,低风险,0.0,低风险,0.0,低风险,0.0,低风险
3780.0,4-5,location4,0.229,中风险,0.119,中风险,0.345,高风险,0.432,高风险,0.283,中风险,0.299,中风险
3782.0,4-5,location4,0.134,中风险,0.054,低风险,0.227,中风险,0.284,中风险,0.176,中风险,0.188,中风险
3798.0,4-5,location4,0.209,中风险,0.084,低风险,0.354,高风险,0.443,高风险,0.274,中风险,0.294,中风险
3800.0,4-5,location4,0.0,低风险,0.0,低风险,0.0,低风险,0.0,低风险,0.0,低风险,0.0,低风险
3803.0,4-5,location4,0.0,低风险,0.0,低风险,0.0,低风险,0.0,低风险,0.0,低风险,0.0,低风险
3823.0,4-5,location4,0.0,低风险,0.0,低风险,0.0,低风险,0.0,低风险,0.0,低风险,0.0,低风险
3830.0,4-5,location4,0.129,中风险,0.052,低风险,0.219,中风险,0.275,中风险,0.17,中风险,0.182,中风险
3837.0,4-5,location4,0.0,低风险,0.0,低风险,0.0,低风险,0.0,低风险,0.0,低风险,0.0,低风险
3851.0,4-5,location4,0.0,低风险,0.0,低风险,0.0,低风险,0.0,低风险,0.0,低风险,0.0,低风险
3854.0,4-5,location4,0.115,中风险,0.046,低风险,0.195,中风险,0.244,中风险,0.151,中风险,0.162,中风险
3857.0,4-5,location4,0.0,低风险,0.0,低风险,0.0,低风险,0.0,低风险,0.0,低风险,0.0,低风险
3862.0,4-5,location4,0.0,低风险,0.0,低风险,0.0,低风险,0.0,低风险,0.0,低风险,0.0,低风险
3876.0,4-5,location4,0.211,中风险,0.222,中风险,0.153,中风险,0.055,低风险,0.143,中风险,0.143,中风险
3899.0,4-5,location4,0.024,低风险,0.025,低风险,0.018,低风险,0.006,低风险,0.016,低风险,0.016,低风险
3904.0,4-5,location4,0.357,高风险,0.318,高风险,0.326,高风险,0.412,高风险,0.357,高风险,0.352,高风险
3908.0,4-5,location4,0.0,低风险,0.0,低风险,0.0,低风险,0.0,低风险,0.0,低风险,0.0,低风险
3911.0,4-5,location4,0.26,中风险,0.104,低风险,0.441,高风险,0.553,高风险,0.342,高风险,0.366,高风险
3914.0,4-5,location4,0.187,中风险,0.081,低风险,0.308,中风险,0.386,高风险,0.242,中风险,0.258,中风险
3917.0,4-5,location4,0.0,低风险,0.0,低风险,0.0,低风险,0.0,低风险,0.0,低风险,0.0,低风险
3921.0,4-5,location4,0.478,高风险,0.396,高风险,0.497,高风险,0.5,高风险,0.455,高风险,0.464,高风险
3930.0,4-5,location4,0.298,中风险,0.19,中风险,0.399,高风险,0.43,高风险,0.322,高风险,0.34,高风险
3931.0,4-5,location4,0.0,低风险,0.0,低风险,0.0,低风险,0.0,低风险,0.0,低风险,0.0,低风险
3940.0,4-5,location4,0.484,高风险,0.339,高风险,0.59,高风险,0.742,高风险,0.543,高风险,0.557,高风险
3941.0,4-5,location4,0.307,中风险,0.123,中风险,0.521,高风险,0.653,高风险,0.404,高风险,0.432,高风险
3945.0,4-5,location4,0.491,高风险,0.334,高风险,0.628,高风险,0.65,高风险,0.511,高风险,0.538,高风险
3949.0,4-5,location4,0.0,低风险,0.0,低风险,0.0,低风险,0.0,低风险,0.0,低风险,0.0,低风险
3954.0,4-5,location4,0.34,高风险,0.136,中风险,0.577,高风险,0.723,高风险,0.447,高风险,0.479,高风险
3961.0,4-5,location4,0.349,高风险,0.208,中风险,0.49,高风险,0.545,高风险,0.391,高风险,0.414,高风险
3992.0,4-5,location4,0.158,中风险,0.063,低风险,0.268,中风险,0.336,高风险,0.208,中风险,0.223,中风险
3993.0,4-5,location4,0.456,高风险,0.32,高风险,0.555,高风险,0.698,高风险,0.512,高风险,0.524,高风险
4003.0,4-5,location4,0.3,中风险,0.195,中风险,0.391,高风险,0.491,高风险,0.347,高风险,0.359,高风险
4018.0,4-5,location4,0.0,低风险,0.0,低风险,0.0,低风险,0.0,低风险,0.0,低风险,0.0,低风险
4033.0,4-5,location4,0.048,低风险,0.019,低风险,0.082,低风险,0.102,低风险,0.063,低风险,0.068,低风险
4038.0,4-5,location4,0.163,中风险,0.065,低风险,0.277,中风险,0.346,高风险,0.214,中风险,0.229,中风险
4043.0,4-5,location4,0.153,中风险,0.061,低风险,0.259,中风险,0.324,高风险,0.2,中风险,0.215,中风险
4052.0,4-5,location4,0.0,低风险,0.0,低风险,0.0,低风险,0.0,低风险,0.0,低风险,0.0,低风险
4053.0,4-5,location4,0.0,低风险,0.0,低风险,0.0,低风险,0.0,低风险,0.0,低风险,0.0,低风险
4066.0,4-5,location4,0.553,高风险,0.441,高风险,0.61,高风险,0.546,高风险,0.512,高风险,0.533,高风险
4075.0,4-5,location4,0.259,中风险,0.104,低风险,0.439,高风险,0.549,高风险,0.34,高风险,0.364,高风险
4085.0,4-5,location4,0.222,中风险,0.089,低风险,0.376,高风险,0.47,高风险,0.291,中风险,0.312,高风险
4099.0,4-5,location4,0.485,高风险,0.332,高风险,0.618,高风险,0.638,高风险,0.504,高风险,0.529,高风险
4105.0,4-5,location4,0.208,中风险,0.083,低风险,0.352,高风险,0.441,高风险,0.273,中风险,0.292,中风险
4106.0,4-5,location4,0.022,低风险,0.023,低风险,0.016,低风险,0.006,低风险,0.015,低风险,0.015,低风险
4113.0,4-5,location4,0.242,中风险,0.097,低风险,0.41,高风险,0.514,高风险,0.318,高风险,0.34,高风险
4118.0,4-5,location4,0.0,低风险,0.0,低风险,0.0,低风险,0.0,低风险,0.0,低风险,0.0,低风险
4123.0,4-5,location4,0.279,中风险,0.155,中风险,0.404,高风险,0.507,高风险,0.339,高风险,0.355,高风险
4134.0,4-5,location4,0.186,中风险,0.075,低风险,0.316,高风险,0.396,高风险,0.245,中风险,0.262,中风险
4138.0,4-5,location4,0.303,中风险,0.205,中风险,0.389,高风险,0.404,高风险,0.317,高风险,0.333,高风险
4142.0,4-5,location4,0.36,高风险,0.323,高风险,0.343,高风险,0.251,中风险,0.298,中风险,0.306,中风险
4150.0,4-5,location4,0.125,中风险,0.132,中风险,0.091,低风险,0.033,低风险,0.085,低风险,0.085,低风险
4161.0,4-5,location4,0.149,中风险,0.074,低风险,0.231,中风险,0.289,中风险,0.187,中风险,0.198,中风险
4192.0,4-5,location4,0.307,中风险,0.192,中风险,0.411,高风险,0.516,高风险,0.359,高风险,0.373,高风险
4196.0,4-5,location4,0.172,中风险,0.069,低风险,0.292,中风险,0.366,高风险,0.226,中风险,0.243,中风险
4201.0,4-5,location4,0.243,中风险,0.106,低风险,0.399,高风险,0.492,高风险,0.311,高风险,0.332,高风险
4214.0,4-5,location4,0.316,高风险,0.127,中风险,0.536,高风险,0.671,高风险,0.415,高风险,0.444,高风险
4235.0,4-5,location4,0.008,低风险,0.009,低风险,0.006,低风险,0.002,低风险,0.006,低风险,0.006,低风险
4239.0,4-5,location4,0.0,低风险,0.0,低风险,0.0,低风险,0.0,低风险,0.0,低风险,0.0,低风险
4253.0,4-5,location4,0.223,中风险,0.089,低风险,0.377,高风险,0.473,高风险,0.292,中风险,0.313,高风险
4257.0,4-5,location4,0.019,低风险,0.008,低风险,0.032,低风险,0.04,低风险,0.025,低风险,0.027,低风险
4262.0,4-5,location4,0.159,中风险,0.113,中风险,0.192,中风险,0.241,中风险,0.178,中风险,0.182,中风险
4264.0,4-5,location4,0.256,中风险,0.102,低风险,0.434,高风险,0.543,高风险,0.336,高风险,0.36,高风险
4278.0,4-5,location4,0.22,中风险,0.088,低风险,0.373,高风险,0.468,高风险,0.289,中风险,0.31,中风险
4280.0,4-5,location4,0.0,低风险,0.0,低风险,0.0,低风险,0.0,低风险,0.0,低风险,0.0,低风险
4284.0,4-5,location4,0.206,中风险,0.125,中风险,0.283,中风险,0.355,高风险,0.244,中风险,0.254,中风险
4287.0,4-5,location4,0.426,高风险,0.31,中风险,0.514,高风险,0.506,高风险,0.423,高风险,0.443,高风险
1.0,loc5,location5,0.403,高风险,0.276,中风险,0.502,高风险,0.605,高风险,0.447,高风险,0.461,高风险
3.0,loc5,location5,0.049,低风险,0.052,低风险,0.036,低风险,0.013,低风险,0.034,低风险,0.034,低风险
4.0,loc5,location5,0.026,低风险,0.027,低风险,0.019,低风险,0.007,低风险,0.017,低风险,0.017,低风险
5.0,loc5,location5,0.632,高风险,0.544,高风险,0.615,高风险,0.698,高风险,0.618,高风险,0.619,高风险
6.0,loc5,location5,0.42,高风险,0.41,高风险,0.324,高风险,0.412,高风险,0.396,高风险,0.382,高风险
8.0,loc5,location5,0.284,中风险,0.299,中风险,0.206,中风险,0.074,低风险,0.193,中风险,0.193,中风险
9.0,loc5,location5,0.219,中风险,0.088,低风险,0.372,高风险,0.466,高风险,0.288,中风险,0.308,中风险
10.0,loc5,location5,0.318,高风险,0.224,中风险,0.396,高风险,0.4,高风险,0.324,高风险,0.34,高风险
11.0,loc5,location5,0.467,高风险,0.352,高风险,0.527,高风险,0.664,高风险,0.507,高风险,0.514,高风险
12.0,loc5,location5,0.217,中风险,0.087,低风险,0.368,高风险,0.461,高风险,0.285,中风险,0.305,中风险
13.0,loc5,location5,0.0,低风险,0.0,低风险,0.0,低风险,0.0,低风险,0.0,低风险,0.0,低风险
14.0,loc5,location5,0.344,高风险,0.249,中风险,0.407,高风险,0.511,高风险,0.381,高风险,0.389,高风险
15.0,loc5,location5,0.37,高风险,0.221,中风险,0.52,高风险,0.579,高风险,0.416,高风险,0.44,高风险
16.0,loc5,location5,0.342,高风险,0.197,中风险,0.49,高风险,0.554,高风险,0.391,高风险,0.414,高风险
17.0,loc5,location5,0.563,高风险,0.426,高风险,0.657,高风险,0.623,高风险,0.545,高风险,0.569,高风险
18.0,loc5,location5,0.0,低风险,0.0,低风险,0.0,低风险,0.0,低风险,0.0,低风险,0.0,低风险
19.0,loc5,location5,0.212,中风险,0.085,低风险,0.36,高风险,0.45,高风险,0.278,中风险,0.298,中风险
23.0,loc5,location5,0.0,低风险,0.0,低风险,0.0,低风险,0.0,低风险,0.0,低风险,0.0,低风险
24.0,loc5,location5,0.0,低风险,0.0,低风险,0.0,低风险,0.0,低风险,0.0,低风险,0.0,低风险
27.0,loc5,location5,0.691,高风险,0.588,高风险,0.681,高风险,0.795,高风险,0.687,高风险,0.688,高风险
28.0,loc5,location5,0.784,高风险,0.687,高风险,0.748,高风险,0.799,高风险,0.742,高风险,0.745,高风险
30.0,loc5,location5,0.482,高风险,0.35,高风险,0.573,高风险,0.669,高风险,0.516,高风险,0.531,高风险
33.0,loc5,location5,0.202,中风险,0.213,中风险,0.147,中风险,0.053,低风险,0.138,中风险,0.138,中风险
34.0,loc5,location5,0.273,中风险,0.164,中风险,0.375,高风险,0.471,高风险,0.323,高风险,0.337,高风险
44.0,loc5,location5,0.224,中风险,0.09,低风险,0.379,高风险,0.475,高风险,0.294,中风险,0.315,高风险
61.0,loc5,location5,0.192,中风险,0.107,低风险,0.278,中风险,0.348,高风险,0.233,中风险,0.244,中风险
71.0,loc5,location5,0.208,中风险,0.219,中风险,0.151,中风险,0.054,低风险,0.141,中风险,0.142,中风险
72.0,loc5,location5,0.268,中风险,0.107,低风险,0.454,高风险,0.569,高风险,0.352,高风险,0.377,高风险
76.0,loc5,location5,0.133,中风险,0.053,低风险,0.225,中风险,0.281,中风险,0.174,中风险,0.186,中风险
77.0,loc5,location5,0.303,中风险,0.184,中风险,0.42,高风险,0.464,高风险,0.337,高风险,0.356,高风险
81.0,loc5,location5,0.191,中风险,0.076,低风险,0.323,高风险,0.405,高风险,0.25,中风险,0.268,中风险
82.0,loc5,location5,0.24,中风险,0.096,低风险,0.406,高风险,0.509,高风险,0.315,高风险,0.337,高风险
85.0,loc5,location5,0.359,高风险,0.223,中风险,0.49,高风险,0.535,高风险,0.394,高风险,0.416,高风险
89.0,loc5,location5,0.273,中风险,0.11,低风险,0.463,高风险,0.58,高风险,0.359,高风险,0.384,高风险
94.0,loc5,location5,0.473,高风险,0.351,高风险,0.56,高风险,0.541,高风险,0.463,高风险,0.484,高风险
102.0,loc5,location5,0.0,低风险,0.0,低风险,0.0,低风险,0.0,低风险,0.0,低风险,0.0,低风险
114.0,loc5,location5,0.463,高风险,0.353,高风险,0.516,高风险,0.65,高风险,0.5,高风险,0.506,高风险
117.0,loc5,location5,0.383,高风险,0.259,中风险,0.494,高风险,0.515,高风险,0.402,高风险,0.423,高风险
120.0,loc5,location5,0.478,高风险,0.414,高风险,0.455,高风险,0.574,高风险,0.485,高风险,0.481,高风险
121.0,loc5,location5,0.279,中风险,0.112,中风险,0.474,高风险,0.593,高风险,0.367,高风险,0.393,高风险
124.0,loc5,location5,0.472,高风险,0.339,高风险,0.577,高风险,0.574,高风险,0.474,高风险,0.497,高风险
128.0,loc5,location5,0.194,中风险,0.078,低风险,0.329,高风险,0.412,高风险,0.255,中风险,0.273,中风险
131.0,loc5,location5,0.447,高风险,0.32,高风险,0.532,高风险,0.67,高风险,0.497,高风险,0.507,高风险
132.0,loc5,location5,0.336,高风险,0.216,中风险,0.449,高风险,0.482,高风险,0.362,高风险,0.382,高风险
137.0,loc5,location5,0.266,中风险,0.106,低风险,0.45,高风险,0.564,高风险,0.349,高风险,0.374,高风险
139.0,loc5,location5,0.278,中风险,0.137,中风险,0.433,高风险,0.516,高风险,0.34,高风险,0.362,高风险
148.0,loc5,location5,0.106,低风险,0.042,低风险,0.179,中风险,0.224,中风险,0.139,中风险,0.148,中风险
153.0,loc5,location5,0.329,高风险,0.217,中风险,0.431,高风险,0.455,高风险,0.349,高风险,0.368,高风险
156.0,loc5,location5,0.175,中风险,0.097,低风险,0.255,中风险,0.319,高风险,0.213,中风险,0.224,中风险
160.0,loc5,location5,0.279,中风险,0.162,中风险,0.398,高风险,0.449,高风险,0.318,高风险,0.337,高风险
166.0,loc5,location5,0.337,高风险,0.238,中风险,0.408,高风险,0.513,高风险,0.377,高风险,0.386,高风险
178.0,loc5,location5,0.276,中风险,0.111,中风险,0.468,高风险,0.586,高风险,0.362,高风险,0.388,高风险
181.0,loc5,location5,0.0,低风险,0.0,低风险,0.0,低风险,0.0,低风险,0.0,低风险,0.0,低风险
185.0,loc5,location5,0.31,高风险,0.182,中风险,0.439,高风险,0.493,高风险,0.351,高风险,0.372,高风险
187.0,loc5,location5,0.547,高风险,0.41,高风险,0.643,高风险,0.617,高风险,0.533,高风险,0.557,高风险
192.0,loc5,location5,0.18,中风险,0.072,低风险,0.305,中风险,0.383,高风险,0.237,中风险,0.253,中风险
198.0,loc5,location5,0.338,高风险,0.234,中风险,0.415,高风险,0.522,高风险,0.381,高风险,0.391,高风险
203.0,loc5,location5,0.395,高风险,0.261,中风险,0.506,高风险,0.636,高风险,0.454,高风险,0.468,高风险
206.0,loc5,location5,0.341,高风险,0.281,中风险,0.362,高风险,0.311,高风险,0.307,中风险,0.318,高风险
214.0,loc5,location5,0.269,中风险,0.108,低风险,0.456,高风险,0.571,高风险,0.353,高风险,0.378,高风险
218.0,loc5,location5,0.269,中风险,0.108,低风险,0.456,高风险,0.572,高风险,0.353,高风险,0.379,高风险
224.0,loc5,location5,0.426,高风险,0.285,中风险,0.552,高风险,0.578,高风险,0.448,高风险,0.472,高风险
231.0,loc5,location5,0.186,中风险,0.075,低风险,0.315,高风险,0.395,高风险,0.244,中风险,0.262,中风险
234.0,loc5,location5,0.263,中风险,0.105,低风险,0.445,高风险,0.557,高风险,0.345,高风险,0.369,高风险
240.0,loc5,location5,0.33,高风险,0.194,中风险,0.46,高风险,0.578,高风险,0.394,高风险,0.411,高风险
245.0,loc5,location5,0.41,高风险,0.298,中风险,0.484,高风险,0.594,高风险,0.448,高风险,0.459,高风险
247.0,loc5,location5,0.4,高风险,0.252,中风险,0.541,高风险,0.586,高风险,0.435,高风险,0.46,高风险
258.0,loc5,location5,0.224,中风险,0.116,中风险,0.34,高风险,0.403,高风险,0.269,中风险,0.286,中风险
270.0,loc5,location5,0.262,中风险,0.135,中风险,0.395,高风险,0.495,高风险,0.324,高风险,0.342,高风险
271.0,loc5,location5,0.492,高风险,0.351,高风险,0.606,高风险,0.606,高风险,0.497,高风险,0.521,高风险
274.0,loc5,location5,0.352,高风险,0.214,中风险,0.48,高风险,0.603,高风险,0.415,高风险,0.432,高风险
280.0,loc5,location5,0.391,高风险,0.261,中风险,0.507,高风险,0.531,高风险,0.411,高风险,0.433,高风险
288.0,loc5,location5,0.478,高风险,0.379,高风险,0.52,高风险,0.568,高风险,0.479,高风险,0.489,高风险
290.0,loc5,location5,0.45,高风险,0.317,高风险,0.56,高风险,0.566,高风险,0.459,高风险,0.481,高风险
291.0,loc5,location5,0.18,中风险,0.072,低风险,0.305,中风险,0.383,高风险,0.237,中风险,0.253,中风险
293.0,loc5,location5,0.401,高风险,0.268,中风险,0.51,高风险,0.641,高风险,0.459,高风险,0.473,高风险
306.0,loc5,location5,0.68,高风险,0.587,高风险,0.667,高风险,0.669,高风险,0.634,高风险,0.641,高风险
309.0,loc5,location5,0.203,中风险,0.081,低风险,0.344,高风险,0.431,高风险,0.266,中风险,0.285,中风险
312.0,loc5,location5,0.181,中风险,0.073,低风险,0.307,中风险,0.384,高风险,0.238,中风险,0.255,中风险
322.0,loc5,location5,0.31,中风险,0.16,中风险,0.471,高风险,0.554,高风险,0.371,高风险,0.395,高风险
341.0,loc5,location5,0.222,中风险,0.233,中风险,0.161,中风险,0.058,低风险,0.151,中风险,0.151,中风险
343.0,loc5,location5,0.158,中风险,0.063,低风险,0.268,中风险,0.335,高风险,0.207,中风险,0.222,中风险
344.0,loc5,location5,0.497,高风险,0.385,高风险,0.559,高风险,0.584,高风险,0.495,高风险,0.509,高风险
347.0,loc5,location5,0.633,高风险,0.547,高风险,0.625,高风险,0.592,高风险,0.579,高风险,0.588,高风险
349.0,loc5,location5,0.235,中风险,0.094,低风险,0.398,高风险,0.499,高风险,0.308,中风险,0.33,高风险
354.0,loc5,location5,0.227,中风险,0.091,低风险,0.385,高风险,0.482,高风险,0.298,中风险,0.319,高风险
364.0,loc5,location5,0.555,高风险,0.422,高风险,0.644,高风险,0.608,高风险,0.535,高风险,0.558,高风险
366.0,loc5,location5,0.373,高风险,0.31,中风险,0.393,高风险,0.333,高风险,0.333,高风险,0.345,高风险
370.0,loc5,location5,0.309,中风险,0.241,中风险,0.336,高风险,0.423,高风险,0.33,高风险,0.333,高风险
376.0,loc5,location5,0.574,高风险,0.433,高风险,0.671,高风险,0.638,高风险,0.556,高风险,0.581,高风险
387.0,loc5,location5,0.275,中风险,0.151,中风险,0.405,高风险,0.466,高风险,0.321,高风险,0.341,高风险
388.0,loc5,location5,0.618,高风险,0.47,高风险,0.718,高风险,0.679,高风险,0.596,高风险,0.622,高风险
401.0,loc5,location5,0.378,高风险,0.237,中风险,0.513,高风险,0.557,高风险,0.413,高风险,0.436,高风险
411.0,loc5,location5,0.418,高风险,0.27,中风险,0.557,高风险,0.595,高风险,0.45,高风险,0.474,高风险
416.0,loc5,location5,0.259,中风险,0.215,中风险,0.262,中风险,0.33,高风险,0.269,中风险,0.269,中风险
417.0,loc5,location5,0.231,中风险,0.094,低风险,0.389,高风险,0.486,高风险,0.302,中风险,0.323,高风险
418.0,loc5,location5,0.27,中风险,0.149,中风险,0.398,高风险,0.458,高风险,0.315,高风险,0.335,高风险
419.0,loc5,location5,0.008,低风险,0.009,低风险,0.006,低风险,0.002,低风险,0.006,低风险,0.006,低风险
421.0,loc5,location5,0.587,高风险,0.491,高风险,0.596,高风险,0.669,高风险,0.58,高风险,0.585,高风险
425.0,loc5,location5,0.202,中风险,0.081,低风险,0.342,高风险,0.428,高风险,0.265,中风险,0.284,中风险
426.0,loc5,location5,0.412,高风险,0.317,高风险,0.462,高风险,0.526,高风险,0.426,高风险,0.435,高风险
427.0,loc5,location5,0.429,高风险,0.33,高风险,0.485,高风险,0.529,高风险,0.436,高风险,0.448,高风险
428.0,loc5,location5,0.194,中风险,0.097,低风险,0.298,中风险,0.374,高风险,0.243,中风险,0.257,中风险
431.0,loc5,location5,0.867,高风险,0.78,高风险,0.799,高风险,0.817,高风险,0.798,高风险,0.799,高风险
433.0,loc5,location5,0.213,中风险,0.117,中风险,0.314,高风险,0.362,高风险,0.249,中风险,0.265,中风险
445.0,loc5,location5,0.386,高风险,0.273,中风险,0.471,高风险,0.545,高风险,0.416,高风险,0.43,高风险
453.0,loc5,location5,0.348,高风险,0.29,中风险,0.35,高风险,0.442,高风险,0.361,高风险,0.36,高风险
456.0,loc5,location5,0.426,高风险,0.299,中风险,0.531,高风险,0.538,高风险,0.434,高风险,0.456,高风险
457.0,loc5,location5,0.272,中风险,0.191,中风险,0.33,高风险,0.415,高风险,0.304,中风险,0.312,高风险
460.0,loc5,location5,0.165,中风险,0.173,中风险,0.12,中风险,0.043,低风险,0.112,中风险,0.112,中风险
462.0,loc5,location5,0.248,中风险,0.099,低风险,0.421,高风险,0.527,高风险,0.326,高风险,0.349,高风险
473.0,loc5,location5,0.497,高风险,0.342,高风险,0.629,高风险,0.646,高风险,0.513,高风险,0.539,高风险
474.0,loc5,location5,0.355,高风险,0.232,中风险,0.468,高风险,0.497,高风险,0.379,高风险,0.399,高风险
481.0,loc5,location5,0.219,中风险,0.088,低风险,0.371,高风险,0.465,高风险,0.287,中风险,0.308,中风险
484.0,loc5,location5,0.258,中风险,0.103,低风险,0.438,高风险,0.548,高风险,0.339,高风险,0.363,高风险
493.0,loc5,location5,0.187,中风险,0.075,低风险,0.316,高风险,0.396,高风险,0.245,中风险,0.262,中风险
497.0,loc5,location5,0.379,高风险,0.31,中风险,0.405,高风险,0.384,高风险,0.356,高风险,0.366,高风险
502.0,loc5,location5,0.412,高风险,0.286,中风险,0.505,高风险,0.635,高风险,0.464,高风险,0.475,高风险
503.0,loc5,location5,0.229,中风险,0.092,低风险,0.388,高风险,0.486,高风险,0.3,中风险,0.322,高风险
505.0,loc5,location5,0.4,高风险,0.262,中风险,0.516,高风险,0.648,高风险,0.46,高风险,0.475,高风险
506.0,loc5,location5,0.149,中风险,0.06,低风险,0.253,中风险,0.317,高风险,0.196,中风险,0.21,中风险
526.0,loc5,location5,0.321,高风险,0.203,中风险,0.434,高风险,0.471,高风险,0.35,高风险,0.369,高风险
532.0,loc5,location5,0.419,高风险,0.265,中风险,0.566,高风险,0.613,高风险,0.456,高风险,0.481,高风险
536.0,loc5,location5,0.366,高风险,0.232,中风险,0.493,高风险,0.533,高风险,0.397,高风险,0.419,高风险
537.0,loc5,location5,0.384,高风险,0.287,中风险,0.452,高风险,0.434,高风险,0.374,高风险,0.391,高风险
538.0,loc5,location5,0.544,高风险,0.446,高风险,0.568,高风险,0.628,高风险,0.54,高风险,0.547,高风险
539.0,loc5,location5,0.373,高风险,0.267,中风险,0.446,高风险,0.561,高风险,0.416,高风险,0.425,高风险
542.0,loc5,location5,0.195,中风险,0.078,低风险,0.33,高风险,0.413,高风险,0.255,中风险,0.274,中风险
549.0,loc5,location5,0.491,高风险,0.381,高风险,0.559,高风险,0.517,高风险,0.466,高风险,0.486,高风险
551.0,loc5,location5,0.271,中风险,0.109,低风险,0.459,高风险,0.575,高风险,0.356,高风险,0.381,高风险
552.0,loc5,location5,0.463,高风险,0.36,高风险,0.506,高风险,0.638,高风险,0.497,高风险,0.501,高风险
554.0,loc5,location5,0.221,中风险,0.169,中风险,0.255,中风险,0.24,中风险,0.212,中风险,0.222,中风险
558.0,loc5,location5,0.414,高风险,0.284,中风险,0.516,高风险,0.626,高风险,0.461,高风险,0.475,高风险
566.0,loc5,location5,0.173,中风险,0.08,低风险,0.277,中风险,0.338,高风险,0.217,中风险,0.232,中风险
568.0,loc5,location5,0.517,高风险,0.39,高风险,0.584,高风险,0.736,高风险,0.562,高风险,0.57,高风险
569.0,loc5,location5,0.317,高风险,0.172,中风险,0.465,高风险,0.583,高风险,0.387,高风险,0.407,高风险
573.0,loc5,location5,0.438,高风险,0.34,高风险,0.48,高风险,0.605,高风险,0.47,高风险,0.475,高风险
587.0,loc5,location5,0.188,中风险,0.14,中风险,0.215,中风险,0.27,中风险,0.205,中风险,0.208,中风险
604.0,loc5,location5,0.176,中风险,0.07,低风险,0.298,中风险,0.373,高风险,0.231,中风险,0.247,中风险
618.0,loc5,location5,0.034,低风险,0.035,低风险,0.024,低风险,0.009,低风险,0.023,低风险,0.023,低风险
639.0,loc5,location5,0.0,低风险,0.0,低风险,0.0,低风险,0.0,低风险,0.0,低风险,0.0,低风险
640.0,loc5,location5,0.329,高风险,0.232,中风险,0.406,高风险,0.439,高风险,0.345,高风险,0.359,高风险
659.0,loc5,location5,0.0,低风险,0.0,低风险,0.0,低风险,0.0,低风险,0.0,低风险,0.0,低风险
660.0,loc5,location5,0.301,中风险,0.203,中风险,0.389,高风险,0.405,高风险,0.316,高风险,0.332,高风险
661.0,loc5,location5,0.553,高风险,0.535,高风险,0.451,高风险,0.432,高风险,0.48,高风险,0.473,高风险
663.0,loc5,location5,0.4,高风险,0.247,中风险,0.55,高风险,0.603,高风险,0.441,高风险,0.466,高风险
669.0,loc5,location5,0.421,高风险,0.31,高风险,0.494,高风险,0.562,高风险,0.443,高风险,0.456,高风险
671.0,loc5,location5,0.298,中风险,0.19,中风险,0.4,高风险,0.432,高风险,0.323,高风险,0.341,高风险
674.0,loc5,location5,0.0,低风险,0.0,低风险,0.0,低风险,0.0,低风险,0.0,低风险,0.0,低风险
678.0,loc5,location5,0.559,高风险,0.477,高风险,0.551,高风险,0.631,高风险,0.551,高风险,0.553,高风险
680.0,loc5,location5,0.294,中风险,0.18,中风险,0.399,高风险,0.501,高风险,0.346,高风险,0.36,高风险
685.0,loc5,location5,0.347,高风险,0.214,中风险,0.468,高风险,0.587,高风险,0.407,高风险,0.423,高风险
689.0,loc5,location5,0.653,高风险,0.53,高风险,0.693,高风险,0.723,高风险,0.635,高风险,0.649,高风险
696.0,loc5,location5,0.249,中风险,0.1,低风险,0.421,高风险,0.528,高风险,0.326,高风险,0.35,高风险
698.0,loc5,location5,0.15,中风险,0.06,低风险,0.255,中风险,0.319,高风险,0.197,中风险,0.211,中风险
705.0,loc5,location5,0.191,中风险,0.077,低风险,0.324,高风险,0.405,高风险,0.251,中风险,0.269,中风险
708.0,loc5,location5,0.351,高风险,0.312,高风险,0.34,高风险,0.256,中风险,0.295,中风险,0.303,中风险
712.0,loc5,location5,0.533,高风险,0.407,高风险,0.616,高风险,0.58,高风险,0.512,高风险,0.534,高风险
718.0,loc5,location5,0.614,高风险,0.5,高风险,0.634,高风险,0.799,高风险,0.643,高风险,0.645,高风险
721.0,loc5,location5,0.333,高风险,0.216,中风险,0.442,高风险,0.472,高风险,0.357,高风险,0.377,高风险
726.0,loc5,location5,0.0,低风险,0.0,低风险,0.0,低风险,0.0,低风险,0.0,低风险,0.0,低风险
730.0,loc5,location5,0.571,高风险,0.443,高风险,0.64,高风险,0.691,高风险,0.576,高风险,0.591,高风险
738.0,loc5,location5,0.251,中风险,0.1,低风险,0.425,高风险,0.532,高风险,0.329,高风险,0.352,高风险
739.0,loc5,location5,0.49,高风险,0.369,高风险,0.56,高风险,0.658,高风险,0.518,高风险,0.529,高风险
752.0,loc5,location5,0.24,中风险,0.096,低风险,0.407,高风险,0.51,高风险,0.315,高风险,0.338,高风险
754.0,loc5,location5,0.396,高风险,0.3,中风险,0.444,高风险,0.56,高风险,0.429,高风险,0.435,高风险
761.0,loc5,location5,0.03,低风险,0.032,低风险,0.022,低风险,0.008,低风险,0.02,低风险,0.02,低风险
766.0,loc5,location5,0.358,高风险,0.219,中风险,0.494,高风险,0.544,高风险,0.396,高风险,0.419,高风险
767.0,loc5,location5,0.2,中风险,0.08,低风险,0.339,高风险,0.425,高风险,0.262,中风险,0.281,中风险
768.0,loc5,location5,0.36,高风险,0.243,中风险,0.463,高风险,0.481,高风险,0.376,高风险,0.396,高风险
779.0,loc5,location5,0.435,高风险,0.308,中风险,0.525,高风险,0.66,高风险,0.486,高风险,0.497,高风险
782.0,loc5,location5,0.246,中风险,0.099,低风险,0.417,高风险,0.522,高风险,0.323,高风险,0.346,高风险
785.0,loc5,location5,0.374,高风险,0.233,中风险,0.509,高风险,0.554,高风险,0.409,高风险,0.432,高风险
790.0,loc5,location5,0.224,中风险,0.09,低风险,0.381,高风险,0.477,高风险,0.295,中风险,0.316,高风险
791.0,loc5,location5,0.178,中风险,0.071,低风险,0.302,中风险,0.379,高风险,0.234,中风险,0.251,中风险
792.0,loc5,location5,0.361,高风险,0.29,中风险,0.394,高风险,0.373,高风险,0.341,高风险,0.352,高风险
800.0,loc5,location5,0.386,高风险,0.285,中风险,0.461,高风险,0.448,高风险,0.38,高风险,0.398,高风险
811.0,loc5,location5,0.685,高风险,0.612,高风险,0.645,高风险,0.593,高风险,0.61,高风险,0.617,高风险
816.0,loc5,location5,0.149,中风险,0.06,低风险,0.253,中风险,0.317,高风险,0.196,中风险,0.21,中风险
821.0,loc5,location5,0.224,中风险,0.09,低风险,0.381,高风险,0.477,高风险,0.295,中风险,0.316,高风险
824.0,loc5,location5,0.377,高风险,0.288,中风险,0.42,高风险,0.529,高风险,0.407,高风险,0.412,高风险
831.0,loc5,location5,0.32,高风险,0.212,中风险,0.418,高风险,0.44,高风险,0.339,高风险,0.357,高风险
850.0,loc5,location5,0.188,中风险,0.075,低风险,0.318,高风险,0.399,高风险,0.247,中风险,0.264,中风险
851.0,loc5,location5,0.247,中风险,0.099,低风险,0.419,高风险,0.525,高风险,0.325,高风险,0.348,高风险
860.0,loc5,location5,0.353,高风险,0.241,中风险,0.438,高风险,0.551,高风险,0.399,高风险,0.41,高风险
865.0,loc5,location5,0.226,中风险,0.091,低风险,0.383,高风险,0.48,高风险,0.297,中风险,0.318,高风险
874.0,loc5,location5,0.343,高风险,0.235,中风险,0.437,高风险,0.45,高风险,0.356,高风险,0.374,高风险
879.0,loc5,location5,0.559,高风险,0.451,高风险,0.611,高风险,0.539,高风险,0.514,高风险,0.534,高风险
887.0,loc5,location5,0.566,高风险,0.42,高风险,0.673,高风险,0.651,高风险,0.556,高风险,0.581,高风险
895.0,loc5,location5,0.408,高风险,0.306,中风险,0.48,高风险,0.461,高风险,0.398,高风险,0.416,高风险
902.0,loc5,location5,0.336,高风险,0.187,中风险,0.487,高风险,0.611,高风险,0.408,高风险,0.428,高风险
910.0,loc5,location5,0.403,高风险,0.24,中风险,0.565,高风险,0.63,高风险,0.452,高风险,0.478,高风险
916.0,loc5,location5,0.426,高风险,0.302,中风险,0.513,高风险,0.646,高风险,0.476,高风险,0.487,高风险
918.0,loc5,location5,0.434,高风险,0.305,中风险,0.526,高风险,0.662,高风险,0.486,高风险,0.498,高风险
927.0,loc5,location5,0.247,中风险,0.152,中风险,0.341,高风险,0.375,高风险,0.273,中风险,0.289,中风险
931.0,loc5,location5,0.314,高风险,0.184,中风险,0.439,高风险,0.552,高风险,0.375,高风险,0.392,高风险
942.0,loc5,location5,0.643,高风险,0.561,高风险,0.628,高风险,0.582,高风险,0.581,高风险,0.59,高风险
947.0,loc5,location5,0.19,中风险,0.076,低风险,0.322,高风险,0.403,高风险,0.249,中风险,0.267,中风险
950.0,loc5,location5,0.28,中风险,0.191,中风险,0.349,高风险,0.439,高风险,0.318,高风险,0.326,高风险
963.0,loc5,location5,0.187,中风险,0.075,低风险,0.316,高风险,0.396,高风险,0.245,中风险,0.262,中风险
964.0,loc5,location5,0.348,高风险,0.22,中风险,0.46,高风险,0.578,高风险,0.405,高风险,0.419,高风险
967.0,loc5,location5,0.15,中风险,0.06,低风险,0.254,中风险,0.318,高风险,0.197,中风险,0.211,中风险
972.0,loc5,location5,0.464,高风险,0.334,高风险,0.55,高风险,0.692,高风险,0.515,高风险,0.526,高风险
978.0,loc5,location5,0.481,高风险,0.361,高风险,0.564,高风险,0.539,高风险,0.467,高风险,0.488,高风险
991.0,loc5,location5,0.27,中风险,0.108,低风险,0.457,高风险,0.573,高风险,0.354,高风险,0.379,高风险
995.0,loc5,location5,0.421,高风险,0.312,高风险,0.486,高风险,0.612,高风险,0.462,高风险,0.47,高风险
1001.0,loc5,location5,0.355,高风险,0.225,中风险,0.48,高风险,0.519,高风险,0.386,高风险,0.408,高风险
1004.0,loc5,location5,0.0,低风险,0.0,低风险,0.0,低风险,0.0,低风险,0.0,低风险,0.0,低风险
1006.0,loc5,location5,0.158,中风险,0.063,低风险,0.267,中风险,0.335,高风险,0.207,中风险,0.222,中风险
1009.0,loc5,location5,0.338,高风险,0.205,中风险,0.463,高风险,0.581,高风险,0.4,高风险,0.416,高风险
1012.0,loc5,location5,0.511,高风险,0.388,高风险,0.594,高风险,0.563,高风险,0.493,高风险,0.515,高风险
1013.0,loc5,location5,0.249,中风险,0.159,中风险,0.327,高风险,0.41,高风险,0.288,中风险,0.299,中风险
1024.0,loc5,location5,0.441,高风险,0.335,高风险,0.512,高风险,0.484,高风险,0.425,高风险,0.444,高风险
1048.0,loc5,location5,0.318,高风险,0.217,中风险,0.407,高风险,0.421,高风险,0.331,高风险,0.348,高风险
1052.0,loc5,location5,0.209,中风险,0.084,低风险,0.354,高风险,0.443,高风险,0.274,中风险,0.293,中风险
1053.0,loc5,location5,0.721,高风险,0.613,高风险,0.726,高风险,0.729,高风险,0.679,高风险,0.689,高风险
1057.0,loc5,location5,0.238,中风险,0.095,低风险,0.403,高风险,0.504,高风险,0.312,高风险,0.334,高风险
1058.0,loc5,location5,0.354,高风险,0.198,中风险,0.516,高风险,0.591,高风险,0.41,高风险,0.435,高风险
1064.0,loc5,location5,0.457,高风险,0.341,高风险,0.524,高风险,0.659,高风险,0.5,高风险,0.508,高风险
1068.0,loc5,location5,0.325,高风险,0.225,中风险,0.4,高风险,0.503,高风险,0.366,高风险,0.376,高风险
1069.0,loc5,location5,0.437,高风险,0.288,中风险,0.572,高风险,0.603,高风险,0.463,高风险,0.488,高风险
1072.0,loc5,location5,0.543,高风险,0.432,高风险,0.591,高风险,0.626,高风险,0.537,高风险,0.55,高风险
1085.0,loc5,location5,0.531,高风险,0.439,高风险,0.563,高风险,0.498,高风险,0.484,高风险,0.5,高风险
1089.0,loc5,location5,0.737,高风险,0.627,高风险,0.742,高风险,0.73,高风险,0.688,高风险,0.699,高风险
1091.0,loc5,location5,0.224,中风险,0.09,低风险,0.381,高风险,0.477,高风险,0.295,中风险,0.316,高风险
1111.0,loc5,location5,0.38,高风险,0.258,中风险,0.488,高风险,0.506,高风险,0.397,高风险,0.417,高风险
1112.0,loc5,location5,0.496,高风险,0.396,高风险,0.544,高风险,0.523,高风险,0.472,高风险,0.488,高风险
1113.0,loc5,location5,0.389,高风险,0.277,中风险,0.467,高风险,0.587,高风险,0.434,高风险,0.444,高风险
1122.0,loc5,location5,0.3,中风险,0.166,中风险,0.436,高风险,0.547,高风险,0.365,高风险,0.383,高风险
1126.0,loc5,location5,0.347,高风险,0.228,中风险,0.446,高风险,0.56,高风险,0.398,高风险,0.411,高风险
1139.0,loc5,location5,0.505,高风险,0.382,高风险,0.57,高风险,0.717,高风险,0.548,高风险,0.556,高风险
1144.0,loc5,location5,0.238,中风险,0.096,低风险,0.404,高风险,0.506,高风险,0.313,高风险,0.335,高风险
1145.0,loc5,location5,0.469,高风险,0.341,高风险,0.567,高风险,0.558,高风险,0.467,高风险,0.489,高风险
1149.0,loc5,location5,0.152,中风险,0.061,低风险,0.259,中风险,0.324,高风险,0.2,中风险,0.214,中风险
1154.0,loc5,location5,0.431,高风险,0.324,高风险,0.488,高风险,0.615,高风险,0.469,高风险,0.476,高风险
1161.0,loc5,location5,0.223,中风险,0.089,低风险,0.378,高风险,0.474,高风险,0.293,中风险,0.314,高风险
1177.0,loc5,location5,0.505,高风险,0.4,高风险,0.547,高风险,0.624,高风险,0.515,高风险,0.524,高风险
1179.0,loc5,location5,0.238,中风险,0.124,中风险,0.363,高风险,0.426,高风险,0.286,中风险,0.304,中风险
1189.0,loc5,location5,0.233,中风险,0.093,低风险,0.395,高风险,0.495,高风险,0.306,中风险,0.328,高风险
1194.0,loc5,location5,0.348,高风险,0.22,中风险,0.47,高风险,0.508,高风险,0.379,高风险,0.4,高风险
1198.0,loc5,location5,0.351,高风险,0.22,中风险,0.477,高风险,0.519,高风险,0.384,高风险,0.405,高风险
1199.0,loc5,location5,0.0,低风险,0.0,低风险,0.0,低风险,0.0,低风险,0.0,低风险,0.0,低风险
1206.0,loc5,location5,0.216,中风险,0.087,低风险,0.367,高风险,0.459,高风险,0.284,中风险,0.304,中风险
1211.0,loc5,location5,0.762,高风险,0.659,高风险,0.744,高风险,0.768,高风险,0.717,高风险,0.724,高风险
1213.0,loc5,location5,0.412,高风险,0.272,中风险,0.528,高风险,0.663,高风险,0.473,高风险,0.488,高风险
1223.0,loc5,location5,0.0,低风险,0.0,低风险,0.0,低风险,0.0,低风险,0.0,低风险,0.0,低风险
1229.0,loc5,location5,0.25,中风险,0.1,低风险,0.424,高风险,0.531,高风险,0.328,高风险,0.352,高风险
1237.0,loc5,location5,0.526,高风险,0.402,高风险,0.607,高风险,0.57,高风险,0.505,高风险,0.527,高风险
1242.0,loc5,location5,0.092,低风险,0.037,低风险,0.156,中风险,0.195,中风险,0.121,中风险,0.129,中风险
1247.0,loc5,location5,0.367,高风险,0.216,中风险,0.519,高风险,0.582,高风险,0.415,高风险,0.439,高风险
1249.0,loc5,location5,0.393,高风险,0.292,中风险,0.467,高风险,0.451,高风险,0.386,高风险,0.403,高风险
1257.0,loc5,location5,0.588,高风险,0.48,高风险,0.607,高风险,0.766,高风险,0.616,高风险,0.618,高风险
1258.0,loc5,location5,0.0,低风险,0.0,低风险,0.0,低风险,0.0,低风险,0.0,低风险,0.0,低风险
1261.0,loc5,location5,0.728,高风险,0.635,高风险,0.704,高风险,0.718,高风险,0.68,高风险,0.685,高风险
1264.0,loc5,location5,0.274,中风险,0.194,中风险,0.339,高风险,0.341,高风险,0.278,中风险,0.291,中风险
1273.0,loc5,location5,0.169,中风险,0.068,低风险,0.287,中风险,0.359,高风险,0.222,中风险,0.238,中风险
1278.0,loc5,location5,0.236,中风险,0.095,低风险,0.4,高风险,0.501,高风险,0.31,中风险,0.332,高风险
1291.0,loc5,location5,0.302,中风险,0.197,中风险,0.389,高风险,0.489,高风险,0.347,高风险,0.358,高风险
1292.0,loc5,location5,0.164,中风险,0.072,低风险,0.267,中风险,0.334,高风险,0.211,中风险,0.225,中风险
1295.0,loc5,location5,0.571,高风险,0.457,高风险,0.605,高风险,0.762,高风险,0.605,高风险,0.608,高风险
1297.0,loc5,location5,0.576,高风险,0.481,高风险,0.582,高风险,0.671,高风险,0.575,高风险,0.578,高风险
1304.0,loc5,location5,0.374,高风险,0.27,中风险,0.443,高风险,0.558,高风险,0.415,高风险,0.424,高风险
1306.0,loc5,location5,0.175,中风险,0.07,低风险,0.296,中风险,0.371,高风险,0.23,中风险,0.246,中风险
1311.0,loc5,location5,0.475,高风险,0.356,高风险,0.558,高风险,0.534,高风险,0.462,高风险,0.483,高风险
1313.0,loc5,location5,0.242,中风险,0.097,低风险,0.411,高风险,0.515,高风险,0.318,高风险,0.341,高风险
1316.0,loc5,location5,0.0,低风险,0.0,低风险,0.0,低风险,0.0,低风险,0.0,低风险,0.0,低风险
1320.0,loc5,location5,0.146,中风险,0.059,低风险,0.248,中风险,0.31,高风险,0.192,中风险,0.205,中风险
1327.0,loc5,location5,0.203,中风险,0.082,低风险,0.345,高风险,0.432,高风险,0.267,中风险,0.286,中风险
1329.0,loc5,location5,0.578,高风险,0.505,高风险,0.544,高风险,0.687,高风险,0.584,高风险,0.578,高风险
1334.0,loc5,location5,0.2,中风险,0.08,低风险,0.339,高风险,0.424,高风险,0.262,中风险,0.281,中风险
1335.0,loc5,location5,0.463,高风险,0.356,高风险,0.514,高风险,0.647,高风险,0.5,高风险,0.505,高风险
1336.0,loc5,location5,0.469,高风险,0.333,高风险,0.578,高风险,0.58,高风险,0.474,高风险,0.497,高风险
1360.0,loc5,location5,0.264,中风险,0.186,中风险,0.329,高风险,0.333,高风险,0.269,中风险,0.283,中风险
1361.0,loc5,location5,0.243,中风险,0.097,低风险,0.412,高风险,0.515,高风险,0.319,高风险,0.341,高风险
1376.0,loc5,location5,0.484,高风险,0.336,高风险,0.608,高风险,0.619,高风险,0.496,高风险,0.521,高风险
1379.0,loc5,location5,0.56,高风险,0.41,高风险,0.673,高风险,0.658,高风险,0.555,高风险,0.58,高风险
1389.0,loc5,location5,0.349,高风险,0.185,中风险,0.524,高风险,0.612,高风险,0.414,高风险,0.44,高风险
1394.0,loc5,location5,0.45,高风险,0.322,高风险,0.537,高风险,0.676,高风险,0.501,高风险,0.512,高风险
1395.0,loc5,location5,0.052,低风险,0.021,低风险,0.088,低风险,0.11,低风险,0.068,低风险,0.073,低风险
1396.0,loc5,location5,0.673,高风险,0.564,高风险,0.684,高风险,0.739,高风险,0.655,高风险,0.662,高风险
1401.0,loc5,location5,0.0,低风险,0.0,低风险,0.0,低风险,0.0,低风险,0.0,低风险,0.0,低风险
1405.0,loc5,location5,0.0,低风险,0.0,低风险,0.0,低风险,0.0,低风险,0.0,低风险,0.0,低风险
1419.0,loc5,location5,0.175,中风险,0.07,低风险,0.296,中风险,0.371,高风险,0.23,中风险,0.246,中风险
1424.0,loc5,location5,0.483,高风险,0.328,高风险,0.604,高风险,0.759,高风险,0.548,高风险,0.564,高风险
1429.0,loc5,location5,0.397,高风险,0.281,中风险,0.478,高风险,0.601,高风险,0.443,高风险,0.453,高风险
1433.0,loc5,location5,0.303,中风险,0.122,中风险,0.514,高风险,0.644,高风险,0.398,高风险,0.427,高风险
1434.0,loc5,location5,0.371,高风险,0.231,中风险,0.507,高风险,0.553,高风险,0.407,高风险,0.43,高风险
1439.0,loc5,location5,0.269,中风险,0.108,低风险,0.456,高风险,0.571,高风险,0.353,高风险,0.378,高风险
1446.0,loc5,location5,0.428,高风险,0.295,中风险,0.529,高风险,0.665,高风险,0.483,高风险,0.496,高风险
1450.0,loc5,location5,0.274,中风险,0.143,中风险,0.412,高风险,0.517,高风险,0.339,高风险,0.357,高风险
1459.0,loc5,location5,0.576,高风险,0.47,高风险,0.609,高风险,0.638,高风险,0.561,高风险,0.572,高风险
1461.0,loc5,location5,0.128,中风险,0.051,低风险,0.217,中风险,0.272,中风险,0.168,中风险,0.18,中风险
1470.0,loc5,location5,0.224,中风险,0.154,中风险,0.284,中风险,0.291,中风险,0.231,中风险,0.243,中风险
1473.0,loc5,location5,0.475,高风险,0.347,高风险,0.553,高风险,0.696,高风险,0.523,高风险,0.532,高风险
1476.0,loc5,location5,0.269,中风险,0.122,中风险,0.433,高风险,0.542,高风险,0.344,高风险,0.366,高风险
1477.0,loc5,location5,0.154,中风险,0.062,低风险,0.261,中风险,0.327,高风险,0.202,中风险,0.216,中风险
1479.0,loc5,location5,0.261,中风险,0.125,中风险,0.411,高风险,0.495,高风险,0.322,高风险,0.344,高风险
1482.0,loc5,location5,0.302,中风险,0.152,中风险,0.467,高风险,0.554,高风险,0.367,高风险,0.391,高风险
1483.0,loc5,location5,0.37,高风险,0.221,中风险,0.512,高风险,0.643,高风险,0.44,高风险,0.458,高风险
1505.0,loc5,location5,0.278,中风险,0.192,中风险,0.342,高风险,0.43,高风险,0.313,高风险,0.321,高风险
1510.0,loc5,location5,0.272,中风险,0.109,低风险,0.461,高风险,0.577,高风险,0.357,高风险,0.382,高风险
1543.0,loc5,location5,0.469,高风险,0.358,高风险,0.523,高风险,0.659,高风险,0.507,高风险,0.513,高风险
1545.0,loc5,location5,0.251,中风险,0.1,低风险,0.425,高风险,0.532,高风险,0.329,高风险,0.353,高风险
1546.0,loc5,location5,0.185,中风险,0.122,中风险,0.243,中风险,0.256,中风险,0.197,中风险,0.207,中风险
1551.0,loc5,location5,0.228,中风险,0.092,低风险,0.387,高风险,0.485,高风险,0.3,中风险,0.321,高风险
1556.0,loc5,location5,0.333,高风险,0.175,中风险,0.503,高风险,0.588,高风险,0.397,高风险,0.422,高风险
1558.0,loc5,location5,0.501,高风险,0.383,高风险,0.577,高风险,0.541,高风险,0.48,高风险,0.5,高风险
1563.0,loc5,location5,0.584,高风险,0.474,高风险,0.606,高风险,0.764,高风险,0.613,高风险,0.615,高风险
1574.0,loc5,location5,0.291,中风险,0.178,中风险,0.396,高风险,0.497,高风险,0.343,高风险,0.357,高风险
1582.0,loc5,location5,0.346,高风险,0.312,高风险,0.329,高风险,0.241,中风险,0.286,中风险,0.294,中风险
1583.0,loc5,location5,0.471,高风险,0.397,高风险,0.474,高风险,0.534,高风险,0.465,高风险,0.468,高风险
1594.0,loc5,location5,0.232,中风险,0.093,低风险,0.393,高风险,0.492,高风险,0.304,中风险,0.326,高风险
1595.0,loc5,location5,0.0,低风险,0.0,低风险,0.0,低风险,0.0,低风险,0.0,低风险,0.0,低风险
1598.0,loc5,location5,0.51,高风险,0.363,高风险,0.612,高风险,0.77,高风险,0.569,高风险,0.582,高风险
1602.0,loc5,location5,0.27,中风险,0.175,中风险,0.351,高风险,0.441,高风险,0.312,高风险,0.322,高风险
1615.0,loc5,location5,0.374,高风险,0.349,高风险,0.339,高风险,0.228,中风险,0.299,中风险,0.305,中风险
1625.0,loc5,location5,0.191,中风险,0.077,低风险,0.324,高风险,0.406,高风险,0.251,中风险,0.269,中风险
1627.0,loc5,location5,0.124,中风险,0.05,低风险,0.21,中风险,0.262,中风险,0.162,中风险,0.174,中风险
1633.0,loc5,location5,0.428,高风险,0.296,中风险,0.539,高风险,0.551,高风险,0.44,高风险,0.462,高风险
1636.0,loc5,location5,0.487,高风险,0.327,高风险,0.628,高风险,0.655,高风险,0.51,高风险,0.537,高风险
1637.0,loc5,location5,0.536,高风险,0.418,高风险,0.592,高风险,0.666,高风险,0.547,高风险,0.559,高风险
1645.0,loc5,location5,0.451,高风险,0.336,高风险,0.516,高风险,0.65,高风险,0.492,高风险,0.5,高风险
1653.0,loc5,location5,0.285,中风险,0.114,中风险,0.483,高风险,0.604,高风险,0.374,高风险,0.4,高风险
1654.0,loc5,location5,0.513,高风险,0.393,高风险,0.591,高风险,0.554,高风险,0.491,高风险,0.512,高风险
1657.0,loc5,location5,0.249,中风险,0.1,低风险,0.421,高风险,0.528,高风险,0.326,高风险,0.35,高风险
1658.0,loc5,location5,0.401,高风险,0.287,中风险,0.478,高风险,0.601,高风险,0.446,高风险,0.456,高风险
1666.0,loc5,location5,0.362,高风险,0.248,中风险,0.449,高风险,0.564,高风险,0.409,高风险,0.42,高风险
1672.0,loc5,location5,0.141,中风险,0.148,中风险,0.102,低风险,0.037,低风险,0.096,低风险,0.096,低风险
1677.0,loc5,location5,0.164,中风险,0.172,中风险,0.119,中风险,0.043,低风险,0.111,中风险,0.111,中风险
1681.0,loc5,location5,0.191,中风险,0.076,低风险,0.323,高风险,0.405,高风险,0.25,中风险,0.268,中风险
1685.0,loc5,location5,0.38,高风险,0.275,中风险,0.447,高风险,0.563,高风险,0.42,高风险,0.428,高风险
1688.0,loc5,location5,0.266,中风险,0.183,中风险,0.329,高风险,0.413,高风险,0.3,中风险,0.308,中风险
1689.0,loc5,location5,0.39,高风险,0.273,中风险,0.475,高风险,0.598,高风险,0.438,高风险,0.449,高风险
1691.0,loc5,location5,0.231,中风险,0.092,低风险,0.391,高风险,0.49,高风险,0.303,中风险,0.324,高风险
1695.0,loc5,location5,0.218,中风险,0.143,中风险,0.288,中风险,0.306,中风险,0.233,中风险,0.246,中风险
1706.0,loc5,location5,0.293,中风险,0.194,中风险,0.382,高风险,0.403,高风险,0.31,中风险,0.326,高风险
1714.0,loc5,location5,0.594,高风险,0.535,高风险,0.551,高风险,0.521,高风险,0.532,高风险,0.536,高风险
1717.0,loc5,location5,0.369,高风险,0.204,中风险,0.542,高风险,0.623,高风险,0.43,高风险,0.456,高风险
1723.0,loc5,location5,0.157,中风险,0.063,低风险,0.267,中风险,0.334,高风险,0.207,中风险,0.221,中风险
1728.0,loc5,location5,0.25,中风险,0.1,低风险,0.424,高风险,0.531,高风险,0.328,高风险,0.352,高风险
1734.0,loc5,location5,0.323,高风险,0.198,中风险,0.439,高风险,0.551,高风险,0.381,高风险,0.396,高风险
1737.0,loc5,location5,0.276,中风险,0.171,中风险,0.372,高风险,0.467,高风险,0.324,高风险,0.336,高风险
1738.0,loc5,location5,0.246,中风险,0.099,低风险,0.417,高风险,0.522,高风险,0.323,高风险,0.346,高风险
1741.0,loc5,location5,0.347,高风险,0.365,高风险,0.252,中风险,0.091,低风险,0.236,中风险,0.236,中风险
1749.0,loc5,location5,0.314,高风险,0.214,中风险,0.39,高风险,0.491,高风险,0.355,高风险,0.365,高风险
1751.0,loc5,location5,0.348,高风险,0.207,中风险,0.49,高风险,0.546,高风险,0.392,高风险,0.414,高风险
1760.0,loc5,location5,0.423,高风险,0.302,中风险,0.511,高风险,0.592,高风险,0.454,高风险,0.468,高风险
1762.0,loc5,location5,0.349,高风险,0.284,中风险,0.362,高风险,0.456,高风险,0.366,高风险,0.367,高风险
1765.0,loc5,location5,0.0,低风险,0.0,低风险,0.0,低风险,0.0,低风险,0.0,低风险,0.0,低风险
1772.0,loc5,location5,0.329,高风险,0.216,中风险,0.424,高风险,0.533,高风险,0.379,高风险,0.391,高风险
1774.0,loc5,location5,0.0,低风险,0.0,低风险,0.0,低风险,0.0,低风险,0.0,低风险,0.0,低风险
1779.0,loc5,location5,0.252,中风险,0.167,中风险,0.323,高风险,0.406,高风险,0.289,中风险,0.299,中风险
1786.0,loc5,location5,0.403,高风险,0.321,高风险,0.445,高风险,0.399,高风险,0.374,高风险,0.389,高风险
1793.0,loc5,location5,0.669,高风险,0.559,高风险,0.681,高风险,0.75,高风险,0.657,高风险,0.663,高风险
1795.0,loc5,location5,0.194,中风险,0.078,低风险,0.328,高风险,0.411,高风险,0.254,中风险,0.272,中风险
1800.0,loc5,location5,0.226,中风险,0.091,低风险,0.384,高风险,0.481,高风险,0.297,中风险,0.318,高风险
1802.0,loc5,location5,0.387,高风险,0.241,中风险,0.529,高风险,0.577,高风险,0.425,高风险,0.449,高风险
1804.0,loc5,location5,0.357,高风险,0.376,高风险,0.259,中风险,0.094,低风险,0.243,中风险,0.243,中风险
1816.0,loc5,location5,0.375,高风险,0.258,中风险,0.468,高风险,0.555,高风险,0.413,高风险,0.427,高风险
1819.0,loc5,location5,0.262,中风险,0.182,中风险,0.331,高风险,0.339,高风险,0.27,中风险,0.284,中风险
1820.0,loc5,location5,0.0,低风险,0.0,低风险,0.0,低风险,0.0,低风险,0.0,低风险,0.0,低风险
1824.0,loc5,location5,0.241,中风险,0.097,低风险,0.409,高风险,0.512,高风险,0.317,高风险,0.339,高风险
1826.0,loc5,location5,0.238,中风险,0.095,低风险,0.403,高风险,0.505,高风险,0.312,高风险,0.335,高风险
1830.0,loc5,location5,0.537,高风险,0.43,高风险,0.585,高风险,0.576,高风险,0.515,高风险,0.53,高风险
1839.0,loc5,location5,0.581,高风险,0.449,高风险,0.664,高风险,0.617,高风险,0.553,高风险,0.577,高风险
1841.0,loc5,location5,0.157,中风险,0.094,低风险,0.221,中风险,0.246,中风险,0.177,中风险,0.187,中风险
1851.0,loc5,location5,0.14,中风险,0.074,低风险,0.209,中风险,0.262,中风险,0.173,中风险,0.182,中风险
1854.0,loc5,location5,0.449,高风险,0.305,中风险,0.575,高风险,0.596,高风险,0.468,高风险,0.492,高风险
1857.0,loc5,location5,0.4,高风险,0.292,中风险,0.478,高风险,0.503,高风险,0.409,高风险,0.425,高风险
1862.0,loc5,location5,0.427,高风险,0.351,高风险,0.437,高风险,0.551,高风险,0.446,高风险,0.446,高风险
1864.0,loc5,location5,0.345,高风险,0.207,中风险,0.483,高风险,0.537,高风险,0.386,高风险,0.409,高风险
1870.0,loc5,location5,0.269,中风险,0.157,中风险,0.384,高风险,0.432,高风险,0.306,中风险,0.324,高风险
1871.0,loc5,location5,0.433,高风险,0.349,高风险,0.452,高风险,0.57,高风险,0.455,高风险,0.457,高风险
1878.0,loc5,location5,0.242,中风险,0.097,低风险,0.41,高风险,0.514,高风险,0.318,高风险,0.34,高风险
1882.0,loc5,location5,0.175,中风险,0.07,低风险,0.296,中风险,0.371,高风险,0.23,中风险,0.246,中风险
1883.0,loc5,location5,0.161,中风险,0.065,低风险,0.274,中风险,0.343,高风险,0.212,中风险,0.227,中风险
1888.0,loc5,location5,0.241,中风险,0.135,中风险,0.35,高风险,0.419,高风险,0.286,中风险,0.301,中风险
1892.0,loc5,location5,0.344,高风险,0.282,中风险,0.353,高风险,0.445,高风险,0.36,高风险,0.36,高风险
1893.0,loc5,location5,0.261,中风险,0.105,低风险,0.442,高风险,0.554,高风险,0.342,高风险,0.367,高风险
1898.0,loc5,location5,0.176,中风险,0.071,低风险,0.298,中风险,0.374,高风险,0.231,中风险,0.248,中风险
1904.0,loc5,location5,0.213,中风险,0.085,低风险,0.361,高风险,0.452,高风险,0.279,中风险,0.299,中风险
1905.0,loc5,location5,0.424,高风险,0.304,中风险,0.505,高风险,0.635,高风险,0.471,高风险,0.481,高风险
1908.0,loc5,location5,0.204,中风险,0.082,低风险,0.346,高风险,0.433,高风险,0.268,中风险,0.287,中风险
1910.0,loc5,location5,0.377,高风险,0.284,中风险,0.44,高风险,0.439,高风险,0.373,高风险,0.388,高风险
1912.0,loc5,location5,0.804,高风险,0.697,高风险,0.785,高风险,0.798,高风险,0.753,高风险,0.76,高风险
1913.0,loc5,location5,0.241,中风险,0.097,低风险,0.409,高风险,0.512,高风险,0.317,高风险,0.339,高风险
1916.0,loc5,location5,0.252,中风险,0.101,低风险,0.427,高风险,0.535,高风险,0.331,高风险,0.354,高风险
1920.0,loc5,location5,0.421,高风险,0.294,中风险,0.514,高风险,0.647,高风险,0.473,高风险,0.485,高风险
1921.0,loc5,location5,0.262,中风险,0.105,低风险,0.444,高风险,0.557,高风险,0.344,高风险,0.369,高风险
1922.0,loc5,location5,0.236,中风险,0.095,低风险,0.4,高风险,0.501,高风险,0.31,中风险,0.332,高风险
1924.0,loc5,location5,0.403,高风险,0.24,中风险,0.566,高风险,0.631,高风险,0.453,高风险,0.479,高风险
1940.0,loc5,location5,0.45,高风险,0.308,中风险,0.558,高风险,0.702,高风险,0.509,高风险,0.523,高风险
1942.0,loc5,location5,0.753,高风险,0.663,高风险,0.718,高风险,0.741,高风险,0.704,高风险,0.707,高风险
1947.0,loc5,location5,0.431,高风险,0.308,中风险,0.529,高风险,0.529,高风险,0.434,高风险,0.455,高风险
1950.0,loc5,location5,0.396,高风险,0.3,中风险,0.445,高风险,0.561,高风险,0.429,高风险,0.435,高风险
1962.0,loc5,location5,0.466,高风险,0.328,高风险,0.578,高风险,0.591,高风险,0.476,高风险,0.499,高风险
1963.0,loc5,location5,0.252,中风险,0.101,低风险,0.427,高风险,0.534,高风险,0.33,高风险,0.354,高风险
1968.0,loc5,location5,0.421,高风险,0.306,中风险,0.493,高风险,0.621,高风险,0.464,高风险,0.473,高风险
1973.0,loc5,location5,0.652,高风险,0.543,高风险,0.669,高风险,0.715,高风险,0.634,高风险,0.642,高风险
1974.0,loc5,location5,0.31,高风险,0.124,中风险,0.526,高风险,0.659,高风险,0.408,高风险,0.437,高风险
1979.0,loc5,location5,0.0,低风险,0.0,低风险,0.0,低风险,0.0,低风险,0.0,低风险,0.0,低风险
1982.0,loc5,location5,0.407,高风险,0.27,中风险,0.532,高风险,0.559,高风险,0.431,高风险,0.454,高风险
1987.0,loc5,location5,0.777,高风险,0.68,高风险,0.746,高风险,0.792,高风险,0.736,高风险,0.739,高风险
1989.0,loc5,location5,0.263,中风险,0.105,低风险,0.445,高风险,0.557,高风险,0.345,高风险,0.369,高风险
1990.0,loc5,location5,0.213,中风险,0.085,低风险,0.36,高风险,0.451,高风险,0.279,中风险,0.299,中风险
1993.0,loc5,location5,0.216,中风险,0.087,低风险,0.367,高风险,0.459,高风险,0.284,中风险,0.304,中风险
2005.0,loc5,location5,0.468,高风险,0.332,高风险,0.578,高风险,0.581,高风险,0.474,高风险,0.497,高风险
2013.0,loc5,location5,0.391,高风险,0.259,中风险,0.512,高风险,0.54,高风险,0.415,高风险,0.437,高风险
2017.0,loc5,location5,0.259,中风险,0.104,低风险,0.439,高风险,0.55,高风险,0.34,高风险,0.364,高风险
2023.0,loc5,location5,0.149,中风险,0.06,低风险,0.253,中风险,0.316,高风险,0.196,中风险,0.21,中风险
2035.0,loc5,location5,0.22,中风险,0.088,低风险,0.373,高风险,0.467,高风险,0.289,中风险,0.309,中风险
2046.0,loc5,location5,0.595,高风险,0.477,高风险,0.628,高风险,0.791,高风险,0.629,高风险,0.632,高风险
2061.0,loc5,location5,0.229,中风险,0.102,低风险,0.372,高风险,0.466,高风险,0.294,中风险,0.314,高风险
2064.0,loc5,location5,0.218,中风险,0.087,低风险,0.37,高风险,0.463,高风险,0.286,中风险,0.307,中风险
2067.0,loc5,location5,0.235,中风险,0.094,低风险,0.399,高风险,0.499,高风险,0.309,中风险,0.331,高风险
2074.0,loc5,location5,0.185,中风险,0.074,低风险,0.313,高风险,0.392,高风险,0.243,中风险,0.26,中风险
2079.0,loc5,location5,0.198,中风险,0.079,低风险,0.336,高风险,0.421,高风险,0.26,中风险,0.279,中风险
2087.0,loc5,location5,0.249,中风险,0.1,低风险,0.423,高风险,0.529,高风险,0.327,高风险,0.351,高风险
2110.0,loc5,location5,0.0,低风险,0.0,低风险,0.0,低风险,0.0,低风险,0.0,低风险,0.0,低风险
2111.0,loc5,location5,0.272,中风险,0.141,中风险,0.413,高风险,0.486,高风险,0.326,高风险,0.347,高风险
2115.0,loc5,location5,0.31,中风险,0.292,中风险,0.275,中风险,0.177,中风险,0.243,中风险,0.248,中风险
2129.0,loc5,location5,0.31,高风险,0.161,中风险,0.472,高风险,0.554,高风险,0.372,高风险,0.396,高风险
2134.0,loc5,location5,0.123,中风险,0.049,低风险,0.209,中风险,0.262,中风险,0.162,中风险,0.174,中风险
2143.0,loc5,location5,0.0,低风险,0.0,低风险,0.0,低风险,0.0,低风险,0.0,低风险,0.0,低风险
2144.0,loc5,location5,0.383,高风险,0.266,中风险,0.478,高风险,0.524,高风险,0.406,高风险,0.423,高风险
2145.0,loc5,location5,0.419,高风险,0.297,中风险,0.508,高风险,0.597,高风险,0.453,高风险,0.467,高风险
2148.0,loc5,location5,0.487,高风险,0.37,高风险,0.546,高风险,0.688,高风险,0.527,高风险,0.534,高风险
2149.0,loc5,location5,0.388,高风险,0.396,高风险,0.274,中风险,0.349,高风险,0.356,高风险,0.34,高风险
2152.0,loc5,location5,0.437,高风险,0.306,中风险,0.541,高风险,0.596,高风险,0.462,高风险,0.481,高风险
2159.0,loc5,location5,0.541,高风险,0.432,高风险,0.584,高风险,0.625,高风险,0.535,高风险,0.547,高风险
2170.0,loc5,location5,0.595,高风险,0.5,高风险,0.606,高风险,0.619,高风险,0.566,高风险,0.575,高风险
2172.0,loc5,location5,0.453,高风险,0.372,高风险,0.464,高风险,0.586,高风险,0.473,高风险,0.474,高风险
2176.0,loc5,location5,0.364,高风险,0.27,中风险,0.419,高风险,0.527,高风险,0.399,高风险,0.406,高风险
2179.0,loc5,location5,0.477,高风险,0.363,高风险,0.535,高风险,0.674,高风险,0.517,高风险,0.524,高风险
2184.0,loc5,location5,0.256,中风险,0.103,低风险,0.434,高风险,0.544,高风险,0.336,高风险,0.36,高风险
2220.0,loc5,location5,0.142,中风险,0.057,低风险,0.241,中风险,0.302,中风险,0.187,中风险,0.2,中风险
2228.0,loc5,location5,0.133,中风险,0.053,低风险,0.226,中风险,0.283,中风险,0.175,中风险,0.188,中风险
2233.0,loc5,location5,0.252,中风险,0.101,低风险,0.427,高风险,0.535,高风险,0.331,高风险,0.354,高风险
2238.0,loc5,location5,0.471,高风险,0.34,高风险,0.574,高风险,0.569,高风险,0.472,高风险,0.495,高风险
2254.0,loc5,location5,0.0,低风险,0.0,低风险,0.0,低风险,0.0,低风险,0.0,低风险,0.0,低风险
2264.0,loc5,location5,0.229,中风险,0.092,低风险,0.388,高风险,0.486,高风险,0.301,中风险,0.322,高风险
2272.0,loc5,location5,0.346,高风险,0.291,中风险,0.361,高风险,0.301,中风险,0.307,中风险,0.318,高风险
2281.0,loc5,location5,0.226,中风险,0.238,中风险,0.164,中风险,0.059,低风险,0.153,中风险,0.153,中风险
2284.0,loc5,location5,0.448,高风险,0.35,高风险,0.486,高风险,0.613,高风险,0.479,高风险,0.483,高风险
2289.0,loc5,location5,0.562,高风险,0.435,高风险,0.641,高风险,0.595,高风险,0.534,高风险,0.557,高风险
2291.0,loc5,location5,0.25,中风险,0.192,中风险,0.287,中风险,0.268,中风险,0.239,中风险,0.249,中风险
2292.0,loc5,location5,0.294,中风险,0.165,中风险,0.423,高风险,0.531,高风险,0.356,高风险,0.373,高风险
2301.0,loc5,location5,0.381,高风险,0.221,中风险,0.536,高风险,0.672,高风险,0.456,高风险,0.476,高风险
2306.0,loc5,location5,0.331,高风险,0.247,中风险,0.39,高风险,0.375,高风险,0.323,高风险,0.337,高风险
2309.0,loc5,location5,0.599,高风险,0.479,高风险,0.632,高风险,0.797,高风险,0.633,高风险,0.636,高风险
2317.0,loc5,location5,0.347,高风险,0.249,中风险,0.424,高风险,0.421,高风险,0.348,高风险,0.365,高风险
2323.0,loc5,location5,0.416,高风险,0.282,中风险,0.521,高风险,0.655,高风险,0.472,高风险,0.486,高风险
2326.0,loc5,location5,0.205,中风险,0.082,低风险,0.348,高风险,0.436,高风险,0.269,中风险,0.289,中风险
2331.0,loc5,location5,0.472,高风险,0.318,高风险,0.609,高风险,0.635,高风险,0.495,高风险,0.52,高风险
2333.0,loc5,location5,0.505,高风险,0.41,高风险,0.525,高风险,0.662,高风险,0.531,高风险,0.532,高风险
2335.0,loc5,location5,0.173,中风险,0.097,低风险,0.252,中风险,0.288,中风险,0.2,中风险,0.212,中风险
2339.0,loc5,location5,0.24,中风险,0.096,低风险,0.408,高风险,0.51,高风险,0.316,高风险,0.338,高风险
2341.0,loc5,location5,0.41,高风险,0.311,高风险,0.461,高风险,0.58,高风险,0.445,高风险,0.451,高风险
2349.0,loc5,location5,0.402,高风险,0.294,中风险,0.47,高风险,0.591,高风险,0.443,高风险,0.452,高风险
2354.0,loc5,location5,0.502,高风险,0.381,高风险,0.583,高风险,0.551,高风险,0.484,高风险,0.505,高风险
2368.0,loc5,location5,0.11,中风险,0.044,低风险,0.187,中风险,0.234,中风险,0.145,中风险,0.155,中风险
2372.0,loc5,location5,0.235,中风险,0.094,低风险,0.398,高风险,0.499,高风险,0.308,中风险,0.33,高风险
2384.0,loc5,location5,0.528,高风险,0.38,高风险,0.644,高风险,0.638,高风险,0.529,高风险,0.554,高风险
2391.0,loc5,location5,0.229,中风险,0.092,低风险,0.389,高风险,0.487,高风险,0.301,中风险,0.323,高风险
2406.0,loc5,location5,0.289,中风险,0.197,中风险,0.361,高风险,0.454,高风险,0.328,高风险,0.338,高风险
2407.0,loc5,location5,0.324,高风险,0.212,中风险,0.427,高风险,0.454,高风险,0.346,高风险,0.364,高风险
2408.0,loc5,location5,0.0,低风险,0.0,低风险,0.0,低风险,0.0,低风险,0.0,低风险,0.0,低风险
2418.0,loc5,location5,0.498,高风险,0.392,高风险,0.545,高风险,0.597,高风险,0.501,高风险,0.512,高风险
2423.0,loc5,location5,0.265,中风险,0.106,低风险,0.449,高风险,0.562,高风险,0.348,高风险,0.372,高风险
2429.0,loc5,location5,0.745,高风险,0.628,高风险,0.752,高风险,0.804,高风险,0.72,高风险,0.728,高风险
2432.0,loc5,location5,0.268,中风险,0.107,低风险,0.454,高风险,0.569,高风险,0.352,高风险,0.377,高风险
2437.0,loc5,location5,0.081,低风险,0.033,低风险,0.138,中风险,0.173,中风险,0.107,低风险,0.114,中风险
2444.0,loc5,location5,0.294,中风险,0.196,中风险,0.372,高风险,0.468,高风险,0.335,高风险,0.345,高风险
2453.0,loc5,location5,0.172,中风险,0.093,低风险,0.255,中风险,0.312,高风险,0.208,中风险,0.22,中风险
2455.0,loc5,location5,0.0,低风险,0.0,低风险,0.0,低风险,0.0,低风险,0.0,低风险,0.0,低风险
2456.0,loc5,location5,0.201,中风险,0.08,低风险,0.34,高风险,0.426,高风险,0.264,中风险,0.282,中风险
2471.0,loc5,location5,0.807,高风险,0.714,高风险,0.775,高风险,0.7,高风险,0.719,高风险,0.73,高风险
2475.0,loc5,location5,0.218,中风险,0.087,低风险,0.369,高风险,0.463,高风险,0.286,中风险,0.306,中风险
2478.0,loc5,location5,0.317,高风险,0.127,中风险,0.537,高风险,0.673,高风险,0.416,高风险,0.446,高风险
2487.0,loc5,location5,0.209,中风险,0.084,低风险,0.354,高风险,0.444,高风险,0.274,中风险,0.294,中风险
2489.0,loc5,location5,0.249,中风险,0.1,低风险,0.421,高风险,0.528,高风险,0.326,高风险,0.35,高风险
2490.0,loc5,location5,0.347,高风险,0.238,中风险,0.441,高风险,0.454,高风险,0.36,高风险,0.378,高风险
2494.0,loc5,location5,0.0,低风险,0.0,低风险,0.0,低风险,0.0,低风险,0.0,低风险,0.0,低风险
2498.0,loc5,location5,0.437,高风险,0.305,中风险,0.547,高风险,0.557,高风险,0.447,高风险,0.47,高风险
2500.0,loc5,location5,0.051,低风险,0.054,低风险,0.037,低风险,0.013,低风险,0.035,低风险,0.035,低风险
2502.0,loc5,location5,0.415,高风险,0.28,中风险,0.535,高风险,0.558,高风险,0.435,高风险,0.458,高风险
2516.0,loc5,location5,0.434,高风险,0.322,高风险,0.498,高风险,0.626,高风险,0.474,高风险,0.482,高风险
2517.0,loc5,location5,0.527,高风险,0.426,高风险,0.55,高风险,0.693,高风险,0.554,高风险,0.556,高风险
2521.0,loc5,location5,0.213,中风险,0.085,低风险,0.361,高风险,0.452,高风险,0.279,中风险,0.299,中风险
2525.0,loc5,location5,0.508,高风险,0.428,高风险,0.501,高风险,0.633,高风险,0.523,高风险,0.521,高风险
2527.0,loc5,location5,0.405,高风险,0.28,中风险,0.511,高风险,0.522,高风险,0.417,高风险,0.438,高风险
2531.0,loc5,location5,0.65,高风险,0.534,高风险,0.685,高风险,0.695,高风险,0.624,高风险,0.638,高风险
2533.0,loc5,location5,0.375,高风险,0.26,中风险,0.471,高风险,0.481,高风险,0.385,高风险,0.404,高风险
2541.0,loc5,location5,0.06,低风险,0.064,低风险,0.044,低风险,0.016,低风险,0.041,低风险,0.041,低风险
2543.0,loc5,location5,0.0,低风险,0.0,低风险,0.0,低风险,0.0,低风险,0.0,低风险,0.0,低风险
2546.0,loc5,location5,0.233,中风险,0.093,低风险,0.395,高风险,0.494,高风险,0.306,中风险,0.328,高风险
2547.0,loc5,location5,0.19,中风险,0.076,低风险,0.322,高风险,0.403,高风险,0.249,中风险,0.267,中风险
2550.0,loc5,location5,0.256,中风险,0.103,低风险,0.434,高风险,0.544,高风险,0.336,高风险,0.36,高风险
2560.0,loc5,location5,0.432,高风险,0.297,中风险,0.55,高风险,0.566,高风险,0.448,高风险,0.471,高风险
2564.0,loc5,location5,0.338,高风险,0.183,中风险,0.503,高风险,0.583,高风险,0.398,高风险,0.423,高风险
2567.0,loc5,location5,0.573,高风险,0.459,高风险,0.615,高风险,0.686,高风险,0.577,高风险,0.587,高风险
2569.0,loc5,location5,0.296,中风险,0.312,高风险,0.215,中风险,0.078,低风险,0.201,中风险,0.202,中风险
2570.0,loc5,location5,0.187,中风险,0.075,低风险,0.317,高风险,0.397,高风险,0.245,中风险,0.263,中风险
2573.0,loc5,location5,0.412,高风险,0.339,高风险,0.433,高风险,0.419,高风险,0.387,高风险,0.397,高风险
2580.0,loc5,location5,0.507,高风险,0.383,高风险,0.582,高风险,0.637,高风险,0.519,高风险,0.534,高风险
2581.0,loc5,location5,0.455,高风险,0.319,高风险,0.569,高风险,0.578,高风险,0.465,高风险,0.489,高风险
2587.0,loc5,location5,0.394,高风险,0.256,中风险,0.523,高风险,0.557,高风险,0.422,高风险,0.445,高风险
2588.0,loc5,location5,0.282,中风险,0.113,中风险,0.477,高风险,0.598,高风险,0.37,高风险,0.396,高风险
2590.0,loc5,location5,0.0,低风险,0.0,低风险,0.0,低风险,0.0,低风险,0.0,低风险,0.0,低风险
2597.0,loc5,location5,0.187,中风险,0.075,低风险,0.317,高风险,0.396,高风险,0.245,中风险,0.263,中风险
2599.0,loc5,location5,0.361,高风险,0.257,中风险,0.433,高风险,0.545,高风险,0.403,高风险,0.412,高风险
2604.0,loc5,location5,0.209,中风险,0.084,低风险,0.354,高风险,0.443,高风险,0.274,中风险,0.293,中风险
2609.0,loc5,location5,0.236,中风险,0.095,低风险,0.4,高风险,0.501,高风险,0.31,中风险,0.332,高风险
2610.0,loc5,location5,0.194,中风险,0.078,低风险,0.328,高风险,0.411,高风险,0.254,中风险,0.272,中风险
2611.0,loc5,location5,0.135,中风险,0.054,低风险,0.229,中风险,0.287,中风险,0.177,中风险,0.19,中风险
2612.0,loc5,location5,0.182,中风险,0.073,低风险,0.309,中风险,0.387,高风险,0.239,中风险,0.256,中风险
2613.0,loc5,location5,0.61,高风险,0.498,高风险,0.631,高风险,0.787,高风险,0.637,高风险,0.639,高风险
2615.0,loc5,location5,0.43,高风险,0.287,中风险,0.546,高风险,0.686,高风险,0.491,高风险,0.506,高风险
2618.0,loc5,location5,0.262,中风险,0.105,低风险,0.444,高风险,0.556,高风险,0.344,高风险,0.368,高风险
2628.0,loc5,location5,0.24,中风险,0.155,中风险,0.313,高风险,0.394,高风险,0.278,中风险,0.287,中风险
2629.0,loc5,location5,0.408,高风险,0.265,中风险,0.541,高风险,0.576,高风险,0.437,高风险,0.461,高风险
2635.0,loc5,location5,0.378,高风险,0.232,中风险,0.52,高风险,0.572,高风险,0.418,高风险,0.441,高风险
2643.0,loc5,location5,0.101,低风险,0.041,低风险,0.171,中风险,0.215,中风险,0.133,中风险,0.142,中风险
2660.0,loc5,location5,0.224,中风险,0.09,低风险,0.379,高风险,0.475,高风险,0.294,中风险,0.315,高风险
2664.0,loc5,location5,0.248,中风险,0.178,中风险,0.295,中风险,0.371,高风险,0.275,中风险,0.281,中风险
2665.0,loc5,location5,0.0,低风险,0.0,低风险,0.0,低风险,0.0,低风险,0.0,低风险,0.0,低风险
2666.0,loc5,location5,0.39,高风险,0.253,中风险,0.516,高风险,0.55,高风险,0.417,高风险,0.44,高风险
2672.0,loc5,location5,0.0,低风险,0.0,低风险,0.0,低风险,0.0,低风险,0.0,低风险,0.0,低风险
2673.0,loc5,location5,0.208,中风险,0.083,低风险,0.353,高风险,0.441,高风险,0.273,中风险,0.292,中风险
2674.0,loc5,location5,0.189,中风险,0.076,低风险,0.321,高风险,0.402,高风险,0.249,中风险,0.266,中风险
2680.0,loc5,location5,0.341,高风险,0.246,中风险,0.415,高风险,0.411,高风险,0.341,高风险,0.357,高风险
2685.0,loc5,location5,0.169,中风险,0.068,低风险,0.287,中风险,0.36,高风险,0.222,中风险,0.238,中风险
2690.0,loc5,location5,0.464,高风险,0.319,高风险,0.589,高风险,0.606,高风险,0.48,高风险,0.505,高风险
2691.0,loc5,location5,0.432,高风险,0.319,高风险,0.512,高风险,0.521,高风险,0.433,高风险,0.451,高风险
2702.0,loc5,location5,0.232,中风险,0.093,低风险,0.394,高风险,0.493,高风险,0.305,中风险,0.326,高风险
2705.0,loc5,location5,0.239,中风险,0.096,低风险,0.405,高风险,0.507,高风险,0.313,高风险,0.336,高风险
2718.0,loc5,location5,0.189,中风险,0.076,低风险,0.321,高风险,0.402,高风险,0.249,中风险,0.266,中风险
2721.0,loc5,location5,0.29,中风险,0.21,中风险,0.343,高风险,0.432,高风险,0.322,高风险,0.328,高风险
2722.0,loc5,location5,0.151,中风险,0.061,低风险,0.257,中风险,0.321,高风险,0.199,中风险,0.213,中风险
2725.0,loc5,location5,0.669,高风险,0.52,高风险,0.76,高风险,0.701,高风险,0.634,高风险,0.66,高风险
2733.0,loc5,location5,0.217,中风险,0.087,低风险,0.369,高风险,0.462,高风险,0.286,中风险,0.306,中风险
2742.0,loc5,location5,0.188,中风险,0.076,低风险,0.32,高风险,0.4,高风险,0.247,中风险,0.265,中风险
2747.0,loc5,location5,0.344,高风险,0.219,中风险,0.463,高风险,0.499,高风险,0.373,高风险,0.394,高风险
2753.0,loc5,location5,0.347,高风险,0.224,中风险,0.462,高风险,0.494,高风险,0.373,高风险,0.393,高风险
2758.0,loc5,location5,0.263,中风险,0.105,低风险,0.445,高风险,0.557,高风险,0.345,高风险,0.369,高风险
2767.0,loc5,location5,0.237,中风险,0.095,低风险,0.402,高风险,0.504,高风险,0.311,高风险,0.334,高风险
2776.0,loc5,location5,0.267,中风险,0.128,中风险,0.423,高风险,0.509,高风险,0.331,高风险,0.353,高风险
2788.0,loc5,location5,0.221,中风险,0.088,低风险,0.374,高风险,0.469,高风险,0.29,中风险,0.311,高风险
2798.0,loc5,location5,0.234,中风险,0.094,低风险,0.397,高风险,0.497,高风险,0.307,中风险,0.329,高风险
2802.0,loc5,location5,0.417,高风险,0.283,中风险,0.535,高风险,0.554,高风险,0.435,高风险,0.457,高风险
2809.0,loc5,location5,0.263,中风险,0.105,低风险,0.446,高风险,0.558,高风险,0.345,高风险,0.37,高风险
2824.0,loc5,location5,0.0,低风险,0.0,低风险,0.0,低风险,0.0,低风险,0.0,低风险,0.0,低风险
2827.0,loc5,location5,0.184,中风险,0.126,中风险,0.234,中风险,0.242,中风险,0.191,中风险,0.201,中风险
2836.0,loc5,location5,0.274,中风险,0.11,低风险,0.465,高风险,0.582,高风险,0.36,高风险,0.386,高风险
2838.0,loc5,location5,0.434,高风险,0.263,中风险,0.604,高风险,0.668,高风险,0.484,高风险,0.512,高风险
2849.0,loc5,location5,0.206,中风险,0.082,低风险,0.348,高风险,0.436,高风险,0.27,中风险,0.289,中风险
2853.0,loc5,location5,0.4,高风险,0.257,中风险,0.534,高风险,0.572,高风险,0.431,高风险,0.454,高风险
2856.0,loc5,location5,0.38,高风险,0.24,中风险,0.504,高风险,0.633,高风险,0.443,高风险,0.459,高风险
2859.0,loc5,location5,0.266,中风险,0.107,低风险,0.451,高风险,0.565,高风险,0.349,高风险,0.374,高风险
2861.0,loc5,location5,0.159,中风险,0.064,低风险,0.27,中风险,0.338,高风险,0.209,中风险,0.224,中风险
2866.0,loc5,location5,0.274,中风险,0.124,中风险,0.444,高风险,0.541,高风险,0.346,高风险,0.37,高风险
2869.0,loc5,location5,0.508,高风险,0.41,高风险,0.538,高风险,0.625,高风险,0.518,高风险,0.524,高风险
2871.0,loc5,location5,0.447,高风险,0.333,高风险,0.511,高风险,0.643,高风险,0.488,高风险,0.496,高风险
2874.0,loc5,location5,0.192,中风险,0.077,低风险,0.326,高风险,0.408,高风险,0.252,中风险,0.27,中风险
2879.0,loc5,location5,0.277,中风险,0.181,中风险,0.358,高风险,0.45,高风险,0.319,高风险,0.33,高风险
2883.0,loc5,location5,0.415,高风险,0.287,中风险,0.512,高风险,0.644,高风险,0.468,高风险,0.481,高风险
2886.0,loc5,location5,0.265,中风险,0.106,低风险,0.45,高风险,0.563,高风险,0.348,高风险,0.373,高风险
2890.0,loc5,location5,0.444,高风险,0.313,高风险,0.541,高风险,0.642,高风险,0.484,高风险,0.499,高风险
2892.0,loc5,location5,0.202,中风险,0.081,低风险,0.343,高风险,0.429,高风险,0.265,中风险,0.284,中风险
2899.0,loc5,location5,0.518,高风险,0.379,高风险,0.623,高风险,0.61,高风险,0.513,高风险,0.537,高风险
2901.0,loc5,location5,0.547,高风险,0.433,高风险,0.604,高风险,0.606,高风险,0.531,高风险,0.547,高风险
2904.0,loc5,location5,0.39,高风险,0.279,中风险,0.466,高风险,0.587,高风险,0.434,高风险,0.444,高风险
2905.0,loc5,location5,0.499,高风险,0.444,高风险,0.469,高风险,0.474,高风险,0.46,高风险,0.462,高风险
2910.0,loc5,location5,0.605,高风险,0.477,高风险,0.658,高风险,0.768,高风险,0.625,高风险,0.634,高风险
2911.0,loc5,location5,0.379,高风险,0.253,中风险,0.482,高风险,0.606,高风险,0.434,高风险,0.447,高风险
2914.0,loc5,location5,0.508,高风险,0.355,高风险,0.633,高风险,0.678,高风险,0.532,高风险,0.555,高风险
2918.0,loc5,location5,0.535,高风险,0.41,高风险,0.602,高风险,0.695,高风险,0.557,高风险,0.569,高风险
2919.0,loc5,location5,0.255,中风险,0.102,低风险,0.432,高风险,0.541,高风险,0.335,高风险,0.358,高风险
2923.0,loc5,location5,0.567,高风险,0.444,高风险,0.626,高风险,0.685,高风险,0.572,高风险,0.585,高风险
2928.0,loc5,location5,0.575,高风险,0.47,高风险,0.607,高风险,0.627,高风险,0.557,高风险,0.568,高风险
2930.0,loc5,location5,0.294,中风险,0.189,中风险,0.384,高风险,0.482,高风险,0.34,高风险,0.352,高风险
2931.0,loc5,location5,0.188,中风险,0.075,低风险,0.318,高风险,0.399,高风险,0.247,中风险,0.264,中风险
2935.0,loc5,location5,0.278,中风险,0.142,中风险,0.425,高风险,0.501,高风险,0.335,高风险,0.356,高风险
2942.0,loc5,location5,0.504,高风险,0.365,高风险,0.593,高风险,0.746,高风险,0.557,高风险,0.568,高风险
2950.0,loc5,location5,0.373,高风险,0.276,中风险,0.429,高风险,0.54,高风险,0.408,高风险,0.415,高风险
2967.0,loc5,location5,0.43,高风险,0.315,高风险,0.515,高风险,0.503,高风险,0.425,高风险,0.444,高风险
2968.0,loc5,location5,0.26,中风险,0.104,低风险,0.441,高风险,0.553,高风险,0.342,高风险,0.366,高风险
2976.0,loc5,location5,0.387,高风险,0.264,中风险,0.482,高风险,0.606,高风险,0.438,高风险,0.451,高风险
2981.0,loc5,location5,0.303,中风险,0.202,中风险,0.383,高风险,0.482,高风险,0.345,高风险,0.356,高风险
2983.0,loc5,location5,0.433,高风险,0.299,中风险,0.547,高风险,0.56,高风险,0.446,高风险,0.469,高风险
2988.0,loc5,location5,0.163,中风险,0.105,低风险,0.216,中风险,0.246,中风险,0.181,中风险,0.189,中风险
2990.0,loc5,location5,0.658,高风险,0.563,高风险,0.653,高风险,0.667,高风险,0.62,高风险,0.628,高风险
2992.0,loc5,location5,0.149,中风险,0.06,低风险,0.253,中风险,0.316,高风险,0.196,中风险,0.21,中风险
3000.0,loc5,location5,0.251,中风险,0.156,中风险,0.34,高风险,0.4,高风险,0.285,中风险,0.299,中风险
3007.0,loc5,location5,0.453,高风险,0.322,高风险,0.559,高风险,0.561,高风险,0.459,高风险,0.481,高风险
3014.0,loc5,location5,0.312,高风险,0.143,中风险,0.502,高风险,0.61,高风险,0.392,高风险,0.418,高风险
3016.0,loc5,location5,0.483,高风险,0.37,高风险,0.538,高风险,0.677,高风险,0.522,高风险,0.528,高风险
3026.0,loc5,location5,0.182,中风险,0.073,低风险,0.309,中风险,0.387,高风险,0.239,中风险,0.256,中风险
3029.0,loc5,location5,0.16,中风险,0.065,低风险,0.27,中风险,0.338,高风险,0.209,中风险,0.224,中风险
3030.0,loc5,location5,0.111,中风险,0.045,低风险,0.189,中风险,0.237,中风险,0.146,中风险,0.157,中风险
3040.0,loc5,location5,0.137,中风险,0.055,低风险,0.233,中风险,0.292,中风险,0.18,中风险,0.193,中风险
3041.0,loc5,location5,0.174,中风险,0.07,低风险,0.294,中风险,0.369,高风险,0.228,中风险,0.244,中风险
3043.0,loc5,location5,0.18,中风险,0.072,低风险,0.305,中风险,0.383,高风险,0.237,中风险,0.253,中风险
3048.0,loc5,location5,0.449,高风险,0.287,中风险,0.602,高风险,0.647,高风险,0.485,高风险,0.512,高风险
3057.0,loc5,location5,0.367,高风险,0.272,中风险,0.423,高风险,0.533,高风险,0.402,高风险,0.409,高风险
3058.0,loc5,location5,0.0,低风险,0.0,低风险,0.0,低风险,0.0,低风险,0.0,低风险,0.0,低风险
3064.0,loc5,location5,0.032,低风险,0.034,低风险,0.023,低风险,0.008,低风险,0.022,低风险,0.022,低风险
3072.0,loc5,location5,0.2,中风险,0.15,中风险,0.228,中风险,0.287,中风险,0.218,中风险,0.222,中风险
3073.0,loc5,location5,0.339,高风险,0.317,高风险,0.284,中风险,0.36,高风险,0.329,高风险,0.32,高风险
3076.0,loc5,location5,0.374,高风险,0.287,中风险,0.416,高风险,0.523,高风险,0.404,高风险,0.409,高风险
3077.0,loc5,location5,0.0,低风险,0.0,低风险,0.0,低风险,0.0,低风险,0.0,低风险,0.0,低风险
3083.0,loc5,location5,0.169,中风险,0.068,低风险,0.287,中风险,0.36,高风险,0.222,中风险,0.238,中风险
3097.0,loc5,location5,0.152,中风险,0.061,低风险,0.259,中风险,0.324,高风险,0.2,中风险,0.214,中风险
3103.0,loc5,location5,0.21,中风险,0.084,低风险,0.357,高风险,0.447,高风险,0.276,中风险,0.296,中风险
3107.0,loc5,location5,0.18,中风险,0.072,低风险,0.305,中风险,0.382,高风险,0.236,中风险,0.253,中风险
3108.0,loc5,location5,0.0,低风险,0.0,低风险,0.0,低风险,0.0,低风险,0.0,低风险,0.0,低风险
3110.0,loc5,location5,0.194,中风险,0.078,低风险,0.328,高风险,0.411,高风险,0.254,中风险,0.272,中风险
3113.0,loc5,location5,0.167,中风险,0.067,低风险,0.283,中风险,0.354,高风险,0.219,中风险,0.235,中风险
3114.0,loc5,location5,0.118,中风险,0.061,低风险,0.177,中风险,0.222,中风险,0.145,中风险,0.153,中风险
3122.0,loc5,location5,0.23,中风险,0.092,低风险,0.391,高风险,0.489,高风险,0.302,中风险,0.324,高风险
3136.0,loc5,location5,0.393,高风险,0.313,高风险,0.427,高风险,0.454,高风险,0.389,高风险,0.398,高风险
3150.0,loc5,location5,0.269,中风险,0.178,中风险,0.353,高风险,0.372,高风险,0.286,中风险,0.301,中风险
3163.0,loc5,location5,0.264,中风险,0.16,中风险,0.361,高风险,0.453,高风险,0.312,高风险,0.325,高风险
3166.0,loc5,location5,0.318,高风险,0.136,中风险,0.527,高风险,0.652,高风险,0.41,高风险,0.438,高风险
3171.0,loc5,location5,0.257,中风险,0.186,中风险,0.303,中风险,0.381,高风险,0.284,中风险,0.29,中风险
3172.0,loc5,location5,0.307,中风险,0.176,中风险,0.443,高风险,0.502,高风险,0.352,高风险,0.373,高风险
3181.0,loc5,location5,0.177,中风险,0.186,中风险,0.128,中风险,0.046,低风险,0.12,中风险,0.12,中风险
3184.0,loc5,location5,0.438,高风险,0.295,中风险,0.552,高风险,0.694,高风险,0.499,高风险,0.514,高风险
3189.0,loc5,location5,0.233,中风险,0.093,低风险,0.395,高风险,0.495,高风险,0.306,中风险,0.328,高风险
3193.0,loc5,location5,0.182,中风险,0.129,中风险,0.219,中风险,0.276,中风险,0.203,中风险,0.208,中风险
3196.0,loc5,location5,0.0,低风险,0.0,低风险,0.0,低风险,0.0,低风险,0.0,低风险,0.0,低风险
3198.0,loc5,location5,0.105,低风险,0.111,中风险,0.076,低风险,0.028,低风险,0.072,低风险,0.072,低风险
3200.0,loc5,location5,0.369,高风险,0.23,中风险,0.502,高风险,0.547,高风险,0.404,高风险,0.426,高风险
3201.0,loc5,location5,0.0,低风险,0.0,低风险,0.0,低风险,0.0,低风险,0.0,低风险,0.0,低风险
3206.0,loc5,location5,0.274,中风险,0.288,中风险,0.199,中风险,0.072,低风险,0.186,中风险,0.186,中风险
3207.0,loc5,location5,0.251,中风险,0.101,低风险,0.426,高风险,0.534,高风险,0.33,高风险,0.354,高风险
3214.0,loc5,location5,0.21,中风险,0.084,低风险,0.355,高风险,0.445,高风险,0.275,中风险,0.295,中风险
3216.0,loc5,location5,0.218,中风险,0.087,低风险,0.369,高风险,0.463,高风险,0.286,中风险,0.306,中风险
3219.0,loc5,location5,0.211,中风险,0.085,低风险,0.358,高风险,0.449,高风险,0.278,中风险,0.297,中风险
3220.0,loc5,location5,0.503,高风险,0.394,高风险,0.553,高风险,0.629,高风险,0.515,高风险,0.525,高风险
3226.0,loc5,location5,0.333,高风险,0.235,中风险,0.413,高风险,0.416,高风险,0.338,高风险,0.355,高风险
3229.0,loc5,location5,0.451,高风险,0.409,高风险,0.418,高风险,0.361,高风险,0.391,高风险,0.396,高风险
3230.0,loc5,location5,0.498,高风险,0.387,高风险,0.555,高风险,0.599,高风险,0.501,高风险,0.514,高风险
3234.0,loc5,location5,0.331,高风险,0.249,中风险,0.375,高风险,0.472,高风险,0.36,高风险,0.366,高风险
3237.0,loc5,location5,0.258,中风险,0.103,低风险,0.438,高风险,0.548,高风险,0.339,高风险,0.363,高风险
3243.0,loc5,location5,0.617,高风险,0.513,高风险,0.639,高风险,0.647,高风险,0.588,高风险,0.6,高风险
3253.0,loc5,location5,0.281,中风险,0.112,中风险,0.476,高风险,0.596,高风险,0.368,高风险,0.395,高风险
3258.0,loc5,location5,0.21,中风险,0.084,低风险,0.357,高风险,0.447,高风险,0.276,中风险,0.296,中风险
3271.0,loc5,location5,0.245,中风险,0.104,低风险,0.407,高风险,0.504,高风险,0.316,高风险,0.338,高风险
3284.0,loc5,location5,0.275,中风险,0.11,中风险,0.466,高风险,0.584,高风险,0.361,高风险,0.387,高风险
3297.0,loc5,location5,0.624,高风险,0.526,高风险,0.64,高风险,0.612,高风险,0.58,高风险,0.592,高风险
3298.0,loc5,location5,0.172,中风险,0.105,低风险,0.239,中风险,0.264,中风险,0.192,中风险,0.203,中风险
3300.0,loc5,location5,0.339,高风险,0.199,中风险,0.48,高风险,0.538,高风险,0.383,高风险,0.406,高风险
3317.0,loc5,location5,0.326,高风险,0.247,中风险,0.367,高风险,0.462,高风险,0.354,高风险,0.359,高风险
3329.0,loc5,location5,0.313,高风险,0.169,中风险,0.461,高风险,0.579,高风险,0.383,高风险,0.403,高风险
3332.0,loc5,location5,0.203,中风险,0.081,低风险,0.344,高风险,0.431,高风险,0.267,中风险,0.286,中风险
3334.0,loc5,location5,0.36,高风险,0.213,中风险,0.508,高风险,0.569,高风险,0.406,高风险,0.43,高风险
3335.0,loc5,location5,0.235,中风险,0.094,低风险,0.398,高风险,0.499,高风险,0.308,中风险,0.33,高风险
3336.0,loc5,location5,0.178,中风险,0.085,低风险,0.28,中风险,0.351,高风险,0.225,中风险,0.239,中风险
3347.0,loc5,location5,0.217,中风险,0.087,低风险,0.369,高风险,0.462,高风险,0.286,中风险,0.306,中风险
3356.0,loc5,location5,0.229,中风险,0.092,低风险,0.388,高风险,0.486,高风险,0.301,中风险,0.322,高风险
3382.0,loc5,location5,0.107,低风险,0.113,中风险,0.078,低风险,0.028,低风险,0.073,低风险,0.073,低风险
3385.0,loc5,location5,0.094,低风险,0.039,低风险,0.157,中风险,0.197,中风险,0.123,中风险,0.131,中风险
3388.0,loc5,location5,0.238,中风险,0.096,低风险,0.404,高风险,0.506,高风险,0.313,高风险,0.335,高风险
3390.0,loc5,location5,0.409,高风险,0.332,高风险,0.436,高风险,0.445,高风险,0.395,高风险,0.405,高风险
3396.0,loc5,location5,0.428,高风险,0.298,中风险,0.523,高风险,0.658,高风险,0.481,高风险,0.493,高风险
3407.0,loc5,location5,0.317,高风险,0.206,中风险,0.419,高风险,0.446,高风险,0.339,高风险,0.357,高风险
3415.0,loc5,location5,0.333,高风险,0.244,中风险,0.401,高风险,0.393,高风险,0.331,高风险,0.346,高风险
3416.0,loc5,location5,0.424,高风险,0.308,中风险,0.514,高风险,0.507,高风险,0.423,高风险,0.443,高风险
3420.0,loc5,location5,0.432,高风险,0.301,中风险,0.527,高风险,0.663,高风险,0.485,高风险,0.497,高风险
3424.0,loc5,location5,0.513,高风险,0.417,高风险,0.544,高风险,0.564,高风险,0.498,高风险,0.508,高风险
3426.0,loc5,location5,0.401,高风险,0.284,中风险,0.482,高风险,0.607,高风险,0.447,高风险,0.458,高风险
3428.0,loc5,location5,0.206,中风险,0.083,低风险,0.35,高风险,0.438,高风险,0.271,中风险,0.29,中风险
3432.0,loc5,location5,0.507,高风险,0.366,高风险,0.619,高风险,0.614,高风险,0.508,高风险,0.533,高风险
3437.0,loc5,location5,0.378,高风险,0.321,高风险,0.387,高风险,0.317,高风险,0.331,高风险,0.342,高风险
3439.0,loc5,location5,0.275,中风险,0.173,中风险,0.372,高风险,0.403,高风险,0.3,中风险,0.316,高风险
3440.0,loc5,location5,0.314,高风险,0.178,中风险,0.454,高风险,0.516,高风险,0.361,高风险,0.383,高风险
3447.0,loc5,location5,0.193,中风险,0.108,低风险,0.281,中风险,0.321,高风险,0.223,中风险,0.237,中风险
3449.0,loc5,location5,0.482,高风险,0.39,高风险,0.502,高风险,0.633,高风险,0.507,高风险,0.508,高风险
3451.0,loc5,location5,0.294,中风险,0.192,中风险,0.381,高风险,0.479,高风险,0.339,高风险,0.35,高风险
3460.0,loc5,location5,0.228,中风险,0.091,低风险,0.387,高风险,0.485,高风险,0.3,中风险,0.321,高风险
3462.0,loc5,location5,0.511,高风险,0.401,高风险,0.554,高风险,0.698,高风险,0.546,高风险,0.551,高风险
3467.0,loc5,location5,0.478,高风险,0.355,高风险,0.566,高风险,0.546,高风险,0.468,高风险,0.489,高风险
3470.0,loc5,location5,0.259,中风险,0.104,低风险,0.439,高风险,0.55,高风险,0.34,高风险,0.364,高风险
3471.0,loc5,location5,0.234,中风险,0.131,中风险,0.338,高风险,0.425,高风险,0.284,中风险,0.298,中风险
3472.0,loc5,location5,0.441,高风险,0.35,高风险,0.49,高风险,0.441,高风险,0.411,高风险,0.427,高风险
3474.0,loc5,location5,0.263,中风险,0.106,低风险,0.447,高风险,0.559,高风险,0.346,高风险,0.371,高风险
3485.0,loc5,location5,0.645,高风险,0.54,高风险,0.661,高风险,0.681,高风险,0.617,高风险,0.627,高风险
3489.0,loc5,location5,0.243,中风险,0.097,低风险,0.412,高风险,0.516,高风险,0.319,高风险,0.342,高风险
3493.0,loc5,location5,0.256,中风险,0.103,低风险,0.435,高风险,0.545,高风险,0.337,高风险,0.361,高风险
3495.0,loc5,location5,0.573,高风险,0.461,高风险,0.61,高风险,0.709,高风险,0.586,高风险,0.593,高风险
3500.0,loc5,location5,0.406,高风险,0.25,中风险,0.548,高风险,0.688,高风险,0.477,高风险,0.495,高风险
3501.0,loc5,location5,0.259,中风险,0.104,低风险,0.439,高风险,0.549,高风险,0.34,高风险,0.364,高风险
3503.0,loc5,location5,0.316,高风险,0.218,中风险,0.397,高风险,0.431,高风险,0.334,高风险,0.349,高风险
3512.0,loc5,location5,0.132,中风险,0.053,低风险,0.224,中风险,0.28,中风险,0.173,中风险,0.186,中风险
3515.0,loc5,location5,0.38,高风险,0.258,中风险,0.476,高风险,0.599,高风险,0.432,高风险,0.444,高风险
3517.0,loc5,location5,0.258,中风险,0.16,中风险,0.353,高风险,0.385,高风险,0.284,中风险,0.3,中风险
3521.0,loc5,location5,0.185,中风险,0.102,低风险,0.27,中风险,0.338,高风险,0.225,中风险,0.237,中风险
3522.0,loc5,location5,0.336,高风险,0.24,中风险,0.402,高风险,0.505,高风险,0.374,高风险,0.382,高风险
3529.0,loc5,location5,0.407,高风险,0.281,中风险,0.503,高风险,0.632,高风险,0.46,高风险,0.472,高风险
3538.0,loc5,location5,0.306,中风险,0.209,中风险,0.381,高风险,0.479,高风险,0.347,高风险,0.357,高风险
3541.0,loc5,location5,0.237,中风险,0.095,低风险,0.402,高风险,0.504,高风险,0.311,高风险,0.334,高风险
3547.0,loc5,location5,0.208,中风险,0.083,低风险,0.352,高风险,0.441,高风险,0.273,中风险,0.292,中风险
3550.0,loc5,location5,0.149,中风险,0.06,低风险,0.253,中风险,0.317,高风险,0.196,中风险,0.21,中风险
3552.0,loc5,location5,0.207,中风险,0.083,低风险,0.35,高风险,0.439,高风险,0.271,中风险,0.29,中风险
3567.0,loc5,location5,0.175,中风险,0.07,低风险,0.296,中风险,0.371,高风险,0.23,中风险,0.246,中风险
3572.0,loc5,location5,0.208,中风险,0.083,低风险,0.353,高风险,0.441,高风险,0.273,中风险,0.292,中风险
3575.0,loc5,location5,0.41,高风险,0.288,中风险,0.496,高风险,0.624,高风险,0.459,高风险,0.47,高风险
3577.0,loc5,location5,0.43,高风险,0.3,中风险,0.539,高风险,0.549,高风险,0.441,高风险,0.463,高风险
3580.0,loc5,location5,0.378,高风险,0.246,中风险,0.5,高风险,0.533,高风险,0.404,高风险,0.426,高风险
3583.0,loc5,location5,0.361,高风险,0.248,中风险,0.447,高风险,0.561,高风险,0.408,高风险,0.419,高风险
3584.0,loc5,location5,0.251,中风险,0.1,低风险,0.425,高风险,0.532,高风险,0.329,高风险,0.352,高风险
3585.0,loc5,location5,0.0,低风险,0.0,低风险,0.0,低风险,0.0,低风险,0.0,低风险,0.0,低风险
3594.0,loc5,location5,0.331,高风险,0.194,中风险,0.464,高风险,0.582,高风险,0.396,高风险,0.413,高风险
3599.0,loc5,location5,0.24,中风险,0.096,低风险,0.408,高风险,0.51,高风险,0.316,高风险,0.338,高风险
3606.0,loc5,location5,0.338,高风险,0.217,中风险,0.452,高风险,0.485,高风险,0.365,高风险,0.385,高风险
3610.0,loc5,location5,0.0,低风险,0.0,低风险,0.0,低风险,0.0,低风险,0.0,低风险,0.0,低风险
3616.0,loc5,location5,0.0,低风险,0.0,低风险,0.0,低风险,0.0,低风险,0.0,低风险,0.0,低风险
3619.0,loc5,location5,0.236,中风险,0.095,低风险,0.401,高风险,0.502,高风险,0.31,高风险,0.332,高风险
3621.0,loc5,location5,0.215,中风险,0.086,低风险,0.365,高风险,0.457,高风险,0.283,中风险,0.303,中风险
3622.0,loc5,location5,0.589,高风险,0.472,高风险,0.633,高风险,0.683,高风险,0.584,高风险,0.596,高风险
3629.0,loc5,location5,0.468,高风险,0.326,高风险,0.583,高风险,0.627,高风险,0.491,高风险,0.512,高风险
3630.0,loc5,location5,0.577,高风险,0.441,高风险,0.666,高风险,0.625,高风险,0.554,高风险,0.578,高风险
3634.0,loc5,location5,0.209,中风险,0.084,低风险,0.354,高风险,0.444,高风险,0.274,中风险,0.294,中风险
3636.0,loc5,location5,0.193,中风险,0.077,低风险,0.328,高风险,0.41,高风险,0.254,中风险,0.272,中风险
3647.0,loc5,location5,0.343,高风险,0.228,中风险,0.436,高风险,0.547,高风险,0.392,高风险,0.404,高风险
3653.0,loc5,location5,0.338,高风险,0.226,中风险,0.439,高风险,0.46,高风险,0.356,高风险,0.375,高风险
3657.0,loc5,location5,0.255,中风险,0.181,中风险,0.315,高风险,0.316,高风险,0.258,中风险,0.27,中风险
3658.0,loc5,location5,0.2,中风险,0.08,低风险,0.339,高风险,0.424,高风险,0.262,中风险,0.281,中风险
3667.0,loc5,location5,0.197,中风险,0.207,中风险,0.143,中风险,0.051,低风险,0.134,中风险,0.134,中风险
3668.0,loc5,location5,0.399,高风险,0.274,中风险,0.493,高风险,0.62,高风险,0.45,高风险,0.462,高风险
3697.0,loc5,location5,0.233,中风险,0.1,低风险,0.385,高风险,0.475,高风险,0.299,中风险,0.32,高风险
3705.0,loc5,location5,0.244,中风险,0.257,中风险,0.177,中风险,0.064,低风险,0.166,中风险,0.166,中风险
3711.0,loc5,location5,0.524,高风险,0.427,高风险,0.549,高风险,0.628,高风险,0.528,高风险,0.535,高风险
3715.0,loc5,location5,0.172,中风险,0.111,中风险,0.223,中风险,0.28,中风险,0.198,中风险,0.205,中风险
3718.0,loc5,location5,0.114,中风险,0.12,中风险,0.083,低风险,0.03,低风险,0.078,低风险,0.078,低风险
3724.0,loc5,location5,0.21,中风险,0.084,低风险,0.357,高风险,0.447,高风险,0.276,中风险,0.296,中风险
3725.0,loc5,location5,0.483,高风险,0.317,高风险,0.625,高风险,0.759,高风险,0.547,高风险,0.567,高风险
3728.0,loc5,location5,0.444,高风险,0.334,高风险,0.505,高风险,0.636,高风险,0.484,高风险,0.491,高风险
3729.0,loc5,location5,0.314,高风险,0.16,中风险,0.481,高风险,0.568,高风险,0.379,高风险,0.403,高风险
3737.0,loc5,location5,0.345,高风险,0.204,中风险,0.487,高风险,0.545,高风险,0.389,高风险,0.412,高风险
3739.0,loc5,location5,0.393,高风险,0.237,中风险,0.539,高风险,0.676,高风险,0.465,高风险,0.484,高风险
3759.0,loc5,location5,0.236,中风险,0.094,低风险,0.4,高风险,0.5,高风险,0.309,中风险,0.331,高风险
3761.0,loc5,location5,0.258,中风险,0.103,低风险,0.437,高风险,0.547,高风险,0.338,高风险,0.363,高风险
3769.0,loc5,location5,0.232,中风险,0.097,低风险,0.387,高风险,0.48,高风险,0.3,中风险,0.321,高风险
3770.0,loc5,location5,0.276,中风险,0.111,中风险,0.469,高风险,0.587,高风险,0.363,高风险,0.389,高风险
3784.0,loc5,location5,0.127,中风险,0.051,低风险,0.215,中风险,0.269,中风险,0.166,中风险,0.178,中风险
3803.0,loc5,location5,0.132,中风险,0.109,低风险,0.135,中风险,0.17,中风险,0.138,中风险,0.138,中风险
3814.0,loc5,location5,0.285,中风险,0.114,中风险,0.484,高风险,0.606,高风险,0.374,高风险,0.401,高风险
3817.0,loc5,location5,0.279,中风险,0.112,中风险,0.472,高风险,0.592,高风险,0.366,高风险,0.392,高风险
3818.0,loc5,location5,0.251,中风险,0.13,中风险,0.382,高风险,0.449,高风险,0.301,中风险,0.32,高风险
3822.0,loc5,location5,0.0,低风险,0.0,低风险,0.0,低风险,0.0,低风险,0.0,低风险,0.0,低风险
3846.0,loc5,location5,0.341,高风险,0.254,中风险,0.399,高风险,0.422,高风险,0.346,高风险,0.358,高风险
3847.0,loc5,location5,0.226,中风险,0.151,中风险,0.286,中风险,0.36,高风险,0.258,中风险,0.266,中风险
3854.0,loc5,location5,0.332,高风险,0.284,中风险,0.339,高风险,0.275,中风险,0.29,中风险,0.299,中风险
3862.0,loc5,location5,0.222,中风险,0.089,低风险,0.376,高风险,0.47,高风险,0.291,中风险,0.312,高风险
3868.0,loc5,location5,0.224,中风险,0.09,低风险,0.379,高风险,0.475,高风险,0.294,中风险,0.315,高风险
3869.0,loc5,location5,0.488,高风险,0.377,高风险,0.558,高风险,0.519,高风险,0.465,高风险,0.485,高风险
3873.0,loc5,location5,0.326,高风险,0.199,中风险,0.451,高风险,0.498,高风险,0.362,高风险,0.382,高风险
3876.0,loc5,location5,0.245,中风险,0.098,低风险,0.416,高风险,0.521,高风险,0.322,高风险,0.345,高风险
3901.0,loc5,location5,0.241,中风险,0.096,低风险,0.408,高风险,0.511,高风险,0.316,高风险,0.339,高风险
3909.0,loc5,location5,0.479,高风险,0.42,高风险,0.473,高风险,0.367,高风险,0.408,高风险,0.42,高风险
3913.0,loc5,location5,0.189,中风险,0.076,低风险,0.32,高风险,0.401,高风险,0.248,中风险,0.266,中风险
3914.0,loc5,location5,0.0,低风险,0.0,低风险,0.0,低风险,0.0,低风险,0.0,低风险,0.0,低风险
3935.0,loc5,location5,0.394,高风险,0.244,中风险,0.531,高风险,0.667,高风险,0.463,高风险,0.481,高风险
3940.0,loc5,location5,0.201,中风险,0.127,中风险,0.272,中风险,0.295,中风险,0.219,中风险,0.231,中风险
3948.0,loc5,location5,0.163,中风险,0.065,低风险,0.276,中风险,0.346,高风险,0.214,中风险,0.229,中风险
3954.0,loc5,location5,0.0,低风险,0.0,低风险,0.0,低风险,0.0,低风险,0.0,低风险,0.0,低风险
3963.0,loc5,location5,0.205,中风险,0.082,低风险,0.347,高风险,0.435,高风险,0.269,中风险,0.288,中风险
3965.0,loc5,location5,0.508,高风险,0.351,高风险,0.642,高风险,0.657,高风险,0.524,高风险,0.55,高风险
3977.0,loc5,location5,0.135,中风险,0.054,低风险,0.229,中风险,0.287,中风险,0.178,中风险,0.19,中风险
3980.0,loc5,location5,0.616,高风险,0.467,高风险,0.717,高风险,0.679,高风险,0.595,高风险,0.621,高风险
3988.0,loc5,location5,0.444,高风险,0.318,高风险,0.545,高风险,0.543,高风险,0.447,高风险,0.469,高风险
3990.0,loc5,location5,0.129,中风险,0.136,中风险,0.094,低风险,0.034,低风险,0.088,低风险,0.088,低风险
4001.0,loc5,location5,0.157,中风险,0.063,低风险,0.267,中风险,0.334,高风险,0.207,中风险,0.221,中风险
4004.0,loc5,location5,0.24,中风险,0.154,中风险,0.321,高风险,0.345,高风险,0.259,中风险,0.274,中风险
4010.0,loc5,location5,0.318,高风险,0.165,中风险,0.484,高风险,0.569,高风险,0.382,高风险,0.406,高风险
4012.0,loc5,location5,0.256,中风险,0.102,低风险,0.433,高风险,0.543,高风险,0.336,高风险,0.36,高风险
4020.0,loc5,location5,0.314,高风险,0.233,中风险,0.361,高风险,0.454,高风险,0.343,高风险,0.349,高风险
4023.0,loc5,location5,0.368,高风险,0.252,中风险,0.455,高风险,0.572,高风险,0.415,高风险,0.427,高风险
4028.0,loc5,location5,0.165,中风险,0.066,低风险,0.279,中风险,0.35,高风险,0.216,中风险,0.232,中风险
4029.0,loc5,location5,0.0,低风险,0.0,低风险,0.0,低风险,0.0,低风险,0.0,低风险,0.0,低风险
4034.0,loc5,location5,0.188,中风险,0.198,中风险,0.136,中风险,0.049,低风险,0.128,中风险,0.128,中风险
4037.0,loc5,location5,0.317,高风险,0.203,中风险,0.418,高风险,0.525,高风险,0.369,高风险,0.382,高风险
4043.0,loc5,location5,0.365,高风险,0.262,中风险,0.434,高风险,0.546,高风险,0.405,高风险,0.414,高风险
4050.0,loc5,location5,0.216,中风险,0.086,低风险,0.366,高风险,0.458,高风险,0.283,中风险,0.303,中风险
4054.0,loc5,location5,0.403,高风险,0.275,中风险,0.516,高风险,0.534,高风险,0.42,高风险,0.442,高风险
4061.0,loc5,location5,0.562,高风险,0.425,高风险,0.655,高风险,0.622,高风险,0.543,高风险,0.567,高风险
4076.0,loc5,location5,0.345,高风险,0.186,中风险,0.514,高风险,0.597,高风险,0.407,高风险,0.432,高风险
4078.0,loc5,location5,0.445,高风险,0.361,高风险,0.463,高风险,0.584,高风险,0.468,高风险,0.469,高风险
4084.0,loc5,location5,0.229,中风险,0.092,低风险,0.388,高风险,0.485,高风险,0.3,中风险,0.322,高风险
4085.0,loc5,location5,0.269,中风险,0.108,低风险,0.456,高风险,0.572,高风险,0.353,高风险,0.379,高风险
4089.0,loc5,location5,0.586,高风险,0.424,高风险,0.711,高风险,0.703,高风险,0.585,高风险,0.613,高风险
4090.0,loc5,location5,0.432,高风险,0.324,高风险,0.491,高风险,0.619,高风险,0.471,高风险,0.478,高风险
4096.0,loc5,location5,0.261,中风险,0.105,低风险,0.442,高风险,0.554,高风险,0.342,高风险,0.367,高风险
4099.0,loc5,location5,0.299,中风险,0.211,中风险,0.371,高风险,0.374,高风险,0.304,中风险,0.319,高风险
4100.0,loc5,location5,0.443,高风险,0.294,中风险,0.578,高风险,0.608,高风险,0.469,高风险,0.494,高风险
4101.0,loc5,location5,0.455,高风险,0.352,高风险,0.519,高风险,0.482,高风险,0.433,高风险,0.451,高风险
4111.0,loc5,location5,0.626,高风险,0.524,高风险,0.641,高风险,0.665,高风险,0.601,高风险,0.61,高风险
4117.0,loc5,location5,0.317,高风险,0.225,中风险,0.39,高风险,0.41,高风险,0.327,高风险,0.342,高风险
4118.0,loc5,location5,0.25,中风险,0.1,低风险,0.423,高风险,0.53,高风险,0.328,高风险,0.351,高风险
4129.0,loc5,location5,0.362,高风险,0.253,中风险,0.452,高风险,0.458,高风险,0.369,高风险,0.388,高风险
4130.0,loc5,location5,0.0,低风险,0.0,低风险,0.0,低风险,0.0,低风险,0.0,低风险,0.0,低风险
4133.0,loc5,location5,0.465,高风险,0.348,高风险,0.548,高风险,0.525,高风险,0.453,高风险,0.474,高风险
4144.0,loc5,location5,0.186,中风险,0.075,低风险,0.316,高风险,0.395,高风险,0.245,中风险,0.262,中风险
4147.0,loc5,location5,0.378,高风险,0.258,中风险,0.477,高风险,0.532,高风险,0.405,高风险,0.422,高风险
4148.0,loc5,location5,0.183,中风险,0.193,中风险,0.133,中风险,0.048,低风险,0.125,中风险,0.125,中风险
4155.0,loc5,location5,0.171,中风险,0.069,低风险,0.29,中风险,0.363,高风险,0.225,中风险,0.241,中风险
4161.0,loc5,location5,0.417,高风险,0.269,中风险,0.554,高风险,0.593,高风险,0.448,高风险,0.472,高风险
4172.0,loc5,location5,0.206,中风险,0.082,低风险,0.348,高风险,0.436,高风险,0.27,中风险,0.289,中风险
4176.0,loc5,location5,0.37,高风险,0.257,中风险,0.453,高风险,0.57,高风险,0.416,高风险,0.427,高风险
4179.0,loc5,location5,0.351,高风险,0.233,中风险,0.457,高风险,0.48,高风险,0.37,高风险,0.39,高风险
4180.0,loc5,location5,0.15,中风险,0.06,低风险,0.254,中风险,0.318,高风险,0.197,中风险,0.211,中风险
4183.0,loc5,location5,0.406,高风险,0.283,中风险,0.495,高风险,0.622,高风险,0.455,高风险,0.467,高风险
4188.0,loc5,location5,0.424,高风险,0.311,高风险,0.495,高风险,0.623,高风险,0.467,高风险,0.476,高风险
4222.0,loc5,location5,0.229,中风险,0.162,中风险,0.283,中风险,0.285,中风险,0.232,中风险,0.243,中风险
4225.0,loc5,location5,0.0,低风险,0.0,低风险,0.0,低风险,0.0,低风险,0.0,低风险,0.0,低风险
4226.0,loc5,location5,0.408,高风险,0.287,中风险,0.508,高风险,0.514,高风险,0.416,高风险,0.437,高风险
4228.0,loc5,location5,0.1,低风险,0.059,低风险,0.139,中风险,0.174,中风险,0.119,中风险,0.124,中风险
4229.0,loc5,location5,0.319,高风险,0.22,中风险,0.405,高风险,0.416,高风险,0.33,高风险,0.347,高风险
4231.0,loc5,location5,0.318,高风险,0.204,中风险,0.416,高风险,0.523,高风险,0.368,高风险,0.381,高风险
4235.0,loc5,location5,0.355,高风险,0.215,中风险,0.487,高风险,0.611,高风险,0.42,高风险,0.438,高风险
4240.0,loc5,location5,0.239,中风险,0.096,低风险,0.405,高风险,0.507,高风险,0.313,高风险,0.336,高风险
4243.0,loc5,location5,0.383,高风险,0.265,中风险,0.471,高风险,0.592,高风险,0.431,高风险,0.443,高风险
4256.0,loc5,location5,0.219,中风险,0.088,低风险,0.371,高风险,0.464,高风险,0.287,中风险,0.307,中风险
4257.0,loc5,location5,0.26,中风险,0.104,低风险,0.44,高风险,0.551,高风险,0.341,高风险,0.365,高风险
4259.0,loc5,location5,0.247,中风险,0.099,低风险,0.419,高风险,0.525,高风险,0.325,高风险,0.348,高风险
4260.0,loc5,location5,0.427,高风险,0.312,高风险,0.497,高风险,0.625,高风险,0.469,高风险,0.478,高风险
4274.0,loc5,location5,0.381,高风险,0.239,中风险,0.511,高风险,0.627,高风险,0.441,高风险,0.459,高风险
4276.0,loc5,location5,0.193,中风险,0.077,低风险,0.327,高风险,0.41,高风险,0.253,中风险,0.271,中风险
4285.0,loc5,location5,0.282,中风险,0.146,中风险,0.429,高风险,0.504,高风险,0.338,高风险,0.36,高风险
4287.0,loc5,location5,0.392,高风险,0.29,中风险,0.451,高风险,0.567,高风险,0.429,高风险,0.436,高风险
4303.0,loc5,location5,0.194,中风险,0.078,低风险,0.329,高风险,0.412,高风险,0.255,中风险,0.273,中风险
4307.0,loc5,location5,0.214,中风险,0.134,中风险,0.286,中风险,0.359,高风险,0.25,中风险,0.259,中风险
4315.0,loc5,location5,0.217,中风险,0.091,低风险,0.361,高风险,0.453,高风险,0.282,中风险,0.302,中风险
4318.0,loc5,location5,0.262,中风险,0.236,中风险,0.235,中风险,0.28,中风险,0.254,中风险,0.25,中风险
4328.0,loc5,location5,0.529,高风险,0.403,高风险,0.604,高风险,0.638,高风险,0.532,高风险,0.548,高风险
4330.0,loc5,location5,0.396,高风险,0.286,中风险,0.468,高风险,0.589,高风险,0.438,高风险,0.447,高风险
4332.0,loc5,location5,0.168,中风险,0.067,低风险,0.284,中风险,0.356,高风险,0.22,中风险,0.236,中风险
4337.0,loc5,location5,0.531,高风险,0.409,高风险,0.596,高风险,0.659,高风险,0.541,高风险,0.555,高风险
4345.0,loc5,location5,0.439,高风险,0.348,高风险,0.487,高风险,0.439,高风险,0.409,高风险,0.425,高风险
4354.0,loc5,location5,0.166,中风险,0.083,低风险,0.255,中风险,0.32,高风险,0.207,中风险,0.219,中风险
4356.0,loc5,location5,0.283,中风险,0.14,中风险,0.438,高风险,0.549,高风险,0.355,高风险,0.375,高风险
4357.0,loc5,location5,0.3,中风险,0.22,中风险,0.359,高风险,0.351,高风险,0.296,中风险,0.31,中风险
4358.0,loc5,location5,0.405,高风险,0.296,中风险,0.484,高风险,0.499,高风险,0.41,高风险,0.426,高风险
4360.0,loc5,location5,0.511,高风险,0.407,高风险,0.542,高风险,0.683,高风险,0.541,高风险,0.544,高风险
4370.0,loc5,location5,0.263,中风险,0.105,低风险,0.446,高风险,0.558,高风险,0.345,高风险,0.37,高风险
4371.0,loc5,location5,0.421,高风险,0.308,中风险,0.492,高风险,0.619,高风险,0.464,高风险,0.473,高风险
4378.0,loc5,location5,0.56,高风险,0.433,高风险,0.626,高风险,0.689,高风险,0.569,高风险,0.583,高风险
4383.0,loc5,location5,0.125,中风险,0.05,低风险,0.211,中风险,0.265,中风险,0.164,中风险,0.175,中风险
4384.0,loc5,location5,0.201,中风险,0.081,低风险,0.341,高风险,0.427,高风险,0.264,中风险,0.283,中风险
4394.0,loc5,location5,0.229,中风险,0.092,低风险,0.388,高风险,0.486,高风险,0.301,中风险,0.322,高风险
4413.0,loc5,location5,0.192,中风险,0.107,低风险,0.278,中风险,0.349,高风险,0.233,中风险,0.244,中风险
4417.0,loc5,location5,0.249,中风险,0.132,中风险,0.37,高风险,0.464,高风险,0.306,中风险,0.322,高风险
4421.0,loc5,location5,0.169,中风险,0.068,低风险,0.287,中风险,0.36,高风险,0.222,中风险,0.238,中风险
4429.0,loc5,location5,0.281,中风险,0.112,中风险,0.476,高风险,0.596,高风险,0.368,高风险,0.395,高风险
4431.0,loc5,location5,0.415,高风险,0.314,高风险,0.468,高风险,0.59,高风险,0.451,高风险,0.457,高风险
4433.0,loc5,location5,0.736,高风险,0.622,高风险,0.75,高风险,0.726,高风险,0.685,高风险,0.699,高风险
4434.0,loc5,location5,0.195,中风险,0.078,低风险,0.331,高风险,0.415,高风险,0.257,中风险,0.275,中风险
4444.0,loc5,location5,0.764,高风险,0.65,高风险,0.761,高风险,0.826,高风险,0.739,高风险,0.746,高风险
4448.0,loc5,location5,0.984,高风险,0.893,高风险,0.9,高风险,0.876,高风险,0.887,高风险,0.89,高风险
4456.0,loc5,location5,0.293,中风险,0.142,中风险,0.459,高风险,0.55,高风险,0.36,高风险,0.384,高风险
4459.0,loc5,location5,0.218,中风险,0.087,低风险,0.37,高风险,0.463,高风险,0.286,中风险,0.307,中风险
4479.0,loc5,location5,0.229,中风险,0.092,低风险,0.388,高风险,0.485,高风险,0.3,中风险,0.322,高风险
4480.0,loc5,location5,0.161,中风险,0.065,低风险,0.274,中风险,0.343,高风险,0.212,中风险,0.227,中风险
4483.0,loc5,location5,0.329,高风险,0.202,中风险,0.453,高风险,0.498,高风险,0.364,高风险,0.384,高风险
4485.0,loc5,location5,0.253,中风险,0.191,中风险,0.295,中风险,0.281,中风险,0.245,中风险,0.255,中风险
4491.0,loc5,location5,0.402,高风险,0.263,中风险,0.53,高风险,0.562,高风险,0.429,高风险,0.452,高风险
4503.0,loc5,location5,0.568,高风险,0.458,高风险,0.604,高风险,0.672,高风险,0.569,高风险,0.578,高风险
4507.0,loc5,location5,0.592,高风险,0.461,高风险,0.66,高风险,0.7,高风险,0.591,高风险,0.607,高风险
4508.0,loc5,location5,0.304,中风险,0.219,中风险,0.372,高风险,0.37,高风险,0.305,中风险,0.32,高风险
4510.0,loc5,location5,0.57,高风险,0.475,高风险,0.587,高风险,0.611,高风险,0.549,高风险,0.558,高风险
4523.0,loc5,location5,0.236,中风险,0.095,低风险,0.4,高风险,0.501,高风险,0.31,中风险,0.332,高风险
4525.0,loc5,location5,0.345,高风险,0.234,中风险,0.432,高风险,0.543,高风险,0.392,高风险,0.403,高风险
4526.0,loc5,location5,0.258,中风险,0.134,中风险,0.388,高风险,0.486,高风险,0.319,高风险,0.336,高风险
4528.0,loc5,location5,0.337,高风险,0.272,中风险,0.367,高风险,0.324,高风险,0.309,中风险,0.321,高风险
4533.0,loc5,location5,0.37,高风险,0.232,中风险,0.502,高风险,0.546,高风险,0.404,高风险,0.427,高风险
4534.0,loc5,location5,0.274,中风险,0.11,低风险,0.464,高风险,0.581,高风险,0.36,高风险,0.385,高风险
4539.0,loc5,location5,0.255,中风险,0.102,低风险,0.433,高风险,0.542,高风险,0.335,高风险,0.359,高风险
4542.0,loc5,location5,0.473,高风险,0.346,高风险,0.552,高风险,0.694,高风险,0.521,高风险,0.531,高风险
4549.0,loc5,location5,0.594,高风险,0.476,高风险,0.637,高风险,0.718,高风险,0.601,高风险,0.61,高风险
4552.0,loc5,location5,0.272,中风险,0.109,低风险,0.462,高风险,0.578,高风险,0.358,高风险,0.383,高风险
4560.0,loc5,location5,0.297,中风险,0.143,中风险,0.468,高风险,0.562,高风险,0.367,高风险,0.391,高风险
4561.0,loc5,location5,0.386,高风险,0.277,中风险,0.46,高风险,0.578,高风险,0.429,高风险,0.438,高风险
4568.0,loc5,location5,0.176,中风险,0.071,低风险,0.298,中风险,0.374,高风险,0.231,中风险,0.248,中风险
4569.0,loc5,location5,0.239,中风险,0.096,低风险,0.406,高风险,0.508,高风险,0.314,高风险,0.336,高风险
4570.0,loc5,location5,0.443,高风险,0.332,高风险,0.511,高风险,0.586,高风险,0.464,高风险,0.476,高风险
4571.0,loc5,location5,0.219,中风险,0.088,低风险,0.372,高风险,0.466,高风险,0.288,中风险,0.308,中风险
4578.0,loc5,location5,0.196,中风险,0.078,低风险,0.332,高风险,0.416,高风险,0.257,中风险,0.275,中风险
4582.0,loc5,location5,0.233,中风险,0.093,低风险,0.395,高风险,0.494,高风险,0.306,中风险,0.328,高风险
4589.0,loc5,location5,0.317,高风险,0.219,中风险,0.389,高风险,0.49,高风险,0.357,高风险,0.366,高风险
4609.0,loc5,location5,0.155,中风险,0.07,低风险,0.251,中风险,0.315,高风险,0.199,中风险,0.212,中风险
4615.0,loc5,location5,0.435,高风险,0.311,高风险,0.52,高风险,0.654,高风险,0.484,高风险,0.495,高风险
4622.0,loc5,location5,0.215,中风险,0.15,中风险,0.262,中风险,0.329,高风险,0.241,中风险,0.247,中风险
4623.0,loc5,location5,0.336,高风险,0.202,中风险,0.462,高风险,0.58,高风险,0.398,高风险,0.415,高风险
4628.0,loc5,location5,0.11,低风险,0.115,中风险,0.079,低风险,0.029,低风险,0.074,低风险,0.074,低风险
4630.0,loc5,location5,0.503,高风险,0.376,高风险,0.584,高风险,0.639,高风险,0.517,高风险,0.533,高风险
4633.0,loc5,location5,0.294,中风险,0.151,中风险,0.45,高风险,0.53,高风险,0.354,高风险,0.377,高风险
4638.0,loc5,location5,0.392,高风险,0.262,中风险,0.504,高风险,0.559,高风险,0.423,高风险,0.442,高风险
4645.0,loc5,location5,0.223,中风险,0.089,低风险,0.378,高风险,0.473,高风险,0.293,中风险,0.314,高风险
4646.0,loc5,location5,0.388,高风险,0.268,中风险,0.477,高风险,0.6,高风险,0.437,高风险,0.448,高风险
4648.0,loc5,location5,0.128,中风险,0.06,低风险,0.204,中风险,0.255,中风险,0.163,中风险,0.173,中风险
4654.0,loc5,location5,0.33,高风险,0.229,中风险,0.405,高风险,0.509,高风险,0.372,高风险,0.381,高风险
4660.0,loc5,location5,0.643,高风险,0.513,高风险,0.683,高风险,0.861,高风险,0.682,高风险,0.686,高风险
4677.0,loc5,location5,0.158,中风险,0.166,中风险,0.115,中风险,0.041,低风险,0.107,低风险,0.107,低风险
4681.0,loc5,location5,0.22,中风险,0.142,中风险,0.29,中风险,0.352,高风险,0.251,中风险,0.261,中风险
4687.0,loc5,location5,0.275,中风险,0.146,中风险,0.412,高风险,0.479,高风险,0.325,高风险,0.346,高风险
4693.0,loc5,location5,0.398,高风险,0.272,中风险,0.495,高风险,0.622,高风险,0.45,高风险,0.463,高风险
4701.0,loc5,location5,0.265,中风险,0.106,低风险,0.45,高风险,0.564,高风险,0.348,高风险,0.373,高风险
4702.0,loc5,location5,0.382,高风险,0.331,高风险,0.382,高风险,0.301,中风险,0.328,高风险,0.338,高风险
4706.0,loc5,location5,0.175,中风险,0.099,低风险,0.251,中风险,0.315,高风险,0.211,中风险,0.222,中风险
4709.0,loc5,location5,0.291,中风险,0.135,中风险,0.467,高风险,0.567,高风险,0.365,高风险,0.39,高风险
4721.0,loc5,location5,0.108,低风险,0.043,低风险,0.183,中风险,0.229,中风险,0.142,中风险,0.152,中风险
4723.0,loc5,location5,0.349,高风险,0.286,中风险,0.375,高风险,0.325,高风险,0.317,高风险,0.328,高风险
4725.0,loc5,location5,0.438,高风险,0.317,高风险,0.517,高风险,0.65,高风险,0.485,高风险,0.495,高风险
4728.0,loc5,location5,0.449,高风险,0.34,高风险,0.522,高风险,0.494,高风险,0.433,高风险,0.452,高风险
4731.0,loc5,location5,0.467,高风险,0.344,高风险,0.542,高风险,0.682,高风险,0.513,高风险,0.523,高风险
4733.0,loc5,location5,0.261,中风险,0.105,低风险,0.443,高风险,0.555,高风险,0.343,高风险,0.367,高风险
4742.0,loc5,location5,0.578,高风险,0.436,高风险,0.653,高风险,0.823,高风险,0.628,高风险,0.637,高风险
4750.0,loc5,location5,0.569,高风险,0.441,高风险,0.624,高风险,0.785,高风险,0.611,高风险,0.617,高风险
4752.0,loc5,location5,0.493,高风险,0.381,高风险,0.543,高风险,0.684,高风险,0.53,高风险,0.536,高风险
4756.0,loc5,location5,0.564,高风险,0.493,高风险,0.547,高风险,0.524,高风险,0.515,高风险,0.521,高风险
4759.0,loc5,location5,0.26,中风险,0.104,低风险,0.44,高风险,0.551,高风险,0.341,高风险,0.365,高风险
4767.0,loc5,location5,0.542,高风险,0.398,高风险,0.649,高风险,0.633,高风险,0.535,高风险,0.56,高风险
4769.0,loc5,location5,0.206,中风险,0.082,低风险,0.349,高风险,0.437,高风险,0.27,中风险,0.29,中风险
4775.0,loc5,location5,0.489,高风险,0.379,高风险,0.537,高风险,0.677,高风险,0.525,高风险,0.531,高风险
4779.0,loc5,location5,0.281,中风险,0.113,中风险,0.477,高风险,0.597,高风险,0.369,高风险,0.395,高风险
4785.0,loc5,location5,0.217,中风险,0.087,低风险,0.368,高风险,0.46,高风险,0.285,中风险,0.305,中风险
4794.0,loc5,location5,0.484,高风险,0.34,高风险,0.603,高风险,0.61,高风险,0.493,高风险,0.518,高风险
4798.0,loc5,location5,0.232,中风险,0.093,低风险,0.394,高风险,0.494,高风险,0.305,中风险,0.327,高风险
4799.0,loc5,location5,0.217,中风险,0.089,低风险,0.364,高风险,0.454,高风险,0.282,中风险,0.302,中风险
4827.0,loc5,location5,0.355,高风险,0.227,中风险,0.474,高风险,0.509,高风险,0.383,高风险,0.404,高风险
4838.0,loc5,location5,0.0,低风险,0.0,低风险,0.0,低风险,0.0,低风险,0.0,低风险,0.0,低风险
4839.0,loc5,location5,0.236,中风险,0.17,中风险,0.284,中风险,0.323,高风险,0.251,中风险,0.259,中风险
4840.0,loc5,location5,0.259,中风险,0.104,低风险,0.439,高风险,0.55,高风险,0.34,高风险,0.364,高风险
4844.0,loc5,location5,0.192,中风险,0.077,低风险,0.326,高风险,0.408,高风险,0.252,中风险,0.27,中风险
4845.0,loc5,location5,0.323,高风险,0.204,中风险,0.437,高风险,0.473,高风险,0.352,高风险,0.371,高风险
4848.0,loc5,location5,0.287,中风险,0.191,中风险,0.368,高风险,0.431,高风险,0.318,高风险,0.33,高风险
4852.0,loc5,location5,0.061,低风险,0.025,低风险,0.104,低风险,0.13,中风险,0.08,低风险,0.086,低风险
4859.0,loc5,location5,0.238,中风险,0.095,低风险,0.403,高风险,0.505,高风险,0.312,高风险,0.335,高风险
4864.0,loc5,location5,0.208,中风险,0.083,低风险,0.353,高风险,0.441,高风险,0.273,中风险,0.292,中风险
4865.0,loc5,location5,0.402,高风险,0.285,中风险,0.498,高风险,0.5,高风险,0.408,高风险,0.428,高风险
4867.0,loc5,location5,0.183,中风险,0.073,低风险,0.311,高风险,0.389,高风险,0.24,中风险,0.258,中风险
4875.0,loc5,location5,0.242,中风险,0.097,低风险,0.41,高风险,0.513,高风险,0.317,高风险,0.34,高风险
4877.0,loc5,location5,0.516,高风险,0.372,高风险,0.612,高风险,0.769,高风险,0.572,高风险,0.584,高风险
4881.0,loc5,location5,0.21,中风险,0.084,低风险,0.355,高风险,0.445,高风险,0.275,中风险,0.295,中风险
4883.0,loc5,location5,0.31,中风险,0.209,中风险,0.39,高风险,0.49,高风险,0.353,高风险,0.363,高风险
4885.0,loc5,location5,0.245,中风险,0.098,低风险,0.415,高风险,0.52,高风险,0.321,高风险,0.344,高风险
4886.0,loc5,location5,0.278,中风险,0.187,中风险,0.359,高风险,0.375,高风险,0.292,中风险,0.307,中风险
4895.0,loc5,location5,0.381,高风险,0.253,中风险,0.485,高风险,0.61,高风险,0.436,高风险,0.449,高风险
4897.0,loc5,location5,0.19,中风险,0.076,低风险,0.322,高风险,0.403,高风险,0.249,中风险,0.267,中风险
4900.0,loc5,location5,0.283,中风险,0.175,中风险,0.387,高风险,0.423,高风险,0.311,高风险,0.328,高风险
4906.0,loc5,location5,0.38,高风险,0.26,中风险,0.471,高风险,0.593,高风险,0.43,高风险,0.441,高风险
4907.0,loc5,location5,0.166,中风险,0.067,低风险,0.282,中风险,0.353,高风险,0.218,中风险,0.234,中风险
4908.0,loc5,location5,0.367,高风险,0.261,中风险,0.44,高风险,0.553,高风险,0.409,高风险,0.418,高风险
4918.0,loc5,location5,0.398,高风险,0.248,中风险,0.542,高风险,0.591,高风险,0.436,高风险,0.46,高风险
4920.0,loc5,location5,0.44,高风险,0.326,高风险,0.506,高风险,0.637,高风险,0.482,高风险,0.49,高风险
4921.0,loc5,location5,0.469,高风险,0.348,高风险,0.539,高风险,0.678,高风险,0.513,高风险,0.522,高风险
4926.0,loc5,location5,0.186,中风险,0.075,低风险,0.316,高风险,0.395,高风险,0.245,中风险,0.262,中风险
4932.0,loc5,location5,0.382,高风险,0.261,中风险,0.475,高风险,0.597,高风险,0.432,高风险,0.444,高风险
4945.0,loc5,location5,0.603,高风险,0.492,高风险,0.634,高风险,0.692,高风险,0.596,高风险,0.606,高风险
4951.0,loc5,location5,0.374,高风险,0.258,中风险,0.472,高风险,0.484,高风险,0.385,高风险,0.405,高风险
4954.0,loc5,location5,0.286,中风险,0.146,中风险,0.438,高风险,0.517,高风险,0.345,高风险,0.367,高风险
4956.0,loc5,location5,0.148,中风险,0.059,低风险,0.251,中风险,0.315,高风险,0.195,中风险,0.208,中风险
4962.0,loc5,location5,0.375,高风险,0.244,中风险,0.485,高风险,0.61,高风险,0.432,高风险,0.447,高风险
4964.0,loc5,location5,0.267,中风险,0.107,低风险,0.453,高风险,0.568,高风险,0.351,高风险,0.376,高风险
4969.0,loc5,location5,0.623,高风险,0.512,高风险,0.652,高风险,0.695,高风险,0.609,高风险,0.62,高风险
4971.0,loc5,location5,0.532,高风险,0.413,高风险,0.59,高风险,0.674,高风险,0.548,高风险,0.559,高风险
4972.0,loc5,location5,0.0,低风险,0.0,低风险,0.0,低风险,0.0,低风险,0.0,低风险,0.0,低风险
4979.0,loc5,location5,0.24,中风险,0.096,低风险,0.406,高风险,0.509,高风险,0.315,高风险,0.337,高风险
4998.0,loc5,location5,0.126,中风险,0.075,低风险,0.173,中风险,0.218,中风险,0.149,中风险,0.155,中风险
5006.0,loc5,location5,0.387,高风险,0.27,中风险,0.485,高风险,0.493,高风险,0.396,高风险,0.416,高风险
5008.0,loc5,location5,0.404,高风险,0.258,中风险,0.543,高风险,0.585,高风险,0.438,高风险,0.462,高风险
5018.0,loc5,location5,0.213,中风险,0.085,低风险,0.361,高风险,0.453,高风险,0.28,中风险,0.3,中风险
5024.0,loc5,location5,0.407,高风险,0.286,中风险,0.494,高风险,0.621,高风险,0.456,高风险,0.467,高风险
5029.0,loc5,location5,0.54,高风险,0.405,高风险,0.622,高风险,0.701,高风险,0.561,高风险,0.576,高风险
5040.0,loc5,location5,0.464,高风险,0.335,高风险,0.566,高风险,0.56,高风险,0.465,高风险,0.487,高风险
5042.0,loc5,location5,0.334,高风险,0.255,中风险,0.372,高风险,0.469,高风险,0.361,高风险,0.366,高风险
5051.0,loc5,location5,0.235,中风险,0.094,低风险,0.398,高风险,0.498,高风险,0.308,中风险,0.33,高风险
5052.0,loc5,location5,0.165,中风险,0.104,低风险,0.218,中风险,0.273,中风险,0.192,中风险,0.199,中风险
5055.0,loc5,location5,0.052,低风险,0.021,低风险,0.088,低风险,0.11,低风险,0.068,低风险,0.073,低风险
5057.0,loc5,location5,0.304,中风险,0.183,中风险,0.418,高风险,0.525,高风险,0.36,高风险,0.375,高风险
5080.0,loc5,location5,0.178,中风险,0.187,中风险,0.129,中风险,0.047,低风险,0.121,中风险,0.121,中风险
5089.0,loc5,location5,0.443,高风险,0.311,高风险,0.539,高风险,0.678,高风险,0.497,高风险,0.509,高风险
5090.0,loc5,location5,0.314,高风险,0.201,中风险,0.42,高风险,0.452,高风险,0.339,高风险,0.358,高风险
5096.0,loc5,location5,0.0,低风险,0.0,低风险,0.0,低风险,0.0,低风险,0.0,低风险,0.0,低风险
5102.0,loc5,location5,0.263,中风险,0.226,中风险,0.265,中风险,0.212,中风险,0.227,中风险,0.235,中风险
5103.0,loc5,location5,0.398,高风险,0.267,中风险,0.516,高风险,0.54,高风险,0.419,高风险,0.441,高风险
5104.0,loc5,location5,0.0,低风险,0.0,低风险,0.0,低风险,0.0,低风险,0.0,低风险,0.0,低风险
5105.0,loc5,location5,0.257,中风险,0.161,中风险,0.344,高风险,0.432,高风险,0.301,中风险,0.312,高风险
5113.0,loc5,location5,0.289,中风险,0.163,中风险,0.42,高风险,0.48,高风险,0.334,高风险,0.354,高风险
5125.0,loc5,location5,0.255,中风险,0.102,低风险,0.432,高风险,0.541,高风险,0.334,高风险,0.358,高风险
5126.0,loc5,location5,0.63,高风险,0.51,高风险,0.656,高风险,0.828,高风险,0.662,高风险,0.665,高风险
5131.0,loc5,location5,0.236,中风险,0.094,低风险,0.399,高风险,0.5,高风险,0.309,中风险,0.331,高风险
5134.0,loc5,location5,0.246,中风险,0.098,低风险,0.416,高风险,0.522,高风险,0.322,高风险,0.345,高风险
5135.0,loc5,location5,0.753,高风险,0.673,高风险,0.704,高风险,0.705,高风险,0.691,高风险,0.694,高风险
5142.0,loc5,location5,0.234,中风险,0.094,低风险,0.396,高风险,0.496,高风险,0.307,中风险,0.329,高风险
5145.0,loc5,location5,0.252,中风险,0.101,低风险,0.427,高风险,0.535,高风险,0.331,高风险,0.354,高风险
5152.0,loc5,location5,0.435,高风险,0.315,高风险,0.514,高风险,0.646,高风险,0.482,高风险,0.492,高风险
5158.0,loc5,location5,0.497,高风险,0.438,高风险,0.461,高风险,0.582,高风险,0.5,高风险,0.494,高风险
5172.0,loc5,location5,0.34,高风险,0.25,中风险,0.394,高风险,0.496,高风险,0.373,高风险,0.38,高风险
5187.0,loc5,location5,0.203,中风险,0.09,低风险,0.331,高风险,0.406,高风险,0.258,中风险,0.276,中风险
5191.0,loc5,location5,0.186,中风险,0.075,低风险,0.316,高风险,0.395,高风险,0.245,中风险,0.262,中风险
5192.0,loc5,location5,0.271,中风险,0.138,中风险,0.412,高风险,0.516,高风险,0.337,高风险,0.355,高风险
5201.0,loc5,location5,0.251,中风险,0.109,低风险,0.414,高风险,0.509,高风险,0.322,高风险,0.344,高风险
5212.0,loc5,location5,0.242,中风险,0.185,中风险,0.27,中风险,0.339,高风险,0.261,中风险,0.265,中风险
5216.0,loc5,location5,0.181,中风险,0.072,低风险,0.306,中风险,0.384,高风险,0.237,中风险,0.254,中风险
5230.0,loc5,location5,0.307,中风险,0.181,中风险,0.428,高风险,0.537,高风险,0.366,高风险,0.382,高风险
5237.0,loc5,location5,0.285,中风险,0.216,中风险,0.321,高风险,0.404,高风险,0.309,中风险,0.313,高风险
5241.0,loc5,location5,0.331,高风险,0.204,中风险,0.456,高风险,0.5,高风险,0.366,高风险,0.387,高风险
5245.0,loc5,location5,0.684,高风险,0.566,高风险,0.703,高风险,0.805,高风险,0.685,高风险,0.691,高风险
5248.0,loc5,location5,0.221,中风险,0.089,低风险,0.375,高风险,0.47,高风险,0.29,中风险,0.311,高风险
5249.0,loc5,location5,0.143,中风险,0.057,低风险,0.243,中风险,0.304,中风险,0.188,中风险,0.201,中风险
5250.0,loc5,location5,0.192,中风险,0.077,低风险,0.326,高风险,0.408,高风险,0.252,中风险,0.27,中风险
5251.0,loc5,location5,0.226,中风险,0.114,中风险,0.349,高风险,0.414,高风险,0.275,中风险,0.292,中风险
5255.0,loc5,location5,0.523,高风险,0.384,高风险,0.628,高风险,0.613,高风险,0.517,高风险,0.542,高风险
5265.0,loc5,location5,0.225,中风险,0.09,低风险,0.381,高风险,0.477,高风险,0.295,中风险,0.316,高风险
5266.0,loc5,location5,0.277,中风险,0.111,中风险,0.47,高风险,0.588,高风险,0.364,高风险,0.39,高风险
5270.0,loc5,location5,0.295,中风险,0.311,高风险,0.214,中风险,0.077,低风险,0.2,中风险,0.201,中风险
5271.0,loc5,location5,0.205,中风险,0.082,低风险,0.347,高风险,0.435,高风险,0.269,中风险,0.288,中风险
5280.0,loc5,location5,0.227,中风险,0.091,低风险,0.385,高风险,0.482,高风险,0.298,中风险,0.319,高风险
5281.0,loc5,location5,0.179,中风险,0.072,低风险,0.304,中风险,0.38,高风险,0.235,中风险,0.252,中风险
5284.0,loc5,location5,0.24,中风险,0.096,低风险,0.406,高风险,0.509,高风险,0.315,高风险,0.337,高风险
5287.0,loc5,location5,0.207,中风险,0.083,低风险,0.35,高风险,0.439,高风险,0.271,中风险,0.29,中风险
5320.0,loc5,location5,0.292,中风险,0.191,中风险,0.376,高风险,0.472,高风险,0.335,高风险,0.346,高风险
5322.0,loc5,location5,0.328,高风险,0.209,中风险,0.432,高风险,0.543,高风险,0.381,高风险,0.395,高风险
5323.0,loc5,location5,0.231,中风险,0.093,低风险,0.392,高风险,0.49,高风险,0.303,中风险,0.325,高风险
5324.0,loc5,location5,0.274,中风险,0.11,低风险,0.465,高风险,0.582,高风险,0.36,高风险,0.386,高风险
5330.0,loc5,location5,0.409,高风险,0.238,中风险,0.583,高风险,0.656,高风险,0.465,高风险,0.492,高风险
5333.0,loc5,location5,0.448,高风险,0.353,高风险,0.482,高风险,0.608,高风险,0.477,高风险,0.481,高风险
5336.0,loc5,location5,0.638,高风险,0.537,高风险,0.646,高风险,0.679,高风险,0.613,高风险,0.621,高风险
5338.0,loc5,location5,0.423,高风险,0.303,中风险,0.504,高风险,0.633,高风险,0.47,高风险,0.48,高风险
5339.0,loc5,location5,0.436,高风险,0.337,高风险,0.499,高风险,0.464,高风险,0.416,高风险,0.433,高风险
5341.0,loc5,location5,0.27,中风险,0.108,低风险,0.458,高风险,0.573,高风险,0.355,高风险,0.38,高风险
5343.0,loc5,location5,0.379,高风险,0.296,中风险,0.423,高风险,0.44,高风险,0.376,高风险,0.387,高风险
5347.0,loc5,location5,0.267,中风险,0.134,中风险,0.412,高风险,0.489,高风险,0.324,高风险,0.345,高风险
5356.0,loc5,location5,0.374,高风险,0.261,中风险,0.458,高风险,0.576,高风险,0.421,高风险,0.431,高风险
5359.0,loc5,location5,0.467,高风险,0.339,高风险,0.549,高风险,0.691,高风险,0.516,高风险,0.526,高风险
5361.0,loc5,location5,0.25,中风险,0.1,低风险,0.424,高风险,0.531,高风险,0.328,高风险,0.352,高风险
5363.0,loc5,location5,0.525,高风险,0.396,高风险,0.595,高风险,0.749,高风险,0.571,高风险,0.58,高风险
5367.0,loc5,location5,0.075,低风险,0.079,低风险,0.054,低风险,0.02,低风险,0.051,低风险,0.051,低风险
5370.0,loc5,location5,0.171,中风险,0.069,低风险,0.29,中风险,0.363,高风险,0.225,中风险,0.241,中风险
5380.0,loc5,location5,0.269,中风险,0.108,低风险,0.455,高风险,0.57,高风险,0.353,高风险,0.378,高风险
5386.0,loc5,location5,0.234,中风险,0.094,低风险,0.397,高风险,0.498,高风险,0.308,中风险,0.33,高风险
5389.0,loc5,location5,0.242,中风险,0.142,中风险,0.345,高风险,0.388,高风险,0.275,中风险,0.291,中风险
5390.0,loc5,location5,0.157,中风险,0.063,低风险,0.266,中风险,0.333,高风险,0.206,中风险,0.221,中风险
5391.0,loc5,location5,0.167,中风险,0.067,低风险,0.282,中风险,0.354,高风险,0.219,中风险,0.234,中风险
5411.0,loc5,location5,0.228,中风险,0.091,低风险,0.387,高风险,0.485,高风险,0.3,中风险,0.321,高风险
5418.0,loc5,location5,0.218,中风险,0.141,中风险,0.283,中风险,0.356,高风险,0.252,中风险,0.26,中风险
5424.0,loc5,location5,0.321,高风险,0.229,中风险,0.39,高风险,0.429,高风险,0.337,高风险,0.349,高风险
5427.0,loc5,location5,0.175,中风险,0.108,低风险,0.236,中风险,0.296,中风险,0.205,中风险,0.213,中风险
5432.0,loc5,location5,0.347,高风险,0.275,中风险,0.379,高风险,0.407,高风险,0.346,高风险,0.354,高风险
5433.0,loc5,location5,0.274,中风险,0.11,低风险,0.464,高风险,0.581,高风险,0.359,高风险,0.385,高风险
5434.0,loc5,location5,0.215,中风险,0.095,低风险,0.352,高风险,0.432,高风险,0.274,中风险,0.293,中风险
5438.0,loc5,location5,0.252,中风险,0.158,中风险,0.336,高风险,0.423,高风险,0.295,中风险,0.306,中风险
5441.0,loc5,location5,0.342,高风险,0.186,中风险,0.507,高风险,0.588,高风险,0.402,高风险,0.427,高风险
5444.0,loc5,location5,0.322,高风险,0.201,中风险,0.431,高风险,0.541,高风险,0.377,高风险,0.391,高风险
5449.0,loc5,location5,0.353,高风险,0.263,中风险,0.418,高风险,0.405,高风险,0.347,高风险,0.362,高风险
5468.0,loc5,location5,0.352,高风险,0.211,中风险,0.485,高风险,0.609,高风险,0.417,高风险,0.435,高风险
5477.0,loc5,location5,0.312,高风险,0.259,中风险,0.331,高风险,0.281,中风险,0.28,中风险,0.29,中风险
5479.0,loc5,location5,0.155,中风险,0.062,低风险,0.262,中风险,0.329,高风险,0.203,中风险,0.218,中风险
5489.0,loc5,location5,0.178,中风险,0.084,低风险,0.282,中风险,0.353,高风险,0.226,中风险,0.24,中风险
5497.0,loc5,location5,0.384,高风险,0.231,中风险,0.536,高风险,0.594,高风险,0.429,高风险,0.454,高风险
5503.0,loc5,location5,0.155,中风险,0.062,低风险,0.262,中风险,0.329,高风险,0.203,中风险,0.218,中风险
5504.0,loc5,location5,0.233,中风险,0.093,低风险,0.395,高风险,0.495,高风险,0.306,中风险,0.328,高风险
5509.0,loc5,location5,0.515,高风险,0.429,高风险,0.517,高风险,0.653,高风险,0.534,高风险,0.533,高风险
5511.0,loc5,location5,0.257,中风险,0.103,低风险,0.436,高风险,0.546,高风险,0.337,高风险,0.361,高风险
5512.0,loc5,location5,0.254,中风险,0.102,低风险,0.431,高风险,0.539,高风险,0.333,高风险,0.357,高风险
5513.0,loc5,location5,0.0,低风险,0.0,低风险,0.0,低风险,0.0,低风险,0.0,低风险,0.0,低风险
5515.0,loc5,location5,0.271,中风险,0.116,中风险,0.446,高风险,0.559,高风险,0.35,高风险,0.374,高风险
5519.0,loc5,location5,0.26,中风险,0.104,低风险,0.441,高风险,0.553,高风险,0.342,高风险,0.366,高风险
5526.0,loc5,location5,0.485,高风险,0.348,高风险,0.594,高风险,0.591,高风险,0.488,高风险,0.511,高风险
5532.0,loc5,location5,0.265,中风险,0.106,低风险,0.449,高风险,0.562,高风险,0.347,高风险,0.372,高风险
5533.0,loc5,location5,0.309,中风险,0.204,中风险,0.396,高风险,0.497,高风险,0.354,高风险,0.366,高风险
5538.0,loc5,location5,0.435,高风险,0.294,中风险,0.546,高风险,0.687,高风险,0.494,高风险,0.509,高风险
5544.0,loc5,location5,0.246,中风险,0.099,低风险,0.417,高风险,0.522,高风险,0.323,高风险,0.346,高风险
5545.0,loc5,location5,0.36,高风险,0.215,中风险,0.507,高风险,0.565,高风险,0.405,高风险,0.429,高风险
5547.0,loc5,location5,0.217,中风险,0.087,低风险,0.368,高风险,0.461,高风险,0.285,中风险,0.305,中风险
5552.0,loc5,location5,0.249,中风险,0.169,中风险,0.321,高风险,0.334,高风险,0.261,中风险,0.274,中风险
5553.0,loc5,location5,0.0,低风险,0.0,低风险,0.0,低风险,0.0,低风险,0.0,低风险,0.0,低风险
5556.0,loc5,location5,0.402,高风险,0.262,中风险,0.521,高风险,0.655,高风险,0.464,高风险,0.479,高风险
5558.0,loc5,location5,0.335,高风险,0.233,中风险,0.412,高风险,0.518,高风险,0.378,高风险,0.387,高风险
5559.0,loc5,location5,0.351,高风险,0.243,中风险,0.431,高风险,0.542,高风险,0.395,高风险,0.405,高风险
5565.0,loc5,location5,0.212,中风险,0.085,低风险,0.359,高风险,0.45,高风险,0.278,中风险,0.298,中风险
5567.0,loc5,location5,0.289,中风险,0.167,中风险,0.414,高风险,0.468,高风险,0.33,高风险,0.35,高风险
5576.0,loc5,location5,0.198,中风险,0.079,低风险,0.336,高风险,0.421,高风险,0.26,中风险,0.279,中风险
5578.0,loc5,location5,0.522,高风险,0.397,高风险,0.598,高风险,0.628,高风险,0.524,高风险,0.541,高风险
5579.0,loc5,location5,0.235,中风险,0.094,低风险,0.399,高风险,0.499,高风险,0.309,中风险,0.331,高风险
5592.0,loc5,location5,0.252,中风险,0.115,中风险,0.406,高风险,0.494,高风险,0.317,高风险,0.338,高风险
5596.0,loc5,location5,0.557,高风险,0.452,高风险,0.585,高风险,0.668,高风险,0.562,高风险,0.569,高风险
5599.0,loc5,location5,0.3,中风险,0.174,中风险,0.428,高风险,0.482,高风险,0.341,高风险,0.361,高风险
5616.0,loc5,location5,0.298,中风险,0.314,高风险,0.216,中风险,0.078,低风险,0.203,中风险,0.203,中风险
5619.0,loc5,location5,0.297,中风险,0.183,中风险,0.4,高风险,0.502,高风险,0.348,高风险,0.362,高风险
5625.0,loc5,location5,0.213,中风险,0.086,低风险,0.359,高风险,0.449,高风险,0.278,中风险,0.298,中风险
5627.0,loc5,location5,0.417,高风险,0.321,高风险,0.477,高风险,0.444,高风险,0.397,高风险,0.414,高风险
5628.0,loc5,location5,0.188,中风险,0.075,低风险,0.318,高风险,0.399,高风险,0.247,中风险,0.264,中风险
5638.0,loc5,location5,0.272,中风险,0.171,中风险,0.361,高风险,0.454,高风险,0.317,高风险,0.329,高风险
5652.0,loc5,location5,0.367,高风险,0.246,中风险,0.463,高风险,0.582,高风险,0.418,高风险,0.431,高风险
5654.0,loc5,location5,0.173,中风险,0.069,低风险,0.294,中风险,0.368,高风险,0.228,中风险,0.244,中风险
5667.0,loc5,location5,0.214,中风险,0.086,低风险,0.363,高风险,0.454,高风险,0.281,中风险,0.301,中风险
5671.0,loc5,location5,0.277,中风险,0.18,中风险,0.366,高风险,0.39,高风险,0.296,中风险,0.312,高风险
5676.0,loc5,location5,0.115,中风险,0.046,低风险,0.194,中风险,0.243,中风险,0.151,中风险,0.161,中风险
5677.0,loc5,location5,0.179,中风险,0.072,低风险,0.303,中风险,0.379,高风险,0.235,中风险,0.251,中风险
5678.0,loc5,location5,0.049,低风险,0.052,低风险,0.036,低风险,0.013,低风险,0.033,低风险,0.034,低风险
5684.0,loc5,location5,0.344,高风险,0.206,中风险,0.476,高风险,0.598,高风险,0.409,高风险,0.426,高风险
5691.0,loc5,location5,0.279,中风险,0.162,中风险,0.392,高风险,0.493,高风险,0.334,高风险,0.349,高风险
5702.0,loc5,location5,0.184,中风险,0.074,低风险,0.312,高风险,0.39,高风险,0.241,中风险,0.259,中风险
5705.0,loc5,location5,0.0,低风险,0.0,低风险,0.0,低风险,0.0,低风险,0.0,低风险,0.0,低风险
5706.0,loc5,location5,0.131,中风险,0.138,中风险,0.095,低风险,0.034,低风险,0.089,低风险,0.089,低风险
5711.0,loc5,location5,0.122,中风险,0.128,中风险,0.088,低风险,0.032,低风险,0.083,低风险,0.083,低风险
5717.0,loc5,location5,0.484,高风险,0.346,高风险,0.594,高风险,0.594,高风险,0.488,高风险,0.511,高风险
5728.0,loc5,location5,0.087,低风险,0.035,低风险,0.148,中风险,0.185,中风险,0.114,中风险,0.123,中风险
5733.0,loc5,location5,0.256,中风险,0.181,中风险,0.307,中风险,0.386,高风险,0.285,中风险,0.291,中风险
5734.0,loc5,location5,0.322,高风险,0.205,中风险,0.423,高风险,0.531,高风险,0.373,高风险,0.386,高风险
5754.0,loc5,location5,0.147,中风险,0.059,低风险,0.25,中风险,0.313,高风险,0.193,中风险,0.207,中风险
5759.0,loc5,location5,0.517,高风险,0.387,高风险,0.591,高风险,0.738,高风险,0.562,高风险,0.572,高风险
5774.0,loc5,location5,0.0,低风险,0.0,低风险,0.0,低风险,0.0,低风险,0.0,低风险,0.0,低风险
5778.0,loc5,location5,0.119,中风险,0.048,低风险,0.202,中风险,0.253,中风险,0.156,中风险,0.167,中风险
5781.0,loc5,location5,0.493,高风险,0.394,高风险,0.522,高风险,0.658,高风险,0.522,高风险,0.524,高风险
5782.0,loc5,location5,0.198,中风险,0.094,低风险,0.312,高风险,0.391,高风险,0.251,中风险,0.266,中风险
5799.0,loc5,location5,0.144,中风险,0.058,低风险,0.244,中风险,0.305,中风险,0.189,中风险,0.202,中风险
5801.0,loc5,location5,0.217,中风险,0.105,低风险,0.341,高风险,0.409,高风险,0.267,中风险,0.285,中风险
5807.0,loc5,location5,0.159,中风险,0.064,低风险,0.269,中风险,0.337,高风险,0.208,中风险,0.223,中风险
5815.0,loc5,location5,0.094,低风险,0.038,低风险,0.16,中风险,0.201,中风险,0.124,中风险,0.133,中风险
5818.0,loc5,location5,0.204,中风险,0.215,中风险,0.148,中风险,0.053,低风险,0.139,中风险,0.139,中风险
5825.0,loc5,location5,0.26,中风险,0.274,中风险,0.189,中风险,0.068,低风险,0.177,中风险,0.177,中风险
5828.0,loc5,location5,0.0,低风险,0.0,低风险,0.0,低风险,0.0,低风险,0.0,低风险,0.0,低风险
5835.0,loc5,location5,0.0,低风险,0.0,低风险,0.0,低风险,0.0,低风险,0.0,低风险,0.0,低风险
5839.0,loc5,location5,0.232,中风险,0.093,低风险,0.394,高风险,0.493,高风险,0.305,中风险,0.326,高风险
5841.0,loc5,location5,0.0,低风险,0.0,低风险,0.0,低风险,0.0,低风险,0.0,低风险,0.0,低风险
5842.0,loc5,location5,0.59,高风险,0.465,高风险,0.647,高风险,0.694,高风险,0.588,高风险,0.602,高风险
5844.0,loc5,location5,0.849,高风险,0.75,高风险,0.803,高风险,0.838,高风险,0.794,高风险,0.797,高风险
5850.0,loc5,location5,0.093,低风险,0.098,低风险,0.068,低风险,0.024,低风险,0.063,低风险,0.064,低风险
5852.0,loc5,location5,0.167,中风险,0.069,低风险,0.28,中风险,0.348,高风险,0.217,中风险,0.232,中风险
5853.0,loc5,location5,0.181,中风险,0.072,低风险,0.306,中风险,0.384,高风险,0.237,中风险,0.254,中风险
5857.0,loc5,location5,0.412,高风险,0.289,中风险,0.5,高风险,0.629,高风险,0.461,高风险,0.473,高风险
5874.0,loc5,location5,0.129,中风险,0.052,低风险,0.219,中风险,0.274,中风险,0.169,中风险,0.182,中风险
5878.0,loc5,location5,0.128,中风险,0.068,低风险,0.191,中风险,0.239,中风险,0.158,中风险,0.166,中风险
5883.0,loc5,location5,0.122,中风险,0.063,低风险,0.186,中风险,0.218,中风险,0.146,中风险,0.156,中风险
5897.0,loc5,location5,0.063,低风险,0.066,低风险,0.045,低风险,0.016,低风险,0.043,低风险,0.043,低风险
5905.0,loc5,location5,0.25,中风险,0.131,中风险,0.374,高风险,0.469,高风险,0.308,中风险,0.325,高风险
5909.0,loc5,location5,0.444,高风险,0.307,中风险,0.56,高风险,0.573,高风险,0.457,高风险,0.48,高风险
5910.0,loc5,location5,0.266,中风险,0.107,低风险,0.452,高风险,0.566,高风险,0.35,高风险,0.375,高风险
5912.0,loc5,location5,0.359,高风险,0.237,中风险,0.46,高风险,0.578,高风险,0.412,高风险,0.425,高风险
5913.0,loc5,location5,0.096,低风险,0.038,低风险,0.162,中风险,0.203,中风险,0.126,中风险,0.135,中风险
5921.0,loc5,location5,0.216,中风险,0.15,中风险,0.265,中风险,0.333,高风险,0.243,中风险,0.249,中风险
5938.0,loc5,location5,0.199,中风险,0.081,低风险,0.336,高风险,0.419,高风险,0.26,中风险,0.278,中风险
5950.0,loc5,location5,0.0,低风险,0.0,低风险,0.0,低风险,0.0,低风险,0.0,低风险,0.0,低风险
5953.0,loc5,location5,0.208,中风险,0.091,低风险,0.34,高风险,0.426,高风险,0.268,中风险,0.286,中风险
5959.0,loc5,location5,0.17,中风险,0.178,中风险,0.123,中风险,0.044,低风险,0.115,中风险,0.115,中风险
5961.0,loc5,location5,0.233,中风险,0.245,中风险,0.169,中风险,0.061,低风险,0.158,中风险,0.158,中风险
5966.0,loc5,location5,0.554,高风险,0.457,高风险,0.563,高风险,0.71,高风险,0.577,高风险,0.577,高风险
5968.0,loc5,location5,0.1,低风险,0.04,低风险,0.17,中风险,0.213,中风险,0.132,中风险,0.141,中风险
5971.0,loc5,location5,0.156,中风险,0.062,低风险,0.264,中风险,0.331,高风险,0.205,中风险,0.219,中风险
5985.0,loc5,location5,0.194,中风险,0.078,低风险,0.328,高风险,0.411,高风险,0.254,中风险,0.272,中风险
5987.0,loc5,location5,0.158,中风险,0.063,低风险,0.268,中风险,0.336,高风险,0.208,中风险,0.223,中风险
5997.0,loc5,location5,0.246,中风险,0.121,中风险,0.385,高风险,0.46,高风险,0.302,中风险,0.322,高风险
6002.0,loc5,location5,0.276,中风险,0.211,中风险,0.318,高风险,0.299,中风险,0.265,中风险,0.276,中风险
6003.0,loc5,location5,0.263,中风险,0.106,低风险,0.447,高风险,0.559,高风险,0.346,高风险,0.371,高风险
6006.0,loc5,location5,0.314,高风险,0.184,中风险,0.44,高风险,0.552,高风险,0.375,高风险,0.392,高风险
6008.0,loc5,location5,0.259,中风险,0.108,低风险,0.433,高风险,0.542,高风险,0.337,高风险,0.361,高风险
6012.0,loc5,location5,0.669,高风险,0.564,高风险,0.68,高风险,0.685,高风险,0.632,高风险,0.643,高风险
6014.0,loc5,location5,0.244,中风险,0.098,低风险,0.413,高风险,0.517,高风险,0.32,高风险,0.343,高风险
6017.0,loc5,location5,0.256,中风险,0.102,低风险,0.433,高风险,0.543,高风险,0.336,高风险,0.36,高风险
6021.0,loc5,location5,0.371,高风险,0.301,中风险,0.403,高风险,0.354,高风险,0.34,高风险,0.353,高风险
6023.0,loc5,location5,0.219,中风险,0.088,低风险,0.371,高风险,0.464,高风险,0.287,中风险,0.307,中风险
6024.0,loc5,location5,0.48,高风险,0.329,高风险,0.611,高风险,0.629,高风险,0.498,高风险,0.523,高风险
6026.0,loc5,location5,0.701,高风险,0.58,高风险,0.728,高风险,0.771,高风险,0.682,高风险,0.693,高风险
6028.0,loc5,location5,0.222,中风险,0.089,低风险,0.376,高风险,0.47,高风险,0.291,中风险,0.312,高风险
6055.0,loc5,location5,0.0,低风险,0.0,低风险,0.0,低风险,0.0,低风险,0.0,低风险,0.0,低风险
6064.0,loc5,location5,0.246,中风险,0.099,低风险,0.418,高风险,0.523,高风险,0.324,高风险,0.347,高风险
6066.0,loc5,location5,0.116,中风险,0.122,中风险,0.084,低风险,0.03,低风险,0.079,低风险,0.079,低风险
6070.0,loc5,location5,0.31,中风险,0.201,中风险,0.411,高风险,0.438,高风险,0.332,高风险,0.35,高风险
6071.0,loc5,location5,0.238,中风险,0.095,低风险,0.403,高风险,0.505,高风险,0.312,高风险,0.335,高风险
6073.0,loc5,location5,0.164,中风险,0.066,低风险,0.277,中风险,0.347,高风险,0.215,中风险,0.23,中风险
6078.0,loc5,location5,0.551,高风险,0.412,高风险,0.65,高风险,0.624,高风险,0.538,高风险,0.562,高风险
6089.0,loc5,location5,0.192,中风险,0.143,中风险,0.219,中风险,0.276,中风险,0.209,中风险,0.213,中风险
6097.0,loc5,location5,0.234,中风险,0.094,低风险,0.397,高风险,0.497,高风险,0.307,中风险,0.329,高风险
6103.0,loc5,location5,0.28,中风险,0.147,中风险,0.422,高风险,0.494,高风险,0.333,高风险,0.355,高风险
6108.0,loc5,location5,0.276,中风险,0.11,中风险,0.467,高风险,0.585,高风险,0.362,高风险,0.388,高风险
6113.0,loc5,location5,0.0,低风险,0.0,低风险,0.0,低风险,0.0,低风险,0.0,低风险,0.0,低风险
6114.0,loc5,location5,0.398,高风险,0.28,中风险,0.483,高风险,0.607,高风险,0.446,高风险,0.457,高风险
6116.0,loc5,location5,0.247,中风险,0.099,低风险,0.419,高风险,0.525,高风险,0.325,高风险,0.348,高风险
6119.0,loc5,location5,0.228,中风险,0.091,低风险,0.386,高风险,0.484,高风险,0.299,中风险,0.321,高风险
6121.0,loc5,location5,0.308,中风险,0.123,中风险,0.522,高风险,0.654,高风险,0.405,高风险,0.433,高风险
6122.0,loc5,location5,0.457,高风险,0.376,高风险,0.467,高风险,0.589,高风险,0.477,高风险,0.477,高风险
6128.0,loc5,location5,0.239,中风险,0.096,低风险,0.405,高风险,0.507,高风险,0.313,高风险,0.336,高风险
6133.0,loc5,location5,0.141,中风险,0.057,低风险,0.24,中风险,0.3,中风险,0.186,中风险,0.199,中风险
6138.0,loc5,location5,0.223,中风险,0.089,低风险,0.377,高风险,0.473,高风险,0.292,中风险,0.313,高风险
6141.0,loc5,location5,0.27,中风险,0.108,低风险,0.457,高风险,0.573,高风险,0.354,高风险,0.379,高风险
6146.0,loc5,location5,0.276,中风险,0.148,中风险,0.412,高风险,0.479,高风险,0.326,高风险,0.347,高风险
6147.0,loc5,location5,0.299,中风险,0.188,中风险,0.405,高风险,0.439,高风险,0.326,高风险,0.344,高风险
6153.0,loc5,location5,0.387,高风险,0.263,中风险,0.495,高风险,0.512,高风险,0.402,高风险,0.423,高风险
6156.0,loc5,location5,0.0,低风险,0.0,低风险,0.0,低风险,0.0,低风险,0.0,低风险,0.0,低风险
6161.0,loc5,location5,0.336,高风险,0.278,中风险,0.356,高风险,0.304,中风险,0.302,中风险,0.313,高风险
6167.0,loc5,location5,0.322,高风险,0.205,中风险,0.425,高风险,0.534,高风险,0.375,高风险,0.388,高风险
6177.0,loc5,location5,0.254,中风险,0.18,中风险,0.305,中风险,0.384,高风险,0.283,中风险,0.29,中风险
6178.0,loc5,location5,0.0,低风险,0.0,低风险,0.0,低风险,0.0,低风险,0.0,低风险,0.0,低风险
6182.0,loc5,location5,0.214,中风险,0.086,低风险,0.363,高风险,0.454,高风险,0.281,中风险,0.301,中风险
6184.0,loc5,location5,0.243,中风险,0.097,低风险,0.412,高风险,0.516,高风险,0.319,高风险,0.342,高风险
6185.0,loc5,location5,0.275,中风险,0.29,中风险,0.2,中风险,0.072,低风险,0.187,中风险,0.187,中风险
6187.0,loc5,location5,0.446,高风险,0.439,高风险,0.357,高风险,0.315,高风险,0.375,高风险,0.37,高风险
6188.0,loc5,location5,0.313,高风险,0.195,中风险,0.427,高风险,0.465,高风险,0.343,高风险,0.362,高风险
6193.0,loc5,location5,0.217,中风险,0.087,低风险,0.368,高风险,0.46,高风险,0.285,中风险,0.305,中风险
6194.0,loc5,location5,0.391,高风险,0.273,中风险,0.477,高风险,0.599,高风险,0.439,高风险,0.45,高风险
6197.0,loc5,location5,0.323,高风险,0.173,中风险,0.484,高风险,0.564,高风险,0.383,高风险,0.407,高风险
6209.0,loc5,location5,0.367,高风险,0.261,中风险,0.44,高风险,0.553,高风险,0.409,高风险,0.418,高风险
6218.0,loc5,location5,0.336,高风险,0.25,中风险,0.385,高风险,0.484,高风险,0.367,高风险,0.373,高风险
6233.0,loc5,location5,0.251,中风险,0.264,中风险,0.182,中风险,0.066,低风险,0.171,中风险,0.171,中风险
6262.0,loc5,location5,0.312,高风险,0.328,高风险,0.226,中风险,0.082,低风险,0.212,中风险,0.212,中风险
6277.0,loc5,location5,0.269,中风险,0.198,中风险,0.321,高风险,0.312,高风险,0.265,中风险,0.277,中风险
6289.0,loc5,location5,0.175,中风险,0.185,中风险,0.127,中风险,0.046,低风险,0.119,中风险,0.119,中风险
6297.0,loc5,location5,0.597,高风险,0.49,高风险,0.627,高风险,0.653,高风险,0.579,高风险,0.59,高风险
6302.0,loc5,location5,0.266,中风险,0.28,中风险,0.193,中风险,0.07,低风险,0.181,中风险,0.181,中风险
6308.0,loc5,location5,0.191,中风险,0.201,中风险,0.138,中风险,0.05,低风险,0.13,中风险,0.13,中风险
6313.0,loc5,location5,0.47,高风险,0.337,高风险,0.56,高风险,0.705,高风险,0.523,高风险,0.534,高风险
6316.0,loc5,location5,0.201,中风险,0.212,中风险,0.146,中风险,0.053,低风险,0.137,中风险,0.137,中风险
6319.0,loc5,location5,0.504,高风险,0.448,高风险,0.462,高风险,0.584,高风险,0.505,高风险,0.498,高风险
6321.0,loc5,location5,0.176,中风险,0.139,中风险,0.197,中风险,0.178,中风险,0.165,中风险,0.171,中风险
6324.0,loc5,location5,0.273,中风险,0.141,中风险,0.417,高风险,0.491,高风险,0.329,高风险,0.35,高风险
6327.0,loc5,location5,0.224,中风险,0.09,低风险,0.38,高风险,0.476,高风险,0.294,中风险,0.315,高风险
6330.0,loc5,location5,0.151,中风险,0.06,低风险,0.255,中风险,0.32,高风险,0.198,中风险,0.212,中风险
6333.0,loc5,location5,0.405,高风险,0.285,中风险,0.491,高风险,0.617,高风险,0.453,高风险,0.464,高风险
6335.0,loc5,location5,0.156,中风险,0.062,低风险,0.264,中风险,0.331,高风险,0.205,中风险,0.219,中风险
6343.0,loc5,location5,0.234,中风险,0.094,低风险,0.397,高风险,0.497,高风险,0.308,中风险,0.329,高风险
6345.0,loc5,location5,0.188,中风险,0.075,低风险,0.318,高风险,0.398,高风险,0.246,中风险,0.264,中风险
6354.0,loc5,location5,0.225,中风险,0.09,低风险,0.381,高风险,0.477,高风险,0.295,中风险,0.316,高风险
6355.0,loc5,location5,0.142,中风险,0.057,低风险,0.241,中风险,0.302,中风险,0.187,中风险,0.2,中风险
6356.0,loc5,location5,0.0,低风险,0.0,低风险,0.0,低风险,0.0,低风险,0.0,低风险,0.0,低风险
6359.0,loc5,location5,0.409,高风险,0.309,中风险,0.479,高风险,0.456,高风险,0.397,高风险,0.414,高风险
6360.0,loc5,location5,0.229,中风险,0.092,低风险,0.389,高风险,0.487,高风险,0.301,中风险,0.323,高风险
6365.0,loc5,location5,0.258,中风险,0.103,低风险,0.437,高风险,0.548,高风险,0.339,高风险,0.363,高风险
6369.0,loc5,location5,0.249,中风险,0.1,低风险,0.421,高风险,0.527,高风险,0.326,高风险,0.349,高风险
6373.0,loc5,location5,0.0,低风险,0.0,低风险,0.0,低风险,0.0,低风险,0.0,低风险,0.0,低风险
6378.0,loc5,location5,0.186,中风险,0.074,低风险,0.315,高风险,0.394,高风险,0.244,中风险,0.261,中风险
6384.0,loc5,location5,0.214,中风险,0.086,低风险,0.363,高风险,0.454,高风险,0.281,中风险,0.301,中风险
6385.0,loc5,location5,0.165,中风险,0.066,低风险,0.281,中风险,0.351,高风险,0.217,中风险,0.233,中风险
6388.0,loc5,location5,0.454,高风险,0.362,高风险,0.483,高风险,0.609,高风险,0.481,高风险,0.484,高风险
6391.0,loc5,location5,0.202,中风险,0.081,低风险,0.342,高风险,0.428,高风险,0.265,中风险,0.284,中风险
6394.0,loc5,location5,0.202,中风险,0.153,中风险,0.226,中风险,0.284,中风险,0.218,中风险,0.221,中风险
6395.0,loc5,location5,0.196,中风险,0.079,低风险,0.333,高风险,0.417,高风险,0.258,中风险,0.276,中风险
6405.0,loc5,location5,0.237,中风险,0.179,中风险,0.277,中风险,0.264,中风险,0.23,中风险,0.24,中风险
6410.0,loc5,location5,0.093,低风险,0.098,低风险,0.067,低风险,0.024,低风险,0.063,低风险,0.063,低风险
6415.0,loc5,location5,0.385,高风险,0.265,中风险,0.477,高风险,0.6,高风险,0.435,高风险,0.447,高风险
6419.0,loc5,location5,0.0,低风险,0.0,低风险,0.0,低风险,0.0,低风险,0.0,低风险,0.0,低风险
6422.0,loc5,location5,0.38,高风险,0.302,中风险,0.421,高风险,0.378,高风险,0.353,高风险,0.367,高风险
6423.0,loc5,location5,0.591,高风险,0.485,高风险,0.606,高风险,0.764,高风险,0.618,高风险,0.619,高风险
6430.0,loc5,location5,0.216,中风险,0.092,低风险,0.359,高风险,0.445,高风险,0.279,中风险,0.299,中风险
6445.0,loc5,location5,0.337,高风险,0.23,中风险,0.431,高风险,0.445,高风险,0.35,高风险,0.369,高风险
6450.0,loc5,location5,0.0,低风险,0.0,低风险,0.0,低风险,0.0,低风险,0.0,低风险,0.0,低风险
6451.0,loc5,location5,0.435,高风险,0.316,高风险,0.513,高风险,0.645,高风险,0.482,高风险,0.491,高风险
6452.0,loc5,location5,0.0,低风险,0.0,低风险,0.0,低风险,0.0,低风险,0.0,低风险,0.0,低风险
6455.0,loc5,location5,0.251,中风险,0.101,低风险,0.426,高风险,0.533,高风险,0.33,高风险,0.353,高风险
6459.0,loc5,location5,0.153,中风险,0.061,低风险,0.259,中风险,0.324,高风险,0.201,中风险,0.215,中风险
6460.0,loc5,location5,0.218,中风险,0.23,中风险,0.158,中风险,0.057,低风险,0.148,中风险,0.148,中风险
6463.0,loc5,location5,0.29,中风险,0.116,中风险,0.491,高风险,0.615,高风险,0.38,高风险,0.407,高风险
6464.0,loc5,location5,0.321,高风险,0.185,中风险,0.459,高风险,0.519,高风险,0.366,高风险,0.388,高风险
6478.0,loc5,location5,0.51,高风险,0.461,高风险,0.462,高风险,0.508,高风险,0.48,高风险,0.477,高风险
6486.0,loc5,location5,0.29,中风险,0.19,中风险,0.374,高风险,0.47,高风险,0.334,高风险,0.345,高风险
6488.0,loc5,location5,0.437,高风险,0.339,高风险,0.496,高风险,0.458,高风险,0.414,高风险,0.431,高风险
6495.0,loc5,location5,0.195,中风险,0.078,低风险,0.331,高风险,0.415,高风险,0.256,中风险,0.275,中风险
6497.0,loc5,location5,0.187,中风险,0.075,低风险,0.316,高风险,0.396,高风险,0.245,中风险,0.262,中风险
6504.0,loc5,location5,0.296,中风险,0.173,中风险,0.421,高风险,0.473,高风险,0.336,高风险,0.355,高风险
6508.0,loc5,location5,0.559,高风险,0.419,高风险,0.637,高风险,0.802,高风险,0.61,高风险,0.619,高风险
6511.0,loc5,location5,0.218,中风险,0.087,低风险,0.369,高风险,0.462,高风险,0.286,中风险,0.306,中风险
6512.0,loc5,location5,0.229,中风险,0.092,低风险,0.389,高风险,0.487,高风险,0.301,中风险,0.323,高风险
6513.0,loc5,location5,0.342,高风险,0.244,中风险,0.421,高风险,0.421,高风险,0.345,高风险,0.362,高风险
6515.0,loc5,location5,0.489,高风险,0.306,中风险,0.652,高风险,0.818,高风险,0.571,高风险,0.592,高风险
6516.0,loc5,location5,0.283,中风险,0.113,中风险,0.48,高风险,0.601,高风险,0.372,高风险,0.398,高风险
6534.0,loc5,location5,0.162,中风险,0.171,中风险,0.118,中风险,0.043,低风险,0.11,中风险,0.11,中风险
6539.0,loc5,location5,0.213,中风险,0.091,低风险,0.353,高风险,0.437,高风险,0.275,中风险,0.294,中风险
6552.0,loc5,location5,0.456,高风险,0.323,高风险,0.563,高风险,0.577,高风险,0.466,高风险,0.488,高风险
6556.0,loc5,location5,0.47,高风险,0.292,中风险,0.631,高风险,0.792,高风险,0.551,高风险,0.572,高风险
6580.0,loc5,location5,0.126,中风险,0.132,中风险,0.091,低风险,0.033,低风险,0.085,低风险,0.085,低风险
6582.0,loc5,location5,0.536,高风险,0.409,高风险,0.598,高风险,0.753,高风险,0.579,高风险,0.587,高风险
6591.0,loc5,location5,0.37,高风险,0.279,中风险,0.432,高风险,0.411,高风险,0.358,高风险,0.374,高风险
6592.0,loc5,location5,0.241,中风险,0.117,中风险,0.377,高风险,0.472,高风险,0.304,中风险,0.322,高风险
6597.0,loc5,location5,0.078,低风险,0.031,低风险,0.132,中风险,0.166,中风险,0.102,低风险,0.11,低风险
6602.0,loc5,location5,0.216,中风险,0.087,低风险,0.367,高风险,0.46,高风险,0.284,中风险,0.305,中风险
6607.0,loc5,location5,0.244,中风险,0.111,中风险,0.395,高风险,0.483,高风险,0.308,中风险,0.329,高风险
6615.0,loc5,location5,0.301,中风险,0.186,中风险,0.414,高风险,0.453,高风险,0.332,高风险,0.351,高风险
6616.0,loc5,location5,0.386,高风险,0.243,中风险,0.513,高风险,0.644,高风险,0.45,高风险,0.467,高风险
6620.0,loc5,location5,0.417,高风险,0.309,中风险,0.494,高风险,0.478,高风险,0.409,高风险,0.427,高风险
6635.0,loc5,location5,0.174,中风险,0.07,低风险,0.295,中风险,0.37,高风险,0.229,中风险,0.245,中风险
6636.0,loc5,location5,0.51,高风险,0.398,高风险,0.569,高风险,0.591,高风险,0.505,高风险,0.519,高风险
6638.0,loc5,location5,0.292,中风险,0.21,中风险,0.352,高风险,0.398,高风险,0.31,中风险,0.32,高风险
6643.0,loc5,location5,0.359,高风险,0.215,中风险,0.503,高风险,0.56,高风险,0.402,高风险,0.426,高风险
6649.0,loc5,location5,0.355,高风险,0.235,中风险,0.458,高风险,0.53,高风险,0.392,高风险,0.408,高风险
6660.0,loc5,location5,0.295,中风险,0.178,中风险,0.405,高风险,0.508,高风险,0.349,高风险,0.364,高风险
6664.0,loc5,location5,0.341,高风险,0.22,中风险,0.444,高风险,0.558,高风险,0.394,高风险,0.407,高风险
6668.0,loc5,location5,0.271,中风险,0.134,中风险,0.423,高风险,0.504,高风险,0.332,高风险,0.354,高风险
6672.0,loc5,location5,0.263,中风险,0.277,中风险,0.191,中风险,0.069,低风险,0.179,中风险,0.179,中风险
6685.0,loc5,location5,0.259,中风险,0.104,低风险,0.439,高风险,0.549,高风险,0.34,高风险,0.364,高风险
6686.0,loc5,location5,0.253,中风险,0.151,中风险,0.349,高风险,0.439,高风险,0.3,中风险,0.313,高风险
6687.0,loc5,location5,0.0,低风险,0.0,低风险,0.0,低风险,0.0,低风险,0.0,低风险,0.0,低风险
6692.0,loc5,location5,0.185,中风险,0.074,低风险,0.314,高风险,0.393,高风险,0.243,中风险,0.261,中风险
6697.0,loc5,location5,0.234,中风险,0.094,低风险,0.397,高风险,0.497,高风险,0.307,中风险,0.329,高风险
6700.0,loc5,location5,0.279,中风险,0.151,中风险,0.415,高风险,0.481,高风险,0.328,高风险,0.349,高风险
6701.0,loc5,location5,0.216,中风险,0.086,低风险,0.366,高风险,0.458,高风险,0.283,中风险,0.304,中风险
6707.0,loc5,location5,0.542,高风险,0.452,高风险,0.549,高风险,0.641,高风险,0.544,高风险,0.547,高风险
6712.0,loc5,location5,0.56,高风险,0.45,高风险,0.603,高风险,0.634,高风险,0.55,高风险,0.562,高风险
6713.0,loc5,location5,0.415,高风险,0.328,高风险,0.445,高风险,0.561,高风险,0.441,高风险,0.445,高风险
6714.0,loc5,location5,0.325,高风险,0.183,中风险,0.468,高风险,0.587,高风险,0.394,高风险,0.412,高风险
6717.0,loc5,location5,0.041,低风险,0.043,低风险,0.03,低风险,0.011,低风险,0.028,低风险,0.028,低风险
6718.0,loc5,location5,0.308,中风险,0.204,中风险,0.392,高风险,0.492,高风险,0.352,高风险,0.363,高风险
6719.0,loc5,location5,0.447,高风险,0.322,高风险,0.53,高风险,0.667,高风险,0.496,高风险,0.507,高风险
6724.0,loc5,location5,0.119,中风险,0.048,低风险,0.201,中风险,0.252,中风险,0.156,中风险,0.167,中风险
6731.0,loc5,location5,0.221,中风险,0.088,低风险,0.374,高风险,0.469,高风险,0.29,中风险,0.311,高风险
6735.0,loc5,location5,0.0,低风险,0.0,低风险,0.0,低风险,0.0,低风险,0.0,低风险,0.0,低风险
6737.0,loc5,location5,0.364,高风险,0.266,中风险,0.439,高风险,0.43,高风险,0.361,高风险,0.378,高风险
6741.0,loc5,location5,0.225,中风险,0.09,低风险,0.381,高风险,0.477,高风险,0.295,中风险,0.316,高风险
6742.0,loc5,location5,0.454,高风险,0.32,高风险,0.551,高风险,0.692,高风险,0.509,高风险,0.521,高风险
6744.0,loc5,location5,0.587,高风险,0.536,高风险,0.531,高风险,0.528,高风险,0.532,高风险,0.532,高风险
6745.0,loc5,location5,0.61,高风险,0.492,高风险,0.665,高风险,0.587,高风险,0.56,高风险,0.581,高风险
6747.0,loc5,location5,0.19,中风险,0.076,低风险,0.323,高风险,0.404,高风险,0.25,中风险,0.268,中风险
6750.0,loc5,location5,0.827,高风险,0.714,高风险,0.802,高风险,0.912,高风险,0.809,高风险,0.809,高风险
6753.0,loc5,location5,0.456,高风险,0.345,高风险,0.513,高风险,0.646,高风险,0.495,高风险,0.502,高风险
