ID,Source,loc_key,score_Expert,label_Expert,score_EWM,label_EWM,score_CRITIC,label_CRITIC,score_AHP,label_AHP,score_Multiplicative,label_Multiplicative,score_MeanDev,label_MeanDev
27.0,1-1,location1,0.3588428899310055,低风险,0.1933217112406601,低风险,0.4266218666288481,中风险,0.4785053191422771,中风险,0.3772509419611311,低风险,0.3661496323372618,低风险
55.0,1-2,location1,0.5120887848682356,中风险,0.2847286533991405,低风险,0.5821122030508812,中风险,0.6557481857988877,高风险,0.5204948753351558,中风险,0.5075296807496364,中风险
85.0,1-1,location1,0.31400023147423045,低风险,0.2018884524108137,低风险,0.3808890829691681,低风险,0.44407622827765364,中风险,0.3524528293565182,低风险,0.34228458788587846,低风险
94.0,1-2,location1,0.4643206121172055,中风险,0.2602654718735398,低风险,0.5529763280864916,中风险,0.5693203704285089,中风险,0.48137150415448865,中风险,0.46085405679618,中风险
156.0,1-2,location1,0.06774260565750036,低风险,0.02314375967113714,低风险,0.058459594044736406,低风险,0.14163646604134328,低风险,0.06510349310030217,低风险,0.0744132732524056,低风险
196.0,1-2,location1,0.3292076196164827,低风险,0.14975646292751443,低风险,0.30930777944373683,低风险,0.45672556683989907,中风险,0.29304236792712063,低风险,0.3052632697370501,低风险
240.0,1-2,location1,0.3747802915659446,低风险,0.19265950258042505,低风险,0.29582147016210886,低风险,0.4688793721752439,中风险,0.2986295377165619,低风险,0.3191201149725926,低风险
248.0,1-2,location1,0.1349083027550339,低风险,0.0638583222816195,低风险,0.1673826775439003,低风险,0.12437923136034834,低风险,0.13005588641706325,低风险,0.11854007706195606,低风险
265.0,1-2,location1,0.3927182824997972,低风险,0.19165092265064546,低风险,0.3789513227331473,低风险,0.46263809133038525,中风险,0.3417848976072378,低风险,0.34441344557139264,低风险
318.0,1-1,location1,0.3348800090918045,低风险,0.15834262835444896,低风险,0.3356927385600192,低风险,0.40727763512883375,中风险,0.2994907218968247,低风险,0.3004376673477673,低风险
324.0,1-1,location1,0.3220524390769633,低风险,0.12391696883918171,低风险,0.34041767553901964,低风险,0.5225408602578752,中风险,0.31652664056085594,低风险,0.32895850154535883,低风险
343.0,1-2,location1,0.3810663651597958,低风险,0.38066388034698606,低风险,0.29983406528771744,低风险,0.47473161952353043,中风险,0.35229027194859747,低风险,0.3850765217194113,低风险
388.0,1-2,location1,0.5254695949921012,中风险,0.29557216660231905,低风险,0.5405217346251725,中风险,0.6202914916357564,高风险,0.491397314665583,中风险,0.4854617976210826,中风险
413.0,1-1,location1,0.6796061345613725,高风险,0.47390089966420396,中风险,0.786233356124195,高风险,0.7654029145229831,高风险,0.703080841473635,高风险,0.6751790567704605,高风险
414.0,1-2,location1,0.6481461435031114,高风险,0.37752283722830293,低风险,0.7872841162975736,高风险,0.7566181919320636,高风险,0.6775408819866783,高风险,0.64047504848598,高风险
429.0,1-2,location1,0.3360859291295207,低风险,0.15965392674773016,低风险,0.35008364761178257,低风险,0.4516022878890736,中风险,0.31662520874098815,低风险,0.32044662074952873,低风险
431.0,1-1,location1,0.11654965047479793,低风险,0.055168325372413306,低风险,0.14460483280039976,低风险,0.10745340090516937,低风险,0.11235756283749664,低风险,0.10240885302599415,低风险
432.0,1-2,location1,0.5840003140214048,中风险,0.29108291354362753,低风险,0.5570090552137497,中风险,0.6631077315809819,高风险,0.5013033352915583,中风险,0.5037332334461196,中风险
462.0,1-2,location1,0.45048786474698443,中风险,0.21980142539273326,低风险,0.4771813750763945,中风险,0.6007424079731223,高风险,0.431808726344127,中风险,0.43257506948075,中风险
473.0,1-2,location1,0.42201447768912825,中风险,0.338432042359498,低风险,0.5831803005735511,中风险,0.42657037246873153,中风险,0.49429037926265906,中风险,0.4493942384672602,中风险
526.0,1-1,location1,0.5732423055422925,中风险,0.32414790680232186,低风险,0.6198831747569601,高风险,0.6996864291907321,高风险,0.5590059246652297,中风险,0.5479058369166713,中风险
555.0,1-2,location1,0.6475055288156688,高风险,0.3669958670880741,低风险,0.6902234231050135,高风险,0.7531692742864311,高风险,0.617789278220067,高风险,0.6034628548265062,高风险
557.0,1-1,location1,0.2758602827153505,低风险,0.13511387971152988,低风险,0.2206015977869896,低风险,0.37772855707321745,低风险,0.22618576459813808,低风险,0.24448134485724562,低风险
562.0,1-1,location1,0.5657541293451295,中风险,0.2776012864426742,低风险,0.5615896122139097,中风险,0.6393193986189794,高风险,0.4957709463791387,中风险,0.4928367657585211,中风险
569.0,1-1,location1,0.3845188820184307,低风险,0.19226530619301355,低风险,0.4503459486327032,中风险,0.5804165684577052,中风险,0.4098755058639718,中风险,0.40767594109447397,中风险
570.0,1-2,location1,0.49442818445838405,中风险,0.2465567014972905,低风险,0.4437831312289896,中风险,0.5945356130435746,中风险,0.4160913222942747,中风险,0.4282918152566182,中风险
572.0,1-1,location1,0.4077671632811694,中风险,0.23845039229486334,低风险,0.4281915572220325,中风险,0.565735791974385,中风险,0.40858052805113293,中风险,0.41079258049709355,中风险
597.0,1-2,location1,0.297487131924757,低风险,0.13695571129597336,低风险,0.2964836764116183,低风险,0.3833062503102072,低风险,0.26848566175866045,低风险,0.27224854600593296,低风险
608.0,1-1,location1,0.35771313452322295,低风险,0.13949975690394367,低风险,0.38197248847395615,低风险,0.5656776156432263,中风险,0.3511801380453779,低风险,0.36238328700704203,低风险
619.0,1-2,location1,0.31403972920187784,低风险,0.15251665789094876,低风险,0.374728796467619,低风险,0.4716498677133992,中风险,0.33644317778549704,低风险,0.33296510735732227,低风险
636.0,1-1,location1,0.23516580734957276,低风险,0.1366001336449179,低风险,0.3206193212190523,低风险,0.2357178523834441,低风险,0.2568630237399299,低风险,0.23097910241580477,低风险
662.0,1-2,location1,0.29818390746789436,低风险,0.1455599388449576,低风险,0.23866186914297077,低风险,0.4106717211407317,中风险,0.2449542300804112,低风险,0.2649645097095533,低风险
685.0,1-2,location1,0.3646969866546042,低风险,0.22245729271305198,低风险,0.3850182422725598,低风险,0.4710879920288389,中风险,0.3622698668986922,低风险,0.3595211756714835,低风险
701.0,1-2,location1,0.45462523354571827,中风险,0.2942115905445427,低风险,0.6542028244995706,高风险,0.4782241295643301,中风险,0.53250966834681,中风险,0.4755461815361478,中风险
719.0,1-2,location1,0.5341256833985779,中风险,0.3554509515523097,低风险,0.5134269299806713,中风险,0.5978121386811489,中风险,0.4828356971568585,中风险,0.48889667340471,中风险
731.0,1-1,location1,0.5403972680008298,中风险,0.2990645357916739,低风险,0.5578024067489019,中风险,0.6713538435620603,高风险,0.5120674851124577,中风险,0.5094069287008787,中风险
747.0,1-1,location1,0.4942019162763434,中风险,0.27706187674419563,低风险,0.5434575805313788,中风险,0.6293369598535022,高风险,0.491995178688024,中风险,0.4832854723763589,中风险
749.0,1-1,location1,0.5814060186265708,中风险,0.3254792035374795,低风险,0.5958071821128829,中风险,0.6808515653258342,高风险,0.5406170377956846,中风险,0.5340459836587322,中风险
774.0,1-1,location1,0.5970918186475311,中风险,0.3373958803333764,低风险,0.6996142751190882,高风险,0.7278232399309947,高风险,0.6125662416168722,高风险,0.5882777984611532,中风险
789.0,1-1,location1,0.4546139682324433,中风险,0.21578330557352216,低风险,0.45345982243378113,中风险,0.5503214484723746,中风险,0.40504508703847775,中风险,0.40652152549322595,中风险
795.0,1-2,location1,0.44528485687828595,中风险,0.5852303615579857,中风险,0.34170541235010043,低风险,0.46181828145829895,中风险,0.4257666907839937,中风险,0.4629180184554617,中风险
834.0,1-1,location1,0.33352220449733927,低风险,0.1675170222420952,低风险,0.2649377782472255,低风险,0.4364422810007879,中风险,0.26950700092613444,低风险,0.2896323604967028,低风险
836.0,1-1,location1,0.34700926209262706,低风险,0.15735254870129609,低风险,0.34612526504307045,低风险,0.45971126172482035,中风险,0.31524900134507633,低风险,0.3210630251563956,低风险
846.0,1-2,location1,0.3107904523137777,低风险,0.181319426485469,低风险,0.3137773072588751,低风险,0.41216381636754096,中风险,0.29986037169910473,低风险,0.30242018337062837,低风险
865.0,1-2,location1,0.03901587550099465,低风险,0.03450422944057227,低风险,0.06670182038050913,低风险,0.04796111636881135,低风险,0.05673762508232606,低风险,0.04972238872996425,低风险
893.0,1-2,location1,0.2892320576155742,低风险,0.12298910026637887,低风险,0.29668503644269495,低风险,0.4172165555929224,中风险,0.2719280471117902,低风险,0.2789635641006654,低风险
899.0,1-1,location1,0.4624458613711281,中风险,0.3782927300113287,低风险,0.48197289395790416,中风险,0.5471860371313918,中风险,0.4685940298782462,中风险,0.4691505537002082,中风险
908.0,1-1,location1,0.369982463244934,低风险,0.22159427412351443,低风险,0.5120497135358951,中风险,0.37584827710814717,低风险,0.4120892571128514,中风险,0.3698307549225189,低风险
916.0,1-2,location1,0.6565704550506609,高风险,0.6503514256824233,高风险,0.6978773311516051,高风险,0.7225089477142271,高风险,0.6911968654648024,高风险,0.6902459015160852,高风险
927.0,1-1,location1,0.1921412380958745,低风险,0.08444338427027266,低风险,0.2201535291277461,低风险,0.24447636440119902,低风险,0.18725896963061198,低风险,0.1830244259330726,低风险
938.0,1-2,location1,0.25753199572205865,低风险,0.12190177212821122,低风险,0.3195236624943308,低风险,0.23743261922706943,低风险,0.24826901903291432,低风险,0.22628601794987052,低风险
946.0,1-2,location1,0.8580177689683544,高风险,0.49453299552563246,中风险,0.9060351669468825,高风险,0.9649528605049008,高风险,0.808847724991546,高风险,0.7885070076591384,高风险
962.0,1-1,location1,0.5490359064426856,中风险,0.28725312020937305,低风险,0.5696382909173844,中风险,0.659845569558468,高风险,0.5106657041046381,中风险,0.5055789935617419,中风险
985.0,1-2,location1,0.5724116927102847,中风险,0.2989447947318387,低风险,0.6298010661360963,高风险,0.7294878817072448,高风险,0.561866491462851,中风险,0.5527445808583933,中风险
1025.0,1-1,location1,0.423210136679014,中风险,0.20372168820163308,低风险,0.4117377816452292,中风险,0.5096133252367425,中风险,0.37163855061336803,低风险,0.3750242650278683,低风险
1038.0,1-2,location1,0.36019628739072596,低风险,0.18722351901156808,低风险,0.28342965901374645,低风险,0.44059560969101225,中风险,0.2850456293558707,低风险,0.30374959590544226,低风险
1097.0,1-1,location1,0.6754811054376417,高风险,0.3824746795373174,低风险,0.7803812226870699,高风险,0.8664508168070685,高风险,0.6966197911606011,高风险,0.6764355730104853,高风险
1128.0,1-1,location1,0.5310912807295151,中风险,0.34023090178399035,低风险,0.5821688641466276,中风险,0.6663668804149112,高风险,0.5374641308946178,中风险,0.5295888821151764,中风险
1131.0,1-1,location1,0.6573560693207293,高风险,0.5977329171665065,中风险,0.6497827412728271,高风险,0.7209604404043123,高风险,0.6487877220763439,高风险,0.6561586996145486,高风险
1133.0,1-1,location1,0.4439386096721334,中风险,0.2440124850931228,低风险,0.5009388375735813,中风险,0.5672317238942824,中风险,0.4477772831871295,中风险,0.43739434885366213,中风险
1144.0,1-1,location1,0.30398422093146565,低风险,0.1625071262522629,低风险,0.3435647278138436,低风险,0.5255101001079386,中风险,0.33582871687302485,低风险,0.34386065139134836,低风险
1193.0,1-1,location1,0.49295313394044404,中风险,0.4997984570501399,中风险,0.4913769891702616,中风险,0.6361327116141756,高风险,0.5252832428954277,中风险,0.5424360526115257,中风险
1205.0,1-1,location1,0.1450072690803977,低风险,0.12872523651481152,低风险,0.24763514405957834,低风险,0.17806315077840293,低风险,0.21080021783429687,低风险,0.18480784378426426,低风险
1211.0,1-1,location1,0.1439807037740275,低风险,0.06815270814451901,低风险,0.17863893637526784,低风险,0.13274356655908137,低风险,0.1388019689958262,低风险,0.12651173702628943,低风险
1247.0,1-1,location1,0.3306436961589343,低风险,0.1635162763659232,低风险,0.26374052225851513,低风险,0.4450958476313601,中风险,0.26960883577162015,低风险,0.29078421541859945,低风险
1283.0,1-1,location1,0.36077440537204614,低风险,0.18679425901497487,低风险,0.40681224170363345,中风险,0.4994604933164474,中风险,0.3679818264398986,低风险,0.3643556646783519,低风险
1375.0,1-1,location1,0.27587931234048346,低风险,0.16459464045210612,低风险,0.3810843485462877,低风险,0.27977595847332837,低风险,0.30651525621931586,低风险,0.2751516491572407,低风险
1396.0,1-1,location1,0.3287020601708959,低风险,0.1665178335634115,低风险,0.2604995203914288,低风险,0.4231870592696387,中风险,0.264251972312025,低风险,0.2834014710748263,低风险
37.0,1-2,location1,0.33837861140713493,低风险,0.21455107254038733,低风险,0.4780720973495371,中风险,0.38786340796315366,低风险,0.3967813376849078,低风险,0.36016219261769267,低风险
40.0,1-1,location1,0.4218893757036889,中风险,0.2295040975369029,低风险,0.5379996262873253,中风险,0.5916743785970644,中风险,0.4715414295434939,中风险,0.4530593674737642,中风险
40.0,1-2,location1,0.29012650222230263,低风险,0.18846277115199755,低风险,0.41421845682821345,中风险,0.30297777903294326,低风险,0.33745017326561577,低风险,0.3018863356710514,低风险
114.0,1-2,location1,0.3117616943620468,低风险,0.138019645990574,低风险,0.2555812285594006,低风险,0.4983759086806236,中风险,0.2696037582863787,低风险,0.29732559441019935,低风险
137.0,1-2,location1,0.2622269591393127,低风险,0.09768817112015936,低风险,0.2705243782277037,低风险,0.4508585432554131,中风险,0.25840926500138856,低风险,0.27302369753442535,低风险
142.0,1-2,location1,0.31258206964816865,低风险,0.2044939316542572,低风险,0.4523200634200008,中风险,0.3304570352905739,低风险,0.36876301486074164,低风险,0.3290903434549439,低风险
169.0,1-1,location1,0.1920618597611331,低风险,0.05758281471279981,低风险,0.16917446856070203,低风险,0.4406901687122095,中风险,0.19223173089243148,低风险,0.22248248399523707,低风险
169.0,1-2,location1,0.39901043249377083,低风险,0.21543975332969734,低风险,0.5039461668379507,中风险,0.556350616171425,中风险,0.44186634181622036,中风险,0.4252455121130243,中风险
173.0,1-2,location1,0.40931003337529165,中风险,0.26570816343096637,低风险,0.5899327308198075,中风险,0.4311715892273635,中风险,0.48041206246817525,中风险,0.42893749449271246,中风险
178.0,1-2,location1,0.63017244073237,高风险,0.3141170427284456,低风险,0.5980820677266537,中风险,0.7190266021218917,高风险,0.5400427816325162,中风险,0.5437419041923304,中风险
182.0,1-1,location1,0.1418296331464736,低风险,0.051163585128663994,低风险,0.12123727849296312,低风险,0.2833464382705789,低风险,0.13372432030868323,低风险,0.15191576729740197,低风险
195.0,1-2,location1,0.2835320137469417,低风险,0.12322520897956221,低风险,0.23341973481063416,低风险,0.46443517156845804,中风险,0.24737926964093324,低风险,0.2736933717862181,低风险
233.0,1-1,location1,0.6725741973844772,高风险,0.3595380016860525,低风险,0.7361537727786363,高风险,0.8653412317428609,高风险,0.6629634740725178,高风险,0.6536776687358499,高风险
239.0,1-1,location1,0.3183543177700024,低风险,0.2419680046590311,低风险,0.43792644236792583,中风险,0.320684779500724,低风险,0.36740938015731733,低风险,0.3335264088425603,低风险
248.0,1-1,location1,0.30260226480097896,低风险,0.12297675226458411,低风险,0.3334290030116465,低风险,0.4392245108676204,中风险,0.29602052493494535,低风险,0.2985434220479503,低风险
254.0,1-1,location1,0.3928731932830967,低风险,0.18183718173306548,低风险,0.3980382596853934,低风险,0.49310475429149664,中风险,0.3556936977578458,低风险,0.3576600652366519,低风险
258.0,1-2,location1,0.08844980512812985,低风险,0.026601121763662857,低风险,0.07787422821008301,低风险,0.20254753953474888,低风险,0.08844931884677154,低风险,0.10234096316949824,低风险
261.0,1-2,location1,0.18305373622672957,低风险,0.07069477249910067,低风险,0.15448553217324523,低风险,0.3430080039615485,低风险,0.16815381113624836,低风险,0.18939610287796477,低风险
301.0,1-1,location1,0.44162446053834986,中风险,0.24024122727347214,低风险,0.48289759025062556,中风险,0.582535107699569,中风险,0.439822032255412,中风险,0.4352246417412222,中风险
307.0,1-2,location1,0.4281065164555634,中风险,0.22804335424118305,低风险,0.5390346962000822,中风险,0.6094668326437603,高风险,0.47477461845208074,中风险,0.4588482943616752,中风险
309.0,1-2,location1,0.6447157215973656,高风险,0.3655588458008416,低风险,0.7559461926831347,高风险,0.8151401131119864,高风险,0.6687386836798681,高风险,0.6455483838653209,高风险
316.0,1-2,location1,0.555089975517481,中风险,0.245663798617398,低风险,0.5442456038904983,中风险,0.7794041990621591,高风险,0.5064868914423503,中风险,0.5231045338566851,中风险
320.0,1-2,location1,0.4360896793530958,中风险,0.24633621561381566,低风险,0.5404669443137319,中风险,0.6283641444865432,高风险,0.4840362407368867,中风险,0.4717224348046969,中风险
337.0,1-2,location1,0.4766466338979141,中风险,0.255752274426544,低风险,0.5293622639171375,中风险,0.6467202045772088,高风险,0.48201777667966145,中风险,0.4772782476402968,中风险
347.0,1-1,location1,0.5705858061400285,中风险,0.3142065145038185,低风险,0.6645969147773807,高风险,0.7539205188663313,高风险,0.5930716525387673,中风险,0.5775746493825101,中风险
351.0,1-1,location1,0.42780653938683433,中风险,0.2135134197294984,低风险,0.38299972837766116,低风险,0.5313580660581602,中风险,0.3629766715973339,低风险,0.3759570713884398,低风险
352.0,1-1,location1,0.44862250850822544,中风险,0.25558777815561856,低风险,0.5880810005511986,中风险,0.6110942534428578,高风险,0.5108179122167686,中风险,0.48492101071655835,中风险
364.0,1-1,location1,0.3135419473537849,低风险,0.20364442049196577,低风险,0.4520235358762409,中风险,0.3303670979446427,低风险,0.3681333536866252,低风险,0.3286783514376164,低风险
366.0,1-1,location1,0.17916682706411188,低风险,0.08480792325312342,低风险,0.22229486716730573,低风险,0.16518354897487555,低风险,0.1727225088052084,低风险,0.1574287797984349,低风险
366.0,1-2,location1,0.6787628935377743,高风险,0.3738630948535497,低风险,0.8115873085865472,高风险,0.9191277192200807,高风险,0.7224324343427755,高风险,0.7015260408867258,高风险
415.0,1-1,location1,0.7430707866332033,高风险,0.403170165660999,中风险,0.8307827865111599,高风险,0.9491367334956139,高风险,0.7430599588977647,高风险,0.7276965618892576,高风险
451.0,1-1,location1,0.07814920413626766,低风险,0.02793504119119525,低风险,0.06797552981224284,低风险,0.16961931853987577,低风险,0.07699088319369322,低风险,0.08850996318110461,低风险
469.0,1-2,location1,0.31855759828908997,低风险,0.20741614242022674,低风险,0.45971165485463894,中风险,0.33594951837062037,低风险,0.3745332516778415,低风险,0.334359105215162,低风险
478.0,1-2,location1,0.754768158339717,高风险,0.4176064096635187,中风险,0.8222559234541994,高风险,0.9148830287662635,高风险,0.7345746642041879,高风险,0.7182484539613272,高风险
487.0,1-1,location1,0.3148217491528792,低风险,0.1272918649467079,低风险,0.34554353534954324,低风险,0.462108963423734,中风险,0.30811245029156925,低风险,0.3116481212399951,低风险
491.0,1-2,location1,0.7939654914032502,高风险,0.44681918143680377,中风险,0.8886429017339729,高风险,0.9752074820682907,高风险,0.7918725302410677,高风险,0.7702231884130224,高风险
503.0,1-2,location1,0.4640739665319063,中风险,0.2332381807070545,低风险,0.560371371615799,中风险,0.6960180289543093,高风险,0.503666384890049,中风险,0.49654252709238755,中风险
507.0,1-2,location1,0.3103072023606272,低风险,0.21322414809137305,低风险,0.3814413289544476,低风险,0.3919206759402664,低风险,0.34089609752564043,低风险,0.32886205099536236,低风险
515.0,1-1,location1,0.7818734690474077,高风险,0.43095720259536435,中风险,0.8280445867903731,高风险,0.9517204643202162,高风险,0.7477498230248657,高风险,0.7369074179019844,高风险
539.0,1-1,location1,0.8652751931087326,高风险,0.4944117356994351,中风险,0.9320949038910123,高风险,0.9989666457722141,高风险,0.8309190711602149,高风险,0.8084910951208871,高风险
554.0,1-2,location1,0.7716572592939196,高风险,0.47166471295764484,中风险,0.8658455774380622,高风险,0.9451124052208432,高风险,0.7806185736617588,高风险,0.7608742318721834,高风险
558.0,1-1,location1,0.15837791326735634,低风险,0.07496757146283083,低风险,0.1965017619015042,低风险,0.1460171295195889,低风险,0.15268133597583347,低风险,0.1391621542946413,低风险
576.0,1-2,location1,0.593722892145393,中风险,0.319165410223789,低风险,0.7490549885471909,高风险,0.8643017439776985,高风险,0.6646465400905917,高风险,0.6441740475828929,高风险
607.0,1-2,location1,0.3704113297704435,低风险,0.15045797538883252,低风险,0.40798789454606427,中风险,0.5382514776880841,中风险,0.3623708936396164,低风险,0.36556578254099364,低风险
630.0,1-1,location1,0.0968649137910725,低风险,0.029041447322959872,低风险,0.08532183502317153,低风险,0.22225867881302203,低风险,0.09695058698256023,低风险,0.11220732038638447,低风险
643.0,1-1,location1,0.5940330153838005,中风险,0.27069267104734285,低风险,0.5913635466329513,中风险,0.7812204526982184,高风险,0.5382258720638663,中风险,0.5477588901261708,中风险
666.0,1-1,location1,0.4864745110689236,中风险,0.21401532603581527,低风险,0.4885461781191588,中风险,0.6759011777311124,高风险,0.4483637418076052,中风险,0.45948756062869545,中风险
713.0,1-1,location1,0.7383492609467169,高风险,0.42635543773208107,中风险,0.8078942691225208,高风险,0.8627095306558508,高风险,0.7201283411373399,高风险,0.6989864125034841,高风险
732.0,1-1,location1,0.825374491523672,高风险,0.46877531940031864,中风险,0.9065662547416651,高风险,1.0020223070776368,高风险,0.8124102854926568,高风险,0.7924546270732068,高风险
734.0,1-2,location1,0.6491809737977409,高风险,0.3591630831053445,低风险,0.721436633458336,高风险,0.8113954490268093,高风险,0.6453413507879723,高风险,0.6306650551968298,高风险
744.0,1-2,location1,0.5004515518789721,中风险,0.264317572410471,低风险,0.6205211238444742,高风险,0.752170851635648,高风险,0.5574000224234987,中风险,0.5456698492968644,中风险
745.0,1-2,location1,0.5975974094476191,中风险,0.5426474859993643,中风险,0.6995270083377001,高风险,0.7739295934644503,高风险,0.6776360491259693,高风险,0.6720346959338381,高风险
768.0,1-1,location1,0.3480425817007033,低风险,0.17824974253703627,低风险,0.43049113414588847,中风险,0.4862720289012005,中风险,0.3768333133787475,低风险,0.36500430186137506,低风险
782.0,1-2,location1,0.4587127580364717,中风险,0.23970647800843198,低风险,0.5680631639535584,中风险,0.6886781222040269,高风险,0.5095304010667959,中风险,0.4988159213886724,中风险
810.0,1-1,location1,0.6387337889954017,高风险,0.3544388768946476,低风险,0.749368632360202,高风险,0.8471531141263048,高风险,0.6687023887757295,高风险,0.6503202077937181,高风险
826.0,1-1,location1,0.3733535477940897,低风险,0.2256715214259833,低风险,0.5112749099649923,中风险,0.45307577122315534,中风险,0.4300263332976138,中风险,0.39667406753804363,低风险
837.0,1-1,location1,0.3150035322477306,低风险,0.20322417930195796,低风险,0.4525682781049985,中风险,0.33088311198574083,低风险,0.3682160849989716,低风险,0.32889185646423247,低风险
842.0,1-1,location1,0.28109719250598775,低风险,0.1155080478414289,低风险,0.3063350201776674,低风险,0.4181342067430936,中风险,0.2755358548536729,低风险,0.27999242492072995,低风险
889.0,1-2,location1,0.13367032894285785,低风险,0.11821320526623977,低风险,0.2285237523664636,低风险,0.16431716882329755,低风险,0.19438592395543502,低风险,0.1703513754853336,低风险
892.0,1-2,location1,0.09734761709505463,低风险,0.08609071237309825,低风险,0.16642618386916316,低风险,0.11966668264571885,低风险,0.1415647484638974,低风险,0.12406119296266009,低风险
907.0,1-2,location1,0.44160746114027355,中风险,0.23841020467569188,低风险,0.560645716730488,中风险,0.6218824874846278,高风险,0.49204462770552926,中风险,0.47364613629693586,中风险
935.0,1-1,location1,0.3008938804782432,低风险,0.12289746640441646,低风险,0.33282199830444503,低风险,0.4318804344199323,中风险,0.29421869300340603,低风险,0.29586663304293126,低风险
941.0,1-2,location1,0.0737214338665102,低风险,0.034895755018569785,低风险,0.09146724657383336,低风险,0.06796776100392493,低风险,0.07106980247802526,低风险,0.06477692086544269,低风险
951.0,1-2,location1,0.29585428799965685,低风险,0.12127775692760617,低风险,0.32815738504252834,低风险,0.4211773011235811,中风险,0.28919774240497736,低风险,0.2902041476979052,低风险
965.0,1-1,location1,0.08411668069170596,低风险,0.02521934987274577,低风险,0.07409276766770836,低风险,0.19300757709855598,低风险,0.08419107857438778,低风险,0.09743989821300338,低风险
1000.0,1-1,location1,0.2454909775635222,低风险,0.10317648867220239,低风险,0.27757071615750645,低风险,0.3293593692531705,低风险,0.23942734198345558,低风险,0.23670219136095977,低风险
1035.0,1-2,location1,0.2819119351070183,低风险,0.31127277386634367,低风险,0.3640104441961131,低风险,0.2662625787529555,低风险,0.3347976459558502,低风险,0.3138485989384707,低风险
1038.0,1-1,location1,0.19317006235831044,低风险,0.14557321696251824,低风险,0.3014287691080695,低风险,0.2185720597897271,低风险,0.25078674257627437,低风险,0.2218580152867716,低风险
1056.0,1-1,location1,0.49298040999081066,中风险,0.2544906868859302,低风险,0.3886624317568196,低风险,0.611549367532494,高风险,0.391794369590301,低风险,0.41823416205841457,中风险
1086.0,1-1,location1,0.6304123615352093,高风险,0.2927778476526972,低风险,0.6319003335518032,高风险,0.7941298910963674,高风险,0.5679163853190453,中风险,0.5729360241002892,中风险
1099.0,1-2,location1,0.6801409719132712,高风险,0.38651369036586525,低风险,0.7518131904335849,高风险,0.8221103458602189,高风险,0.6712363525084053,高风险,0.6534790755532229,高风险
1100.0,1-2,location1,0.6803453195546997,高风险,0.3868635164532135,低风险,0.8004942943488415,高风险,0.8782245354976366,高风险,0.711715784848416,高风险,0.6885274487665638,高风险
1105.0,1-2,location1,0.18403985053789054,低风险,0.08711455001883617,低风险,0.22834089769661628,低风险,0.16967625181039556,低风险,0.17742025812326118,低风险,0.161710566508616,低风险
1148.0,1-2,location1,0.38114239551993756,低风险,0.22820144898176345,低风险,0.5183854092349226,中风险,0.4657203477873695,中风险,0.43683207423153253,中风险,0.40410240200135183,中风险
1149.0,1-1,location1,0.17400271266022455,低风险,0.08236350970265276,低风险,0.2158876759264807,低风险,0.16042247373456583,低风险,0.16774413858790208,低风险,0.15289121978789977,低风险
1158.0,1-1,location1,0.4348863818716358,中风险,0.22258471416252296,低风险,0.5339415953973271,中风险,0.6427955812087527,高风险,0.4764196060256363,中风险,0.4664406302562009,中风险
1178.0,1-1,location1,0.4639505430893899,中风险,0.19450798478649517,低风险,0.4741905870555404,中风险,0.6862928567391466,高风险,0.43797929366883354,中风险,0.45166380952706076,中风险
1181.0,1-1,location1,0.25422246016892985,低风险,0.09917751855331483,低风险,0.2715394135048277,低风险,0.40173002105919936,中风险,0.24957174261303555,低风险,0.25748231770578056,低风险
1192.0,1-1,location1,0.433496361420677,中风险,0.21881528359675362,低风险,0.3438876750052365,低风险,0.5619544984246613,中风险,0.3492517872039859,低风险,0.3748858190088838,低风险
1244.0,1-1,location1,0.7642788691506422,高风险,0.5536973373427992,中风险,0.8223592252718265,高风险,0.8700949523627697,高风险,0.7624082679253998,高风险,0.7487171716591317,高风险
1335.0,1-1,location1,0.6776824497448652,高风险,0.3814732718095839,低风险,0.7787366608338191,高风险,0.8633863991628572,高风险,0.6943477954834296,高风险,0.6745321106020866,高风险
1342.0,1-1,location1,0.5361118052625073,中风险,0.3024197100114944,低风险,0.6982261217602332,高风险,0.7388541846789425,高风险,0.6086431696247394,高风险,0.57983333881689,中风险
1402.0,1-1,location1,0.15780783123101053,低风险,0.13955953945401228,低风险,0.26978939927005396,低风险,0.19398872024254044,低风险,0.22948713692742334,低风险,0.20111255298886888,低风险
4.0,2-2,location2,0.5941198117242116,中风险,0.641904997519101,高风险,0.5541371773002733,中风险,0.65378813819717,高风险,0.5953254636783454,中风险,0.616610104338848,高风险
18.0,2-2,location2,0.5215676441280337,中风险,0.28715994737757633,低风险,0.5393232003239444,中风险,0.6205558965074035,高风险,0.48808310682837197,中风险,0.48234634806964144,中风险
20.0,2-3,location2,0.3482308328812673,低风险,0.17538287443251838,低风险,0.2764153953229604,低风险,0.45333641660227036,中风险,0.28093091024961375,低风险,0.30171156211924965,低风险
42.0,2-1,location2,0.46278576811304173,中风险,0.2600342518351535,低风险,0.49953608302927527,中风险,0.5816667307602619,中风险,0.453908153716781,中风险,0.44707902187489684,中风险
58.0,2-2,location2,0.41822805326824664,中风险,0.23268655581971293,低风险,0.46596843251650183,中风险,0.5757939472111888,中风险,0.4287778615601948,中风险,0.42481631184913454,中风险
61.0,2-4,location2,0.37577105341894806,低风险,0.15623283142801825,低风险,0.4213526254506178,中风险,0.5175828280851699,中风险,0.3668502208514691,低风险,0.36505609498793523,低风险
63.0,2-3,location2,0.964888005880067,高风险,0.5365411720859882,中风险,1.0297252192381754,高风险,1.1328653668636173,高风险,0.9197160618011406,高风险,0.8997105860625934,高风险
67.0,2-4,location2,0.5004677633029297,中风险,0.2802799545673283,低风险,0.5809567221628611,中风险,0.6232467602738493,高风险,0.5123477398216392,中风险,0.49482781233467954,中风险
68.0,2-1,location2,0.6170157741635918,高风险,0.30438470920753247,低风险,0.5942062400670791,中风险,0.7106578854801079,高风险,0.5339383789303376,中风险,0.5364162782515732,中风险
69.0,2-3,location2,0.11548531733497512,低风险,0.03462410308022275,低风险,0.10172330524658448,低风险,0.26498360498762763,低风险,0.11558745953816131,低风险,0.13377700443814494,低风险
72.0,2-1,location2,0.5266459463571695,中风险,0.2948606070544379,低风险,0.5686762703163165,中风险,0.6261169502395781,高风险,0.5082600221514433,中风险,0.49655127587011083,中风险
92.0,2-1,location2,0.2540459861964752,低风险,0.12673335654136356,低风险,0.2954657276535885,低风险,0.4907640114157135,中风险,0.2934866477190834,低风险,0.3043210318702218,低风险
92.0,2-2,location2,0.4369023516538434,中风险,0.20866160206967319,低风险,0.4342285268592294,中风险,0.5238563495588622,中风险,0.38773995237824166,低风险,0.38891549282925497,低风险
96.0,2-4,location2,0.572013326458524,中风险,0.2906374840082293,低风险,0.5214665646321095,中风险,0.6489963147354204,高风险,0.4793110614002912,中风险,0.48703345445858637,中风险
99.0,2-2,location2,0.49251030429515635,中风险,0.23894551334557818,低风险,0.4977247577285155,中风险,0.5705119527229254,中风险,0.4384907278626983,中风险,0.43572740793233966,中风险
114.0,2-3,location2,0.13063241182076848,低风险,0.06183434587879437,低风险,0.16207751797368009,低风险,0.12043705718037727,低风险,0.12593379182153383,低风险,0.11478297367761724,低风险
134.0,2-4,location2,0.13645022907528057,低风险,0.053683217553423444,低风险,0.11473377510685427,低风险,0.250876955852787,低风险,0.12440394125259434,低风险,0.13976464950435488,低风险
139.0,2-2,location2,0.33290203891743925,低风险,0.16670935428094866,低风险,0.2646550574130324,低风险,0.4380239896221853,中风险,0.269472656207922,低风险,0.28979613377205543,低风险
154.0,2-4,location2,0.2154647257537112,低风险,0.10866623879059283,低风险,0.17096564269027795,低风险,0.27976903944917736,低风险,0.17368095679973797,低风险,0.18646697364334935,低风险
162.0,2-2,location2,0.3784273457643218,低风险,0.22212294432596072,低风险,0.4043842871565157,中风险,0.5331426587620419,中风险,0.3852823320884492,低风险,0.3865499634148394,低风险
177.0,2-3,location2,0.2841488126448105,低风险,0.12970156247432787,低风险,0.23127569612496368,低风险,0.4352092280181711,中风险,0.2420039429335073,低风险,0.2653954955391542,低风险
201.0,2-1,location2,0.3453326441104605,低风险,0.17809094374113477,低风险,0.27233469186136416,低风险,0.42926542822286046,中风险,0.2746230298826632,低风险,0.2932303546084531,低风险
208.0,2-1,location2,0.7615506431714489,高风险,0.4476317520976737,中风险,0.8780130614743981,高风险,0.8770742303570728,高风险,0.7682734744876883,高风险,0.7342396813097147,高风险
216.0,2-4,location2,0.3883627826918595,低风险,0.15553395765310077,低风险,0.4231652963560794,中风险,0.5818627075959267,中风险,0.38040323251815006,低风险,0.38685398720170233,低风险
231.0,2-4,location2,0.4599043516300567,中风险,0.25430664195807734,低风险,0.5317274586914492,中风险,0.5506242614661508,中风险,0.46343443104555704,中风险,0.44555278737189247,中风险
237.0,2-4,location2,0.27331502497817256,低风险,0.14519114082194964,低风险,0.3304171541248785,低风险,0.5118687420527545,中风险,0.322606927064445,低风险,0.32915901233319417,低风险
255.0,2-1,location2,0.7580713414040982,高风险,0.3824370998387806,低风险,0.7146557212512972,高风险,0.8461921769567952,高风险,0.6444518865863325,高风险,0.6477616660156242,高风险
267.0,2-2,location2,0.7178260587919201,高风险,0.39952141886437775,低风险,0.7443769557660582,高风险,0.8392848971765878,高风险,0.6712683724325287,高风险,0.6610610906023412,高风险
284.0,2-3,location2,0.3664129135455409,低风险,0.24985674398540644,低风险,0.2888176123457277,低风险,0.456780836163235,中风险,0.3079149410107522,低风险,0.3318183974981231,低风险
304.0,2-4,location2,0.6106224164967885,高风险,0.30348026228040154,低风险,0.5990849204796355,中风险,0.6777599239132078,高风险,0.5298134169148334,中风险,0.5267750355577483,中风险
331.0,2-3,location2,0.2725987705062297,低风险,0.1264869524338884,低风险,0.30299335732549404,低风险,0.5429635109717112,中风险,0.30700903788381706,低风险,0.3241479402436979,低风险
332.0,2-4,location2,0.3801187285979743,低风险,0.1867683528802194,低风险,0.3499531713561083,低风险,0.46143624403179867,中风险,0.3247897509724569,低风险,0.3327192560893754,低风险
333.0,2-4,location2,0.24009458011183263,低风险,0.14989429167850082,低风险,0.29855311266929707,低风险,0.37027785200531704,低风险,0.27881919793528565,低风险,0.27290841878437166,低风险
339.0,2-2,location2,0.41929030093586506,中风险,0.20964324070281223,低风险,0.3334729864995957,低风险,0.5532854231206285,中风险,0.33971269969395174,低风险,0.3654672167743454,低风险
345.0,2-4,location2,0.3587429912749577,低风险,0.21365004777987373,低风险,0.3665304866972437,低风险,0.46479238070597045,中风险,0.3477857424766694,低风险,0.3483243050610293,低风险
350.0,2-2,location2,0.21641818224190262,低风险,0.08592764733006243,低风险,0.18164019712321267,低风险,0.39409296010222944,低风险,0.19656635860889415,低风险,0.22055360151850148,低风险
357.0,2-3,location2,0.0,低风险,0.0,低风险,0.0,低风险,0.0,低风险,0.0,低风险,0.0,低风险
359.0,2-1,location2,0.4958401197431446,中风险,0.26694774290502626,低风险,0.5321742726325364,中风险,0.5892293428540227,中风险,0.47260044523982797,中风险,0.46278378613052845,中风险
361.0,2-2,location2,0.34855447393714906,低风险,0.2069238508186839,低风险,0.384719434347498,低风险,0.5015809000194454,中风险,0.3650587033995991,低风险,0.3644080617285424,低风险
367.0,2-4,location2,0.3057857859603088,低风险,0.15146111320659164,低风险,0.24381073580936258,低风险,0.4104740147553723,中风险,0.2491128036470226,低风险,0.26858195459044215,低风险
371.0,2-2,location2,0.720084563938571,高风险,0.42415843008468906,中风险,0.8118266265487288,高风险,0.8239630028197019,高风险,0.7151553471202101,高风险,0.6866493531510399,高风险
372.0,2-2,location2,0.22533192243487513,低风险,0.1066599922268033,低风险,0.2795725670179815,低风险,0.20774563715540942,低风险,0.21722712621729373,低风险,0.1979927321333981,低风险
387.0,2-4,location2,0.6857723603880397,高风险,0.39662371498620064,低风险,0.7957153709721213,高风险,0.8160837060059727,高风险,0.6980205412087837,高风险,0.6694742639880982,高风险
416.0,2-2,location2,0.4585485593269771,中风险,0.21123790679849938,低风险,0.4751740840478725,中风险,0.5680301927870273,中风险,0.4191135958757711,中风险,0.4181473945444663,中风险
424.0,2-1,location2,0.4578638077047529,中风险,0.2846272057021655,低风险,0.47192732242277524,中风险,0.5844379150355014,中风险,0.4478770139275292,中风险,0.4469974810534807,中风险
428.0,2-4,location2,0.2441899802012704,低风险,0.11655010716392131,低风险,0.1965789156993935,低风险,0.3492271173132855,低风险,0.20312539240102997,低风险,0.22078538005886675,低风险
437.0,2-1,location2,0.3378632930722406,低风险,0.1979243921091889,低风险,0.34600268933125267,低风险,0.4528001768118778,中风险,0.3301207579967935,低风险,0.33224241941743976,低风险
454.0,2-2,location2,0.31047080212814254,低风险,0.15403309861688583,低风险,0.24744258077607081,低风险,0.41558173300226314,中风险,0.2527008562399486,低风险,0.2723524707984066,低风险
455.0,2-2,location2,0.22108071649091712,低风险,0.10421182045530822,低风险,0.17853426653871687,低风险,0.3225498412905786,低风险,0.18514860527599755,低风险,0.2017653094282012,低风险
470.0,2-2,location2,0.3869498076461224,低风险,0.18324946827197797,低风险,0.3815461642314739,低风险,0.47603213376701087,中风险,0.3437946881195747,低风险,0.34694258875682094,低风险
474.0,2-2,location2,0.7260534619362612,高风险,0.5944186954455363,中风险,0.7357096728399243,高风险,0.7807227960158601,高风险,0.7063018490970395,高风险,0.7036170547671069,高风险
492.0,2-2,location2,0.25610833147173134,低风险,0.16152331146345814,低风险,0.3637266887052972,低风险,0.2662489569803811,低风险,0.2949536179220075,低风险,0.2638329857163788,低风险
498.0,2-1,location2,0.2640781781577062,低风险,0.1701938053921212,低风险,0.3792026729234887,低风险,0.27725902109277173,低风险,0.3084782444060249,低风险,0.27555183313612724,低风险
500.0,2-4,location2,0.3053085866785289,低风险,0.15111909970199836,低风险,0.2434753796044978,低风险,0.4103479821004788,中风险,0.24882467775932124,低风险,0.268314153802325,低风险
502.0,2-4,location2,0.07057321629176978,低风险,0.021158831026990302,低风险,0.06216323415605977,低风险,0.1619317996444657,低风险,0.07063563551496047,低风险,0.08175128827583858,低风险
510.0,2-2,location2,0.6745645126680613,高风险,0.31890645113699034,低风险,0.6582681147997472,高风险,0.8411806326743309,高风险,0.5977520968568435,中风险,0.6061183995370228,高风险
524.0,2-2,location2,0.3229322260115352,低风险,0.1435291034497913,低风险,0.34544287630575765,低风险,0.4151187996209756,中风险,0.3026812430895786,低风险,0.30136359312550814,低风险
525.0,2-3,location2,0.20330918918592866,低风险,0.0961430704058744,低风险,0.16405114071394702,低风险,0.2951202455822265,低风险,0.16997181767585243,低风险,0.18510481890068262,低风险
531.0,2-2,location2,0.4405716608084862,中风险,0.21424126654652786,低风险,0.4188013612469878,中风险,0.5308087632735239,中风险,0.3821899200944246,低风险,0.3879504636890132,低风险
535.0,2-1,location2,0.5153039942522706,中风险,0.2827666076892439,低风险,0.5187062740645549,中风险,0.5885874322149232,中风险,0.46476908326549343,中风险,0.46335343798957396,中风险
553.0,2-3,location2,0.44511060576341666,中风险,0.2698170524967367,低风险,0.4698448551046091,中风险,0.5818899621387902,中风险,0.44301894902430283,中风险,0.4405172899133787,中风险
558.0,2-1,location2,0.4110123754791608,中风险,0.2118154177400755,低风险,0.5013979961617911,中风险,0.65392566557116,高风险,0.45935195626110636,中风险,0.45571302649100887,中风险
563.0,2-2,location2,0.38389440479164944,低风险,0.2258360754594867,低风险,0.3844897665615668,低风险,0.4962266181731762,中风险,0.3664640583525618,低风险,0.36885082006474323,低风险
565.0,2-3,location2,0.4046775316001346,中风险,0.3049968598160419,低风险,0.31819144880042255,低风险,0.49681656389792994,中风险,0.3458800997430146,低风险,0.3733349575047981,低风险
576.0,2-2,location2,0.30781809441290214,低风险,0.14504582387167994,低风险,0.24860136639790484,低风险,0.44934918257415635,中风险,0.25783793991128295,低风险,0.2809987909479137,低风险
583.0,2-1,location2,0.5987467838307229,中风险,0.32964116561110535,低风险,0.6766476093976337,高风险,0.7631224520051431,高风险,0.6042812353416427,高风险,0.5898037423379606,中风险
683.0,2-1,location2,0.5097620482906625,中风险,0.2421822458896784,低风险,0.49232473577631625,中风险,0.6354963277468386,高风险,0.4492186240610427,中风险,0.45666776980427776,中风险
694.0,2-1,location2,0.5140439510109185,中风险,0.5951725495011672,中风险,0.4019554199571407,中风险,0.6154419186445192,高风险,0.49071009017530015,中风险,0.5375232960342756,中风险
732.0,2-2,location2,0.6237375788022311,高风险,0.35693732068492273,低风险,0.6966014134504741,高风险,0.729111268275143,高风险,0.6152016184853472,高风险,0.5942166674701799,中风险
783.0,2-3,location2,0.3013720096910046,低风险,0.142414431136101,低风险,0.2432219137260516,低风险,0.437961710226982,中风险,0.2520517388874734,低风险,0.2745326850297115,低风险
802.0,2-3,location2,0.24059456253095124,低风险,0.11388450376701115,低风险,0.29850914477857293,低风险,0.22181708720638674,低风险,0.231940795770784,低风险,0.21140357858399025,低风险
810.0,2-2,location2,0.6700869524883569,高风险,0.5122132528975963,中风险,0.7101772128370789,高风险,0.8141667246092371,高风险,0.6796970467925944,高风险,0.678852396781304,高风险
837.0,2-3,location2,0.6421654177896149,高风险,0.3220642711036118,低风险,0.6189143934541157,高风险,0.7106139390857503,高风险,0.5514903751008425,中风险,0.5505308678811592,中风险
846.0,2-1,location2,0.4423344963180571,中风险,0.21169656926935268,低风险,0.4225503272712716,中风险,0.548747508464897,中风险,0.3871430610301534,低风险,0.39433146833517374,低风险
883.0,2-1,location2,0.19230992266131233,低风险,0.07826951489810892,低风险,0.1612814222005574,低风险,0.3488491529394503,低风险,0.17484262742967818,低风险,0.19613336334603887,低风险
896.0,2-2,location2,0.3101028464978151,低风险,0.18150662576883972,低风险,0.41413923573619627,中风险,0.4066823847696327,中风险,0.3557459475089938,低风险,0.33410941542488953,低风险
900.0,2-1,location2,0.6436315783923127,高风险,0.35827407141777784,低风险,0.7606357685778699,高风险,0.8477638785550683,高风险,0.6760705408446631,高风险,0.655557906183572,高风险
931.0,2-2,location2,0.4530972736502829,中风险,0.24984315152779876,低风险,0.5360355405646673,中风险,0.6036252558654224,高风险,0.4768856992971061,中风险,0.4631679826526295,中风险
937.0,2-3,location2,0.4125089531284713,中风险,0.22948793786676286,低风险,0.3833905831693117,低风险,0.39847921214221377,低风险,0.34085152962107645,低风险,0.33711924439276275,低风险
944.0,2-2,location2,0.6201887577405688,高风险,0.3347535516717375,低风险,0.6499020520425747,高风险,0.7319014134759918,高风险,0.5813789648281844,中风险,0.5721856723967679,中风险
989.0,2-3,location2,0.20400877349614854,低风险,0.08203250884036228,低风险,0.17078416737589716,低风险,0.36646977747355874,低风险,0.18431230718927846,低风险,0.20642881789660605,低风险
994.0,2-1,location2,0.5703670607459297,中风险,0.3302063736208954,低风险,0.6150533631621149,高风险,0.6762600951499965,高风险,0.5536810879239197,中风险,0.5405066106443355,中风险
998.0,2-1,location2,0.545993595771008,中风险,0.3017377387008277,低风险,0.5676859249161491,中风险,0.6254512029327304,高风险,0.5077302411533626,中风险,0.4982916221832357,中风险
1010.0,2-1,location2,0.5664031872729154,中风险,0.3239495228017035,低风险,0.6065177629844343,高风险,0.6553675738592256,高风险,0.542298506841977,中风险,0.5286116198817877,中风险
1078.0,2-1,location2,0.49615674213103217,中风险,0.2600316833952718,低风险,0.5329841316236782,中风险,0.6667028018937285,高风险,0.48771656856368056,中风险,0.48657287230422613,中风险
1084.0,2-2,location2,0.5688214710598711,中风险,0.3484516948896903,低风险,0.5565344894540232,中风险,0.7099113717767677,高风险,0.5336645904298702,中风险,0.5382991853734936,中风险
1098.0,2-2,location2,0.3631871310439052,低风险,0.19427683763581013,低风险,0.42031149433767695,中风险,0.48224170423258267,中风险,0.3743227045940637,低风险,0.3656100120686899,低风险
1113.0,2-2,location2,0.354535262561159,低风险,0.1987109560955988,低风险,0.3921142871738794,低风险,0.48602486422393254,中风险,0.3619254343262918,低风险,0.3589500358311369,低风险
1145.0,2-2,location2,0.5528810918394377,中风险,0.31394666889796535,低风险,0.605978270965674,高风险,0.6847850945621776,高风险,0.5464741718874424,中风险,0.5349033448086056,中风险
1149.0,2-2,location2,0.4781209147726887,中风险,0.29011738028278566,低风险,0.49134054304759794,中风险,0.6017823652209754,高风险,0.46321070775168194,中风险,0.4610800961837863,中风险
1211.0,2-2,location2,0.6069803802722581,高风险,0.7841196070003675,高风险,0.5712970544327134,中风险,0.5426649970081378,中风险,0.6163430884576813,高风险,0.6326938861470728,高风险
1221.0,2-2,location2,0.284555289816765,低风险,0.13253639356523764,低风险,0.23047491306308346,低风险,0.4229289275257749,中风险,0.239826644983469,低风险,0.2619800780513653,低风险
1227.0,2-1,location2,0.0,低风险,0.0,低风险,0.0,低风险,0.0,低风险,0.0,低风险,0.0,低风险
1242.0,2-1,location2,0.7507555775109664,高风险,0.4787623418434557,中风险,0.7871122862364137,高风险,0.8506458000296169,高风险,0.7183111694887178,高风险,0.7055068093698287,高风险
1243.0,2-3,location2,0.519669471625145,中风险,0.39867109763758296,低风险,0.47642443965328474,中风险,0.5643854454553956,中风险,0.46790259401012596,中风险,0.4798269942487544,中风险
1257.0,2-2,location2,0.4698601163823699,中风险,0.25005273246141213,低风险,0.5896156107353674,中风险,0.6847624767850439,高风险,0.5234044696691565,中风险,0.5081436066606078,中风险
1276.0,2-2,location2,0.3787458494166307,低风险,0.22813889575454324,低风险,0.2971446090797573,低风险,0.4546472666216498,中风险,0.3058835055026479,低风险,0.3266435904853167,低风险
1289.0,2-1,location2,0.3700213514883869,低风险,0.186935722456156,低风险,0.2934650613670695,低风险,0.47888751851498035,中风险,0.2979593238857955,低风险,0.3197627674460686,低风险
1299.0,2-3,location2,0.565713144893353,中风险,0.32195811357813486,低风险,0.6713755110380464,高风险,0.6894223664267503,高风险,0.5860469294456473,中风险,0.5609186636809771,中风险
1304.0,2-1,location2,0.5641672443138294,中风险,0.710121751979157,高风险,0.5373651564961109,中风险,0.6352397840452525,高风险,0.6047001647416753,高风险,0.6275755641735068,高风险
1345.0,2-1,location2,0.3652904259363506,低风险,0.2558985950743037,低风险,0.34459360727418026,低风险,0.4401766015425849,中风险,0.3364609916469469,低风险,0.346889601297023,低风险
1358.0,2-1,location2,0.2735817588186179,低风险,0.12514601890479715,低风险,0.22256049869197653,低风险,0.4177199277587629,中风险,0.23274905455887934,低风险,0.25514214845184546,低风险
1370.0,2-1,location2,0.3203141833092424,低风险,0.2301361139292138,低风险,0.2547186936482705,低风险,0.42564285399974355,中风险,0.2788799308702955,低风险,0.3034992205257426,低风险
1408.0,2-1,location2,0.16566770967186115,低风险,0.049669481706535,低风险,0.1459256240477031,低风险,0.38012820981874207,低风险,0.165814236219592,低风险,0.19190777185766003,低风险
1433.0,2-1,location2,0.5996223484989783,中风险,0.5374998076166024,中风险,0.6202224580532723,高风险,0.678022988606008,高风险,0.6109433399391653,高风险,0.6119150847586274,高风险
1440.0,2-1,location2,0.3267350815071205,低风险,0.16424478947617524,低风险,0.25948595601821633,低风险,0.426872055340214,中风险,0.26388663579072014,低风险,0.28353426694486855,低风险
1709.0,2-3,location2,0.4186817988845979,中风险,0.20095633331686913,低风险,0.39360182770029634,低风险,0.5240016486771938,中风险,0.36408238105645246,低风险,0.37285326989811973,低风险
1721.0,2-3,location2,0.4750841989879788,中风险,0.2598799553327418,低风险,0.5076011348362605,中风险,0.6102706611894484,高风险,0.46328035535186185,中风险,0.4592505837861502,中风险
1778.0,2-3,location2,0.20837218381530706,低风险,0.10234627429997845,低风险,0.166509526866392,低风险,0.2839187934572941,低风险,0.1705765282631512,低风险,0.1842581982078882,低风险
6.0,2-2,location2,0.3243595818996354,低风险,0.2096931288330209,低风险,0.4665040562928136,中风险,0.34103449026616817,低风险,0.3796689123455964,低风险,0.3390772251306675,低风险
9.0,2-2,location2,0.6600951600568222,高风险,0.7140302411338025,高风险,0.7219762147304607,高风险,0.8470308689734503,高风险,0.7483307585274513,高风险,0.7610124416125712,高风险
18.0,2-4,location2,0.3093222993345629,低风险,0.12311327915630015,低风险,0.33545304454060415,低风险,0.46949982341385693,中风险,0.30314537989060875,低风险,0.30935538237025373,低风险
19.0,2-4,location2,0.407727665816364,中风险,0.2902189081671754,低风险,0.48919527335676594,中风险,0.7077980164298617,高风险,0.48776429408366284,中风险,0.4957373993179343,中风险
20.0,2-1,location2,0.18673484331271292,低风险,0.13608631580223238,低风险,0.2860967595865685,低风险,0.20782328704631411,低风险,0.23690155393269677,低风险,0.210002120811705,低风险
24.0,2-2,location2,0.2716100846268328,低风险,0.10666297106937396,低风险,0.2906141535769207,低风险,0.4268409389797769,中风险,0.2666221447436341,低风险,0.27470602120869053,低风险
25.0,2-2,location2,0.39002373574201016,低风险,0.2212685706702951,低风险,0.510284104067331,中风险,0.5302237279291421,中风险,0.44295302704258643,中风险,0.42059213422225605,中风险
40.0,2-3,location2,0.3908868302782318,低风险,0.22198672582290319,低风险,0.5057331312921134,中风险,0.5866902767613315,中风险,0.4531515439894946,中风险,0.438136711292116,中风险
51.0,2-3,location2,0.3134510227147818,低风险,0.200558674427372,低风险,0.44843957632391634,中风险,0.32800823734217727,低风险,0.36441691150519717,低风险,0.32566882936448854,低风险
84.0,2-1,location2,0.5252656277051831,中风险,0.29882977813059747,低风险,0.5988108900421626,中风险,0.6552517704651326,高风险,0.5335446638648594,中风险,0.5176308128792976,中风险
99.0,2-3,location2,0.23712287003363777,低风险,0.1511740265388115,低风险,0.3386166973785537,低风险,0.24772642857435093,低风险,0.2750259804295091,低风险,0.24583905083057203,低风险
103.0,2-1,location2,0.16594405274323876,低风险,0.07854897426170752,低风险,0.20588918030556938,低风险,0.15299276106455198,低风险,0.159975334611913,低风险,0.14581030521060964,低风险
105.0,2-1,location2,0.33160009585246636,低风险,0.21839453050697316,低风险,0.4815042445968316,中风险,0.35165337907128824,低风险,0.3929390238434334,低风险,0.350517384725031,低风险
108.0,2-1,location2,0.3214629369475091,低风险,0.19617028338804837,低风险,0.44904734345796116,中风险,0.329278068585238,低风险,0.3623840809092489,低风险,0.3248318984770825,低风险
121.0,2-2,location2,0.15524182046575505,低风险,0.07348311408889614,低风险,0.19261076631829432,低风险,0.14312579663516167,低风险,0.1496580429622149,低风险,0.13640655901411738,低风险
126.0,2-1,location2,0.2564936282950328,低风险,0.1625997495537646,低风险,0.36522468303531846,低风险,0.26727267106179853,低风险,0.29639132769635373,低风险,0.2650323678836272,低风险
137.0,2-3,location2,0.3547436682793399,低风险,0.21262613227234414,低风险,0.4115139314136344,中风险,0.5350219498870232,中风险,0.38911884650923567,低风险,0.38638733785766727,低风险
140.0,2-2,location2,0.22715458962042465,低风险,0.13896595261898145,低风险,0.31770467356326415,低风险,0.2329361395927943,低风险,0.25648397639874515,低风险,0.2298689219250133,低风险
148.0,2-4,location2,0.2710331044933465,低风险,0.17567186079824315,低风险,0.3903252381007754,低风险,0.2853053997551421,低风险,0.3177898145862515,低风险,0.2837674995513869,低风险
154.0,2-2,location2,0.3121330157661969,低风险,0.201114228309142,低风险,0.4465232448661754,中风险,0.3265831960432035,低风险,0.3632675984571803,低风险,0.3247402230728403,低风险
159.0,2-2,location2,0.38538027343272696,低风险,0.22778173467795157,低风险,0.5183117459273044,中风险,0.4944929336479466,中风险,0.442568211506337,中风险,0.4135288047510675,中风险
164.0,2-4,location2,0.08071775613350406,低风险,0.07138386469086365,低风险,0.1379956543842639,低风险,0.09922406315987016,低风险,0.1173812896976418,低风险,0.10286786074499923,低风险
187.0,2-3,location2,0.153223296082627,低风险,0.07252765339478932,低风险,0.19010635399499115,低风险,0.14126481027532684,低风险,0.14771212138036197,低风险,0.13463293922170244,低风险
217.0,2-4,location2,0.16649812252232055,低风险,0.07881124104437809,低风险,0.20657662267401472,低风险,0.1535035878397381,低风险,0.16050947546747052,低风险,0.14629715051937697,低风险
225.0,2-4,location2,0.23178304323790455,低风险,0.10079096332228792,低风险,0.2690722734146725,低风险,0.2842676813186628,低风险,0.2253410963269492,低风险,0.2180436393518744,低风险
234.0,2-4,location2,0.4712476701387688,中风险,0.23740330423813738,低风险,0.5709576233561641,中风险,0.7243379292368974,高风险,0.5167025700367253,中风险,0.510899618943733,中风险
246.0,2-2,location2,0.09964867000250434,低风险,0.04716831176439384,低风险,0.12363554249877586,低风险,0.09187147660954484,低风险,0.09606448115346661,低风险,0.08755844362423817,低风险
258.0,2-1,location2,0.20692148968239624,低风险,0.08906734515827115,低风险,0.23831847578453091,低风险,0.26099448455834695,低风险,0.20136431871066246,低风险,0.196126768500383,低风险
260.0,2-4,location2,0.25387807731256457,低风险,0.15744199092609948,低风险,0.3575079044692034,低风险,0.26193049564552084,低风险,0.2891951508100635,低风险,0.25896013034694126,低风险
277.0,2-4,location2,0.5414269372285855,中风险,0.3041214754260855,低风险,0.5323846824791071,中风险,0.6449216905435291,高风险,0.4935206341241308,中风险,0.4938092828162405,中风险
282.0,2-4,location2,0.27451095958978955,低风险,0.182475627751893,低风险,0.4005243133290309,中风险,0.29236830367212907,低风险,0.3272937752261127,低风险,0.2917894149176843,低风险
290.0,2-2,location2,0.5794363848219569,中风险,0.3280374027767403,低风险,0.6605898609501598,高风险,0.7424874758547253,高风险,0.5918517601488825,中风险,0.5770382465272085,中风险
290.0,2-4,location2,0.1632012388044442,低风险,0.07725067391335831,低风险,0.20248613148125943,低风险,0.1504640131483383,低风险,0.1573311749063778,低风险,0.14340027284765203,低风险
292.0,2-1,location2,0.4310663429251175,中风险,0.16642345600456226,低风险,0.4568114300543201,中风险,0.6949829299208297,高风险,0.4235509548092689,中风险,0.439405938659904,中风险
292.0,2-4,location2,0.11565773787053493,低风险,0.10228352107492156,低风险,0.19772929757425944,低风险,0.14217479817467613,低风险,0.1681916728743166,低风险,0.14739587227461903,低风险
296.0,2-3,location2,0.2012331980170525,低风险,0.08587283884611945,低风险,0.23021990435647657,低风险,0.25972056068801896,低风险,0.19598722857727588,低风险,0.1919377679635383,低风险
298.0,2-1,location2,0.25615761740830895,低风险,0.1644084327187659,低风险,0.36705259671258667,低风险,0.26843415825257283,低风险,0.29841415620917344,低风险,0.2666317292279751,低风险
298.0,2-3,location2,0.22575852030015223,低风险,0.1457595093665255,低风险,0.309548648050444,低风险,0.37573046120752907,低风险,0.2865066465406612,低风险,0.27701287287483284,低风险
306.0,2-2,location2,0.5345463334627255,中风险,0.31261989814370045,低风险,0.5209221645634959,中风险,0.6747513674598339,高风险,0.49775553330479927,中风险,0.5027644767223434,中风险
312.0,2-1,location2,0.4216365763852875,中风险,0.23361320937533273,低风险,0.5384411854285015,中风险,0.6323574591285932,高风险,0.4824681590712642,中风险,0.46813728464414245,中风险
313.0,2-3,location2,0.21797347334691428,低风险,0.244620080481096,低风险,0.27027103120156776,低风险,0.30097104944566083,低风险,0.2748710168420159,低风险,0.2719540537094415,低风险
313.0,2-4,location2,0.34549529742355656,低风险,0.13547293606107993,低风险,0.3698672352001494,低风险,0.5424902129871482,中风险,0.339109040642629,低风险,0.34927679474945916,低风险
319.0,2-1,location2,0.2413054496849955,低风险,0.14587452906948706,低风险,0.33550178668060343,低风险,0.24613983727009583,低风险,0.27037668816613514,低风险,0.2425053843400621,低风险
319.0,2-4,location2,0.7413675862184486,高风险,0.39426163056519153,低风险,0.7957664325476455,高风险,0.9337516134756583,高风险,0.7166064816828396,高风险,0.7079265588628317,高风险
320.0,2-3,location2,0.5788572030557084,中风险,0.3298321739589138,低风险,0.6506875609357062,高风险,0.7262044450926038,高风险,0.583859663560006,中风险,0.5689080599957412,中风险
330.0,2-3,location2,0.21799977976249763,低风险,0.10318935090802778,低风险,0.27047547182388576,低风险,0.20098573986820786,低风险,0.21015870792784305,低风险,0.1915501875333738,低风险
339.0,2-3,location2,0.29809501868319765,低风险,0.1945137225974767,低风险,0.43078322930449797,中风险,0.31476571032418177,低风险,0.35107270641861194,低风险,0.3133542207420521,低风险
365.0,2-1,location2,0.4569907979026462,中风险,0.2773078810018759,低风险,0.5471029421201827,中风险,0.6796095065051129,高风险,0.5055294449534412,中风险,0.5013401098757239,中风险
370.0,2-1,location2,0.7036539180825201,高风险,0.7131493971511637,高风险,0.731190309967755,高风险,0.8016925902664427,高风险,0.7427314022545365,高风险,0.7486774324617872,高风险
372.0,2-3,location2,0.11160702915400943,低风险,0.0528287547249934,低风险,0.13847245122073246,低风险,0.10289653206736905,低风险,0.10759271898451116,低风险,0.09806591267103164,低风险
377.0,2-1,location2,0.6822774727070653,高风险,0.4225046401195496,中风险,0.6476541778167438,高风险,0.7998070885062247,高风险,0.6112045406872169,高风险,0.6233219688141727,高风险
380.0,2-3,location2,0.10794811552472253,低风险,0.05109682213842845,低风险,0.1339327842939016,低风险,0.09952318249932236,低风险,0.10406541009645516,低风险,0.09485092964388414,低风险
386.0,2-1,location2,0.034366499160395574,低风险,0.010303554052542374,低风险,0.030271154507107812,低风险,0.07885468948326599,低风险,0.03439689497192422,低风险,0.03980979934763872,低风险
409.0,2-1,location2,0.35268481454536454,低风险,0.22753421676515612,低风险,0.5067052997585119,中风险,0.3704639378300966,低风险,0.412262747416916,中风险,0.3682344847845882,低风险
425.0,2-2,location2,0.5231223837463281,中风险,0.2877522418058693,低风险,0.5561162897387205,中风险,0.6634563478016945,高风险,0.5072285577746372,中风险,0.5024416264487614,中风险
427.0,2-3,location2,0.1949391826397483,低风险,0.09227370662966874,低风险,0.2418638562795421,低风险,0.17972493318497207,低风险,0.1879275602604395,低风险,0.17128749869806098,低风险
436.0,2-1,location2,0.45165211487082096,中风险,0.23674514659792212,低风险,0.5627308925679517,中风险,0.6546775892780314,高风险,0.49867016404736747,中风险,0.4847178761479684,中风险
475.0,2-2,location2,0.5654420055125581,中风险,0.33103388155050173,低风险,0.6701709119554627,高风险,0.7286099694265215,高风险,0.596302280897862,中风险,0.5766049209774953,中风险
480.0,2-2,location2,0.8213525240853162,高风险,0.5972256281784937,中风险,0.8591645311645484,高风险,0.9349326715699375,高风险,0.806555501850211,高风险,0.7971076103043265,高风险
493.0,2-2,location2,0.12837864140415173,低风险,0.06076753238641484,低风险,0.159281232502744,低风险,0.1183591848303671,低风险,0.12376108559569175,低风险,0.11280264990650865,低风险
496.0,2-1,location2,0.2637120803020735,低风险,0.16329202278092134,低风险,0.3710725257203925,低风险,0.2718906024114743,低风险,0.3001007930925733,低风险,0.26875171697092937,低风险
499.0,2-2,location2,0.28392981744053913,低风险,0.1212219957289891,低风险,0.3048019809317546,低风险,0.3904671450593993,低风险,0.2705519647245398,低风险,0.2721637072400477,低风险
520.0,2-2,location2,0.26171231366870157,低风险,0.1806818528163861,低风险,0.3875977585400802,低风险,0.28247371894821494,低风险,0.31853044068418374,低风险,0.28358444343489375,低风险
533.0,2-3,location2,0.5038867693446001,中风险,0.30416734865626005,低风险,0.6109610690235118,高风险,0.7017725779102707,高风险,0.550856928651397,中风险,0.5389669985300141,中风险
538.0,2-1,location2,0.3668640860369382,低风险,0.17697774940234562,低风险,0.2945331795620769,低风险,0.5155313144961131,中风险,0.3033827286540562,低风险,0.3290140811535118,低风险
538.0,2-3,location2,0.28387910701556157,低风险,0.11693616060873084,低风险,0.31605111426944676,低风险,0.39964257505855844,低风险,0.277371530080442,低风险,0.2775432833122453,低风险
544.0,2-2,location2,0.2740933559064303,低风险,0.10445482884677755,低风险,0.2876315953392596,低风险,0.4527048076298375,中风险,0.2696046790093279,低风险,0.2815970772719582,低风险
545.0,2-2,location2,0.6318854624416554,高风险,0.3436518111058148,低风险,0.7581243400926364,高风险,0.8611542830459894,高风险,0.6735769408283855,高风险,0.6543101447481469,高风险
550.0,2-3,location2,0.498401848258294,中风险,0.235751350489905,低风险,0.48553378866161945,中风险,0.6218251623135472,高风险,0.44129889559093366,中风险,0.4477034338216906,中风险
561.0,2-1,location2,0.5653827347243818,中风险,0.6846554574880179,高风险,0.6139068645814586,高风险,0.7143987081348511,高风险,0.6571317502577174,高风险,0.6709870100681092,高风险
567.0,2-1,location2,0.048402701099940625,低风险,0.015603579150243711,低风险,0.042559535213337815,低风险,0.11024813852583384,低风险,0.04853256502103245,低风险,0.05613708429647179,低风险
577.0,2-1,location2,0.0500593276323513,低风险,0.041371785678952396,低风险,0.04227871943317955,低风险,0.09523238890383823,低风险,0.052205701153945135,低风险,0.05962763133865672,低风险
579.0,2-2,location2,0.0,低风险,0.0,低风险,0.0,低风险,0.0,低风险,0.0,低风险,0.0,低风险
591.0,2-2,location2,0.24243762253286127,低风险,0.14973946947016573,低风险,0.3407042783919983,低风险,0.24967276479673192,低风险,0.27543840132129843,低风险,0.24670550421963197,低风险
632.0,2-1,location2,0.4662089347442722,中风险,0.281673263122714,低风险,0.5464582821162279,中风险,0.582203662443817,中风险,0.48586188814774367,中风险,0.47011173589425304,中风险
635.0,2-2,location2,0.5253845801367449,中风险,0.255088621009728,低风险,0.5057836795157411,中风险,0.6273951233289613,高风险,0.45797296007271426,中风险,0.46275580795147675,中风险
645.0,2-3,location2,0.5665769662202929,中风险,0.3098688260702749,低风险,0.6869415715175369,高风险,0.7868451942994511,高风险,0.6119699165226865,高风险,0.594551863962421,中风险
646.0,2-3,location2,0.5113468297369665,中风险,0.2483363516454048,低风险,0.49144698902575135,中风险,0.6112895450059981,高风险,0.44544051302204396,中风险,0.4503576285590514,中风险
671.0,2-2,location2,0.09865714916930514,低风险,0.029578784396727915,低风险,0.08690049550279662,低风险,0.22637100237475175,低风险,0.0987444075222176,低风险,0.11428342742475875,低风险
684.0,2-2,location2,0.276220194158528,低风险,0.1737613577777416,低风险,0.3917806845304002,低风险,0.2868235453577477,低风险,0.3175838357567011,低风险,0.2841218625552965,低风险
689.0,2-1,location2,0.5450084709967774,中风险,0.30768516305863497,低风险,0.6286250485781241,高风险,0.7248892099227026,高风险,0.5669035416831479,中风险,0.5537331405198205,中风险
691.0,2-1,location2,0.17674131708515595,低风险,0.08365981749392852,低风险,0.21928550194621013,低风险,0.16294734067319688,低风险,0.17038424018844536,低风险,0.15529755337111184,低风险
721.0,2-2,location2,0.16211684919403743,低风险,0.07673738229374662,低风险,0.2011407136471899,低风险,0.1494642559541317,低风险,0.15628578889882427,低风险,0.14244745063168943,低风险
753.0,2-1,location2,0.44407212919892064,中风险,0.2439432562137932,低风险,0.5688166523776966,中风险,0.6261971612669692,高风险,0.49942972351407333,中风险,0.4796523566194864,中风险
771.0,2-2,location2,0.15115674829114512,低风险,0.07154946100644949,低风险,0.1875423583361119,低风险,0.13935954854847324,低风险,0.14571990370838941,低风险,0.1328171226303449,低风险
775.0,2-3,location2,0.26190030077931076,低风险,0.16913936658115059,低风险,0.3764736841337079,低风险,0.27523351103929905,低风险,0.30635061651989876,低风险,0.27361552058471916,低风险
791.0,2-2,location2,0.5933812281521293,中风险,0.2692941235632204,低风险,0.5905205244950193,中风险,0.7865358366370417,高风险,0.5384878423603839,中风险,0.5487834948984271,中风险
828.0,2-1,location2,0.4828368406951437,中风险,0.22694121890713945,低风险,0.4599777142031614,中风险,0.6228373865754432,高风险,0.4256374372338538,中风险,0.436585439895248,中风险
841.0,2-3,location2,0.2824765335981838,低风险,0.11564205642746303,低风险,0.31300407760224097,低风险,0.4033337498418476,中风险,0.27615322521368535,低风险,0.2773266279571839,低风险
852.0,2-3,location2,0.6144028149215197,高风险,0.34529621763544943,低风险,0.7255340528013109,高风险,0.7883074134015037,高风险,0.6416130992791511,高风险,0.6197125612794213,高风险
869.0,2-3,location2,0.0,低风险,0.0,低风险,0.0,低风险,0.0,低风险,0.0,低风险,0.0,低风险
873.0,2-3,location2,0.34759060194361985,低风险,0.22575890498438453,低风险,0.5011104072483824,中风险,0.36624285651761285,低风险,0.40811028662482063,中风险,0.36437072291679323,低风险
876.0,2-2,location2,0.48157458025729694,中风险,0.24617851875406238,低风险,0.3807056107822709,低风险,0.6092066429527175,高风险,0.3850386673107344,低风险,0.4120302574963503,中风险
910.0,2-3,location2,0.22791320902887724,低风险,0.08809021156542687,低风险,0.24173019176931196,低风险,0.3666690162056852,低风险,0.22391867852347527,低风险,0.23216313984680803,低风险
941.0,2-1,location2,0.2420036603695619,低风险,0.5386294955760914,中风险,0.2331959109549617,低风险,0.17046348809112338,低风险,0.3037747465247411,低风险,0.3140962982073922,低风险
962.0,2-3,location2,0.39617160375514193,低风险,0.18323052256153574,低风险,0.3917899927670896,低风险,0.5096170941734158,中风险,0.3559520035427129,低风险,0.3615458698340137,低风险
967.0,2-1,location2,0.44878738305170307,中风险,0.20410770526019886,低风险,0.4525921461545544,中风险,0.585279422031241,中风险,0.4086775632222254,中风险,0.4139930911486647,中风险
974.0,2-3,location2,0.0985570229722585,低风险,0.08716026719758899,低风险,0.16849379282455693,低风险,0.12115337121207491,低风险,0.1433234893956857,低风险,0.1256024770780736,低风险
990.0,2-1,location2,0.734074347395754,高风险,0.42682409143358474,中风险,0.8015044764991351,高风险,0.9001356773697073,高风险,0.7222984778870132,高风险,0.7094880817674759,高风险
997.0,2-1,location2,0.56540163804963,中风险,0.3134094829444341,低风险,0.6578159896879668,高风险,0.7268728860044728,高风险,0.5835267263661782,中风险,0.5660327862122913,中风险
1001.0,2-2,location2,0.26209580725035986,低风险,0.12107592202183129,低风险,0.21271087375008788,低风险,0.39441615900528976,低风险,0.22184964527368622,低风险,0.24273431825906963,低风险
1010.0,2-3,location2,0.16398688848733095,低风险,0.07762255814602362,低风险,0.20346089837734802,低风险,0.1511883459112624,低风险,0.1580885661405308,低风险,0.14409060081154468,低风险
1014.0,2-1,location2,0.23885209484045994,低风险,0.14141602577752002,低风险,0.3286963785197369,低风险,0.24141262783796394,低风险,0.2640792549685826,低风险,0.23717501071174027,低风险
1016.0,2-2,location2,0.46933005099061326,中风险,0.2220962086139766,低风险,0.454865908417886,中风险,0.5878871302030009,中风险,0.4147839338086828,中风险,0.4216164157449545,中风险
1027.0,2-2,location2,0.30358597843051083,低风险,0.18817279654115146,低风险,0.4273970514268446,中风险,0.31314364585404897,低风险,0.345704099156346,低风险,0.30957116460734835,低风险
1028.0,2-1,location2,0.1637461506155964,低风险,0.07750860580740046,低风险,0.203162211426773,低风险,0.1509663966995816,低风险,0.15785648719013848,低风险,0.1438790713112517,低风险
1030.0,2-2,location2,0.46857826000297575,中风险,0.2448569192826747,低风险,0.5442287950984428,中风险,0.6332768278940764,高风险,0.4843392457336967,中风险,0.47412084742506455,中风险
1032.0,2-2,location2,0.5583682457465063,中风险,0.27972577461356296,低风险,0.5163335779961172,中风险,0.6460787711552158,高风险,0.4733264050677601,中风险,0.48071270792163195,中风险
1051.0,2-1,location2,0.5445257147852596,中风险,0.25070730448852846,低风险,0.5348887304046207,中风险,0.7109756365112253,高风险,0.4891150405420076,中风险,0.4988572238014582,中风险
1081.0,2-1,location2,0.14915470161827846,低风险,0.07060179997263671,低风险,0.1850583901456532,低风险,0.13751375387732648,低风险,0.14378986716230077,低风险,0.13105798133187213,低风险
1099.0,2-2,location2,0.14279832295797112,低风险,0.058889702558343054,低风险,0.11891443418569415,低风险,0.24935500578575587,低风险,0.12761127052233312,低风险,0.14238638084326435,低风险
1111.0,2-2,location2,0.0,低风险,0.0,低风险,0.0,低风险,0.0,低风险,0.0,低风险,0.0,低风险
1112.0,2-2,location2,0.32860817552473687,低风险,0.19729308777157578,低风险,0.4553350381092671,中风险,0.3341763204504241,低风险,0.36657775604787696,低风险,0.32893481544375563,低风险
1136.0,2-2,location2,0.32567069493924117,低风险,0.18150323272818525,低风险,0.42446620402726104,中风险,0.42088414992563283,中风险,0.36283149519834806,低风险,0.34228452889369304,低风险
1152.0,2-2,location2,1.069826403890716,高风险,0.931024223273254,高风险,1.0748574320134425,高风险,1.135940061632749,高风险,1.0477966183897052,高风险,1.0472739056398153,高风险
1160.0,2-1,location2,0.0,低风险,0.0,低风险,0.0,低风险,0.0,低风险,0.0,低风险,0.0,低风险
1190.0,2-2,location2,0.38594808291461213,低风险,0.21774514560952,低风险,0.5038272968463979,中风险,0.5213899327812052,中风险,0.4364922912096089,中风险,0.4143207917457077,中风险
1191.0,2-2,location2,0.49200480981744904,中风险,0.2817401485646548,低风险,0.46069299378249756,中风险,0.6017910871593448,高风险,0.436238839125593,中风险,0.44807474316883245,中风险
1207.0,2-1,location2,0.2768043842459125,低风险,0.15757586004819932,低风险,0.328647518119059,低风险,0.4646528574732844,中风险,0.31529923946344474,低风险,0.3169587452135142,低风险
1223.0,2-2,location2,0.5979712138233171,中风险,0.365377348882624,低风险,0.6815689262972823,高风险,0.7514568404240064,高风险,0.615249498167561,高风险,0.5994677052013042,中风险
1230.0,2-1,location2,0.7793054256705908,高风险,0.4318539447615843,中风险,0.8415910501325153,高风险,0.9340572622682531,高风险,0.7521506203381014,高风险,0.7358340857207842,高风险
1238.0,2-2,location2,0.46990424743719245,中风险,0.27887830984529066,低风险,0.4818150928454414,中风险,0.615696437228402,高风险,0.4576917621412934,中风险,0.45879661330637794,中风险
1243.0,2-2,location2,0.2175270279259835,低风险,0.09206743618790196,低风险,0.24728772820355202,低风险,0.28674966155383064,低风险,0.21201737775645138,低风险,0.2087016086484282,低风险
1247.0,2-3,location2,0.25867539043048415,低风险,0.1676619473241703,低风险,0.3725284817444439,低风险,0.2722969892610936,低风险,0.30330023374488435,低风险,0.27082913944323594,低风险
1262.0,2-2,location2,0.644301437566314,高风险,0.37350004506478307,低风险,0.7104249174921512,高风险,0.7550221810249881,高风险,0.6325275985278058,高风险,0.6129823811939741,高风险
1266.0,2-2,location2,0.36036432018612746,低风险,0.19085835266449566,低风险,0.45564718253324965,中风险,0.48286139742849965,中风险,0.3935738601423573,低风险,0.37645564420874833,低风险
1294.0,2-2,location2,0.28203188550564495,低风险,0.1860356288873528,低风险,0.40985563461687663,中风险,0.2993022504006029,低风险,0.3345441865550562,低风险,0.2983978379682774,低风险
1306.0,2-1,location2,0.0,低风险,0.0,低风险,0.0,低风险,0.0,低风险,0.0,低风险,0.0,低风险
1314.0,2-3,location2,0.2696450226165179,低风险,0.16841506886876664,低风险,0.3810742559795326,低风险,0.27909121086942085,低风险,0.30858090402459526,低风险,0.2761935119059067,低风险
1350.0,2-1,location2,0.22276375986927455,低风险,0.0985069738573647,低风险,0.2619990519658751,低风险,0.2602497848923477,低风险,0.21622461628544926,低风险,0.2069186035718625,低风险
1358.0,2-3,location2,0.69156608479039,高风险,0.37420996640320037,低风险,0.6920111937876455,高风险,0.8373436235036288,高风险,0.6348303934845381,高风险,0.6345215945648248,高风险
1365.0,2-1,location2,0.28009278510714825,低风险,0.19621331617356647,低风险,0.38821735831942367,低风险,0.28440568508701825,低风险,0.32070768383855397,低风险,0.2896121198600028,低风险
1457.0,2-1,location2,0.16817145647287016,低风险,0.07960330718498475,低风险,0.20865275224757174,低风险,0.15504632454554676,低风险,0.1621226225145108,低风险,0.1477674613260344,低风险
1458.0,2-1,location2,0.18628316935002057,低风险,0.16474209879017657,低风险,0.3184710413990394,低风险,0.2289926510176495,低风险,0.27089651291970807,低风险,0.2374019304022885,低风险
1.0,3-1,location3,0.3997225205050794,低风险,0.30174900279714295,低风险,0.3647421542628169,低风险,0.3759261160589238,低风险,0.349962540557183,低风险,0.3474724243729612,低风险
16.0,3-1,location3,0.3203359298421333,低风险,0.17591025224175671,低风险,0.39540079332661765,低风险,0.5894690128992021,中风险,0.38255991855718335,低风险,0.3869266861558588,低风险
17.0,3-1,location3,0.3024356029206736,低风险,0.1694856323073656,低风险,0.37813376807573107,低风险,0.5503240891779464,中风险,0.36382336542803456,低风险,0.36598116318701435,低风险
21.0,3-1,location3,0.3037869501200076,低风险,0.1742081574752806,低风险,0.38544524314592804,低风险,0.5455570536518629,中风险,0.3685241483773077,低风险,0.3684034847576905,低风险
22.0,3-2,location3,0.3305734772056226,低风险,0.19983904372314507,低风险,0.45961660781589225,中风险,0.33719628790572287,低风险,0.37039926814374485,低风险,0.33221731314825337,低风险
30.0,3-1,location3,0.2442434446656855,低风险,0.15363090711011007,低风险,0.32913344747183976,低风险,0.41389956200904315,中风险,0.306814449866814,低风险,0.29888797219699764,低风险
31.0,3-1,location3,0.2978611840068681,低风险,0.16527674968245215,低风险,0.37008159516481176,低风险,0.5449987139006777,中风险,0.3570444128551665,低风险,0.36011901958264714,低风险
42.0,3-1,location3,0.4993562155762293,中风险,0.3004363041359618,低风险,0.5101408109700295,中风险,0.6342051676673264,高风险,0.48237086331010476,中风险,0.48159409425777255,中风险
46.0,3-4,location3,0.3594045141994545,低风险,0.19208955644201084,低风险,0.42276032564947225,中风险,0.5252689882214905,中风险,0.3849727681773901,低风险,0.38003962343765785,低风险
49.0,3-1,location3,0.3057289802625056,低风险,0.18442241287279318,低风险,0.3666087565768688,低风险,0.4759540467908302,中风险,0.3459016492527362,低风险,0.34232840541349735,低风险
52.0,3-1,location3,0.2660931076239425,低风险,0.15085245771327244,低风险,0.33515231618219404,低风险,0.48103524227251654,中风险,0.321448324455302,低风险,0.3223466720559943,低风险
52.0,3-3,location3,0.3920896135507682,低风险,0.23291859200324874,低风险,0.4067907110229164,中风险,0.5206842763258099,中风险,0.3862379149485132,低风险,0.38679785978399167,低风险
53.0,3-2,location3,0.46257858078001024,中风险,0.2527373089643008,低风险,0.5092667174456823,中风险,0.5286698003528632,中风险,0.44485472807141074,中风险,0.4302246089209487,中风险
56.0,3-1,location3,0.5086891801867968,中风险,0.4412061039650425,中风险,0.6025196315395058,高风险,0.6554126084250805,高风险,0.5744148539681405,中风险,0.5663794479765429,中风险
57.0,3-1,location3,0.4169334780538181,中风险,0.24617402805519026,低风险,0.45016252052504097,中风险,0.5890058818524506,中风险,0.4280227583862067,中风险,0.42844747681089396,中风险
57.0,3-2,location3,0.6431109983197579,高风险,0.35644958134066596,低风险,0.6659483858010987,高风险,0.7521237617417507,高风险,0.6003414550752874,高风险,0.5915072429611717,中风险
60.0,3-1,location3,0.5639709188188134,中风险,0.3512033446915937,低风险,0.6389489192378753,高风险,0.6512739575086601,高风险,0.5683632487341284,中风险,0.5471420738127097,中风险
67.0,3-1,location3,0.3049825983521287,低风险,0.1880686234479008,低风险,0.3290505918760049,低风险,0.4035805811798324,中风险,0.3038146436254258,低风险,0.3068999321679127,低风险
67.0,3-2,location3,0.3009505826707581,低风险,0.195915321607344,低风险,0.4258791850208899,中风险,0.3117278483282152,低风险,0.3471652429584632,低风险,0.3111741183188164,低风险
72.0,3-1,location3,0.2923005920263774,低风险,0.14488282585452436,低风险,0.23301543674005296,低风险,0.39187933685044113,低风险,0.2380305319577743,低风险,0.25659253314833946,低风险
80.0,3-3,location3,0.5541756818205694,中风险,0.6491697886546361,高风险,0.590363730321408,中风险,0.699441180694588,高风险,0.6302245920913251,高风险,0.6463248998902107,高风险
86.0,3-1,location3,0.8845723846451291,高风险,0.45030978937853483,中风险,0.8329960590762109,高风险,0.9666594982129668,高风险,0.7483724687640806,高风险,0.7499884488892375,高风险
88.0,3-1,location3,0.07939963103816158,低风险,0.07021816252124517,低风险,0.13574217827435747,低风险,0.09760372912213315,低风险,0.11546444721978324,低风险,0.10118802330591192,低风险
96.0,3-4,location3,0.8536520576177903,高风险,0.8817613222608114,高风险,0.8621545150941967,高风险,0.9263871499619112,高风险,0.880492380928387,高风险,0.8901009957723066,高风险
107.0,3-1,location3,0.666805673204504,高风险,0.3795983568549167,低风险,0.7617164143789313,高风险,0.8133996726120402,高风险,0.6741708000629552,高风险,0.6515714812819627,高风险
107.0,3-3,location3,0.7817457336360373,高风险,0.45244252467753987,中风险,0.8490933340181488,高风险,0.8984197757162229,高风险,0.7559253107211864,高风险,0.7333185448039705,高风险
112.0,3-4,location3,0.41582778388723207,中风险,0.21162147696780148,低风险,0.5045593684804504,中风险,0.6564381777042947,高风险,0.4610318411181965,中风险,0.45753967438418214,中风险
115.0,3-1,location3,0.2884655652404198,低风险,0.16451303596836522,低风险,0.3647166786018104,低风险,0.5196985834074012,中风险,0.3492328149516947,低风险,0.3496427659925256,低风险
116.0,3-4,location3,0.9151974806989643,高风险,0.5446750734069375,中风险,0.977334943511392,高风险,1.0501859552368953,高风险,0.8776332483108443,高风险,0.8573986573850748,高风险
126.0,3-1,location3,0.5698937408289809,中风险,0.275628719198696,低风险,0.5479627151326909,中风险,0.6871284072317552,高风险,0.49745722917628504,中风险,0.5035732805210474,中风险
134.0,3-1,location3,0.3338704822581865,低风险,0.19698005329836946,低风险,0.38315490036767497,低风险,0.5097491896265971,中风险,0.36407216429536854,低风险,0.36329471443088046,低风险
140.0,3-1,location3,0.38142432287370337,低风险,0.23642702823312226,低风险,0.425405555116121,中风险,0.5145573554791693,中风险,0.3980929934548832,低风险,0.39212997960947077,低风险
148.0,3-2,location3,0.4668314869177079,中风险,0.28217834451878687,低风险,0.4510639518436237,中风险,0.5273965795559633,中风险,0.4166160628901733,中风险,0.42021295863945796,中风险
148.0,3-3,location3,0.6063008164656413,高风险,0.4494776264164544,中风险,0.5621473977115526,中风险,0.641036254632456,高风险,0.5415831874764613,中风险,0.5508870929201544,中风险
149.0,3-2,location3,0.6262567599132886,高风险,0.30660080483218033,低风险,0.5898872340804464,中风险,0.7499900468418205,高风险,0.53995855069412,中风险,0.5488260285848158,中风险
163.0,3-1,location3,0.18647876398118968,低风险,0.08826900024538727,低风险,0.23136689279180692,低风险,0.17192481748972804,低风险,0.1797714481040493,低风险,0.16385357017564076,低风险
181.0,3-1,location3,0.515453016508822,中风险,0.3147428987337139,低风险,0.552159241656459,中风险,0.6776498288302746,高风险,0.5193203411700852,中风险,0.5148506564068158,中风险
184.0,3-1,location3,0.11689430148483747,低风险,0.05533146459234519,低风险,0.14503244628081968,低风险,0.1077711532365001,低风险,0.11268981735185828,低风险,0.102711688036555,低风险
185.0,3-1,location3,0.22869985047832994,低风险,0.12000599550816342,低风险,0.2743759927324843,低风险,0.4310180943569317,中风险,0.2687941701783533,低风险,0.27513336086585977,低风险
188.0,3-1,location3,0.1083567481254406,低风险,0.0958267897553443,低风险,0.1852474731803712,低风险,0.1331998972074265,低风险,0.1575744353122245,低风险,0.13809138671438065,低风险
193.0,3-1,location3,0.12824835114891892,低风险,0.11341820416934045,低风险,0.21925430027101583,低风险,0.15765208430103464,低风险,0.18650118115966305,低风险,0.16344152958046365,低风险
196.0,3-1,location3,0.2595979287606293,低风险,0.14454333733119473,低风险,0.3232470287524312,低风险,0.47408056018360784,中风险,0.3115647245877256,低风险,0.31395697542241124,低风险
202.0,3-1,location3,0.13708967779068423,低风险,0.12123715374023337,低风险,0.2343694956629379,低风险,0.16852047801193748,低风险,0.1993584058096154,低风险,0.1747090424717029,低风险
206.0,3-1,location3,0.13283441347061384,低风险,0.07979135363939517,低风险,0.18410601515168634,低风险,0.13511432184813837,低风险,0.14822936847863658,低风险,0.13300389687973996,低风险
207.0,3-1,location3,0.3005959770649044,低风险,0.1686718201456431,低风险,0.3761415231063518,低风险,0.5465809669956075,中风险,0.36177871744205814,低风险,0.36379810341586744,低风险
207.0,3-4,location3,0.13939644370217222,低风险,0.04179299106708835,低风险,0.12278501995084334,低风险,0.31984821124503027,低风险,0.1395197343524872,低风险,0.16147540742098732,低风险
216.0,3-3,location3,0.599953050880124,中风险,0.3357538150593928,低风险,0.7170795353505879,高风险,0.7768207462224608,高风险,0.6324472030047081,高风险,0.6098846988774804,高风险
217.0,3-4,location3,0.34636237018318705,低风险,0.14188922227564715,低风险,0.38398735104722437,低风险,0.4938161061620472,中风险,0.3385891744820978,低风险,0.3398975598283062,低风险
240.0,3-1,location3,0.2060265674792716,低风险,0.1382516396338724,低风险,0.2899111159154989,低风险,0.333356077228162,低风险,0.2655226830276419,低风险,0.25383961092584445,低风险
240.0,3-2,location3,0.13291659770216052,低风险,0.08566244178341338,低风险,0.19086139368340874,低风险,0.13955081795465418,低风险,0.1552641683520637,低风险,0.1386915511404921,低风险
242.0,3-1,location3,0.11380793465547949,低风险,0.0471141819890214,低风险,0.09469595806735824,低风险,0.1978549768287738,低风险,0.10153260201919669,低风险,0.11322170562838448,低风险
255.0,3-1,location3,0.3955601078390744,低风险,0.2043903497515269,低风险,0.4035957471889129,中风险,0.4675648537065113,中风险,0.35951137269814015,低风险,0.3585169835489837,低风险
258.0,3-1,location3,0.16817145647287016,低风险,0.05042013979299514,低风险,0.14813100743302515,低风险,0.38587311201599034,低风险,0.16832019748578478,低风险,0.19480808641400352,低风险
264.0,3-2,location3,0.29210689992792305,低风险,0.1817023986229061,低风险,0.411971978772773,中风险,0.3017852342581618,低风险,0.3334013720028787,低风险,0.2984865372179469,低风险
266.0,3-4,location3,0.5653910343238995,中风险,0.300855458051748,低风险,0.6348550797755025,高风险,0.7435407821256715,高风险,0.5694752215399925,中风险,0.5597504399843073,中风险
267.0,3-1,location3,0.6392784762455991,高风险,0.5754337818330707,中风险,0.5613240198707772,中风险,0.6780462396848981,高风险,0.5816702935294226,中风险,0.6049346804629153,高风险
270.0,3-2,location3,0.6153852910999658,高风险,0.34980167258571415,低风险,0.6684361169033226,高风险,0.7385622458142546,高风险,0.599676338118517,中风险,0.5856000117677637,中风险
283.0,3-3,location3,0.09964867000250434,低风险,0.04716831176439384,低风险,0.12363554249877586,低风险,0.09187147660954484,低风险,0.09606448115346661,低风险,0.08755844362423817,低风险
288.0,3-1,location3,0.6250249650793485,高风险,0.711659104976775,高风险,0.6407660958961026,高风险,0.7378371811350111,高风险,0.6802986838507602,高风险,0.6967541273359629,高风险
289.0,3-4,location3,0.5388558583153293,中风险,0.4075598871294754,中风险,0.5433005344449326,中风险,0.679098299512334,高风险,0.537482296535535,中风险,0.5433195736955807,中风险
298.0,3-1,location3,0.679623000244614,高风险,0.5421105645788058,中风险,0.7165233548888487,高风险,0.7842092758057668,高风险,0.6853850141060255,高风险,0.680947731757807,高风险
299.0,3-2,location3,0.5852589542515716,中风险,0.3925728592222107,低风险,0.5435784439906781,中风险,0.6496472389284063,高风险,0.5184816638426146,中风险,0.5285995140470984,中风险
303.0,3-1,location3,0.7321960125548661,高风险,0.41345642653534553,中风险,0.8116674601658713,高风险,0.8931426589508509,高风险,0.724959071453328,高风险,0.7060888485506892,高风险
306.0,3-2,location3,0.14699672699622895,低风险,0.1299985898089547,低风险,0.25130665798785523,低风险,0.1806989344406945,低风险,0.21376542439572976,低风险,0.18733472741250146,低风险
312.0,3-1,location3,0.4953499902285901,中风险,0.27363073891094253,低风险,0.5249373042366957,中风险,0.601630818405881,高风险,0.47385321555129056,中风险,0.46673295385117297,中风险
321.0,3-1,location3,0.27925094920096455,低风险,0.1674079655479337,低风险,0.36462147378460885,低风险,0.48824535974758126,中风险,0.3443976722280832,低风险,0.3400915996933746,低风险
324.0,3-3,location3,0.4643905497113086,中风险,0.21290927589702957,低风险,0.45280087701147625,中风险,0.6225880390282207,高风险,0.41836122921027474,中风险,0.42943273064557547,中风险
327.0,3-1,location3,0.2443243810910816,低风险,0.15116457534747185,低风险,0.3013191107861365,低风险,0.37838877685010625,低风险,0.2821526239406591,低风险,0.2769574876612382,低风险
329.0,3-1,location3,0.13846745195799537,低风险,0.1224556073921317,低风险,0.23672494825378262,低风险,0.17021413697306131,低风险,0.20136199109763542,低风险,0.17646489753965852,低风险
330.0,3-4,location3,0.1428293698364061,低风险,0.06760772868705824,低风险,0.17721045974862046,低风险,0.1316820897835529,低风险,0.13769204653174114,低风险,0.12550009273974386,低风险
332.0,3-1,location3,0.4712844599241155,中风险,0.40998364509916385,中风险,0.4711863903624559,中风险,0.5774542428482974,中风险,0.4787760363195508,中风险,0.4862080927699724,中风险
333.0,3-1,location3,0.23256736574009593,低风险,0.15066211191486747,低风险,0.2983853995228459,低风险,0.35108668576852065,低风险,0.275667465096037,低风险,0.26671139906874464,低风险
335.0,3-1,location3,0.04848882164298396,低风险,0.02257524004365591,低风险,0.03928001633616376,低风险,0.07214359207348528,低风险,0.04088342550261045,低风险,0.04466628281776831,低风险
337.0,3-3,location3,0.11110640004671433,低风险,0.033311242821730015,低风险,0.09786620938156412,低风险,0.25493608279378616,低风险,0.11120466927046285,低风险,0.1287045116656934,低风险
343.0,3-2,location3,0.5668994198233565,中风险,0.3148297172539893,低风险,0.643466686035016,高风险,0.6988725757018277,高风险,0.5694768211886888,中风险,0.5523896596636111,中风险
346.0,3-1,location3,0.30217278087959965,低风险,0.15772450701935303,低风险,0.3392284800291915,低风险,0.5344820344326476,中风险,0.33379072447479236,低风险,0.343811673827064,低风险
348.0,3-1,location3,0.0,低风险,0.0,低风险,0.0,低风险,0.0,低风险,0.0,低风险,0.0,低风险
349.0,3-1,location3,0.10058833842947852,低风险,0.08895668913358562,低风险,0.17196654428851385,低风险,0.12365041006547729,低风险,0.14627746680502882,低风险,0.1281912144958589,低风险
350.0,3-2,location3,0.2533007077797416,低风险,0.11296449340923805,低风险,0.29989285062219906,低风险,0.2883799221283494,低风险,0.24566257194489827,低风险,0.2337457553865955,低风险
356.0,3-1,location3,0.33240940301842087,低风险,0.21105085482789612,低风险,0.47369360789899345,中风险,0.34662222572226203,低风险,0.38450414953976436,低风险,0.3437888961497172,低风险
362.0,3-1,location3,0.08069166563920117,低风险,0.07136079120116015,低风险,0.13795104988821497,低风险,0.09919199085039837,低风险,0.1173433484066939,低风险,0.10283461064659116,低风险
371.0,3-1,location3,0.3941060888473007,低风险,0.19643754654537132,低风险,0.4403014150585288,中风险,0.5681129528851453,中风险,0.40180492878993107,中风险,0.40161730482968183,中风险
376.0,3-1,location3,0.3668206800205422,低风险,0.23544136484956082,低风险,0.39466580989550754,低风险,0.4373865760501364,中风险,0.36485849570755347,低风险,0.35583125026506823,低风险
381.0,3-4,location3,0.5104025112394006,中风险,0.26631661267127865,低风险,0.5599009228611938,中风险,0.5992934617946367,中风险,0.48852380737656564,中风险,0.47517033244236967,中风险
385.0,3-1,location3,0.5318764740696386,中风险,0.31833945381210144,低风险,0.5066046416428417,中风险,0.6425567036288101,高风险,0.4783150646909522,中风险,0.48916693302791775,中风险
386.0,3-3,location3,0.6342546166120573,高风险,0.3120595713194572,低风险,0.6077904910770004,高风险,0.738649464464706,高风险,0.5486483137484568,中风险,0.5528331756203878,中风险
395.0,3-2,location3,0.10747330196282404,低风险,0.04784965407415518,低风险,0.08799081837374215,低风险,0.1704883018783356,低风险,0.09268279527829013,低风险,0.10210959144207764,低风险
397.0,3-4,location3,0.49750489108433804,中风险,0.3447257897577318,低风险,0.5778327725940005,中风险,0.6046295602086083,高风险,0.5236593812765685,中风险,0.5090627075201135,中风险
398.0,3-4,location3,0.6363983671263264,高风险,0.33853258836551475,低风险,0.6484006321298198,高风险,0.7941134396327674,高风险,0.5938301146287129,中风险,0.5936822200427007,中风险
404.0,3-1,location3,0.2139234472768771,低风险,0.11549654561940104,低风险,0.26124804432237,低风险,0.39725778488789865,低风险,0.2539432149092965,低风险,0.25800079160988987,低风险
414.0,3-1,location3,0.09956926060533708,低风险,0.08805545355677333,低风险,0.17022432153670328,低风险,0.12239768641171034,低风险,0.14479550453266163,低风险,0.12689248716839563,低风险
415.0,3-1,location3,0.3752939369591721,低风险,0.17420683149386235,低风险,0.3042216026102281,低风险,0.5606781732944149,中风险,0.3168667422639165,低风险,0.3463688691328351,低风险
420.0,3-4,location3,0.6485273357923019,高风险,0.3192890889324359,低风险,0.776906996253418,高风险,0.9947257973315133,高风险,0.7027882468527087,高风险,0.6969739608391224,高风险
426.0,3-2,location3,0.463511557932898,中风险,0.50321776485675,中风险,0.35957496378163145,低风险,0.5203165095327386,中风险,0.4249103352776165,中风险,0.46103641272370666,中风险
429.0,3-1,location3,0.29402630101584654,低风险,0.162374797671505,低风险,0.3642194354128104,低风险,0.5393926003892988,中风险,0.351847258387587,低风险,0.3553289444912047,低风险
434.0,3-1,location3,0.2665881673720052,低风险,0.14088139893395402,低风险,0.2924688759434202,低风险,0.45589908951244856,中风险,0.28770282443655015,低风险,0.29641645479660755,低风险
437.0,3-1,location3,0.18822964329951491,低风险,0.08909777218530897,低风险,0.2335392340219065,低风险,0.17353904744719373,低风险,0.18145935134724386,低风险,0.16539201788480307,低风险
439.0,3-1,location3,0.5552445709317797,中风险,0.2614043054931394,低风险,0.54132474014941,中风险,0.6988920837403989,高风险,0.4927719007477011,中风险,0.5005403764609828,中风险
444.0,3-1,location3,0.4039649324172754,中风险,0.2368212159051116,低风险,0.41094261979828567,中风险,0.5360854749282522,中风险,0.39202611214731087,低风险,0.3946164368772165,低风险
446.0,3-3,location3,0.3513258919616644,低风险,0.21898438931296269,低风险,0.4959993590026047,中风险,0.36329931881303085,低风险,0.4015231639211643,中风险,0.3594276890428661,低风险
448.0,3-1,location3,0.6873393587880493,高风险,0.34160962172471326,低风险,0.6490064820616298,高风险,0.7937077559377383,高风险,0.5888761311134145,中风险,0.5947746199080272,中风险
449.0,3-1,location3,0.12870891693476405,低风险,0.11382551189582918,低风险,0.22004168683933895,低风险,0.15821824484380775,低风险,0.1871709446481784,低风险,0.16402848119299193,低风险
459.0,3-1,location3,0.4182631664612029,中风险,0.45476522286265786,中风险,0.5097652427620051,中风险,0.37483126903156494,低风险,0.470725589677433,中风险,0.44645391155207603,中风险
461.0,3-2,location3,0.0,低风险,0.0,低风险,0.0,低风险,0.0,低风险,0.0,低风险,0.0,低风险
462.0,3-2,location3,0.4443203435173407,中风险,0.27419924691709036,低风险,0.4554795821898963,中风险,0.4974506587945646,中风险,0.4113205167407288,中风险,0.40904316263385043,中风险
464.0,3-1,location3,0.36559845569902355,低风险,0.20730056257326476,低风险,0.387215559518549,低风险,0.5397226662103601,中风险,0.37300892306790917,低风险,0.3780795961007246,低风险
470.0,3-1,location3,0.15678316045058677,低风险,0.13865335766891074,低风险,0.26803761476009885,低风险,0.19272912132521325,低风险,0.22799704127210438,低风险,0.1998066979180743,低风险
472.0,3-1,location3,0.5546865947974858,中风险,0.3356188866087158,低风险,0.6286325069443026,高风险,0.6911420466892131,高风险,0.5668847002262595,中风险,0.5517978134140772,中风险
473.0,3-1,location3,0.2998010559339153,低风险,0.13575611983462238,低风险,0.31626177174791553,低风险,0.37726154203144396,低风险,0.2776156745472964,低风险,0.2764264778713273,低风险
475.0,3-3,location3,0.43068676946133005,中风险,0.4725276823752831,中风险,0.4050718214041499,中风险,0.5674959220041151,中风险,0.45172108646666476,中风险,0.4816984752611827,中风险
478.0,3-1,location3,0.3652749828186475,低风险,0.2198642211166176,低风险,0.4074744396693076,中风险,0.5201931823797217,中风险,0.38493307352878037,低风险,0.3825106143885489,低风险
484.0,3-3,location3,0.6231202826448324,高风险,0.38235822173244105,低风险,0.7763335785392136,高风险,0.8724531420021974,高风险,0.697323191215552,高风险,0.6770483140912841,高风险
491.0,3-4,location3,0.3648659251341831,低风险,0.18455591428423157,低风险,0.2893063054714867,低风险,0.4714204025970567,中风险,0.29366882796155636,低风险,0.315094207450925,低风险
493.0,3-3,location3,0.6110853278618373,高风险,0.3483005000153238,低风险,0.6717485248422832,高风险,0.7387829520608387,高风险,0.6015754700979505,高风险,0.5862773256394819,中风险
499.0,3-1,location3,0.12910619646375868,低风险,0.11417685154525274,低风险,0.22072087876938232,低风险,0.15870660937430695,低风险,0.18774867606339182,低风险,0.164534779896314,低风险
499.0,3-3,location3,0.4648357223352768,中风险,0.277927630162344,低风险,0.6223035530196692,高风险,0.568779064398678,中风险,0.5272071415323307,中风险,0.48967008252689714,中风险
502.0,3-2,location3,0.5456462486939808,中风险,0.2845677212723889,低风险,0.6756284634054315,高风险,0.813620332986954,高风险,0.6045827204397897,高风险,0.5912721725549248,中风险
506.0,3-2,location3,0.4756860448244801,中风险,0.2900708419054936,低风险,0.5537259956506938,中风险,0.6141268624306783,高风险,0.4977765442992816,中风险,0.4859745666622885,中风险
508.0,3-4,location3,0.579969714882253,中风险,0.5699934899212742,中风险,0.5021715394698145,中风险,0.6186750733114488,高风险,0.5374476053521761,中风险,0.5636133675675126,中风险
510.0,3-1,location3,0.2704141625695472,低风险,0.15857019540434997,低风险,0.34316866526875844,低风险,0.48279529501606105,中风险,0.32846273179874946,低风险,0.3281780518963898,低风险
517.0,3-3,location3,0.6305037342732416,高风险,0.3440182413937193,低风险,0.720681854346328,高风险,0.8344438955509889,高风险,0.6466719100148665,高风险,0.6330479970970121,高风险
519.0,3-2,location3,0.7953128382096037,高风险,0.8341144462229931,高风险,0.7649022921162496,高风险,0.8122961628855769,高风险,0.7906868842651297,高风险,0.8037709670749398,高风险
523.0,3-1,location3,0.43903874812264093,中风险,0.20945106672699337,低风险,0.4377146929242327,中风险,0.5260060271214942,中风险,0.39022999584743057,低风险,0.39105726225757337,低风险
523.0,3-2,location3,0.6584276806435923,高风险,0.447838524125986,中风险,0.6165002085049146,高风险,0.7307775399611491,高风险,0.5876378549123598,中风险,0.5983720908640164,中风险
523.0,3-4,location3,0.5654138481041586,中风险,0.321805744703329,低风险,0.662409155993969,高风险,0.6334156822908498,高风险,0.5680864234939068,中风险,0.5392101943293826,中风险
527.0,3-3,location3,0.679702837654517,高风险,0.38454131566250876,低风险,0.7145479018042104,高风险,0.7759410210908805,高风险,0.639289619314281,高风险,0.6250100795191998,高风险
528.0,3-3,location3,0.19618339091360676,低风险,0.05881850703079094,低风险,0.1728048501640213,低风险,0.4501471127467783,中风险,0.19635690737646871,低风险,0.22725682331386352,低风险
529.0,3-1,location3,0.47853696843425075,中风险,0.2883659736260027,低风险,0.4960997357089405,中风险,0.6178075495123975,高风险,0.4687779653686988,中风险,0.4674244196157802,中风险
540.0,3-1,location3,0.5301647163186971,中风险,0.29469010410147145,低风险,0.5706421065217389,中风险,0.6152216047148483,高风险,0.5064364909911511,中风险,0.49351793844601954,中风险
541.0,3-4,location3,0.36782677379212725,低风险,0.4690991671006388,中风险,0.38607099738043416,低风险,0.28662073170204627,低风险,0.3849322305777017,低风险,0.3805969653943731,低风险
543.0,3-1,location3,0.28910935715063507,低风险,0.1662823047104034,低风险,0.36751855793010024,低风险,0.5183033089562582,中风险,0.3510996020471274,低风险,0.3507013905322539,低风险
544.0,3-2,location3,0.360642250739772,低风险,0.1697004094768756,低风险,0.35874004810077414,低风险,0.44573654407542024,中风险,0.32224946099452073,低风险,0.32472566721769003,低风险
547.0,3-1,location3,0.2629536167044553,低风险,0.15698237730169315,低风险,0.3172842811852109,低风险,0.41943204759401564,中风险,0.3002539545062543,低风险,0.29789956869363987,低风险
560.0,3-3,location3,0.6234354227050869,高风险,0.35435792940446326,低风险,0.7083715557599252,高风险,0.7570773851833744,高风险,0.6271924250983884,高风险,0.6066022901159209,高风险
561.0,3-4,location3,0.48295527617635536,中风险,0.29128548273745714,低风险,0.4800855690815231,中风险,0.5884175333574463,中风险,0.45367446366652914,中风险,0.4532628617254755,中风险
567.0,3-1,location3,0.3711948702244465,低风险,0.2623783689170293,低风险,0.41681748695686827,中风险,0.3709327492059207,低风险,0.3722193672190165,低风险,0.3500428683599394,低风险
568.0,3-3,location3,0.30994506766234614,低风险,0.15944282621071565,低风险,0.24459963060674791,低风险,0.3872398109212916,低风险,0.24686645191448897,低风险,0.26376075591291837,低风险
574.0,3-1,location3,0.4774508345871842,中风险,0.2845518891547417,低风险,0.5012590609439256,中风险,0.6399476102626221,高风险,0.4753465163066159,中风险,0.4752528534537631,中风险
577.0,3-1,location3,0.2003886331192779,低风险,0.11944781537479726,低风险,0.2606815537847635,低风险,0.351606358807606,低风险,0.24660777978163778,低风险,0.24391190932238893,低风险
581.0,3-1,location3,0.6591116849322891,高风险,0.38479551404471196,低风险,0.7766691702392988,高风险,0.7688595515230396,高风险,0.6756312632333137,高风险,0.6434414119356834,高风险
581.0,3-4,location3,0.5243454030836299,中风险,0.36616337949794037,低风险,0.617280298550869,高风险,0.6384027517687139,高风险,0.5588117981886807,中风险,0.5406154766058411,中风险
586.0,3-1,location3,0.31898930890206173,低风险,0.1959318036428834,低风险,0.44704197069599416,中风险,0.3276946550199903,低风险,0.3611114251189146,低风险,0.3235561431196226,低风险
592.0,3-1,location3,0.5545879709139534,中风险,0.2788363477976037,低风险,0.5241486565563851,中风险,0.6225465742638525,高风险,0.4726394668125203,中风险,0.4751771928726138,中风险
593.0,3-2,location3,0.5006350174041035,中风险,0.46523212015063675,中风险,0.5583298667848781,中风险,0.5704962141263605,中风险,0.5384100423082114,中风险,0.5313527336872917,中风险
597.0,3-1,location3,0.41805989572279867,中风险,0.36001641633917303,低风险,0.4657235988960898,中风险,0.5625744168446085,中风险,0.4581254726497565,中风险,0.46277147735995705,中风险
605.0,3-3,location3,0.43343541003352176,中风险,0.21496822513931885,低风险,0.5291412461934449,中风险,0.5907624588753388,中风险,0.45936991009662864,中风险,0.4449573100693675,中风险
607.0,3-1,location3,0.14910377256271712,低风险,0.13186198471511268,低风险,0.2549088781893693,低风险,0.18328906618350643,低风险,0.216829529964237,低风险,0.1900199763626628,低风险
608.0,3-3,location3,0.526478613650899,中风险,0.291189446493397,低风险,0.6389353620644611,高风险,0.7206533412387872,高风险,0.567887466851615,中风险,0.5502593832655485,中风险
619.0,3-1,location3,0.2519809650835506,低风险,0.15722691256253446,低风险,0.3377582916524206,低风险,0.42932781906399303,中风险,0.31554853354689727,低风险,0.3081043410929827,低风险
620.0,3-1,location3,0.48923737347706014,中风险,0.2678097717503155,低风险,0.5622417672030644,中风险,0.6359607972003084,高风险,0.5012571121654306,中风险,0.4886707787178961,中风险
626.0,3-2,location3,0.4392621443147805,中风险,0.47217284060941184,中风险,0.41678623475592474,中风险,0.535916290444687,中风险,0.4513687643562604,中风险,0.47495845527000785,中风险
632.0,3-2,location3,0.39763388851603876,低风险,0.17650266331950876,低风险,0.38357738559673665,低风险,0.5631395344125857,中风险,0.36052406045058955,低风险,0.37440652777627703,低风险
634.0,3-1,location3,0.23674722542087057,低风险,0.12995168457977913,低风险,0.29214462634328625,低风险,0.43575531427723835,中风险,0.2826906903937617,低风险,0.28595054173343454,低风险
641.0,3-1,location3,0.793814230871805,高风险,0.7307405032371924,高风险,0.6981069945192173,高风险,0.809073208360711,高风险,0.7205433413516179,高风险,0.7459735687057069,高风险
647.0,3-1,location3,0.16399675980253295,低风险,0.1499321848172181,低风险,0.27764519530986786,低风险,0.1996793953529958,低风险,0.23776043681669765,低风险,0.2090855918266939,低风险
653.0,3-1,location3,0.25740341646104936,低风险,0.13447516926239494,低风险,0.30797223117282874,低风险,0.48619385240078095,中风险,0.302070386005592,低风险,0.30954708427866817,低风险
664.0,3-2,location3,0.18644803722839812,低风险,0.22867175077270754,低风险,0.15233370583622036,低风险,0.2991648691427004,低风险,0.20038905276934654,低风险,0.22672344191720945,低风险
682.0,3-1,location3,0.1638799403580011,低风险,0.049133483620932464,低风险,0.14435089742599094,低风险,0.3760261337401113,低风险,0.16402488569436482,低风险,0.18983683826234488,低风险
697.0,3-1,location3,0.3389684564135411,低风险,0.19352682441673258,低风险,0.37331725207826666,低风险,0.518522470443109,中风险,0.35850645174002604,低风险,0.3617888489793694,低风险
702.0,3-1,location3,0.21642419336827096,低风险,0.14773895484072017,低风险,0.308101012520839,低风险,0.3456054055009,低风险,0.28086958544190715,低风险,0.2671484576208197,低风险
704.0,3-4,location3,0.7419707961729277,高风险,0.713902653789545,高风险,0.7912543844892771,高风险,0.8110915402947663,高风险,0.7773994168709149,高风险,0.7720828595245295,高风险
707.0,3-1,location3,0.03737868664347625,低风险,0.09971435906878574,低风险,0.026830343365919145,低风险,0.01986430147737634,低风险,0.044468976010511745,低风险,0.04880300130402708,低风险
715.0,3-2,location3,0.6582057808640855,高风险,0.3265204662259024,低风险,0.6293778054395099,高风险,0.7538710611275994,高风险,0.5667711588730932,中风险,0.5699231109310039,中风险
719.0,3-1,location3,0.6556276869768446,高风险,0.6532784903634273,高风险,0.5815962769046498,中风险,0.6475228587620068,高风险,0.6069752880880126,高风险,0.6274658753433613,高风险
719.0,3-2,location3,0.6376932432968998,高风险,0.36920845449714945,低风险,0.7727397413712053,高风险,0.7710672299441916,高风险,0.6706789754601389,高风险,0.6376718086041822,高风险
721.0,3-4,location3,0.7404657465859573,高风险,0.46225647820775057,中风险,0.6834740023026147,高风险,0.798602253859065,高风险,0.6396956099117499,高风险,0.6481109114564768,高风险
722.0,3-2,location3,0.3540315612849609,低风险,0.2002537277307763,低风险,0.38079196602735343,低风险,0.5343069739729034,中风险,0.36693527970043593,低风险,0.37178422257701105,低风险
732.0,3-1,location3,0.23480068036366114,低风险,0.1309618139859973,低风险,0.2926896334597865,低风险,0.4283846006095102,中风险,0.28197840544583735,低风险,0.28401201601843135,低风险
732.0,3-2,location3,0.20044135695556287,低风险,0.07576759444563906,低风险,0.20905792677551235,低风险,0.33595419380702024,低风险,0.19729030187015092,低风险,0.2069265716760572,低风险
733.0,3-1,location3,0.46998923275752713,中风险,0.7121484510026479,高风险,0.46642994211359484,中风险,0.3461611280570056,低风险,0.5034413190166096,中风险,0.5082465070577495,中风险
734.0,3-1,location3,0.11491109667752193,低风险,0.10163454551985315,低风险,0.19644653485919647,低风险,0.14125254080424335,低风险,0.1671042129148695,低风险,0.146444540394431,低风险
735.0,3-4,location3,0.5396792873342195,中风险,0.2884743857608667,低风险,0.5897626169857525,中风险,0.7199022947755114,高风险,0.5371375868474473,中风险,0.5327130991740434,中风险
736.0,3-2,location3,0.2923484938505839,低风险,0.1880246428101849,低风险,0.41935374127431746,中风险,0.30664960970793864,低风险,0.3410379146256973,低风险,0.3046759979308137,低风险
738.0,3-1,location3,0.24688626698104166,低风险,0.1261743655217579,低风险,0.2914100947685911,低风险,0.4714427409869293,中风险,0.2875518172971574,低风险,0.29634240042575943,低风险
747.0,3-2,location3,0.3163257139828644,低风险,0.15597066416910785,低风险,0.25251821150605674,低风险,0.42808546374600415,中风险,0.2583766043083214,低风险,0.27885811314038955,低风险
754.0,3-1,location3,0.40270068737372344,中风险,0.2369878953070011,低风险,0.4097316946293362,中风险,0.5307511128760101,中风险,0.39036810620961937,低风险,0.39249023427078245,低风险
760.0,3-1,location3,0.12404387009150433,低风险,0.10969991316034144,低风险,0.21206628932204274,低风险,0.1524836342105072,低风险,0.18038694517653744,低风险,0.15808327889763046,低风险
766.0,3-1,location3,0.43106130772541595,中风险,0.32058724080469214,低风险,0.5060712602706604,中风险,0.6072707151873403,高风险,0.4801317462427488,中风险,0.4779764054208977,中风险
769.0,3-1,location3,0.22128029542317915,低风险,0.13295538269492008,低风险,0.27782558292064347,低风险,0.36729588955372916,低风险,0.2623377690190037,低风险,0.25935895172309753,低风险
772.0,3-4,location3,0.7093320054629352,高风险,0.38547181871100494,低风险,0.7552227495390444,高风险,0.8538367889431012,高风险,0.6764241427509702,高风险,0.6648437857310501,高风险
774.0,3-4,location3,0.3696123497809203,低风险,0.1675392268640124,低风险,0.37579903506387363,低风险,0.48133125220213113,中风险,0.3379447170235698,低风险,0.3415565047100057,低风险
776.0,3-3,location3,0.10960360415330819,低风险,0.10513759397826701,低风险,0.18281407199213906,低风险,0.1315206591667393,低风险,0.15817007127037605,低风险,0.13982410837904846,低风险
777.0,3-2,location3,0.3614255155126083,低风险,0.18570024490568415,低风险,0.28532047779097236,低风险,0.4526298186216783,中风险,0.28807792298195384,低风险,0.30788351377277823,低风险
778.0,3-1,location3,0.07061919283656345,低风险,0.062453060485050095,低风险,0.12073107819612833,低风险,0.08681018385502083,低风险,0.10269576769269927,低风险,0.08999810751206641,低风险
781.0,3-4,location3,0.7382112218852548,高风险,0.4116529259022096,中风险,0.8015392202151951,高风险,0.8601271104352016,高风险,0.7104023517310425,高风险,0.6911064188508688,高风险
793.0,3-1,location3,0.6369539977266419,高风险,0.65540262257795,高风险,0.67390105296189,高风险,0.7343936173881425,高风险,0.6820157114068662,高风险,0.6878990976426608,高风险
794.0,3-1,location3,0.508563474043746,中风险,0.2556790064188845,低风险,0.4638328661515532,中风险,0.591411390564465,中风险,0.42845295442865355,中风险,0.43697442104496753,中风险
805.0,3-3,location3,0.4747604198387248,中风险,0.5187811652348451,中风险,0.4635119303344466,中风险,0.5708135739043417,中风险,0.49548354189998983,中风险,0.5177022231578777,中风险
810.0,3-4,location3,0.2860191125350639,低风险,0.19129693022744296,低风险,0.4186516921967792,中风险,0.30550100190689494,低风险,0.342411849420192,低风险,0.30514987477703903,低风险
819.0,3-1,location3,0.14607321189564265,低风险,0.1291818664492123,低风险,0.24972780995312568,低风险,0.17956368335023912,低风险,0.21242243124583624,低风险,0.18615778658419238,低风险
828.0,3-2,location3,0.3874785925455944,低风险,0.17822374903479768,低风险,0.39386485696114987,低风险,0.4907814226453474,中风险,0.3521144322931208,低风险,0.35429000954709833,低风险
830.0,3-4,location3,0.6412643712746614,高风险,0.34055351790469257,低风险,0.6151925418032352,高风险,0.7310404590057912,高风险,0.5586004279277869,中风险,0.562262172904573,中风险
835.0,3-1,location3,0.15209354245345902,低风险,0.1345060290934592,低风险,0.2600202102220501,低风险,0.18696430606482564,低风险,0.2211773099631509,低风险,0.193830181793445,低风险
835.0,3-3,location3,0.8936009403179441,高风险,0.5183733072937569,中风险,0.9877166691499177,高风险,1.0118494631836568,高风险,0.8707326043232103,高风险,0.8393131465424438,高风险
837.0,3-1,location3,0.09027658904974546,低风险,0.07983735086516927,低风险,0.1543375036453468,低风险,0.11097446711618253,低风险,0.13128192556091944,低风险,0.11504977387556621,低风险
839.0,3-1,location3,0.3127041151439597,低风险,0.2136506005262626,低风险,0.44749616625013877,中风险,0.32706615759424845,低风险,0.3675982373824392,低风险,0.3294043081235499,低风险
840.0,3-1,location3,0.42809906823129107,中风险,0.22609673886818357,低风险,0.40049798504581835,中风险,0.42703500220478613,中风险,0.3546578232218722,低风险,0.3512099087062627,低风险
840.0,3-3,location3,0.29993176212276274,低风险,0.16745396434751142,低风险,0.389735300027857,低风险,0.40195388869992443,中风险,0.3367984804127872,低风险,0.31971438435843097,低风险
843.0,3-1,location3,0.4064367735553479,中风险,0.188537682700207,低风险,0.4226942509093677,中风险,0.4946540134196849,中风险,0.37086791358924825,低风险,0.36862864900975323,低风险
849.0,3-1,location3,0.3027941286872969,低风险,0.17430016856771977,低风险,0.385123210420256,低风险,0.5425688857719808,中风险,0.3678326507204034,低风险,0.36733075491998546,低风险
852.0,3-1,location3,0.4396870073157772,中风险,0.3056224270484057,低风险,0.4767549804184432,中风险,0.630221175241193,高风险,0.4667661736515458,中风险,0.470866194236014,中风险
865.0,3-1,location3,0.09888609453006657,低风险,0.0874512861837626,低风险,0.16905637591821807,低风险,0.12155788960555029,低风险,0.1438020314873964,低风险,0.12602185056917697,低风险
866.0,3-1,location3,0.4064284460816209,中风险,0.23201843041141693,低风险,0.4930075189709301,中风险,0.48259189945261455,中风险,0.4245190376928028,中风险,0.40253928294498714,中风险
871.0,3-3,location3,0.35816399540897476,低风险,0.5187072115273941,中风险,0.2871616974468275,低风险,0.5155471146391492,中风险,0.39127806198992426,低风险,0.4404720078711236,中风险
881.0,3-1,location3,0.12199360525655163,低风险,0.10788673307990619,低风险,0.20856114186610514,低风险,0.14996330142101125,低风险,0.17740541122320969,低风险,0.15547039212234084,低风险
882.0,3-3,location3,0.1872881736112242,低风险,0.1403018272216245,低风险,0.28427770331303015,低风险,0.2763862991106633,低风险,0.25271462910089854,低风险,0.2336552765484393,低风险
883.0,3-1,location3,0.22672363845413204,低风险,0.12358718625709501,低风险,0.27855272540146997,低风险,0.41887774583947496,中风险,0.27005301844620944,低风险,0.27367255249934663,低风险
885.0,3-4,location3,0.8276922696266711,高风险,0.4822405648591831,中风险,0.9057930202695125,高风险,0.9534212542526587,高风险,0.8059136475276345,高风险,0.7804849464604513,高风险
888.0,3-4,location3,0.7628385877111464,高风险,0.4843334185075105,中风险,0.8214786718680793,高风险,0.9023092516933057,高风险,0.7492116906824762,高风险,0.7360404473562985,高风险
890.0,3-1,location3,0.14718343761375863,低风险,0.13016370992745802,低风险,0.2516258597977256,低风险,0.18092845254171477,低风险,0.21403694251188782,低风险,0.18757267408896613,低风险
901.0,3-3,location3,0.6472837916523416,高风险,0.3603107828514319,低风险,0.7108353224326034,高风险,0.7722728256872483,高风险,0.6312545964052587,高风险,0.6144729769904279,高风险
909.0,3-4,location3,0.5482809487066864,中风险,0.45774826143186587,中风险,0.509532191175179,中风险,0.6015792492539439,高风险,0.5086006657771497,中风险,0.5229532339536629,中风险
916.0,3-4,location3,0.6579411431164208,高风险,0.4119679342204449,中风险,0.7109579768861959,高风险,0.7752867713888482,高风险,0.6455200343890616,高风险,0.6327375608318296,高风险
918.0,3-4,location3,0.39408959910827285,低风险,0.1682544530401606,低风险,0.4123934199814287,中风险,0.5549211433836589,中风险,0.3723643963092484,低风险,0.3785230054684161,低风险
958.0,3-1,location3,0.44877691051095664,中风险,0.26778701829710577,低风险,0.4708315040943753,中风险,0.5996293733374235,中风险,0.44631655505394807,中风险,0.4460826319096348,中风险
968.0,3-1,location3,0.31175605035908815,低风险,0.15995906302465515,低风险,0.36887487860871315,低风险,0.5941630867036055,中风险,0.3635968077892935,低风险,0.37433234277899124,低风险
970.0,3-1,location3,0.44691106648758694,中风险,0.4634578496758154,中风险,0.34643352721371007,低风险,0.49759951826868076,中风险,0.4028881954590159,中风险,0.4358302983860687,中风险
971.0,3-4,location3,0.38657977717278635,低风险,0.19107857996846664,低风险,0.30840120827256184,低风险,0.5208825816501016,中风险,0.3153149691610748,低风险,0.34012078996371,低风险
975.0,3-1,location3,0.26852432746397586,低风险,0.15229567724705695,低风险,0.338306557323607,低风险,0.485312019499052,中风险,0.32443565849618733,低风险,0.32530475135657194,低风险
977.0,3-4,location3,0.5592552621495471,中风险,0.5528773552492202,中风险,0.5008010452234163,中风险,0.5665354040890502,中风险,0.5220112036432567,中风险,0.5400712681872288,中风险
979.0,3-1,location3,0.2938142609397311,低风险,0.24466215849836345,低风险,0.3517283330339091,低风险,0.41016918442019523,中风险,0.34085702146073077,低风险,0.3355198919841559,低风险
981.0,3-4,location3,0.4920318741200933,中风险,0.27563897829105566,低风险,0.5511019805835463,中风险,0.6003864245443525,高风险,0.48959754029363867,中风险,0.47570912780631813,中风险
983.0,3-1,location3,0.2796283408498952,低风险,0.16531901395045273,低风险,0.36183176078914975,低风险,0.4931242715692069,中风险,0.3430676097295103,低风险,0.34009168210293644,低风险
994.0,3-4,location3,0.6831324825631899,高风险,0.3273780713141107,低风险,0.6586041167669624,高风险,0.8377903754002686,高风险,0.5993172846290937,中风险,0.607924187827114,高风险
998.0,3-3,location3,0.5411430436536827,中风险,0.3144189288442375,低风险,0.721063228179354,高风险,0.6985126677405843,高风险,0.6164968464201189,高风险,0.577998274921392,中风险
1000.0,3-4,location3,0.548815102317329,中风险,0.3295757754205431,低风险,0.5704620354067186,中风险,0.7157718282884578,高风险,0.5396620623347494,中风险,0.5386032130385732,中风险
1001.0,3-1,location3,0.27536272203001355,低风险,0.14455498812466772,低风险,0.3304484713535357,低风险,0.5188453033141319,中风险,0.32368696340227193,低风险,0.3312829209307784,低风险
1017.0,3-1,location3,0.38193797745941305,低风险,0.17052660051020285,低风险,0.38948216586846923,低风险,0.5099938722095513,中风险,0.3517025628978054,低风险,0.3566675461960745,低风险
1041.0,3-1,location3,0.5904095621269563,中风险,0.4457411327177138,中风险,0.5199378570662282,中风险,0.6502472662514429,高风险,0.5199175542690344,中风险,0.5386420853451283,中风险
1041.0,3-4,location3,0.3288900825775122,低风险,0.19461417148500101,低风险,0.39890958970735096,低风险,0.5352312566586791,中风险,0.37843483691592467,低风险,0.37625167261701037,低风险
1045.0,3-1,location3,0.12506692035884898,低风险,0.11060466182227519,低风险,0.21381530339122376,低风险,0.15374124107676881,低风险,0.18187468425104555,低风险,0.15938706876342257,低风险
1052.0,3-4,location3,0.0,低风险,0.0,低风险,0.0,低风险,0.0,低风险,0.0,低风险,0.0,低风险
1054.0,3-1,location3,0.2651031815999283,低风险,0.16579729169641447,低风险,0.3558899106651443,低风险,0.4509883693213576,中风险,0.3322778222136041,低风险,0.3242251905609721,低风险
1072.0,3-1,location3,0.4862482303772649,中风险,0.3353332271825737,低风险,0.4539219076791028,中风险,0.5930206135425411,中风险,0.4452979165483172,中风险,0.46075858280140586,中风险
1083.0,3-1,location3,0.11166550104684132,低风险,0.03347886907160646,低风险,0.09835868412218088,低风险,0.25621895235664244,低风险,0.11176426477334805,低风险,0.12935216851680992,低风险
1124.0,3-3,location3,0.501577124168483,中风险,0.2523198065840356,低风险,0.45004008257948247,中风险,0.5914794707479177,中风险,0.4202444288089464,中风险,0.4312797866371453,中风险
1130.0,3-4,location3,0.3537016969102245,低风险,0.17967395980400025,低风险,0.2801020262774499,低风险,0.45297900343206704,中风险,0.2838816478648665,低风险,0.3042516631711724,低风险
1144.0,3-4,location3,0.4689805594557665,中风险,0.21297060214044794,低风险,0.4809638981937731,中风险,0.6036128695242428,高风险,0.4297008184514853,中风险,0.43251578995282125,中风险
1156.0,3-4,location3,0.3419417280190354,低风险,0.21082610386806716,低风险,0.47563067244866286,中风险,0.39349215358706474,低风险,0.3947993944641774,低风险,0.3599829766345983,低风险
1177.0,3-4,location3,0.3516269922815374,低风险,0.17237173519774218,低风险,0.3892941891231054,低风险,0.4754803609106369,中风险,0.34580055806858495,低风险,0.34571542841049485,低风险
1180.0,3-4,location3,0.8247150074229577,高风险,0.45309815752679256,中风险,0.8424934858732133,高风险,0.9235579406480613,高风险,0.7526712937219705,高风险,0.7397165280160224,高风险
1195.0,3-3,location3,0.5243183257796677,中风险,0.5481742103550379,中风险,0.480687743349549,中风险,0.5812853910240215,中风险,0.5136512612841505,中风险,0.5367157815762028,中风险
1222.0,3-4,location3,0.29985841207177955,低风险,0.14256226838132455,低风险,0.24163230628502033,低风险,0.4315655272724324,中风险,0.24996547552826984,低风险,0.2719200339795924,低风险
1225.0,3-3,location3,0.4473876224041055,中风险,0.30255347939437643,低风险,0.44228617654670194,中风险,0.4928485548574217,中风险,0.41076113866704755,中风险,0.4125627369328333,中风险
1252.0,3-3,location3,0.47943669455660776,中风险,0.288362270473637,低风险,0.4948619300904968,中风险,0.6176566105033563,高风险,0.4679278840061051,中风险,0.46696027035583004,中风险
1268.0,3-3,location3,0.751277990334168,高风险,0.36909672165638147,低风险,0.728095510824205,高风险,0.8679202766312729,高风险,0.6527387352249348,高风险,0.6550375030372865,高风险
1310.0,3-3,location3,0.6185560683538277,高风险,0.45281519033501905,中风险,0.6958770297965247,高风险,0.7214045218748617,高风险,0.6398272008495065,高风险,0.6233655806688018,高风险
1319.0,3-3,location3,0.16511640332733124,低风险,0.04950419240273184,低风险,0.14544001509876348,低风险,0.3788632252648845,低风险,0.16526244226636896,低风险,0.1912691442554599,低风险
1364.0,3-3,location3,0.0926521884907002,低风险,0.06458766930354234,低风险,0.07677158054325224,低风险,0.1586412457904879,低风险,0.08902801418373504,低风险,0.1000001652124275,低风险
1366.0,3-3,location3,0.5222777327460603,中风险,0.25947710633989957,低风险,0.47799362404236356,中风险,0.622040644225787,高风险,0.4430542080084256,中风险,0.4531704582026834,中风险
1388.0,3-3,location3,0.6807987959782467,高风险,0.4003340768104016,中风险,0.7347642400621587,高风险,0.8818367610562351,高风险,0.6754912880985966,高风险,0.6723116926429317,高风险
1402.0,3-3,location3,0.29295828431676973,低风险,0.13121387544238367,低风险,0.3152305457065825,低风险,0.3689125541425145,低风险,0.27430297695655675,低风险,0.27178565843049357,低风险
1421.0,3-3,location3,0.21176963190892176,低风险,0.09370257785330587,低风险,0.173629289055562,低风险,0.3387726940441944,低风险,0.1831804518165261,低风险,0.20203485365102075,低风险
1487.0,3-3,location3,0.1461006213749962,低风险,0.05613425959835624,低风险,0.12342307772647305,低风险,0.2751740323724101,低风险,0.1344841463425361,低风险,0.15157712323241315,低风险
1581.0,3-3,location3,0.6516860050805195,高风险,0.363156118341593,低风险,0.7611293993682704,高风险,0.8306638148323776,高风险,0.6733685253910525,高风险,0.6516497775140803,高风险
1690.0,3-3,location3,0.12149434956494473,低风险,0.10744520939982687,低风险,0.20770761075760388,低风险,0.1493495804672846,低风险,0.17667938414098036,低风险,0.1548341335415718,低风险
1702.0,3-3,location3,0.36401953869234155,低风险,0.18079365677345133,低风险,0.3644949393878527,低风险,0.39577870647579455,低风险,0.3181247578119212,低风险,0.31368910087903285,低风险
1746.0,3-3,location3,0.14509985233564127,低风险,0.0686824532488222,低风险,0.18002748002960042,低风险,0.13377536981913504,低风险,0.13988086378405645,低风险,0.12749510103251924,低风险
1751.0,3-3,location3,0.3078942945602811,低风险,0.13496503383294925,低风险,0.32476496199485483,低风险,0.4115020726740106,中风险,0.2887808458011604,低风险,0.2904106895006049,低风险
1779.0,3-3,location3,0.52512655301361,中风险,0.6234918968716767,高风险,0.5455424417613367,中风险,0.678074652516184,高风险,0.5943698961570503,中风险,0.6157029970497325,高风险
3.0,3-3,location3,0.7180094690745367,高风险,0.4012227303740124,中风险,0.8589521501774684,高风险,0.9373008490288615,高风险,0.7587694482835463,高风险,0.7324919098601141,高风险
10.0,3-4,location3,0.7328223838962759,高风险,0.41757885876658485,中风险,0.8099748454288046,高风险,0.8661609536522742,高风险,0.7194525420264027,高风险,0.6979048859492212,高风险
15.0,3-3,location3,0.0,低风险,0.0,低风险,0.0,低风险,0.0,低风险,0.0,低风险,0.0,低风险
29.0,3-1,location3,0.47200988142034983,中风险,0.28098738168239357,低风险,0.48514753398003846,中风险,0.6168147721824884,高风险,0.46036697966303447,中风险,0.46098322928164004,中风险
33.0,3-2,location3,0.639640806406741,高风险,0.4348806639328228,中风险,0.6534269275802632,高风险,0.7982814599768783,高风险,0.6285294720522443,高风险,0.6288630171633214,高风险
38.0,3-2,location3,0.4960896171608515,中风险,0.25778781684205543,低风险,0.6129089309347849,高风险,0.741727722929781,高风险,0.548996701797121,中风险,0.5374748235688738,中风险
43.0,3-3,location3,0.5497833780762776,中风险,0.2560876367376167,低风险,0.544018481007565,中风险,0.6970713428657493,高风险,0.49256616258465974,中风险,0.49905915353697694,中风险
43.0,3-4,location3,0.682117001565738,高风险,0.32728021025598936,低风险,0.6533868713384202,高风险,0.8396000604729276,高风险,0.5968509556150278,中风险,0.6067557140224457,高风险
53.0,3-3,location3,0.6979926592279108,高风险,0.6315368032883887,高风险,0.7190980637958487,高风险,0.762454023790051,高风险,0.7045084603904451,高风险,0.7043629636247628,高风险
63.0,3-1,location3,0.6489294904792204,高风险,0.3730283313646138,低风险,0.6961642048383246,高风险,0.7508940678852956,高风险,0.6227552964696131,高风险,0.606695534696078,高风险
85.0,3-3,location3,0.5701121001793603,中风险,0.3275198227154788,低风险,0.6126529402812612,高风险,0.6919049566683513,高风险,0.5540269972851604,中风险,0.5440259065550304,中风险
103.0,3-4,location3,0.7120470602532725,高风险,0.40484441360587736,中风险,0.7582202221642861,高风险,0.8649468472598264,高风险,0.6875940037742603,高风险,0.6760038276766633,高风险
112.0,3-1,location3,0.6311845199332072,高风险,0.3621572408510711,低风险,0.7040397833666561,高风险,0.7661639135724427,高风险,0.6287448495839096,高风险,0.61078697926339,高风险
114.0,3-3,location3,0.5443535723841028,中风险,0.3025350356360551,低风险,0.6121746388545909,高风险,0.661842311072888,高风险,0.5416150171658474,中风险,0.5255173285211779,中风险
124.0,3-1,location3,0.8435633275749307,高风险,0.49290517796542804,中风险,0.923585322816048,高风险,0.9837656224781258,高风险,0.824838955899394,高风险,0.8000853744198673,高风险
130.0,3-2,location3,0.26945865711997774,低风险,0.1391722494187385,低风险,0.3201260109927072,低风险,0.5118817236565862,中风险,0.31497599244882085,低风险,0.32372666135601064,低风险
144.0,3-2,location3,0.29051798694938424,低风险,0.18303698377669955,低风险,0.41238110750157553,中风险,0.30188054867358516,低风险,0.3343582350027874,低风险,0.2990995466506201,低风险
159.0,3-4,location3,0.4105067165498594,中风险,0.209955918330675,低风险,0.32447770156643785,低风险,0.5187827883972292,中风险,0.3281151289139926,低风险,0.351072136098114,低风险
164.0,3-1,location3,0.15962658036934455,低风险,0.06289820793331344,低风险,0.1341802008503873,低风险,0.29301754481195,低风险,0.14544201609710933,低风险,0.1633653178652169,低风险
168.0,3-2,location3,0.43194189868930777,中风险,0.24303900003870874,低风险,0.5604956755297442,中风险,0.5999240184439721,中风险,0.48995775666935887,中风险,0.4678195646708083,中风险
172.0,3-1,location3,0.20922310116219195,低风险,0.1389504369340087,低风险,0.3027449156397314,低风险,0.2211432989081822,低风险,0.24742320713924015,低风险,0.22094621716064075,低风险
175.0,3-4,location3,0.8110132981867861,高风险,0.46308235422680066,中风险,0.8759584930425032,高风险,0.938032098461188,高风险,0.7803854795450192,高风险,0.7590243152434971,高风险
176.0,3-2,location3,0.3455018048627445,低风险,0.13416356856460337,低风险,0.36774250279678405,低风险,0.5509074985299621,中风险,0.3393137377472556,低风险,0.35093785663044985,低风险
180.0,3-1,location3,0.6742801676144476,高风险,0.39753453826614593,低风险,0.7217310819474724,高风险,0.7970193788607652,高风险,0.6530279071951782,高风险,0.6387616663581278,高风险
192.0,3-3,location3,0.507514884622555,中风险,0.2630088326535164,低风险,0.6260728784536354,高风险,0.7595266841385204,高风险,0.5609896937722543,中风险,0.5495361317485574,中风险
196.0,3-4,location3,0.0,低风险,0.0,低风险,0.0,低风险,0.0,低风险,0.0,低风险,0.0,低风险
200.0,3-2,location3,0.21821369205281535,低风险,0.09346237650700304,低风险,0.2503585247619143,低风险,0.27892018440532246,低风险,0.21245212886640244,低风险,0.20758036189141324,低风险
203.0,3-2,location3,0.3206606835260763,低风险,0.18907300872323096,低风险,0.42710235235807886,中风险,0.4345193590446474,中风险,0.3707736426508591,低风险,0.35023157337531907,低风险
208.0,3-4,location3,0.4769893485955933,中风险,0.270701200894976,低风险,0.5963692267959501,中风险,0.6182089564633249,高风险,0.5192823457427764,中风险,0.495093128051417,中风险
226.0,3-2,location3,0.5296728531148401,中风险,0.29794595751203756,低风险,0.6300328526100766,高风险,0.7393445459752789,高风险,0.5691677554666412,中风险,0.5557744520324643,中风险
227.0,3-3,location3,0.14979360915131368,低风险,0.051686652644327334,低风险,0.12904868129174915,低风险,0.3107013453237916,低风险,0.1434714380606734,低风险,0.16381222641995602,低风险
236.0,3-4,location3,0.33162307850897965,低风险,0.1270006447529027,低风险,0.34929216840380056,低风险,0.5428061541149625,中风险,0.32606024174250503,低风险,0.3396996557572219,低风险
240.0,3-3,location3,0.3897278237952739,低风险,0.20999700235438593,低风险,0.48662418411827524,中风险,0.6199229486530475,高风险,0.44534438163101797,中风险,0.43884804504190283,中风险
264.0,3-4,location3,0.7917547759698192,高风险,0.549781931056801,中风险,0.8346196398708862,高风险,0.8836544468452386,高风险,0.7695236187628032,高风险,0.7560186725909752,高风险
277.0,3-4,location3,0.22895550521710245,低风险,0.10502818254408768,低风险,0.2690897020974356,低风险,0.2644363352944513,低风险,0.22252687667466478,低风险,0.21285140664532487,低风险
280.0,3-4,location3,0.6867385321921747,高风险,0.34980186567667654,低风险,0.6335123549472517,高风险,0.7653928973909376,高风险,0.5769295980584087,中风险,0.5829023726716219,中风险
301.0,3-4,location3,0.5016715020982142,中风险,0.2957053807873544,低风险,0.5154009128103227,中风险,0.6674319960405168,高风险,0.49070185412685674,中风险,0.4928460965460646,中风险
307.0,3-1,location3,0.29203263693488013,低风险,0.1927315520010622,低风险,0.42450209974036074,中风险,0.3099895486916461,低风险,0.3465252718854706,低风险,0.30907440014435633,低风险
345.0,3-2,location3,0.5477119160355226,中风险,0.27167357200654746,低风险,0.525742745477398,中风险,0.624964469671723,高风险,0.4722356502811257,中风险,0.47412692905188947,中风险
346.0,3-4,location3,0.8469967200914695,高风险,0.4680319865180137,中风险,0.9066069416586762,高风险,1.008865877017056,高风险,0.8109773779478686,高风险,0.7945016017312486,高风险
349.0,3-2,location3,0.31932476040474905,低风险,0.17749261389762322,低风险,0.3971834149099989,低风险,0.5837127912448046,中风险,0.38301013048565213,低风险,0.3861296066841422,低风险
354.0,3-4,location3,0.0,低风险,0.0,低风险,0.0,低风险,0.0,低风险,0.0,低风险,0.0,低风险
358.0,3-3,location3,0.7630893082586494,高风险,0.7266945118741287,高风险,0.7618902825576627,高风险,0.8420991169060938,高风险,0.7681980797671281,高风险,0.7768946371126284,高风险
360.0,3-1,location3,0.3035447294233294,低风险,0.1834912562048696,低风险,0.36865256745766845,低风险,0.4786550890968909,中风险,0.34758587916176337,低风险,0.3435996375864763,低风险
362.0,3-4,location3,0.21307245548555015,低风险,0.13549149915912603,低风险,0.30387339654803985,低风险,0.22233917435592676,低风险,0.24671431884656683,低风险,0.2205680233543642,低风险
384.0,3-4,location3,0.1425158965557521,低风险,0.07495366629298834,低风险,0.12027916633617405,低风险,0.26806588152335503,低风险,0.13646820602878423,低风险,0.1544329047175058,低风险
390.0,3-1,location3,0.5339406373548062,中风险,0.27906374355929586,低风险,0.6629241937386594,高风险,0.7863676087294266,高风险,0.59066619596679,中风险,0.5761185153424606,中风险
392.0,3-3,location3,0.49516172969230726,中风险,0.258969586114896,低风险,0.609279938067692,高风险,0.7822321052033404,高风险,0.5565509721732709,中风险,0.5501605431286428,中风险
401.0,3-3,location3,0.39552240524971344,低风险,0.1525006979372274,低风险,0.4187295310666412,中风险,0.6392608067598582,高风险,0.3886692149553929,低风险,0.4034970119212422,中风险
407.0,3-3,location3,0.32359207622387937,低风险,0.1987181853808093,低风险,0.3780687522107978,低风险,0.47264710371981133,中风险,0.3548380980355475,低风险,0.3498113471038061,低风险
418.0,3-2,location3,0.3805022403338988,低风险,0.24510044768213152,低风险,0.5462371550141049,中风险,0.39939942376601617,低风险,0.44432590881822054,中风险,0.39691234215408416,低风险
432.0,3-4,location3,0.5453139884288517,中风险,0.27989825209746994,低风险,0.6719647828615787,高风险,0.7923471704905747,高风险,0.5960259161672271,中风险,0.581403401816541,中风险
439.0,3-4,location3,0.6100651944740638,高风险,0.4653269387515755,中风险,0.5789447813661118,中风险,0.7804546206450085,高风险,0.5897623369041695,中风险,0.6082421135875653,高风险
446.0,3-2,location3,0.4087518698250101,中风险,0.21960357029117822,低风险,0.5116411130433612,中风险,0.6311647549374202,高风险,0.4633066390515105,中风险,0.45413647942398655,中风险
453.0,3-3,location3,0.5756110776420114,中风险,0.3121957549948306,低风险,0.6785427112052937,高风险,0.8571219286635666,高风险,0.6193351032450883,高风险,0.6159534649545636,高风险
457.0,3-2,location3,0.4647916710084397,中风险,0.2318109490108563,低风险,0.5646893213519939,中风险,0.6734803864934893,高风险,0.5004738918866817,中风险,0.4899935522854465,中风险
469.0,3-2,location3,0.2677350452633348,低风险,0.1820921430245049,低风险,0.3953388329865464,低风险,0.2882326294789615,低风险,0.32412937508007206,低风险,0.2885545351633376,低风险
473.0,3-3,location3,0.3417141931204834,低风险,0.18561980679024,低风险,0.3411220817400699,低风险,0.503996708254665,中风险,0.33365700742580723,低风险,0.34357953226165827,低风险
475.0,3-4,location3,0.5102601725708149,中风险,0.29761193636351063,低风险,0.5707656065282074,中风险,0.6188564318029965,高风险,0.5109129701517781,中风险,0.49574465823157154,中风险
479.0,3-4,location3,0.12158763689552805,低风险,0.10752770934163296,低风险,0.20786709544655282,低风险,0.1494642559541317,低风险,0.17681504434390038,低风险,0.15495302024743915,低风险
480.0,3-4,location3,0.4416603512546169,中风险,0.2196395019119218,低风险,0.43059691430022434,中风险,0.5820723775999425,中风险,0.4004242617827509,中风险,0.4107695979373629,中风险
486.0,3-4,location3,0.5498554334691325,中风险,0.3277477868280458,低风险,0.522010057629376,中风险,0.6417223802875679,高风险,0.4886074306840584,中风险,0.4971600749149966,中风险
492.0,3-1,location3,0.3102383358013754,低风险,0.12415872144852672,低风险,0.3378584534320087,低风险,0.46550496551150283,中风险,0.30389853280496565,低风险,0.3091740467973461,低风险
492.0,3-3,location3,0.5842075083148252,中风险,0.32343477985252,低风险,0.6319530361419052,高风险,0.6886097544583553,高风险,0.5617392756855898,中风险,0.5479991901509268,中风险
497.0,3-1,location3,0.4961255862633298,中风险,0.2954070047775568,低风险,0.5554017933370187,中风险,0.5995267348850606,中风险,0.4988089281136568,中风险,0.4834451776665453,中风险
508.0,3-1,location3,0.6430422044594626,高风险,0.3539931371954506,低风险,0.7206667982275695,高风险,0.811796518637468,高风险,0.6438067815681136,高风险,0.6288188180201627,高风险
509.0,3-1,location3,0.0,低风险,0.0,低风险,0.0,低风险,0.0,低风险,0.0,低风险,0.0,低风险
509.0,3-3,location3,0.4410797486942904,中风险,0.2294677430641145,低风险,0.5467339801097357,中风险,0.6458895654460852,高风险,0.48619871449276436,中风险,0.4740304295399785,中风险
514.0,3-2,location3,0.5748895834702762,中风险,0.32594364895303773,低风险,0.6735591735224089,高风险,0.7266191933387046,高风险,0.5959573043420925,中风险,0.5753740052713837,中风险
528.0,3-4,location3,0.6840684603851439,高风险,0.3874078005002596,低风险,0.7429933348140866,高风险,0.8063995624245752,高风险,0.6627758830055777,高风险,0.6456002325796404,高风险
530.0,3-4,location3,0.130207155366748,低风险,0.11515049978729762,低风险,0.22260308600042716,低风险,0.16005998713106662,低风险,0.18934971135138032,低风险,0.16593785763959715,低风险
533.0,3-2,location3,0.2680202535246294,低风险,0.3959553880917584,低风险,0.21435110692614134,低风险,0.3799865059093165,低风险,0.2934218479589523,低风险,0.3300976669757387,低风险
538.0,3-4,location3,0.16442387380574341,低风险,0.049296562427814744,低风险,0.14483001208242838,低风险,0.37727420101985065,低风险,0.16456930022976415,低风险,0.1904669251766979,低风险
541.0,3-3,location3,0.3416339151283043,低风险,0.1606068677989632,低风险,0.276071246757372,低风险,0.5005306341446208,中风险,0.286518577934506,低风险,0.31240291623365196,低风险
548.0,3-4,location3,0.5747600998722954,中风险,0.30449725402421024,低风险,0.6210484026109078,高风险,0.7755487841986181,高风险,0.5689437547923405,中风险,0.5670314802779121,中风险
553.0,3-3,location3,0.6263909364682169,高风险,0.3553179571402071,低风险,0.7076967191423631,高风险,0.7990778472054908,高风险,0.6361879114184003,高风险,0.6206975078293536,高风险
555.0,3-4,location3,0.5378990853623603,中风险,0.2911826278742029,低风险,0.5491718089003245,中风险,0.697529165942989,高风险,0.5103505033439029,中风险,0.5126278675725053,中风险
573.0,3-1,location3,0.6958353666442575,高风险,0.39834934383657583,低风险,0.7781054038736112,高风险,0.8306798052227555,高风险,0.6907928134913026,高风险,0.6690448509776474,高风险
573.0,3-4,location3,0.7317157541237144,高风险,0.3819013675464536,低风险,0.7867129372879278,高风险,0.935021086898326,高风险,0.7082854186930224,高风险,0.7012117972442358,高风险
578.0,3-2,location3,0.2835385901982261,低风险,0.1869332399895705,低风险,0.4119354109085692,中风险,0.3008292521667254,低风险,0.3362166382939012,低风险,0.2998993010216217,低风险
600.0,3-2,location3,0.6739538620623245,高风险,0.48238094589975794,中风险,0.6962601062951964,高风险,0.7986622029012438,高风险,0.6588919898464927,高风险,0.6591010850320661,高风险
605.0,3-2,location3,0.5083281477242513,中风险,0.31621960260476517,低风险,0.6006605170045269,高风险,0.7208855975427012,高风险,0.5514974131860707,中风险,0.5459219057173311,中风险
616.0,3-4,location3,0.5039645420996774,中风险,0.28255411382933904,低风险,0.6324165498157422,高风险,0.7261074519561863,高风险,0.5637073402202749,中风险,0.5470260385337558,中风险
619.0,3-2,location3,0.6795342621602408,高风险,0.37999873421042835,低风险,0.7715144429823098,高风险,0.8495185787735867,高风险,0.6861039384092499,高风险,0.6670105853221082,高风险
624.0,3-2,location3,0.0,低风险,0.0,低风险,0.0,低风险,0.0,低风险,0.0,低风险,0.0,低风险
630.0,3-1,location3,0.6648558055786008,高风险,0.5608960821514928,中风险,0.7335480158888203,高风险,0.8092192862802441,高风险,0.705381758650991,高风险,0.7012211281068524,高风险
643.0,3-2,location3,0.5115494763559089,中风险,0.24732243402381365,低风险,0.4991926782172169,中风险,0.6083505136427726,高风险,0.44877056528118275,中风险,0.45162187529460107,中风险
652.0,3-3,location3,0.33446262531033,低风险,0.15904080802038995,低风险,0.2695050884100256,低风险,0.4812317273102136,中风险,0.2787846845442115,低风险,0.303259207913543,低风险
656.0,3-2,location3,0.4107624606934614,中风险,0.21860725253423147,低风险,0.5189098095406983,中风险,0.5666453878361165,中风险,0.45238640094065974,中风险,0.43472081663701545,中风险
658.0,3-1,location3,0.29684801540877515,低风险,0.19340020283672013,低风险,0.4286391196201538,中风险,0.31322479261313685,低风险,0.34924651154791436,低风险,0.3117547050233369,低风险
661.0,3-4,location3,0.46525198316260225,中风险,0.2365116537437494,低风险,0.5682991022871409,中风险,0.6965129181791194,高风险,0.5093890385976821,中风险,0.5004412247366699,中风险
663.0,3-2,location3,0.5180313119269667,中风险,0.2494455786279375,低风险,0.4994884998787442,中风险,0.6288329496681089,高风险,0.45350750205174434,中风险,0.4592556760582635,中风险
665.0,3-1,location3,0.5093139614861093,中风险,0.39083645978420584,低风险,0.5879303924904445,中风险,0.7197836950743053,高风险,0.5650157391162864,中风险,0.5661835157829852,中风险
670.0,3-1,location3,0.24485766731327804,低风险,0.12242055851509906,低风险,0.20009081174212842,低风险,0.3847002262058032,低风险,0.21379415062602453,低风险,0.2357371988210102,低风险
670.0,3-3,location3,0.350297156088176,低风险,0.2064084045870804,低风险,0.43322255948882754,中风险,0.5874966082639496,中风险,0.4113684182296851,中风险,0.40904252411328584,中风险
671.0,3-3,location3,0.33453847599520514,低风险,0.16138365357507575,低风险,0.2685808853221964,低风险,0.470106142420192,中风险,0.276650671325118,低风险,0.30002356043915474,低风险
675.0,3-1,location3,0.31851906581415296,低风险,0.2040118774418963,低风险,0.455930284974085,中风险,0.3334690128329412,低风险,0.37056000087961266,低风险,0.33113705841630753,低风险
680.0,3-2,location3,0.6907558121101568,高风险,0.398866608679352,低风险,0.7517392201269267,高风险,0.836732201136883,高风险,0.6780137422673252,高风险,0.662446009981054,高风险
680.0,3-4,location3,0.31370196690299873,低风险,0.2042752414295486,低风险,0.4528553105264157,中风险,0.33092965915345257,低风险,0.3689496116984664,低风险,0.3293534037031389,低风险
687.0,3-4,location3,0.2881704103067804,低风险,0.171492137385662,低风险,0.37447711788960875,低风险,0.5061417687765232,中风险,0.3544185107496434,低风险,0.3507036746839313,低风险
694.0,3-1,location3,0.4158719322793809,中风险,0.16094819259794255,低风险,0.4415202201519954,中风险,0.6673940039748156,高风险,0.40853843471211915,中风险,0.4232874722415845,中风险
704.0,3-1,location3,0.5757164389901703,中风险,0.285955854711673,低风险,0.5445332375634043,中风险,0.6781619483938868,高风险,0.4964089655617524,中风险,0.502883680222988,中风险
706.0,3-1,location3,0.47698026190155235,中风险,0.21753873952864947,低风险,0.4695911351869826,中风险,0.6326583618637921,高风险,0.43046421948373953,中风险,0.43992941219314136,中风险
710.0,3-1,location3,0.7199553927993213,高风险,0.42158179599129364,中风险,0.7566229669878316,高风险,0.8347945032451786,高风险,0.6852903365248678,高风险,0.6709997554081011,高风险
710.0,3-2,location3,0.2999957955049235,低风险,0.3301685138987504,低风险,0.39778990059073743,低风险,0.2903620222150011,低风险,0.364203222969734,低风险,0.33944014556816293,低风险
716.0,3-1,location3,0.726673569260695,高风险,0.40981498236357494,中风险,0.7633737602903148,高风险,0.8520934954262324,高风险,0.6876968962053215,高风险,0.6750940793600406,高风险
716.0,3-4,location3,0.5950596610814826,中风险,0.3357581774299183,低风险,0.7241614191022469,高风险,0.7612185924463273,高风险,0.6335933602963543,高风险,0.6070460629928308,高风险
726.0,3-1,location3,0.3399329377492654,低风险,0.16155563473729778,低风险,0.2739498781771323,低风险,0.48952317182142224,中风险,0.2834266230356029,低风险,0.3083428949119507,低风险
729.0,3-3,location3,0.2106600149106948,低风险,0.1325874764796355,低风险,0.29887002330094214,低风险,0.2187974907708332,低风险,0.24228713315686728,低风险,0.21675166351713693,低风险
741.0,3-1,location3,0.32215381181354125,低风险,0.3729913035475308,低风险,0.3949196259926457,低风险,0.28982895104316037,低风险,0.37098596715214033,低风险,0.3525799601944456,低风险
752.0,3-1,location3,0.42702961334031764,中风险,0.26514055810930887,低风险,0.5530698046743068,中风险,0.5634412394881758,中风险,0.4842156505878322,中风险,0.46055053409059715,中风险
756.0,3-3,location3,0.4142132052852527,中风险,0.2077514423409287,低风险,0.3291587899523447,低风险,0.5434360522997559,中风险,0.3349831764064586,低风险,0.3601154281976764,低风险
768.0,3-4,location3,0.8575536394051705,高风险,0.49453671861288473,中风险,0.9349144280202613,高风险,1.0238607208363246,高风险,0.8378461785626401,高风险,0.8177706224898235,高风险
771.0,3-4,location3,0.8875100046681044,高风险,0.5152126190951418,中风险,0.9581977874529988,高风险,1.011469870145382,高风险,0.8536111000133157,高风险,0.8282934255645075,高风险
774.0,3-2,location3,0.3501423580275655,低风险,0.2084891944183391,低风险,0.4750366130819605,中风险,0.4304960723723216,中风险,0.40082152606893073,中风险,0.3713406266242071,低风险
775.0,3-2,location3,0.454017866076015,中风险,0.24660083788593,低风险,0.5767158743107975,中风险,0.6533345050664762,高风险,0.509737398849518,中风险,0.4922170724210679,中风险
779.0,3-4,location3,0.3624783074054441,低风险,0.20438808506922135,低风险,0.47544738068236986,中风险,0.4674187583780367,中风险,0.4062114185455618,中风险,0.382418074709876,低风险
782.0,3-1,location3,0.31462503726749597,低风险,0.18174337184027695,低风险,0.4178801240626411,中风险,0.4066257620785026,中风险,0.3573801595911755,低风险,0.3354164193271402,低风险
786.0,3-1,location3,0.6597287960298563,高风险,0.37320907467321374,低风险,0.7402966994055117,高风险,0.819376230629516,高风险,0.6618198570872525,高风险,0.6442940015694136,高风险
798.0,3-1,location3,0.2343497420019447,低风险,0.13923480004063865,低风险,0.30421354075641716,低风险,0.4120273220924202,中风险,0.2880478447906563,低风险,0.285158554296492,低风险
806.0,3-4,location3,0.6576591385140389,高风险,0.39740995364494147,低风险,0.6896630533973865,高风险,0.857455120541425,高风险,0.651005427350075,高风险,0.6481760425279176,高风险
809.0,3-2,location3,0.32284981658550516,低风险,0.19623410835009378,低风险,0.4500919655142894,中风险,0.33011358385306633,低风险,0.3630142727723643,低风险,0.3254798859058165,低风险
817.0,3-1,location3,0.5314630083542295,中风险,0.2906613942996943,低风险,0.5806363891107845,中风险,0.652598418063066,高风险,0.5187740942121037,中风险,0.5079654004911817,中风险
821.0,3-2,location3,0.31624733333953575,低风险,0.21113571733383688,低风险,0.4482787215129768,中风险,0.32798292477792357,低风险,0.3669380590349083,低风险,0.3291324545415791,低风险
829.0,3-4,location3,0.2336016838004141,低风险,0.2636394020090331,低风险,0.2843600917838684,低风险,0.32520775866648055,低风险,0.29226914334102716,低风险,0.2910690841531273,低风险
839.0,3-3,location3,0.543822005471998,中风险,0.26117716154423926,低风险,0.5191475947061405,中风险,0.6701735868843958,高风险,0.4751122232006378,中风险,0.48349944771159176,中风险
846.0,3-1,location3,0.5789404077062623,中风险,0.33653426136409875,低风险,0.6547797017939337,高风险,0.6951845796533536,高风险,0.5817745001752124,中风险,0.5621661809371287,中风险
851.0,3-3,location3,0.6773819988740688,高风险,0.39630735286024266,低风险,0.6888507708912237,高风险,0.7911266360527327,高风险,0.6311926066732796,高风险,0.6254282532680663,高风险
854.0,3-4,location3,0.7448025591142843,高风险,0.4791481586547524,中风险,0.8266613195505571,高风险,0.9091312127459801,高风险,0.7546530650909068,高风险,0.7383135636504299,高风险
872.0,3-4,location3,0.2349562261872965,低风险,0.1132137810834581,低风险,0.29103741129803795,低风险,0.21626319339448918,低风险,0.22671074336144903,低风险,0.20683812859199507,低风险
892.0,3-4,location3,0.28404318354924857,低风险,0.18230609381935145,低风险,0.40701029762498,中风险,0.2976561605110806,低风险,0.33089981005994074,低风险,0.2956575173184707,低风险
894.0,3-4,location3,0.6322239801031203,高风险,0.4311911380570064,中风险,0.7016564660648466,高风险,0.775788723207962,高风险,0.6475290088929601,高风险,0.6362121091099383,高风险
896.0,3-3,location3,0.5458315583318352,中风险,0.3050823383448747,低风险,0.652749947609341,高风险,0.7107708432734379,高风险,0.5763523306697035,中风险,0.5562010430758846,中风险
904.0,3-4,location3,0.5312907341264673,中风险,0.4532207279973742,中风险,0.6236036128137552,高风险,0.6982341828516977,高风险,0.5972446259829487,中风险,0.5916861745542757,中风险
905.0,3-4,location3,0.6002487169012882,高风险,0.3342228838203763,低风险,0.6699011670886101,高风险,0.7656743960519042,高风险,0.6025677489181422,高风险,0.5899328156536302,中风险
922.0,3-4,location3,0.47893676127487456,中风险,0.255606044561427,低风险,0.6017659633995929,高风险,0.699127990119239,高风险,0.5344744397975855,中风险,0.5188333326934196,中风险
937.0,3-1,location3,0.4015895817210946,中风险,0.22963301158664617,低风险,0.4535269289535588,中风险,0.6314143228818612,高风险,0.4350720419041253,中风险,0.43819142114068865,中风险
947.0,3-3,location3,0.39748569543546264,低风险,0.19253254222531999,低风险,0.3187831015862357,低风险,0.5547498788353072,中风险,0.32796009180198454,低风险,0.35535517421562096,低风险
965.0,3-4,location3,0.5088089670005017,中风险,0.6283162867785128,高风险,0.39246435860142687,低风险,0.5489129045013869,中风险,0.48106514524582583,中风险,0.5232311832937755,中风险
974.0,3-3,location3,0.8155006957288211,高风险,0.4738396890119757,中风险,0.8720223522068576,高风险,0.9367462106169476,高风险,0.7808846803062268,高风险,0.7608694172785936,高风险
978.0,3-1,location3,0.3405765423494751,低风险,0.1317832098624783,低风险,0.36153002958771424,低风险,0.546754241251136,中风险,0.3345760353895101,低风险,0.34668916023377616,低风险
981.0,3-1,location3,0.29193195314711473,低风险,0.18298815581884714,低风险,0.41331619409356773,中风险,0.3026472194089711,低风险,0.3348648963130967,低风险,0.29965052310712864,低风险
981.0,3-3,location3,0.7859163996260506,高风险,0.4369216940124382,中风险,0.8551561571372626,高风险,0.9298429052380865,高风险,0.7596800284592481,高风险,0.7406402521292624,高风险
1002.0,3-3,location3,0.6682452836563095,高风险,0.37919023031085414,低风险,0.7356828451296364,高风险,0.815424363393904,高风险,0.6595152531169505,高风险,0.6434324796114649,高风险
1004.0,3-4,location3,0.30879485515860583,低风险,0.1926706916293483,低风险,0.4361782387650016,中风险,0.3194655357685039,低风险,0.35314937179179606,低风险,0.3161048220542846,低风险
1014.0,3-4,location3,0.26478270243645197,低风险,0.11131742548952805,低风险,0.29945071125041406,低风险,0.3549846966661074,低风险,0.2582356986346259,低风险,0.2552509444686831,低风险
1016.0,3-3,location3,0.5032149366794243,中风险,0.2596883194611495,低风险,0.6222288248704485,高风险,0.7271643297398276,高风险,0.5508589637215183,中风险,0.5363604913571418,中风险
1016.0,3-4,location3,0.17919778897004432,低风险,0.08482257894075938,低风险,0.22233328205319533,低风险,0.1652120944256439,低风险,0.1727523570643048,低风险,0.1574559851398662,低风险
1031.0,3-4,location3,0.4928525653480935,中风险,0.23853042939390887,低风险,0.475160959978885,中风险,0.5918133996907278,中风险,0.43045127781650366,中风险,0.4351682630211739,中风险
1033.0,3-1,location3,0.3860951350129987,低风险,0.25141594647362264,低风险,0.5573609690280158,中风险,0.40729847087687016,中风险,0.4540923078934993,中风险,0.40535846212616944,中风险
1054.0,3-4,location3,0.1711918008256438,低风险,0.08103297547924168,低风险,0.21240013706042374,低风险,0.1578309427000253,低风险,0.16503433034911322,低风险,0.1504213517465636,低风险
1057.0,3-3,location3,0.4188800100109195,中风险,0.22410375430411764,低风险,0.5250658615329227,中风险,0.6292047068430081,高风险,0.47092210419975356,中风险,0.45945810756001615,中风险
1057.0,3-4,location3,0.38231919200504394,低风险,0.20696645195062355,低风险,0.48926789742209825,中风险,0.5047704285744207,中风险,0.4208657369081942,中风险,0.4003349259823808,中风险
1058.0,3-3,location3,0.5488840329523808,中风险,0.3357268444110491,低风险,0.5309261139494605,中风险,0.6249827331370885,高风险,0.499256694507218,中风险,0.497211897165866,中风险
1066.0,3-3,location3,0.47575492716868173,中风险,0.22727533458756793,低风险,0.45238380254054594,中风险,0.5949918179531379,中风险,0.4161179398425066,中风险,0.4248836516937506,中风险
1073.0,3-1,location3,0.7298949627658959,高风险,0.4077353257916753,中风险,0.7852839093665414,高风险,0.8649252047251555,高风险,0.701808466545083,高风险,0.685981479961124,高风险
1076.0,3-1,location3,0.535912118291457,中风险,0.6494184491739441,高风险,0.5363339347397736,中风险,0.675714182965239,高风险,0.5977265441266943,中风险,0.620488855626319,高风险
1077.0,3-3,location3,0.6596736287673971,高风险,0.4140215397039802,中风险,0.7146800056796453,高风险,0.832310922611269,高风险,0.6617435203520028,高风险,0.6536708226649648,高风险
1091.0,3-3,location3,0.24927150392175965,低风险,0.14606586266444524,低风险,0.34130201038065294,低风险,0.2508078787494283,低风险,0.2737873988358606,低风险,0.2460585839315088,低风险
1091.0,3-4,location3,0.3987672325493851,低风险,0.21638087415444557,低风险,0.5050314734740772,中风险,0.5853827548663234,中风险,0.4493557849376235,中风险,0.435598367498282,中风险
1148.0,3-3,location3,0.28638746540372634,低风险,0.16385579975859665,低风险,0.36245901720508467,低风险,0.390157237542201,低风险,0.3190114120594954,低风险,0.30549068483529407,低风险
1157.0,3-4,location3,0.461600351966233,中风险,0.22330848959187855,低风险,0.5482335465520414,中风险,0.7072479995042554,高风险,0.49586478128789685,中风险,0.4929300118827251,中风险
1165.0,3-4,location3,0.8232332550412845,高风险,0.5484709971563667,中风险,0.8823894959588096,高风险,0.9474503302656171,高风险,0.8085334720980157,高风险,0.7927702744602645,高风险
1206.0,3-4,location3,0.37562828081041477,低风险,0.31660346785852334,低风险,0.37998039357188645,低风险,0.498803574484113,中风险,0.3836152093750719,低风险,0.39846247863817424,低风险
1207.0,3-4,location3,0.47694931940538277,中风险,0.24737260336332278,低风险,0.375529156411871,低风险,0.5860245643188157,中风险,0.37795106364813924,低风险,0.40297544136466984,中风险
1217.0,3-3,location3,0.2889292116154888,低风险,0.17964001823095516,低风险,0.40738421201056074,中风险,0.29843257312949845,低风险,0.3296656414437121,低风险,0.29515226779033815,低风险
1220.0,3-4,location3,0.45391386140061124,中风险,0.2545660253574333,低风险,0.5915071256861606,中风险,0.6056257088370914,高风险,0.5104957020876234,中风险,0.4838996199602284,中风险
1231.0,3-4,location3,0.47775548333002665,中风险,0.27302992070903087,低风险,0.5658987714297582,中风险,0.60040446580283,高风险,0.49879270953346716,中风险,0.47977771931387303,中风险
1295.0,3-3,location3,0.6756233416579344,高风险,0.3734437746025176,低风险,0.7623490275426821,高风险,0.8554239998819477,高风险,0.6804723233207994,高风险,0.663738934009049,高风险
1390.0,3-3,location3,0.06301150738068266,低风险,0.01889172560751351,低风险,0.05550262966105547,低风险,0.14458129194905933,低风险,0.0630672385709194,低风险,0.07299188240587609,低风险
1419.0,3-3,location3,0.4973149512760957,中风险,0.30280608025978195,低风险,0.5257165721450712,中风险,0.6458060656886466,高风险,0.4949534852321568,中风险,0.4914429060311666,中风险
1434.0,3-3,location3,0.5749577620805586,中风险,0.321336902988338,低风险,0.6559209242262862,高风险,0.7287607873879223,高风险,0.5846758582171465,中风险,0.5686728715341821,中风险
1437.0,3-3,location3,0.44812339095012116,中风险,0.2679324901929752,低风险,0.5672029374172709,中风险,0.6160707653475573,高风险,0.5024357411828293,中风险,0.48373539765260115,中风险
1459.0,3-3,location3,0.3263465839656911,低风险,0.1884476729659162,低风险,0.3626089985640457,低风险,0.4956308010122366,中风险,0.346972350021558,低风险,0.34889582418073284,低风险
1477.0,3-3,location3,0.3955940541421744,低风险,0.18135735111503032,低风险,0.3833935078195779,低风险,0.527039321624792,中风险,0.354444031711026,低风险,0.3639300601864667,低风险
1493.0,3-3,location3,0.6742797143316759,高风险,0.3712159426165686,低风险,0.728575081748633,高风险,0.8538968678388128,高风险,0.6603082323223517,高风险,0.6512292974013382,高风险
1549.0,3-3,location3,0.7218942191922652,高风险,0.480055930014497,中风险,0.6731992525161262,高风险,0.8100491340703498,高风险,0.6416567419048506,高风险,0.6544347722003243,高风险
1552.0,3-3,location3,0.39603203169699874,低风险,0.17961668807236944,低风险,0.4221101985223596,中风险,0.49155239695185543,中风险,0.3677724835172661,低风险,0.3644264278488615,低风险
1561.0,3-3,location3,0.40282815763172514,中风险,0.21356972767276808,低风险,0.5027224896881801,中风险,0.6036580290923313,高风险,0.45055818309735635,中风险,0.43998341548442654,中风险
1812.0,3-3,location3,0.18886801410567466,低风险,0.08939994253244432,低风险,0.2343312698908545,低风险,0.17412759588025212,低风险,0.18207476106897638,低风险,0.16595293610118364,低风险
5.0,4-1,location4,0.5946834850520515,中风险,0.3390695116412494,低风险,0.6284693507319734,高风险,0.7032145554865985,高风险,0.5676280138355011,中风险,0.5569178059532738,中风险
28.0,4-1,location4,0.5677619445611443,中风险,0.2756771766417452,低风险,0.5584018663160628,中风险,0.6635634050990827,高风险,0.4984005806446702,中风险,0.49921414935229685,中风险
37.0,4-2,location4,0.672023069772931,高风险,0.3636953638071239,低风险,0.657875075251253,高风险,0.7245027183309435,高风险,0.585922191292618,中风险,0.5820243857964401,中风险
58.0,4-1,location4,0.6274528081151798,高风险,0.35910305654947544,低风险,0.7004982784302807,高风险,0.7458701316615428,高风险,0.6215121886088806,高风险,0.6018238222137663,高风险
94.0,4-2,location4,0.4799063962141677,中风险,0.27583497958946424,低风险,0.5359306413943623,中风险,0.527278645192416,中风险,0.46624264788841363,中风险,0.44634808872541415,中风险
95.0,4-2,location4,0.4586811069578252,中风险,0.3200328302626966,低风险,0.4718029909130259,中风险,0.5648436135357444,中风险,0.44932541870600207,中风险,0.4522264782371556,中风险
96.0,4-4,location4,0.2876528075081099,低风险,0.13982569533933623,低风险,0.23048641810791343,低风险,0.3990580502245655,低风险,0.23686832264839902,低风险,0.25645672122393837,低风险
109.0,4-5,location4,0.17510900725188788,低风险,0.07818419775794624,低风险,0.143271072578833,低风险,0.2767020471865139,低风险,0.15079944583195973,低风险,0.16605243917443105,低风险
110.0,4-1,location4,0.5798132380898238,中风险,0.3177680894438928,低风险,0.6271937217957039,高风险,0.7098904977372326,高风险,0.562200305672608,中风险,0.5516174363256097,中风险
113.0,4-2,location4,0.6668658670947966,高风险,0.538556402191019,中风险,0.7183673492763218,高风险,0.7584565491377295,高风险,0.6813567424038872,高风险,0.6717934335350234,高风险
118.0,4-4,location4,0.3758751370547182,低风险,0.17291814927782437,低风险,0.3800872306749912,低风险,0.5032260238240008,中风险,0.3460138664827313,低风险,0.3520771345922721,低风险
124.0,4-1,location4,0.7957452878444077,高风险,0.7239414480195511,高风险,0.866970538809663,高风险,0.8557397285608576,高风险,0.8291930548658137,高风险,0.8155505717966904,高风险
125.0,4-2,location4,0.20948353993902713,低风险,0.10146880494563298,低风险,0.16800557443926878,低风险,0.29236515863005447,低风险,0.1728420463386532,低风险,0.1872798460049854,低风险
137.0,4-3,location4,0.2732462308240176,低风险,0.1324710553144788,低风险,0.21909315236732815,低风险,0.3807849262838324,低风险,0.22534021419647485,低风险,0.24411637798854643,低风险
139.0,4-1,location4,0.21415589583218653,低风险,0.1013698633463122,低风险,0.2657063095760164,低风险,0.19744185621592727,低风险,0.20645308179785854,低风险,0.18817267637941862,低风险
140.0,4-3,location4,0.13609012724091754,低风险,0.04080171144287201,低风险,0.1198727065382693,低风险,0.312261795280203,低风险,0.13621049358487414,低风险,0.15764540442044808,低风险
150.0,4-5,location4,0.6180198231515468,高风险,0.3406126516158077,低风险,0.7039074439297992,高风险,0.7752457384314969,高风险,0.6241982807656101,高风险,0.6065886113257012,高风险
157.0,4-1,location4,0.5177410075159862,中风险,0.28676678455176186,低风险,0.5792003847114434,中风险,0.6301082726753342,高风险,0.5131770747524281,中风险,0.4986918139795131,中风险
158.0,4-2,location4,0.5428401276317912,中风险,0.43188060259802824,中风险,0.5692245148799865,中风险,0.6738850435165492,高风险,0.554717219173749,中风险,0.5583300536648547,中风险
161.0,4-1,location4,0.7371840392324731,高风险,0.7243911275957724,高风险,0.7529683143421306,高风险,0.7775883529916932,高风险,0.7506039857148448,高风险,0.7516492649765321,高风险
161.0,4-5,location4,0.3013764309786159,低风险,0.12478525754023859,低风险,0.31532386873641427,低风险,0.4453740247083732,中风险,0.28795749298503204,低风险,0.295161050328342,低风险
167.0,4-3,location4,0.7520415866343375,高风险,0.4146978184254166,中风险,0.8603279526708068,高风险,0.9706904508686739,高风险,0.7678911542395545,高风险,0.7485720739882991,高风险
167.0,4-4,location4,0.17370896713025677,低风险,0.13631256843581083,低风险,0.14287726366586695,低风险,0.28598081028892125,低风险,0.16809906301768324,低风险,0.18839021413019968,低风险
169.0,4-2,location4,0.5056737843943591,中风险,0.26174380666414687,低风险,0.5961358108454458,中风险,0.6853736028460501,高风险,0.5271832669731796,中风险,0.5144177401185475,中风险
173.0,4-1,location4,0.4366744207803408,中风险,0.3959306788607751,低风险,0.5467149602012382,中风险,0.5084978694922364,中风险,0.5044173918747615,中风险,0.48371450285141654,中风险
178.0,4-1,location4,0.446878724735804,中风险,0.24022038060608306,低风险,0.563271108948066,中风险,0.6553028418434862,高风险,0.5010275838208709,中风险,0.4862647771325451,中风险
182.0,4-3,location4,0.3374895310853591,低风险,0.3606964822704509,低风险,0.3323037891988154,低风险,0.4290466711207863,中风险,0.36081407631114565,低风险,0.37401564753001754,低风险
188.0,4-4,location4,0.508876833111633,中风险,0.38205629226991394,低风险,0.48797540464979666,中风险,0.6087331354541805,高风险,0.4850621432713419,中风险,0.492921610791297,中风险
192.0,4-1,location4,0.49476318392415075,中风险,0.24341905993887894,低风险,0.47699729867854435,中风险,0.5727514353730199,中风险,0.4288436789910694,中风险,0.4310559313301477,中风险
205.0,4-2,location4,0.07481242892041652,低风险,0.022429805887002177,低风险,0.06589727351431167,低风险,0.17165876641886177,低风险,0.07487859755978976,低风险,0.0866619486067252,低风险
209.0,4-4,location4,0.4472935593615986,中风险,0.17620567078709795,低风险,0.48130220598412127,中风险,0.6933246466988412,高风险,0.4387482946159007,中风险,0.4502775078233534,中风险
210.0,4-2,location4,0.31452068585013493,低风险,0.18976114273984554,低风险,0.43687118515670836,中风险,0.3205425265391193,低风险,0.35196692072279434,低风险,0.3157249514785577,低风险
223.0,4-1,location4,0.35693001824622694,低风险,0.20574498382479214,低风险,0.48482263086454813,中风险,0.35658354341926923,低风险,0.3879725159606589,低风险,0.3490503860362032,低风险
223.0,4-3,location4,0.502671387779361,中风险,0.6211389239228109,高风险,0.3877485397658178,低风险,0.5425221113505261,中风险,0.4754268005339769,中风险,0.5171365250130515,中风险
226.0,4-2,location4,0.4600262333925193,中风险,0.2807214295389547,低风险,0.4876870477452091,中风险,0.5970966376243217,中风险,0.4588001991917912,中风险,0.4551683716361618,中风险
229.0,4-4,location4,0.6185551010390082,高风险,0.30983076106828883,低风险,0.5863067705428155,中风险,0.6985736497660787,高风险,0.5286222838914998,中风险,0.5315703937923943,中风险
230.0,4-2,location4,0.42897788348941146,中风险,0.20267228994684708,低风险,0.4252903367130333,中风险,0.5275272066724283,中风险,0.38221409566299014,低风险,0.3851632777774362,低风险
231.0,4-4,location4,0.4303232786179738,中风险,0.31705587188876166,低风险,0.43678877099445246,中风险,0.47257997148229647,中风险,0.4079545047816909,中风险,0.4088082047885035,中风险
232.0,4-2,location4,0.6496648578383938,高风险,0.4664956028850247,中风险,0.615348976691517,高风险,0.7394076267222697,高风险,0.5939776405540633,中风险,0.6070840687662704,高风险
240.0,4-1,location4,0.6092376148320977,高风险,0.3193332411404818,低风险,0.6807107704916986,高风险,0.7860364723761032,高风险,0.6064971661956925,高风险,0.5953601613360944,中风险
241.0,4-1,location4,0.4336852169511697,中风险,0.3980873354569663,低风险,0.4186334001154133,中风险,0.5068497233254736,中风险,0.42672248856091993,中风险,0.44119015296595104,中风险
244.0,4-1,location4,0.6184468978481561,高风险,0.34516921515296545,低风险,0.6356536062865028,高风险,0.7111341790410406,高风险,0.5728093510201977,中风险,0.5639856668268363,中风险
257.0,4-1,location4,0.42775270297268153,中风险,0.19852005770165,低风险,0.45683058260210613,中风险,0.5054743801852276,中风险,0.3937679468575004,低风险,0.3869416734963279,低风险
258.0,4-1,location4,0.5373497975527286,中风险,0.48429969095034225,中风险,0.5139440510859299,中风险,0.6285230672820116,高风险,0.5302938575452302,中风险,0.5422556031060946,中风险
262.0,4-3,location4,0.5447910525295819,中风险,0.2997652738810653,低风险,0.6535227626247992,高风险,0.7294204658448898,高风险,0.5790776083377426,中风险,0.5609028341169181,中风险
264.0,4-2,location4,0.15659023317268858,低风险,0.13848273976077805,低风险,0.267707784903108,低风险,0.1924919612587742,低风险,0.22771648277069995,低风险,0.19956082864088676,低风险
281.0,4-1,location4,0.6175476178932934,高风险,0.3195157480714259,低风险,0.7032265873698448,高风险,0.8258082907560238,高风险,0.6271912850071003,高风险,0.6161835420657649,高风险
287.0,4-5,location4,0.18835290671684976,低风险,0.08915611844620587,低风险,0.23369216872210935,低风险,0.17365269063141492,低风险,0.18157818119445782,低风险,0.16550032593324338,低风险
297.0,4-2,location4,0.5943709840652484,中风险,0.323872435907896,低风险,0.6250315664890792,高风险,0.7191245405298143,高风险,0.5634629578675828,中风险,0.5560095143089299,中风险
308.0,4-3,location4,0.18240044316831336,低风险,0.07748994735239367,低风险,0.20795613077422312,低风险,0.23815352587968897,低风险,0.17771897715185966,低风险,0.17453320133543526,低风险
329.0,4-1,location4,0.2674206279890263,低风险,0.11860112275450445,低风险,0.29502292323371987,低风险,0.37728393052931064,低风险,0.2622530978843003,低风险,0.26363599217251166,低风险
330.0,4-1,location4,0.8184354567342689,高风险,0.8250446335935052,高风险,0.8346730862631268,高风险,0.851181289398856,高风险,0.8366024241364812,高风险,0.836966336418496,高风险
331.0,4-2,location4,0.5422968102682038,中风险,0.3904115882965014,低风险,0.5060789141444736,中风险,0.562359110696612,中风险,0.4808362422894435,中风险,0.48628320437919564,中风险
353.0,4-4,location4,0.6969673016855987,高风险,0.671983624078427,高风险,0.6580076263894671,高风险,0.7387282561691491,高风险,0.6741686859519908,高风险,0.6895731688790144,高风险
355.0,4-4,location4,0.6746463064249903,高风险,0.4251148015320882,中风险,0.7339054442868145,高风险,0.8005277209179418,高风险,0.6675382299735644,高风险,0.6531826555789481,高风险
359.0,4-4,location4,0.5661234400998656,中风险,0.530376515644599,中风险,0.6328349168575464,高风险,0.7525012398554756,高风险,0.6322598617421425,高风险,0.6385708907858736,高风险
361.0,4-4,location4,0.5109036256559475,中风险,0.28973997816905667,低风险,0.5648350430150751,中风险,0.6247122453729022,高风险,0.5057986715708309,中风险,0.4930957555190113,中风险
362.0,4-3,location4,0.16681010202792226,低风险,0.0673553408215777,低风险,0.1395238000735207,低风险,0.29828195888178144,低风险,0.15043785890279504,低风险,0.16838703325895993,低风险
379.0,4-4,location4,0.5361387625104339,中风险,0.2936153213539918,低风险,0.6521206844794429,高风险,0.7250924521941983,高风险,0.5760712855222976,中风险,0.5569428193425443,中风险
384.0,4-4,location4,0.5433992998216761,中风险,0.2751572686325926,低风险,0.5169534692630241,中风险,0.5953904010760807,中风险,0.4624962694226681,中风险,0.46250037965723245,中风险
385.0,4-2,location4,0.3244325072438292,低风险,0.12433137279169901,低风险,0.341394218303311,低风险,0.5320384486077431,中风险,0.3190404369142045,低风险,0.332588013234251,低风险
393.0,4-2,location4,0.48419199619806935,中风险,0.27902922324453683,低风险,0.5160284286209917,中风险,0.5815025983789263,中风险,0.467736320792285,中风险,0.45885341674815167,中风险
398.0,4-2,location4,0.3058129518621206,低风险,0.14082889187943476,低风险,0.3192925769519516,低风险,0.37618303712046547,低风险,0.2802610511494183,低风险,0.27876816865061727,低风险
400.0,4-2,location4,0.47530102055186124,中风险,0.2364454787547781,低风险,0.4506006002415924,中风险,0.5454791580102135,中风险,0.4075668267765508,中风险,0.4108417456688613,中风险
405.0,4-2,location4,0.629792436321621,高风险,0.578180049524932,中风险,0.6287986862481768,高风险,0.7053608818003831,高风险,0.6310708506247062,高风险,0.637446539191164,高风险
412.0,4-1,location4,0.25448335349808715,低风险,0.11159375289818237,低风险,0.29735650777495315,低风险,0.3047400501982074,低风险,0.24721266541962655,低风险,0.23789677029044765,低风险
426.0,4-2,location4,0.22157719861971995,低风险,0.1394267743406115,低风险,0.2986645380598244,低风险,0.3753921440425901,低风险,0.2783826795824324,低风险,0.27116115214767533,低风险
428.0,4-1,location4,0.626570529575753,高风险,0.3305559338710376,低风险,0.7101392840766857,高风险,0.8014270608827143,高风险,0.6287126083135032,高风险,0.6140407596101458,高风险
431.0,4-2,location4,0.3003707633420884,低风险,0.167822722644013,低风险,0.37483503121735856,低风险,0.5474885070389705,中风险,0.3609471714918248,低风险,0.36338208696678065,低风险
432.0,4-2,location4,0.2878271601379389,低风险,0.16012315193126878,低风险,0.3582017503430042,低风险,0.5258848198264937,中风险,0.3453378080341806,低风险,0.3480699073669223,低风险
434.0,4-2,location4,0.3197601229543166,低风险,0.17650976786694886,低风险,0.3959883572261833,低风险,0.5867406885671798,中风险,0.3825824262622527,低风险,0.3864129378867706,低风险
435.0,4-2,location4,0.5480144626236232,中风险,0.29693209932022024,低风险,0.5267416461009868,中风险,0.6191413186137064,高风险,0.47836515284321957,中风险,0.48093835467830454,中风险
442.0,4-2,location4,0.17262224654882208,低风险,0.08171007141871807,低风险,0.21417491170614408,低风险,0.1591497476654593,低风险,0.16641332543466592,低风险,0.15167824359677382,低风险
443.0,4-2,location4,0.23933975363884194,低风险,0.10500898720659525,低风险,0.19661524054674873,低风险,0.3872247528183575,低风险,0.20787883718549424,低风险,0.2296163268572338,低风险
447.0,4-2,location4,0.0,低风险,0.0,低风险,0.0,低风险,0.0,低风险,0.0,低风险,0.0,低风险
454.0,4-5,location4,0.2704187705044823,低风险,0.12559239664509236,低风险,0.2191787041812758,低风险,0.40366983140396473,中风险,0.22825481174981457,低风险,0.24948031074344426,低风险
457.0,4-3,location4,0.15934077568922306,低风险,0.06934774024919912,低风险,0.13113698508393468,低风险,0.2605332154638578,低风险,0.13893107238425856,低风险,0.15367264693233051,低风险
461.0,4-1,location4,0.16254325550551008,低风险,0.09773270547972895,低风险,0.2251117832980714,低风险,0.16521715398140824,低风险,0.18127478237578606,低风险,0.16268721425306953,低风险
462.0,4-2,location4,0.5019300534656019,中风险,0.26972008437346134,低风险,0.5624822607020361,中风险,0.6571675688563532,高风险,0.5052672855178362,中风险,0.49645663797728357,中风险
466.0,4-4,location4,0.47008407394008356,中风险,0.22430638363194233,低风险,0.44665953255150004,中风险,0.5897038365047175,中风险,0.4112743946866756,中风险,0.4202232508960533,中风险
477.0,4-1,location4,0.1578508657902687,低风险,0.07471809558208962,低风险,0.19584784649299158,低风险,0.14553121606020986,低风险,0.152173245477201,低风险,0.1386990527117637,低风险
481.0,4-4,location4,0.6316359641295928,高风险,0.3561940200932597,低风险,0.7042422352601949,高风险,0.753632375337156,高风险,0.6237472848234127,高风险,0.6046895435635369,高风险
487.0,4-2,location4,0.2701808574281235,低风险,0.1383578029890525,低风险,0.21599462808202172,低风险,0.36949172894102694,低风险,0.22301692713535584,低风险,0.24128138667070037,低风险
487.0,4-4,location4,0.5546195780840968,中风险,0.5176484080680929,中风险,0.610454707944291,高风险,0.6042320530115661,高风险,0.5865405016874247,中风险,0.5774450563413167,中风险
523.0,4-3,location4,0.19538907386016566,低风险,0.30144631340059685,低风险,0.15137105457331185,低风险,0.22129046021993687,低风险,0.20336815931998542,低风险,0.22470260939794853,低风险
556.0,4-4,location4,0.0,低风险,0.0,低风险,0.0,低风险,0.0,低风险,0.0,低风险,0.0,低风险
559.0,4-1,location4,0.4521586075024656,中风险,0.2441936716635454,低风险,0.5186424864162719,中风险,0.5995576364197677,中风险,0.46408754705885835,中风险,0.454131264833195,中风险
560.0,4-3,location4,0.4673712379633444,中风险,0.22068975867350155,低风险,0.4708633208984073,中风险,0.5662702301677796,中风险,0.4187449904635455,中风险,0.4192744365798961,中风险
564.0,4-3,location4,0.6481235846708733,高风险,0.36528291237235416,低风险,0.7089600630297375,高风险,0.7930121730907627,高风险,0.6359842739559924,高风险,0.6224183828309514,高风险
568.0,4-1,location4,0.3085242613942157,低风险,0.1571533916815619,低风险,0.24414216069404376,低风险,0.3930330356297917,低风险,0.24721377372137657,低风险,0.2647761960017991,低风险
573.0,4-3,location4,0.7049826937325769,高风险,0.39244339808667944,低风险,0.7542267292518667,高风险,0.8201038481327599,高风险,0.6715015450981512,高风险,0.655591325157102,高风险
599.0,4-1,location4,0.7714639325993912,高风险,0.8285636812748748,高风险,0.748896172892347,高风险,0.7855842731632793,高风险,0.7767281042277785,高风险,0.7876813757768337,高风险
599.0,4-3,location4,0.3512042961074305,低风险,0.20144019108905747,低风险,0.35494478506091487,低风险,0.39072258310809044,低风险,0.3177562883478961,低风险,0.31570251975268754,低风险
602.0,4-3,location4,0.3205560292230453,低风险,0.16065265118558145,低风险,0.2559711465853608,低风险,0.4348100719119457,中风险,0.2627727277685478,低风险,0.28381128989429594,低风险
603.0,4-1,location4,0.49528942295452577,中风险,0.25377022869068827,低风险,0.6061205106375551,高风险,0.6792529899285006,高风险,0.5297651835959348,中风险,0.513047909752248,中风险
612.0,4-3,location4,0.34774207569780075,低风险,0.14271081048075782,低风险,0.3860486372832315,低风险,0.49375528699263194,中风险,0.3398834682519697,低风险,0.34083824491887377,低风险
625.0,4-1,location4,0.4716499826714719,中风险,0.2812423724806182,低风险,0.5079726893631903,中风险,0.6527100768793336,高风险,0.48148211164157667,中风险,0.48064171290771396,中风险
628.0,4-5,location4,0.5343802195206518,中风险,0.2731833268323609,低风险,0.48947062282861903,中风险,0.5945048308230152,中风险,0.44708383857494094,中风险,0.45238626016133165,中风险
637.0,4-1,location4,0.7605008093898001,高风险,0.4315673166663687,中风险,0.8141729115270001,高风险,0.8457447460586774,高风险,0.7191011712954833,高风险,0.6971616580840153,高风险
655.0,4-1,location4,0.48654667764850645,中风险,0.3277333559357463,低风险,0.5557255220427337,中风险,0.5471049975826869,中风险,0.4957739524573736,中风险,0.4768546251870556,中风险
659.0,4-3,location4,0.286282846568275,低风险,0.128069472062962,低风险,0.3047201599192024,低风险,0.36538273928600357,低风险,0.26719554593938266,低风险,0.2660574570893893,低风险
675.0,4-1,location4,0.5726155572179913,中风险,0.666235046825305,高风险,0.5535774427486476,中风险,0.6323395853338964,高风险,0.6016531393966204,高风险,0.617384024969283,高风险
679.0,4-1,location4,0.5884468398294642,中风险,0.3179655201527426,低风险,0.6160368494129508,高风险,0.7107872248621305,高风险,0.5550642831840854,中风险,0.5482631981426079,中风险
682.0,4-3,location4,0.20857319526517176,低风险,0.11487079490377437,低风险,0.27719640238988746,低风险,0.2043653451720415,低风险,0.22032419030115752,低风险,0.19881084748856778,低风险
696.0,4-1,location4,0.42423188099638504,中风险,0.23459613088586026,低风险,0.5234411063159797,中风险,0.6038881676159061,高风险,0.46764152664793696,中风险,0.4539751349392487,中风险
703.0,4-1,location4,0.5266044445277411,中风险,0.2555019436162626,低风险,0.5230025564648036,中风险,0.6103185974915496,高风险,0.4639323526193179,中风险,0.46294103252420526,中风险
705.0,4-3,location4,0.19363571699876367,低风险,0.0916567162199965,低风险,0.24024662765373503,低风险,0.17852319799729666,低风险,0.18667097800500737,低风险,0.17014218062367606,低风险
716.0,4-3,location4,0.5708578288110606,中风险,0.2831478599358633,低风险,0.5624737488096455,中风险,0.6337725865869427,高风险,0.49649243155160366,中风险,0.49313139844415044,中风险
719.0,4-3,location4,0.14965271351571305,低风险,0.0708375319742779,低风险,0.1856762806915945,低风险,0.13797289787177505,低风险,0.14426996644043572,低风险,0.13149557017921584,低风险
722.0,4-1,location4,0.58882141640165,中风险,0.29493956475069233,低风险,0.5607561223209335,中风险,0.6617819104258906,高风险,0.5039889544852779,中风险,0.5058258658325056,中风险
739.0,4-5,location4,0.5099409286597891,中风险,0.2444483197865226,低风险,0.5136828262326485,中风险,0.5982629104013941,中风险,0.45385281227480245,中风险,0.45213135214018835,中风险
789.0,4-3,location4,0.25475270556114366,低风险,0.15677211838470995,低风险,0.20316755609368403,低风险,0.3439842843904649,低风险,0.21617961796056756,低风险,0.23464131962295295,低风险
799.0,4-1,location4,0.7628180504511156,高风险,0.7810577289396432,高风险,0.749298687037525,高风险,0.8029801243923792,高风险,0.7679807782863567,高风险,0.7777788467898491,高风险
805.0,4-1,location4,0.41564534067835085,中风险,0.22858628218462532,低风险,0.42146365311542644,中风险,0.4660374086713237,中风险,0.3749174252637432,低风险,0.3720291146571251,低风险
828.0,4-3,location4,0.1386081240172883,低风险,0.065609618337715,低风险,0.17197309916112644,低风险,0.12779029587878254,低风险,0.13362263156188156,低风险,0.121791004459208,低风险
830.0,4-1,location4,0.5326103351644503,中风险,0.27664061835181597,低风险,0.6599297633011963,高风险,0.7663885246028419,高风险,0.5837526247436505,中风险,0.5676529687519514,中风险
867.0,4-3,location4,0.28032917026392173,低风险,0.13554456770786852,低风险,0.2249262774679898,低风险,0.39241034298044764,低风险,0.23152457917316724,低风险,0.25096039605210196,低风险
882.0,4-3,location4,0.38156692442252643,低风险,0.4061605367018756,中风险,0.29866037626935604,低风险,0.45851119509396576,中风险,0.3551885595812925,低风险,0.3877773693550658,低风险
893.0,4-1,location4,0.5412859205106213,中风险,0.4649278274078452,中风险,0.6482348252457446,高风险,0.6848944528092462,高风险,0.611505475162415,高风险,0.599352368487612,中风险
919.0,4-3,location4,0.30843308556562643,低风险,0.16569017853902268,低风险,0.3894351739857459,低风险,0.4448513716493728,中风险,0.34448345853068935,低风险,0.3333255747247138,低风险
921.0,4-1,location4,0.394486199314167,低风险,0.186262912822369,低风险,0.3825822394532354,低风险,0.4960693021641438,中风险,0.3490569980129541,低风险,0.3549714848132494,低风险
942.0,4-3,location4,0.16419860701869202,低风险,0.04922902431443887,低风险,0.14463158961046443,低风险,0.37675732141390283,低风险,0.1643438342031344,低风险,0.1902059784462687,低风险
977.0,4-1,location4,0.22415451747354573,低风险,0.11489806957721488,低风险,0.17707086378083636,低风险,0.28204573098483227,低风险,0.17892413386264167,低风险,0.19133822144762783,低风险
992.0,4-5,location4,0.5636867077853276,中风险,0.31539930185504017,低风险,0.6101666426067314,高风险,0.6439471594161158,高风险,0.5389236994699625,中风险,0.5231710346259625,中风险
1046.0,4-1,location4,0.3674921775724055,低风险,0.17913502187794572,低风险,0.3643706425857219,低风险,0.42216510006595054,中风险,0.32288876100737607,低风险,0.32189025484320605,低风险
1089.0,4-1,location4,0.5777261104509814,中风险,0.2863631343430952,低风险,0.5698651176393851,中风险,0.6416712216110033,高风险,0.5028087744504093,中风险,0.4992998245311611,中风险
1199.0,4-5,location4,0.24081980834360933,低风险,0.11315211774991124,低风险,0.19463018649852365,低风险,0.35312236361604615,低风险,0.20202642787719577,低风险,0.220301555954827,低风险
1230.0,4-5,location4,0.4123619268804446,中风险,0.23273231214467208,低风险,0.5201205022468001,中风险,0.5111135209036991,中风险,0.44580625773817184,中风险,0.421322111765057,中风险
1248.0,4-5,location4,0.6532986702841287,高风险,0.353239498947841,低风险,0.7348104315581908,高风险,0.8470848324276835,高风险,0.6581505576978148,高风险,0.6450449209779051,高风险
1259.0,4-5,location4,0.5565085658536728,中风险,0.30684907667307637,低风险,0.6385914298941423,高风险,0.7359542026513608,高风险,0.573073634449004,中风险,0.5604649030728599,中风险
1465.0,4-5,location4,0.31554463279371037,低风险,0.19583866886607906,低风险,0.36937203884079284,低风险,0.4534690929385865,中风险,0.3455350488424433,低风险,0.3395599335484861,低风险
1539.0,4-5,location4,0.2025814757705744,低风险,0.0858453157227871,低风险,0.16771556045086133,低风险,0.342541142556376,低风险,0.1788443936474108,低风险,0.19870067291000815,低风险
1568.0,4-5,location4,0.5362033557826787,中风险,0.3637055735760325,低风险,0.6568086404163233,高风险,0.6620593435685658,高风险,0.5852213154397906,中风险,0.5608578525203071,中风险
1595.0,4-5,location4,0.19319396656721863,低风险,0.11206704453001885,低风险,0.26322137350066704,低风险,0.19353307218922391,低风险,0.2108362224684567,低风险,0.1896071634066366,低风险
1606.0,4-5,location4,0.42219775590622116,中风险,0.2274309963341955,低风险,0.5323922306133048,中风险,0.6057862664440904,高风险,0.47056873811309846,中风险,0.45520316446386355,中风险
1707.0,4-5,location4,0.21847585810128345,低风险,0.1018517852649621,低风险,0.17724977326200192,低风险,0.328126393211875,低风险,0.1850120223135599,低风险,0.20240931724627964,低风险
1811.0,4-5,location4,0.3693290024619661,低风险,0.1886833955172785,低风险,0.4434328780385532,中风险,0.5967759295851714,中风险,0.41015311347420774,中风险,0.40963073438033437,中风险
2014.0,4-5,location4,0.5684447951505583,中风险,0.2840739212886159,低风险,0.5389412478828154,中风险,0.6453602599782832,高风险,0.486379396220307,中风险,0.4894584763832382,中风险
2023.0,4-5,location4,0.3586803264810693,低风险,0.16827546176152675,低风险,0.36646763193653903,低风险,0.4342535394129732,中风险,0.32377535413574593,低风险,0.32299887770367963,低风险
2068.0,4-5,location4,0.8110433569694048,高风险,0.4681578368179637,中风险,0.853274511896489,高风险,0.9311793662892246,高风险,0.767897035572831,高风险,0.7508705716678924,高风险
2098.0,4-5,location4,0.3284477278151467,低风险,0.1639945434789971,低风险,0.26132072945764606,低风险,0.4345213181724093,中风险,0.2663282516382197,低风险,0.2866121970363508,低风险
2125.0,4-5,location4,0.4126167269809756,中风险,0.22454251876015596,低风险,0.42987383660893613,中风险,0.43226045921403466,中风险,0.37160905703435654,低风险,0.3622256048610422,低风险
2141.0,4-5,location4,0.26834231960728466,低风险,0.17134235551074686,低风险,0.3835009051791731,低风险,0.2805399649232747,低风险,0.3115515956642943,低风险,0.2784610752043982,低风险
2193.0,4-5,location4,0.4153429976084482,中风险,0.1955700191830243,低风险,0.4179300862401759,中风险,0.5068365428921101,中风险,0.37243337783786507,低风险,0.3734455494384368,低风险
2317.0,4-5,location4,0.509953726403152,中风险,0.3231245226882556,低风险,0.5358357048029988,中风险,0.6042935818327563,高风险,0.4975228340613294,中风险,0.48775126977467015,中风险
2320.0,4-5,location4,0.13938373740124785,低风险,0.05585915116526761,低风险,0.11676394781904945,低风险,0.2512939548521144,低风险,0.1261051797932423,低风险,0.14130568461214382,低风险
2325.0,4-5,location4,0.3232526532137374,低风险,0.22813354473651842,低风险,0.3694621607368545,低风险,0.4018384711154293,中风险,0.34095305595985753,低风险,0.3331447255296007,低风险
2486.0,4-5,location4,0.21297477147981625,低风险,0.10081078271148067,低风险,0.26424087155200515,低风险,0.19635291405233365,低风险,0.20531444042828156,低风险,0.18713485610527314,低风险
2658.0,4-5,location4,0.06759260796404873,低风险,0.028457623574573484,低风险,0.05603848554794141,低风险,0.11519310856281198,低风险,0.059848999391368916,低风险,0.06656307256177563,低风险
3125.0,4-5,location4,0.4184776450758054,中风险,0.2743372826416883,低风险,0.6062008085371812,高风险,0.4428310874653674,中风险,0.4943658644772118,中风险,0.44112305954807896,中风险
3191.0,4-5,location4,0.603098541953692,高风险,0.3446875754963052,低风险,0.7007147889832588,高风险,0.7415943112250092,高风险,0.6182737649053633,高风险,0.5956655585681909,中风险
3216.0,4-5,location4,0.6116751348433604,高风险,0.34491517708212677,低风险,0.7258347436490731,高风险,0.7296475181473322,高风险,0.6288731857468316,高风险,0.6001324796261773,高风险
3454.0,4-5,location4,0.4639187398011876,中风险,0.21826511780876912,低风险,0.4314938444130801,中风险,0.6099842983633491,高风险,0.40568632163061663,中风险,0.4199144201950661,中风险
3577.0,4-5,location4,0.611951616778063,高风险,0.3498227940649986,低风险,0.6491695960629491,高风险,0.7069350143775573,高风险,0.5819845040734709,中风险,0.5686424681685016,中风险
3637.0,4-5,location4,0.6918803467970013,高风险,0.393267489768251,低风险,0.7326168285775405,高风险,0.7787927361615308,高风险,0.6519575483179476,高风险,0.6348923515024407,高风险
3762.0,4-5,location4,0.639573796813554,高风险,0.7561630630563827,高风险,0.5755531325149584,中风险,0.6412949559448229,高风险,0.6363025921618435,高风险,0.6576703838387213,高风险
3938.0,4-5,location4,0.4141117107374572,中风险,0.2663893403364522,低风险,0.5939961292477592,中风险,0.4343558536436709,中风险,0.4830808856477602,中风险,0.4315804410759607,中风险
4178.0,4-5,location4,0.6560771646809432,高风险,0.5533575136779925,中风险,0.5867800730146501,中风险,0.7019399534506935,高风险,0.5940190310580054,中风险,0.6140258467144454,高风险
4180.0,4-5,location4,0.5233369101623563,中风险,0.260475784678262,低风险,0.4995756978756233,中风险,0.595706806766251,中风险,0.4496625377353076,中风险,0.45191942977337873,中风险
16.0,4-1,location4,0.4861502076980888,中风险,0.22828386924040225,低风险,0.48301567731595163,中风险,0.6041080615335238,高风险,0.43461935385387773,中风险,0.4384692026966259,中风险
20.0,4-2,location4,0.12363107889207904,低风险,0.10933485555050629,低风险,0.21136057852906007,低风险,0.15197620162063355,低风险,0.1797866563964054,低风险,0.15755721190006663,低风险
24.0,4-3,location4,0.22586213062691954,低风险,0.09348675093358377,低风险,0.18793934975283105,低风险,0.3927370610815431,低风险,0.20151548363916952,低风险,0.22472105392265265,低风险
26.0,4-1,location4,0.49472344796151796,中风险,0.510154584046179,中风险,0.5512903089883894,中风险,0.6280514689338659,高风险,0.5583831119255624,中风险,0.563165453989478,中风险
30.0,4-2,location4,0.5772386372784011,中风险,0.3230564487638324,低风险,0.660414771339343,高风险,0.7284336418427356,高风险,0.5875179425791163,中风险,0.5706349539819703,中风险
31.0,4-3,location4,0.07456346932053305,低风险,0.03529432923748334,低风险,0.09251197210964535,低风险,0.06874407884656873,低风险,0.07188155138547676,低风险,0.06551679339789913,低风险
42.0,4-3,location4,0.2817050949684932,低风险,0.18658612701201355,低风险,0.4102546602324515,中风险,0.2995282300671854,低风险,0.33507016435296083,低风险,0.29878967243721677,低风险
45.0,4-2,location4,0.24408060375413584,低风险,0.10081550338486639,低风险,0.27230899400243835,低风险,0.3414530868422668,低风险,0.2384273190100832,低风险,0.23819252807652386,低风险
45.0,4-4,location4,0.1594372933658399,低风险,0.07546902492689624,低风险,0.19781615007331954,低风险,0.14699382909757627,低风险,0.1537026120199851,低风险,0.1400930013659307,低风险
72.0,4-4,location4,0.31471441309944104,低风险,0.20324755766681069,低风险,0.4523923576909611,中风险,0.3307363627849419,低风险,0.36812846031037544,低风险,0.3287920927142379,低风险
74.0,4-5,location4,0.2703224386553725,低风险,0.18209299528421782,低风险,0.3971528354535334,低风险,0.2897029914335534,低风险,0.32516408247000317,低风险,0.2896496073904348,低风险
80.0,4-4,location4,0.2856817821108025,低风险,0.12686642309556118,低风险,0.23408911248585337,低风险,0.45541563593288825,中风险,0.24683732248163867,低风险,0.2721237238381009,低风险
91.0,4-3,location4,0.5057912442501017,中风险,0.23402125692585485,低风险,0.49126343427285135,中风险,0.6609911838350028,高风险,0.4517236654643794,中风险,0.4620919583445697,中风险
103.0,4-2,location4,0.5168696420048091,中风险,0.6949442167044743,高风险,0.6109238452287206,高风险,0.44803677319266505,中风险,0.6053833486449522,高风险,0.5846349450419533,中风险
122.0,4-4,location4,0.2601941536318789,低风险,0.10652035920334973,低风险,0.2883135465206475,低风险,0.37151772132664157,低风险,0.2543696801123871,低风险,0.2554505423502129,低风险
126.0,4-3,location4,0.3320727121335303,低风险,0.5472076235734743,中风险,0.3569677580652156,低风险,0.35955427516566085,低风险,0.4126577080136485,中风险,0.4212432189347836,中风险
135.0,4-1,location4,0.31121789974803876,低风险,0.4891987572411788,中风险,0.24687265390513968,低风险,0.41931978471817777,中风险,0.3430598534956515,低风险,0.3851303986214987,低风险
141.0,4-1,location4,0.3025781030580809,低风险,0.27505940069596935,低风险,0.2433170390441229,低风险,0.43597525666605524,中风险,0.2872609715037032,低风险,0.31811723213538246,低风险
142.0,4-5,location4,0.39024607705104886,低风险,0.22706171058416463,低风险,0.5199691035246351,中风险,0.5075852561974488,中风险,0.4455534149619253,中风险,0.4182053567687495,中风险
149.0,4-5,location4,0.29987053843079153,低风险,0.16338846374568014,低风险,0.368320165024435,低风险,0.5541481637755232,中风险,0.3571239242481681,低风险,0.3619522641818794,低风险
152.0,4-1,location4,0.6098730567979878,高风险,0.29648473151860194,低风险,0.5669432423246055,中风险,0.7507885111178,高风险,0.5253401766543038,中风险,0.5380721616536691,中风险
154.0,4-2,location4,0.77656105941577,高风险,0.4275505167945231,中风险,0.8638504533775384,高风险,0.9572986800229527,高风险,0.7686915948673914,高风险,0.7495665500650046,高风险
157.0,4-2,location4,0.2614322610652765,低风险,0.15471143533366363,低风险,0.35968620586171823,低风险,0.2641798844961606,低风险,0.2889566167349786,低风险,0.2595258418971808,低风险
175.0,4-4,location4,0.30580014979251013,低风险,0.5688456283944231,中风险,0.35683600999514536,低风险,0.25914040633377605,低风险,0.40043569844192367,中风险,0.39494068157444817,低风险
181.0,4-1,location4,0.7879634578918433,高风险,0.7969793381867203,高风险,0.8038603712411048,高风险,0.8347850455232915,高风险,0.8090179615592509,高风险,0.8118749183170387,高风险
183.0,4-3,location4,0.22364002312769476,低风险,0.10629870803259982,低风险,0.1832534148906405,低风险,0.35686852384482354,低风险,0.19517844684105914,低风险,0.2154735489226879,低风险
184.0,4-1,location4,0.6557357294793309,高风险,0.3781440774133244,低风险,0.7230979161892268,高风险,0.7553017473642903,高风险,0.6401079501055894,高风险,0.6188479136556139,高风险
184.0,4-4,location4,0.329319609086206,低风险,0.20242681187930198,低风险,0.45494182499738506,中风险,0.401033207470721,中风险,0.3831461918599694,低风险,0.3528006147824694,低风险
187.0,4-1,location4,0.4452710695118884,中风险,0.23081029241715742,低风险,0.5490704309668694,中风险,0.6690565995504006,高风险,0.49268481530953107,中风险,0.48297910764480917,中风险
193.0,4-4,location4,0.29879415833732614,低风险,0.20362541559970018,低风险,0.4416678303507992,中风险,0.32197565777866777,低风险,0.3622187907348876,低风险,0.32242296790972236,低风险
195.0,4-3,location4,0.5403829211358832,中风险,0.2563244503213704,低风险,0.5138136000624004,中风险,0.6856795090254764,高风险,0.4741450993914822,中风险,0.4852725198030824,中风险
205.0,4-4,location4,0.49974437331561894,中风险,0.2654135920407478,低风险,0.5135765265208496,中风险,0.6455121620964264,高风险,0.47355455990070244,中风险,0.4748340935526746,中风险
208.0,4-3,location4,0.7154582767715768,高风险,0.379671393148767,低风险,0.7438427392976882,高风险,0.8681103927078839,高风险,0.6701960122964346,高风险,0.6638748417181131,高风险
218.0,4-4,location4,0.5714110040790882,中风险,0.3282815780473194,低风险,0.729477898176016,高风险,0.7329958503155484,高风险,0.6304341951343995,高风险,0.596918442179628,中风险
224.0,4-1,location4,0.41908906582045496,中风险,0.43250834750415035,中风险,0.5487482289600583,中风险,0.4014785601066904,中风险,0.494922847896869,中风险,0.4609117121902997,中风险
226.0,4-4,location4,0.4896493336613183,中风险,0.25256745202927683,低风险,0.6027610283379707,高风险,0.7311937768276048,高风险,0.5397154517379911,中风险,0.5288407523982841,中风险
227.0,4-1,location4,0.6625437424923826,高风险,0.3214911127187552,低风险,0.6220705274193885,高风险,0.8113667213089432,高风险,0.5730294063903604,中风险,0.5849761204823622,中风险
233.0,4-4,location4,0.11272869844477483,低风险,0.03379763042716387,低风险,0.09929518372181104,低风险,0.258658482210474,低风险,0.11282840252739915,低风险,0.13058376545314962,低风险
261.0,4-3,location4,0.6846882655751315,高风险,0.7367086767613217,高风险,0.748100963628821,高风险,0.866872796055594,高风险,0.7718572439082495,高风险,0.7838941454819123,高风险
262.0,4-4,location4,0.6013823100359873,高风险,0.2885707974640023,低风险,0.5804790795795122,中风险,0.7347004112773989,高风险,0.5274957980690046,中风险,0.5345834294403045,中风险
270.0,4-4,location4,0.48828650471562784,中风险,0.26275032341956284,低风险,0.5959101950184886,中风险,0.6822068246187688,高风险,0.5280587641276782,中风险,0.5136224476856067,中风险
274.0,4-3,location4,0.2852315118924966,低风险,0.12569608914025918,低风险,0.23407893487264322,低风险,0.4587823413164092,中风险,0.24721206129099266,低风险,0.2728524551097705,低风险
288.0,4-1,location4,0.41751113759547726,中风险,0.2435212928411823,低风险,0.5611363690259018,中风险,0.5049002811294725,中风险,0.47112962914566614,中风险,0.4365193143321855,中风险
288.0,4-2,location4,0.4222270055267514,中风险,0.2381160789416236,低风险,0.5514325182290091,中风险,0.5670212145250686,中风险,0.4768700377243712,中风险,0.4521899372319004,中风险
290.0,4-3,location4,0.6986647838678379,高风险,0.3482051355359937,低风险,0.6601324298297896,高风险,0.8010505250362969,高风险,0.597908412788247,中风险,0.60312936346736,高风险
294.0,4-3,location4,0.70637919225995,高风险,0.40188225541613554,中风险,0.8012806997776651,高风险,0.8586662751032262,高风险,0.7102153414948021,高风险,0.687276410099009,高风险
296.0,4-4,location4,0.0,低风险,0.0,低风险,0.0,低风险,0.0,低风险,0.0,低风险,0.0,低风险
297.0,4-3,location4,0.09031624698451846,低风险,0.027078066005051932,低风险,0.07955355167864003,低风险,0.20723261854572286,低风险,0.09039612813879325,低风险,0.1046214120764716,低风险
303.0,4-2,location4,0.26864873879189205,低风险,0.12893533857439354,低风险,0.2171829444332111,低风险,0.39476726467132645,低风险,0.2263024591876796,低风险,0.24696184922631031,低风险
303.0,4-5,location4,0.2711706309714087,低风险,0.5136757130430855,中风险,0.31128398923632167,低风险,0.22617606741338747,低风险,0.35371769049503776,低风险,0.35037858989759824,低风险
307.0,4-1,location4,0.4939286941506801,中风险,0.2347362806780965,低风险,0.47744688269902863,中风险,0.6148435331756318,高风险,0.43532523456763816,中风险,0.4423422321842523,中风险
312.0,4-2,location4,0.3151611202615695,低风险,0.19674316960417215,低风险,0.4452851079851983,中风险,0.3261267760555852,低风险,0.36054967314026953,低风险,0.3227183512149852,低风险
321.0,4-1,location4,0.6936776264497865,高风险,0.3867824259489794,低风险,0.7297298834881996,高风险,0.8400795410124656,高风险,0.6613366951047296,高风险,0.6521972834832148,高风险
332.0,4-1,location4,0.49879985976515123,中风险,0.30029848763026745,低风险,0.4972295792740334,中风险,0.6122872579018543,高风险,0.47016386179806113,中风险,0.46993844160205167,中风险
339.0,4-1,location4,0.28153588011490766,低风险,0.1793963549822935,低风险,0.4019339313273762,中风险,0.29405631772422425,低风险,0.32642790846323466,低风险,0.29179553467796465,低风险
339.0,4-2,location4,0.8047510436031586,高风险,0.4594702359140863,中风险,0.8780245911728282,高风险,0.9430883165891412,高风险,0.7821049915579981,高风险,0.7601943812253518,高风险
342.0,4-5,location4,0.07057321629176978,低风险,0.021158831026990302,低风险,0.06216323415605977,低风险,0.1619317996444657,低风险,0.07063563551496047,低风险,0.08175128827583858,低风险
343.0,4-1,location4,0.6203817574853904,高风险,0.3494811221724642,低风险,0.6764579549304691,高风险,0.7594902659519667,高风险,0.6081588846137944,高风险,0.5951431143516334,中风险
350.0,4-2,location4,0.2878880372173553,低风险,0.17567443582988343,低风险,0.39350280944656196,低风险,0.37501245665891253,低风险,0.3375312149822331,低风险,0.3147299006451193,低风险
354.0,4-4,location4,0.4137166124246897,中风险,0.23306654315750988,低风险,0.5379512357787343,中风险,0.574717051590404,中风险,0.4700940979745914,中风险,0.4485782768422161,中风险
385.0,4-1,location4,0.24556039780895053,低风险,0.4536737641057359,中风险,0.19012997759610475,低风险,0.2804614703790002,低风险,0.2760812687267239,低风险,0.308088404026947,低风险
391.0,4-4,location4,0.0056830271130877815,低风险,0.015160495379550288,低风险,0.004079265016888587,低风险,0.003020153301672575,低风险,0.006761029320517755,低风险,0.007419971232703818,低风险
427.0,4-1,location4,0.8012429371402902,高风险,0.4622873880429902,中风险,0.8810583970230117,高风险,0.9551798402975601,高风险,0.7880325284999576,高风险,0.7661752084545206,高风险
428.0,4-2,location4,0.4959058486708652,中风险,0.2629750285103416,低风险,0.6196681655014056,高风险,0.7364980954443219,高风险,0.553648438558471,中风险,0.539713763152023,中风险
428.0,4-3,location4,0.5886117004291936,中风险,0.33640579994138964,低风险,0.6749732636783233,高风险,0.7233195093398415,高风险,0.5982626728574538,中风险,0.5782328576531848,中风险
438.0,4-2,location4,0.49002971990422917,中风险,0.29531257409008504,低风险,0.4971973737987427,中风险,0.6146870377176852,高风险,0.4698931722526465,中风险,0.46906566186883764,中风险
446.0,4-4,location4,0.4624690550855632,中风险,0.25581148812723464,低风险,0.5597773638871311,中风险,0.6093873850250263,高风险,0.4927312272373228,中风险,0.4749920790131307,中风险
448.0,4-4,location4,0.6141523585805794,高风险,0.4555095493051215,中风险,0.6995770225108181,高风险,0.8464928943610454,高风险,0.667972362761775,高风险,0.6671931553923283,高风险
460.0,4-2,location4,0.19201195136241508,低风险,0.09088811304881847,低风险,0.23823199820272703,低风险,0.17702616099042612,低风险,0.18510561638636525,低风险,0.16871542408065718,低风险
464.0,4-3,location4,0.2880001105971896,低风险,0.18417908990270668,低风险,0.4119197140997606,中风险,0.3013042647027518,低风险,0.3347144133437881,低风险,0.299134356235073,低风险
469.0,4-3,location4,0.6061097309533329,高风险,0.2883311492039689,低风险,0.5972991809763707,中风险,0.7390978395593183,高风险,0.5373416751347576,中风险,0.541576056579886,中风险
489.0,4-4,location4,0.5047002285352734,中风险,0.26073765857235415,低风险,0.48129281679428115,中风险,0.6030260153808341,高风险,0.44173545996550434,中风险,0.44835216358248986,中风险
499.0,4-4,location4,0.5311344072401712,中风险,0.43917060348207343,中风险,0.6220639182871309,高风险,0.6374075875555202,高风险,0.5804625323986085,中风险,0.5662140364415749,中风险
505.0,4-4,location4,0.6125403910536962,高风险,0.35874873382014777,低风险,0.6848881719970913,高风险,0.7174152821583657,高风险,0.6080264533273736,高风险,0.5870173959918683,中风险
506.0,4-3,location4,0.48129076543427673,中风险,0.28338367544510723,低风险,0.5542824744962375,中风险,0.6292358700426192,高风险,0.502120830682539,中风险,0.48896733999465464,中风险
507.0,4-3,location4,0.5020801101350114,中风险,0.4168397959599209,中风险,0.4682450293200849,中风险,0.5685386057187573,中风险,0.46959572340850075,中风险,0.48454114366625434,中风险
508.0,4-3,location4,0.4853655929132724,中风险,0.25398920748384546,低风险,0.5335436967277943,中风险,0.6710626380377958,高风险,0.4880728791129172,中风险,0.4861985140831452,中风险
508.0,4-4,location4,0.33242348082837786,低风险,0.15821201424847142,低风险,0.2678018157143201,低风险,0.4776118162821037,中风险,0.2769508414667624,低风险,0.3012085487482984,低风险
515.0,4-4,location4,0.30839635469607396,低风险,0.14097072227272459,低风险,0.25092541964808074,低风险,0.47136738583251786,中风险,0.2624634389467584,低风险,0.2877545092511077,低风险
522.0,4-3,location4,0.32216123285181075,低风险,0.16105121274405995,低风险,0.2562355282586346,低风险,0.4252522933172026,中风险,0.26104448183528867,低风险,0.280846344773299,低风险
525.0,4-5,location4,0.0,低风险,0.0,低风险,0.0,低风险,0.0,低风险,0.0,低风险,0.0,低风险
534.0,4-3,location4,0.30211771626437744,低风险,0.5531219979763544,中风险,0.3134512992412165,低风险,0.22994384765701897,低风险,0.3621428387490015,低风险,0.36550571495819667,低风险
535.0,4-3,location4,0.6390390191967602,高风险,0.3192606389253739,低风险,0.6002674030203813,高风险,0.7344726042354376,高风险,0.5455367093969523,中风险,0.5513335487270642,中风险
554.0,4-3,location4,0.5620626145570716,中风险,0.3115362425399967,低风险,0.6464510117560393,高风险,0.734133059071035,高风险,0.5784087979912316,中风险,0.5640401044556903,中风险
582.0,4-3,location4,0.4875133189964347,中风险,0.26354283626868963,低风险,0.5771635777145679,中风险,0.65596756638552,高风险,0.5127975470490768,中风险,0.4988913267895925,中风险
598.0,4-3,location4,0.25313218397452536,低风险,0.15610819869071865,低风险,0.35546364213269227,低风险,0.260509527158662,低风险,0.2873064536922006,低风险,0.2573604559940243,低风险
598.0,4-5,location4,0.37902480147750717,低风险,0.19440135705428313,低风险,0.46849287926820143,中风险,0.5357471414298625,中风险,0.41168701698903937,中风险,0.399547125917449,低风险
605.0,4-1,location4,0.7039240313042385,高风险,0.49875089250657006,中风险,0.7324247503213328,高风险,0.8249498170385191,高风险,0.6898285435735823,高风险,0.6853751532888073,高风险
617.0,4-3,location4,0.0,低风险,0.0,低风险,0.0,低风险,0.0,低风险,0.0,低风险,0.0,低风险
641.0,4-5,location4,0.3124058376720317,低风险,0.19812859979345607,低风险,0.374623524293835,低风险,0.4630617488483376,中风险,0.3481525748414854,低风险,0.34527129097854287,低风险
662.0,4-1,location4,0.32111436065634014,低风险,0.19235844843110458,低风险,0.42314879839954567,中风险,0.4078879497213167,中风险,0.36385466011808504,低风险,0.34113173218398896,低风险
667.0,4-1,location4,0.40827978798190706,中风险,0.4563452685281336,中风险,0.5142929797867186,中风险,0.3768663860842267,低风险,0.4763028902553039,中风险,0.4491682114663596,中风险
668.0,4-1,location4,0.5754749839527654,中风险,0.5807985830648549,中风险,0.6572522245919273,高风险,0.715484052708318,高风险,0.6524673393517687,高风险,0.6511782867883668,高风险
693.0,4-1,location4,0.2846181590377957,低风险,0.1136983810354549,低风险,0.2999654447781237,低风险,0.44167231659030387,中风险,0.27629040946597067,低风险,0.28511204746796087,低风险
701.0,4-3,location4,0.2494473922746625,低风险,0.1357672686867026,低风险,0.3175229004029615,低风险,0.3559748702463334,低风险,0.27987632787974187,低风险,0.2697550131119992,低风险
705.0,4-1,location4,0.629106413091692,高风险,0.4931146278826827,中风险,0.541107928752695,中风险,0.6848199801049527,高风险,0.5502270587142258,中风险,0.5730141789134434,中风险
726.0,4-3,location4,0.47443927224999544,中风险,0.2409671520607985,低风险,0.576281484212898,中风险,0.713157972146101,高风险,0.517993312318338,中风险,0.5101355361399325,中风险
727.0,4-1,location4,0.451451186766483,中风险,0.2915635627900472,低风险,0.5080262319097528,中风险,0.6293386040967458,高风险,0.48109606778172426,中风险,0.47630946626551524,中风险
812.0,4-3,location4,0.2125823109474145,低风险,0.3792265801117268,低风险,0.25707968840972556,低风险,0.18649168846503453,低风险,0.2807753469731724,低风险,0.2742659856621623,低风险
812.0,4-5,location4,0.3668030169172708,低风险,0.5343939737973502,中风险,0.3479378149634054,低风险,0.4864208897855367,中风险,0.4262743803437011,中风险,0.45625089284876413,中风险
820.0,4-1,location4,0.2528704152635633,低风险,0.24120693719116845,低风险,0.3525648755659703,低风险,0.25700504728578993,低风险,0.30983221669582195,低风险,0.2835922866809762,低风险
840.0,4-1,location4,0.8046726327381952,高风险,0.46718405483524256,中风险,0.9358050309943593,高风险,0.9308013659131786,高风险,0.8150756720443052,高风险,0.7779301505809268,高风险
857.0,4-1,location4,0.1408722194482856,低风险,0.06668131913563771,低风险,0.17478219502636294,低风险,0.12987768741572348,低风险,0.13580529142934616,低风险,0.12378040052590804,低风险
869.0,4-1,location4,0.7760458932925977,高风险,0.43095828966093663,中风险,0.8800797675316625,高风险,1.0040163570977498,高风险,0.7896936270103017,高风险,0.7716848047634497,高风险
881.0,4-5,location4,0.7806321956326574,高风险,0.432218052589623,中风险,0.8546539893998731,高风险,0.9578337207708025,高风险,0.7648482312484223,高风险,0.748235254253433,高风险
888.0,4-1,location4,0.5413747980097755,中风险,0.31186270268780425,低风险,0.655314897471317,高风险,0.6683812823083707,高风险,0.5714573231683331,中风险,0.5451862941558305,中风险
888.0,4-3,location4,0.1005275679015359,低风险,0.08890294587619535,低风险,0.17186265055840513,低风险,0.12357570656786193,低风险,0.14618909315235057,低风险,0.12811376766748747,低风险
895.0,4-1,location4,0.5652556889938024,中风险,0.6860156645171236,高风险,0.5911285320199949,中风险,0.7128292645549472,高风险,0.6427222412274483,高风险,0.6633244870306886,高风险
901.0,4-3,location4,0.0,低风险,0.0,低风险,0.0,低风险,0.0,低风险,0.0,低风险,0.0,低风险
934.0,4-3,location4,0.12199360525655163,低风险,0.10788673307990619,低风险,0.20856114186610514,低风险,0.14996330142101125,低风险,0.17740541122320969,低风险,0.15547039212234084,低风险
948.0,4-1,location4,0.4290233651252678,中风险,0.18939447864093142,低风险,0.4561905906384955,中风险,0.5617621987827724,中风险,0.4023725085824463,中风险,0.4024490893540664,中风险
961.0,4-1,location4,0.7483744941425853,高风险,0.4339500721385245,中风险,0.8391264296664656,高风险,0.892489190449914,高风险,0.7461245041442959,高风险,0.7218552307516347,高风险
969.0,4-1,location4,0.34989842927177467,低风险,0.17656713761030976,低风险,0.4278496735533653,中风险,0.5048325161908913,中风险,0.3786133012262997,低风险,0.36974977578485546,低风险
1059.0,4-1,location4,0.5057264638104594,中风险,0.32480001899629074,低风险,0.513034165372552,中风险,0.6133180011315238,高风险,0.4782160008640716,中风险,0.4837173951667888,中风险
1068.0,4-1,location4,0.5742488789363114,中风险,0.26940038443146463,低风险,0.5635094399560806,中风险,0.7234943543905088,高风险,0.511505774373611,中风险,0.518801392926018,中风险
1073.0,4-1,location4,0.3463192592028722,低风险,0.19457855872970892,低风险,0.43371078670008956,中风险,0.6292646316779417,高风险,0.4170025269646204,中风险,0.41918465903591334,中风险
1077.0,4-1,location4,0.7038954164352732,高风险,0.3832008229454112,低风险,0.7571319014133933,高风险,0.8659983607878505,高风险,0.6800461792563645,高风险,0.6687770283822183,高风险
1084.0,4-5,location4,0.5084530091609996,中风险,0.2703677719603437,低风险,0.5809555244016937,中风险,0.7069077261048995,高风险,0.5262941578922246,中风险,0.5194103408223122,中风险
1200.0,4-5,location4,0.8743242847546274,高风险,0.5688589972057262,中风险,0.9476798165959219,高风险,1.0101379430600277,高风险,0.8619227776579602,高风险,0.8422255856205586,高风险
1481.0,4-5,location4,0.18583289940219858,低风险,0.0720005189005904,低风险,0.19746105396936742,低风险,0.29758822193901746,低风险,0.18253879661149744,低风险,0.18901659826965841,低风险
1881.0,4-5,location4,0.390600584936414,低风险,0.1705464848857298,低风险,0.39519470434913895,低风险,0.5460909224243958,中风险,0.3619343955834444,低风险,0.37061070388642153,低风险
2037.0,4-5,location4,0.7531494684901544,高风险,0.41553923236887824,中风险,0.8518076779432191,高风险,0.946452317534968,高风险,0.7577749975953021,高风险,0.7379330759490217,高风险
2041.0,4-5,location4,0.7322483555440901,高风险,0.3990404598883233,低风险,0.8438822812659309,高风险,0.964713489890676,高风险,0.7537597756942748,高风险,0.7358787436816434,高风险
2101.0,4-5,location4,0.43447868269761164,中风险,0.26495981128251056,低风险,0.5305074978750587,中风险,0.6642300638407149,高风险,0.49176963041334315,中风险,0.48656579099942804,中风险
2104.0,4-5,location4,0.3397562105126917,低风险,0.1933613620151888,低风险,0.44818139411748353,中风险,0.4346158910783493,中风险,0.3820790782980555,低风险,0.35871954907034054,低风险
2107.0,4-5,location4,0.3562117946149768,低风险,0.19707316344556197,低风险,0.4554292143376819,中风险,0.5259575087919571,中风险,0.4059494978014721,中风险,0.39281996219173365,低风险
2120.0,4-5,location4,0.5908759182598191,中风险,0.33176700270939846,低风险,0.676880148151305,高风险,0.7426808652935156,高风险,0.6016337498740337,高风险,0.5837760053847396,中风险
2198.0,4-5,location4,0.11972524538653521,低风险,0.03589529243396655,低风险,0.10545797477311297,低风险,0.27471221331566054,低风险,0.1198311376386673,低风险,0.13868849350758003,低风险
2222.0,4-5,location4,0.3375018464256718,低风险,0.5554687897397673,中风险,0.32444362432380763,低风险,0.24073698674442362,低风险,0.3660560628511811,低风险,0.3735498002693329,低风险
2278.0,4-5,location4,0.4133111918744801,中风险,0.3365474536372625,低风险,0.4680642667721588,中风险,0.5471954717418211,中风险,0.44997255806805636,中风险,0.45060239738374747,中风险
2291.0,4-5,location4,0.2729937521112305,低风险,0.17804263054114308,低风险,0.3944039769901255,低风险,0.288191927694265,低风险,0.32140076179804244,低风险,0.28687951174184456,低风险
2363.0,4-5,location4,0.7585619907797576,高风险,0.42954912655675936,中风险,0.8299725372997583,高风险,0.9229958600296165,高风险,0.7448082622510472,高风险,0.727505841295378,高风险
2419.0,4-5,location4,0.6551719504200626,高风险,0.36282321071803714,低风险,0.7538832125205858,高风险,0.814779058261366,高风险,0.6651451383692174,高风险,0.6438284938333296,高风险
2428.0,4-5,location4,0.2701263986041554,低风险,0.15983566173736635,低风险,0.3624098481223975,低风险,0.329683437631784,低风险,0.3057792225968427,低风险,0.2839763158305159,低风险
2480.0,4-5,location4,0.2773943434079954,低风险,0.12098079768313716,低风险,0.3227592675376009,低风险,0.3373933906486372,低风险,0.269609173754536,低风险,0.2603778186231251,低风险
2504.0,4-5,location4,0.253029338595689,低风险,0.44414271763721297,中风险,0.31001823295252584,低风险,0.22480672009999322,低风险,0.3352707265035849,低风险,0.32632255689657735,低风险
2728.0,4-5,location4,0.30942369942794884,低风险,0.12284539215339067,低风险,0.3349237538289352,低风险,0.4720918241729589,中风险,0.3033102165700461,低风险,0.3099536567184283,低风险
2784.0,4-5,location4,0.7985749017669944,高风险,0.45141791431057254,中风险,0.8901094628015657,高风险,0.976076862023169,高风险,0.7940616178547248,高风险,0.7725347463784357,高风险
3385.0,4-5,location4,0.6258959061211581,高风险,0.3448075532509139,低风险,0.7308822763578302,高风险,0.8350287744016974,高风险,0.6534659034316833,高风险,0.6369062013368137,高风险
3499.0,4-5,location4,0.3379640202503402,低风险,0.1837638535326517,低风险,0.4360132582129733,中风险,0.42627305739447824,中风险,0.3699058468103615,低风险,0.34868338971336776,低风险
3507.0,4-5,location4,0.6449764014101603,高风险,0.6474259834428372,高风险,0.5850957379758555,中风险,0.6874471670737272,高风险,0.6156623139913646,高风险,0.6399896294974733,高风险
3564.0,4-5,location4,0.35050978421826456,低风险,0.2221137600235856,低风险,0.4723232532288885,中风险,0.4389699081304199,中风险,0.4050115372504122,中风险,0.3778023071276313,低风险
3711.0,4-5,location4,0.35819723128463943,低风险,0.1911334793651036,低风险,0.4365075819444714,中风险,0.5067568578724481,中风险,0.3884269869514952,低风险,0.378132639727341,低风险
4056.0,4-5,location4,0.10118611850166387,低风险,0.04789605705319933,低风险,0.12554307703238016,低风险,0.0932889331980308,低风险,0.09754663031178677,低风险,0.08890935576120343,低风险
4069.0,4-5,location4,0.8972937657069372,高风险,0.5087362371261472,中风险,0.9695870552131611,高风险,1.0490833074936834,高风险,0.8648064039383706,高风险,0.8424688666109972,高风险
4172.0,4-5,location4,0.7753961271198822,高风险,0.4297787258142789,中风险,0.8551508249105109,高风险,0.9577825780052673,高风险,0.7648511333005026,高风险,0.7475707095766857,高风险
4177.0,4-5,location4,0.637511892531056,高风险,0.36169333477533866,低风险,0.7127412856894795,高风险,0.7851712863872012,高风险,0.6369632685930844,高风险,0.6198686356173398,高风险
68.0,loc5,location5,0.5984650352506943,中风险,0.42018628864128693,中风险,0.649200898268217,高风险,0.6885566084273423,高风险,0.597714645505019,中风险,0.5859812651122821,中风险
78.0,loc5,location5,0.49321650544780127,中风险,0.25242372493885235,低风险,0.435705755058297,中风险,0.5666967399548104,中风险,0.4076571231833444,中风险,0.4182754066506532,中风险
95.0,loc5,location5,0.437707506277533,中风险,0.22723631288827167,低风险,0.5399977451418431,中风险,0.6592630630595997,高风险,0.4849422445186073,中风险,0.47549904036323815,中风险
118.0,loc5,location5,0.6546145612479392,高风险,0.36241152617514827,低风险,0.6890357192013894,高风险,0.7598603770033793,高风险,0.6159877513614765,高风险,0.6037692074599723,高风险
123.0,loc5,location5,0.7819662346502501,高风险,0.7607307715241417,高风险,0.7536250593390629,高风险,0.8151670274296061,高风险,0.764747387173345,高风险,0.7765076194309368,高风险
134.0,loc5,location5,0.4886031979275901,中风险,0.291157106580086,低风险,0.5308256303757052,中风险,0.606808869671607,高风险,0.4858232238247336,中风险,0.47626386887579936,中风险
138.0,loc5,location5,0.37327094193444776,低风险,0.2072111587900913,低风险,0.46334050088958334,中风险,0.585303479213394,中风险,0.42540019985550037,中风险,0.41861837963102283,中风险
159.0,loc5,location5,0.5022219983204246,中风险,0.2604345332595917,低风险,0.6198664680611752,高风险,0.7505203401425592,高风险,0.5551436430257417,中风险,0.5436071138211087,中风险
161.0,loc5,location5,0.5897504438709169,中风险,0.38816623775203685,低风险,0.6501829874128748,高风险,0.7339236545481646,高风险,0.601096507327158,高风险,0.5907576265710254,中风险
174.0,loc5,location5,0.5778412579880594,中风险,0.3200184378045012,低风险,0.6481947533753774,高风险,0.7254759025298899,高风险,0.5784387809391226,中风险,0.5645630312365895,中风险
179.0,loc5,location5,0.4427859776937629,中风险,0.25476303836749825,低风险,0.5048499292569465,中风险,0.5156263093735941,中风险,0.44267502983342577,中风险,0.4250797589993463,中风险
191.0,loc5,location5,0.6676128311679234,高风险,0.380223171586901,低风险,0.7187682164595297,高风险,0.7974195754006067,高风险,0.6457520531813649,高风险,0.6321369878156792,高风险
193.0,loc5,location5,0.5383027322515559,中风险,0.45290978768349704,中风险,0.6153905188633718,高风险,0.7554132166238003,高风险,0.6038902530003796,高风险,0.6079045077235564,高风险
205.0,loc5,location5,0.5876684871224852,中风险,0.3474387741746412,低风险,0.6324578446762678,高风险,0.7127198783727817,高风险,0.5760575669178424,中风险,0.5642054990745635,中风险
226.0,loc5,location5,0.45831709612699806,中风险,0.22686637987994943,低风险,0.4112596703459262,中风险,0.5603175155928298,中风险,0.38705887758017316,低风险,0.39948118860623516,低风险
232.0,loc5,location5,0.6367008506360445,高风险,0.364498668397035,低风险,0.7099686157863514,高风险,0.7708022335412599,高风险,0.6333413366260154,高风险,0.6150898392415487,高风险
248.0,loc5,location5,0.8000073864407407,高风险,0.657885671710574,高风险,0.8391613512533119,高风险,0.8386834846905836,高风险,0.7923485099761881,高风险,0.7785768358848233,高风险
259.0,loc5,location5,0.6368759251251954,高风险,0.3680596873245591,低风险,0.6983305865973384,高风险,0.7567830757902412,高风险,0.6249290956268049,高风险,0.6077244499040462,高风险
262.0,loc5,location5,0.7524936027460432,高风险,0.6354211017720839,高风险,0.780606500814592,高风险,0.8109517704852662,高风险,0.7500000225628647,高风险,0.7423264576906474,高风险
292.0,loc5,location5,0.5584838586328872,中风险,0.31843042328576177,低风险,0.6168439245134513,高风险,0.7085490003882853,高风险,0.5589451618791867,中风险,0.5479411160624994,中风险
340.0,loc5,location5,0.6046230312385549,高风险,0.34016738105727895,低风险,0.6792454417146562,高风险,0.7613993471872873,高风险,0.6086160837656667,高风险,0.5936040566530741,中风险
351.0,loc5,location5,0.67215532895095,高风险,0.3902657032412016,低风险,0.7357592479842051,高风险,0.7843542317018449,高风险,0.6563152268521297,高风险,0.6367930609757505,高风险
361.0,loc5,location5,0.515616811491652,中风险,0.4839639571380477,中风险,0.5785388196219552,中风险,0.6674791500990297,高风险,0.5733659651280082,中风险,0.5766606422863442,中风险
409.0,loc5,location5,0.8767567751829483,高风险,0.6309261323497986,高风险,0.9287350584277602,高风险,0.9543629865933603,高风险,0.8555012447875994,高风险,0.8380080591236397,高风险
461.0,loc5,location5,0.6772483634894985,高风险,0.38769259623240115,低风险,0.7201712309822534,高风险,0.7771427861304889,高风险,0.6442479268368124,高风险,0.6283355377817145,高风险
486.0,loc5,location5,0.5942609999992223,中风险,0.5482741744145065,中风险,0.6317113616579276,高风险,0.6841637130492655,高风险,0.6213723198905631,高风险,0.6213830830405666,高风险
492.0,loc5,location5,0.5858788580884035,中风险,0.33675496823198114,低风险,0.6556715382809222,高风险,0.7525111126055893,高风险,0.5926753430172051,中风险,0.5816458730394976,中风险
501.0,loc5,location5,0.6007707756350635,高风险,0.34219439049145334,低风险,0.6743321170264228,高风险,0.7396386595085535,高风险,0.6021930153660278,高风险,0.5853883890088099,中风险
620.0,loc5,location5,0.5438487118806347,中风险,0.2850268417735949,低风险,0.5679848206362432,中风险,0.6571030396724626,高风险,0.5089211106651867,中风险,0.5033715673607668,中风险
681.0,loc5,location5,0.42767119386637426,中风险,0.2123105307963417,低风险,0.39971780917393346,低风险,0.5145484267111364,中风险,0.36831673561048694,低风险,0.3755255888938039,低风险
737.0,loc5,location5,0.6872012039645444,高风险,0.39648397944024316,低风险,0.7314885595384454,高风险,0.7896776747186158,高风险,0.6555510319497618,高风险,0.6392167378991015,高风险
772.0,loc5,location5,0.7202007392834113,高风险,0.41672104818424005,中风险,0.772401909603469,高风险,0.8308018171852783,高风险,0.691483639482473,高风险,0.6733082583243292,高风险
794.0,loc5,location5,0.7394570724475169,高风险,0.6698138903851357,高风险,0.7764275815984193,高风险,0.8169859891001923,高风险,0.7572774668055828,高风险,0.7544091536945824,高风险
802.0,loc5,location5,0.37687219232082464,低风险,0.18061945371785404,低风险,0.4419807523393126,中风险,0.6103355386873276,高风险,0.40836617769177624,中风险,0.410978581581498,中风险
825.0,loc5,location5,0.5347523606485508,中风险,0.2878094687876919,低风险,0.5936164652522322,中风险,0.7008577827312432,高风险,0.5354337970063038,中风险,0.5274279055903891,中风险
827.0,loc5,location5,0.13722895013960035,低风险,0.041143146374550285,低风险,0.12087581959210016,低风险,0.3148748495116784,低风险,0.13735032372744382,低风险,0.1589646051594429,低风险
845.0,loc5,location5,0.6217977555959279,高风险,0.7209699916899754,高风险,0.5929022002120032,中风险,0.6579862485431945,高风险,0.6419865784704103,高风险,0.6572861468150577,高风险
856.0,loc5,location5,0.6491098707633944,高风险,0.36585374711862173,低风险,0.7391210135116426,高风险,0.8087777682697227,高风险,0.6573310037111937,高风险,0.6379175096333289,高风险
872.0,loc5,location5,0.4208255105504691,中风险,0.22740122799272225,低风险,0.5246064425236071,中风险,0.6845906276562249,高风险,0.48404105458664115,中风险,0.4788660993908514,中风险
900.0,loc5,location5,0.5346126956638547,中风险,0.30078300356378357,低风险,0.5578176692301727,中风险,0.6545796103260918,高风险,0.5090163421136812,中风险,0.5043934277066827,中风险
907.0,loc5,location5,0.720170060382337,高风险,0.4128580148222029,中风险,0.7902066627789552,高风险,0.8398299565194745,高风险,0.7021392213414784,高风险,0.6809648780402109,高风险
945.0,loc5,location5,0.6619486569357292,高风险,0.37735458068359434,低风险,0.7151101553866281,高风险,0.7652698427044186,高风险,0.6367268648212092,高风险,0.619244859591547,高风险
986.0,loc5,location5,0.6432064460600003,高风险,0.5384834951949923,中风险,0.5668736895674807,中风险,0.6693410328772016,高风险,0.5729079882062108,中风险,0.5915660725465582,中风险
999.0,loc5,location5,0.5175919127160272,中风险,0.3365128373755416,低风险,0.48931370010125685,中风险,0.5943960174965705,中风险,0.46436344545996927,中风险,0.47340751832445627,中风险
1061.0,loc5,location5,0.8026510453809779,高风险,0.4764490933439212,中风险,0.8714675560752598,高风险,0.9134092975475742,高风险,0.7764200076253983,高风险,0.7537753156555851,高风险
1105.0,loc5,location5,0.35795606500866056,低风险,0.13946526186092137,低风险,0.3819638846587106,低风险,0.5670839528372544,中风险,0.3514460766487763,低风险,0.3628376997856288,低风险
1120.0,loc5,location5,0.8426186479913448,高风险,0.6485716513375887,高风险,0.8758931760736041,高风险,0.9174837037637944,高风险,0.8250824866067905,高风险,0.8139828437249957,高风险
1208.0,loc5,location5,0.3565821943756881,低风险,0.17140703290006773,低风险,0.4188045318946317,中风险,0.5775316703516102,中风险,0.38693780626499635,低风险,0.3892477450487699,低风险
1344.0,loc5,location5,0.5744947344689824,中风险,0.33356594292042574,低风险,0.6348248508306717,高风险,0.6905850444533912,高风险,0.5686601482113008,中风险,0.5529919460681629,中风险
1382.0,loc5,location5,0.5426669343935087,中风险,0.26862921493561986,低风险,0.5082173289705286,中风险,0.6375983312933483,高风险,0.46459185664635555,中风险,0.4714816250664989,中风险
1385.0,loc5,location5,0.49665453348287236,中风险,0.24426850312911996,低风险,0.4765986849203592,中风险,0.5781099519297933,中风险,0.4298988757156631,中风险,0.43299237999309087,中风险
1426.0,loc5,location5,1.070314472307264,高风险,0.8532921027054835,高风险,1.1266336755341426,高风险,1.127409948553387,高风险,1.0559460125996842,高风险,1.035778575597671,高风险
1514.0,loc5,location5,0.32466375305325657,低风险,0.178880846111879,低风险,0.3283267596344355,低风险,0.4753229720755395,中风险,0.3195727015984497,低风险,0.32751019260728464,低风险
1569.0,loc5,location5,0.24478371802615678,低风险,0.1339552253628679,低风险,0.3014828718885768,低风险,0.4512891571560712,中风险,0.2919699317610144,低风险,0.295575751469172,低风险
1578.0,loc5,location5,0.5959572210043214,中风险,0.3345998055686814,低风险,0.6648711140540221,高风险,0.7195004902193529,高风险,0.5900749342482046,中风险,0.572990469947352,中风险
1597.0,loc5,location5,0.37752368640226935,低风险,0.2324486006826842,低风险,0.40147009808761686,中风险,0.5225345374971522,中风险,0.3842473705888482,低风险,0.3854844120891511,低风险
1599.0,loc5,location5,0.5744609397931381,中风险,0.331048154423676,低风险,0.5338043508126059,中风险,0.6460525645338222,高风险,0.49619394541764694,中风险,0.5036350232567014,中风险
1609.0,loc5,location5,0.4824287442915391,中风险,0.25305992518135184,低风险,0.5982563901524759,中风险,0.7275241839050313,高风险,0.5374284232010474,中风险,0.5262801664129529,中风险
1626.0,loc5,location5,0.5931549313165168,中风险,0.3043247148925418,低风险,0.5378694144217261,中风险,0.6605983634368174,高风险,0.49374377712416545,中风险,0.5009308309170285,中风险
1635.0,loc5,location5,0.762894302761976,高风险,0.5966685846487255,中风险,0.8063426347318758,高风险,0.8454219084855367,高风险,0.7598905406817623,高风险,0.7494777092887126,高风险
1655.0,loc5,location5,0.5952806496944152,中风险,0.32787088373644857,低风险,0.7068960469677857,高风险,0.7812226948946255,高风险,0.6252552351115256,高风险,0.6053298751996199,高风险
1660.0,loc5,location5,0.5553696098449359,中风险,0.3217760328048888,低风险,0.6390983246972854,高风险,0.6722418145139294,高风险,0.5651159128907849,中风险,0.5443720573387012,中风险
1665.0,loc5,location5,0.6115165947695475,高风险,0.3468363688523915,低风险,0.6766300978448841,高风险,0.7187419216004178,高风险,0.5992441725740256,中风险,0.5807361294325645,中风险
1722.0,loc5,location5,0.731202646035549,高风险,0.4133059341930206,中风险,0.7804928002575698,高风险,0.8433810711426185,高风险,0.6962185634561984,高风险,0.6790599351977363,高风险
1736.0,loc5,location5,0.7061398721791483,高风险,0.40812339552251164,中风险,0.755011658046742,高风险,0.7953175017306957,高风险,0.672193211472053,高风险,0.6528175184333164,高风险
1764.0,loc5,location5,0.685113432575996,高风险,0.4847885297590586,中风险,0.620457930102115,高风险,0.719428504578977,高风险,0.5967668299497138,中风险,0.6082249881467169,高风险
1768.0,loc5,location5,0.47547707826205277,中风险,0.2928301165137481,低风险,0.4875144612372147,中风险,0.5786436660531931,中风险,0.4572255964086796,中风险,0.45299608126805196,中风险
1775.0,loc5,location5,0.2924849997141427,低风险,0.16861670574464108,低风险,0.31639633137188444,低风险,0.4311721463282564,中风险,0.3030797432520757,低风险,0.30539506114826065,低风险
1837.0,loc5,location5,0.7572450013545103,高风险,0.6462690932624957,高风险,0.7701313737101879,高风险,0.8030552832698,高风险,0.7433358168315055,高风险,0.7398185834141612,高风险
1848.0,loc5,location5,0.457592197113978,中风险,0.2610098503741229,低风险,0.5423704537952326,中风险,0.6046903078097685,高风险,0.48437924225861,中风险,0.469356870659708,中风险
1872.0,loc5,location5,0.7164382627376579,高风险,0.4110131286782031,中风险,0.8179528848315536,高风险,0.8257002251854765,高风险,0.7145051199010658,高风险,0.6848887462317444,高风险
1907.0,loc5,location5,0.3325575266029277,低风险,0.15726458186623166,低风险,0.33145440527336484,低风险,0.44366609732825,中风险,0.30434527939180855,低风险,0.31079502815594884,低风险
1931.0,loc5,location5,0.5814207351517557,中风险,0.5629289495326243,中风险,0.5960429971962474,中风险,0.6028635779062638,高风险,0.5879076249403198,中风险,0.5872785082117119,中风险
1943.0,loc5,location5,0.28632530575642007,低风险,0.17317532834878838,低风险,0.39819295901633533,低风险,0.29212540756286803,低风险,0.32092202515153273,低风险,0.28783123164266394,低风险
1949.0,loc5,location5,0.5691207370381635,中风险,0.32040457337888595,低风险,0.5900365076318802,中风险,0.6925664095493106,高风险,0.5395773833413735,中风险,0.5343358301866922,中风险
2000.0,loc5,location5,0.3066807532438058,低风险,0.19807174971276173,低风险,0.37020634356156396,低风险,0.4270401621609648,中风险,0.3420559220993544,低风险,0.33177275181176347,低风险
2080.0,loc5,location5,0.26252488191566,低风险,0.12321840752577273,低风险,0.21222861934539283,低风险,0.38559264254356285,低风险,0.22036088669145876,低风险,0.24034655647157613,低风险
2095.0,loc5,location5,0.24661251474176693,低风险,0.15138159908442156,低风险,0.30804845520028956,低风险,0.3933797756747091,低风险,0.289117066372638,低风险,0.2842699433198067,低风险
2119.0,loc5,location5,0.23454382963478093,低风险,0.13929299021027233,低风险,0.30438449959322167,低风险,0.41247266044208497,中风险,0.28824210408634016,低风险,0.285383383415193,低风险
2128.0,loc5,location5,0.38401736926571867,低风险,0.19657451723146765,低风险,0.30346845643981774,低风险,0.48449457374901156,中风险,0.3067835758067745,低风险,0.3281791824734323,低风险
2132.0,loc5,location5,0.39719069497284126,低风险,0.21818355563022565,低风险,0.5031541260844061,中风险,0.6120853977891986,高风险,0.45513599961325585,中风险,0.4444743598346101,中风险
2150.0,loc5,location5,0.3190741075502299,低风险,0.20553152731955324,低风险,0.45805284245884814,中风险,0.3349205370837978,低风险,0.3725941079695348,低风险,0.3328349689540664,低风险
2164.0,loc5,location5,0.5172638813901002,中风险,0.2579223868781102,低风险,0.47514806200451065,中风险,0.6089049088154092,高风险,0.43854332776221167,中风险,0.4473251192326767,中风险
2175.0,loc5,location5,0.40625165998425844,中风险,0.21621604312904297,低风险,0.5070168347374291,中风险,0.6180057407417652,高风险,0.45677372240528086,中风险,0.4470795395360791,中风险
2177.0,loc5,location5,0.705096478255245,高风险,0.4052402769285734,中风险,0.7585685165155075,高风险,0.80797930002071,高风险,0.6760811727670102,高风险,0.6572626978215969,高风险
2185.0,loc5,location5,0.5654095128586942,中风险,0.3347232868590773,低风险,0.5196629452060904,中风险,0.6190433041969772,高风险,0.4842336429833452,中风险,0.4911431787540482,中风险
2215.0,loc5,location5,0.5198148806913229,中风险,0.25234660407319126,低风险,0.49261723475599495,中风险,0.6304318432419578,高风险,0.4508394368452841,中风险,0.458465227357048,中风险
2322.0,loc5,location5,0.760420086609634,高风险,0.7620417402747202,高风险,0.7981545408873417,高风险,0.8282577029457965,高风险,0.7962778641754267,高风险,0.7961513280359528,高风险
2348.0,loc5,location5,0.6032911106580954,高风险,0.7523316571626142,高风险,0.5716281843911621,中风险,0.6324892569751114,高风险,0.6336841590372118,高风险,0.6521496995096292,高风险
2371.0,loc5,location5,0.6707814232069871,高风险,0.3761508090514431,低风险,0.7066347936294158,高风险,0.7701438139633046,高风险,0.6314464897366099,高风险,0.6176431388813879,高风险
2399.0,loc5,location5,0.4138256345492882,中风险,0.192725295248156,低风险,0.3894421351698176,低风险,0.5492975339713946,中风险,0.36486752848366094,低风险,0.37715498812978937,低风险
2468.0,loc5,location5,0.4578245745186255,中风险,0.2373589130675019,低风险,0.4227630403827022,中风险,0.5291708800625033,中风险,0.3898038220766316,低风险,0.3964309445042358,低风险
2481.0,loc5,location5,0.6418723074747381,高风险,0.7156249750592221,高风险,0.7071187990198836,高风险,0.7856140614741355,高风险,0.7284107158286818,高风险,0.736119278517747,高风险
2592.0,loc5,location5,0.5369816852455702,中风险,0.402086571375351,中风险,0.626391342867484,高风险,0.7571980594698935,高风险,0.59651643126425,中风险,0.5952253245709094,中风险
2600.0,loc5,location5,0.6673939337896673,高风险,0.3804715435515592,低风险,0.7359267101733077,高风险,0.7879872333638058,高风险,0.6541138076389332,高风险,0.6347951623628908,高风险
2622.0,loc5,location5,0.5918743793661072,中风险,0.32695478344797557,低风险,0.5997440132346684,中风险,0.6866357291300487,高风险,0.5433924073383135,中风险,0.5377781752708976,中风险
2634.0,loc5,location5,0.5781912286764461,中风险,0.3098506612998029,低风险,0.6104400390060922,高风险,0.7030856418060639,高风险,0.5483811717026847,中风险,0.541125447370653,中风险
2656.0,loc5,location5,0.5725366596617423,中风险,0.31969586999079574,低风险,0.65995833351576,高风险,0.747797712915626,高风险,0.5909030479923751,中风险,0.5758173054740605,中风险
2670.0,loc5,location5,0.5936783604577651,中风险,0.38492697915371116,低风险,0.640182204093723,高风险,0.707694548283413,高风险,0.5862396056437037,中风险,0.5776012438436158,中风险
2704.0,loc5,location5,0.30519320569050096,低风险,0.17110446602599041,低风险,0.381685746212702,低风险,0.555208053788941,中风险,0.3671976761159479,低风险,0.36933275534254445,低风险
2716.0,loc5,location5,0.6530681489529883,高风险,0.3651490747092931,低风险,0.7282477532371882,高风险,0.8044411703945368,高风险,0.6494301032524302,高风险,0.6326126661136726,高风险
2719.0,loc5,location5,0.6832088221872462,高风险,0.4422976793071754,中风险,0.7251367681267684,高风险,0.7790112048315464,高风险,0.6625127977561331,高风险,0.64881521742183,高风险
2726.0,loc5,location5,0.5397963829306561,中风险,0.5290933862832186,中风险,0.41527897384923296,中风险,0.5631884052332341,中风险,0.4689943075929142,中风险,0.5025202551218951,中风险
2740.0,loc5,location5,0.6906388488077267,高风险,0.3973017378925072,低风险,0.7374467795289782,高风险,0.7797566243938897,高风险,0.6565946766246838,高风险,0.638168380605125,高风险
2748.0,loc5,location5,0.5654200664636936,中风险,0.3228459051347567,低风险,0.6528090354380033,高风险,0.7154434426321263,高风险,0.5816975810068814,中风险,0.5636994610682954,中风险
2759.0,loc5,location5,0.4898435147642089,中风险,0.25943566306852195,低风险,0.6114750436427056,高风险,0.7295489364548381,高风险,0.5468659264208422,中风险,0.5334865477220219,中风险
2801.0,loc5,location5,0.4601573358822694,中风险,0.24219631964261717,低风险,0.5745492420970094,中风险,0.6669263263172074,高风险,0.5091115720286559,中风险,0.49455729601894466,中风险
2833.0,loc5,location5,0.5026576503069334,中风险,0.26521148093434965,低风险,0.6260553840122514,高风险,0.7503120882525443,高风险,0.560361154075074,中风险,0.5471929843997151,中风险
2881.0,loc5,location5,0.8089618439372356,高风险,0.7039679251458212,高风险,0.8455117890735687,高风险,0.8813651090859969,高风险,0.8162652906616111,高风险,0.8102816077684621,高风险
2909.0,loc5,location5,0.5381295406857891,中风险,0.26900882752397004,低风险,0.49697809423872613,中风险,0.6265539519704294,高风险,0.4564580852848345,中风险,0.4641802912443752,中风险
2936.0,loc5,location5,0.6486911271548057,高风险,0.3913051799476576,低风险,0.7115548562205944,高风险,0.7718248976475633,高风险,0.6412334081151166,高风险,0.624894977938605,高风险
2943.0,loc5,location5,0.29972819328774847,低风险,0.13161980362735246,低风险,0.30435865357890834,低风险,0.4136557875681753,中风险,0.27743812066637347,低风险,0.28321141492481205,低风险
2944.0,loc5,location5,0.4125310427867509,中风险,0.2205652190410151,低风险,0.4948498643772419,中风险,0.673944929328835,高风险,0.46212690432028886,中风险,0.4631200042490306,中风险
2947.0,loc5,location5,0.44046508112907257,中风险,0.2118138350760473,低风险,0.43707123259805003,中风险,0.5211582763074393,中风险,0.3894967261813028,低风险,0.39001444799384555,低风险
3005.0,loc5,location5,0.667692000293625,高风险,0.43155464507016517,中风险,0.7380484379411779,高风险,0.7893514491409886,高风险,0.6699341677603273,高风险,0.6529848440507772,高风险
3117.0,loc5,location5,0.4550055142162697,中风险,0.21796692884611624,低风险,0.44157770650165556,中风险,0.5549426973453306,中风险,0.4001115979347318,中风险,0.4048291108977008,中风险
3118.0,loc5,location5,0.5864866001953222,中风险,0.30252359398792855,低风险,0.5248867838216584,中风险,0.6528688552674143,高风险,0.4848020469246286,中风险,0.49342641102566703,中风险
3120.0,loc5,location5,0.5644422243556149,中风险,0.3157035801037862,低风险,0.6525397367522844,高风险,0.7188127805216666,高风险,0.5797190215649529,中风险,0.5623520324592457,中风险
3125.0,loc5,location5,0.4313323129215222,中风险,0.23662861447934455,低风险,0.5481200243644633,中风险,0.6452703329670931,高风险,0.4907738486943185,中风险,0.47667299060363366,中风险
3139.0,loc5,location5,0.7193045075151219,高风险,0.5678314774311228,中风险,0.7540645040617896,高风险,0.7993589186957726,高风险,0.7149338196754146,高风险,0.7070849667295617,高风险
3212.0,loc5,location5,0.6795617531701785,高风险,0.38879025196812284,低风险,0.7048650315426903,高风险,0.7810469698648794,高风险,0.6365600899996537,高风险,0.6249007511252309,高风险
3215.0,loc5,location5,0.6991902000651413,高风险,0.4064366599568073,中风险,0.7245458680367916,高风险,0.7951345818957165,高风险,0.6550948264216453,高风险,0.6420390366297718,高风险
3223.0,loc5,location5,0.5675470604015834,中风险,0.28227378876434867,低风险,0.5337710658431227,中风险,0.656873409435532,高风险,0.4854495705753372,中风险,0.4909727546810011,中风险
3228.0,loc5,location5,0.5373554145585617,中风险,0.49021439725360283,中风险,0.4809011499415353,中风险,0.6101119365269323,高风险,0.5037629843544623,中风险,0.5270758279073569,中风险
3236.0,loc5,location5,0.6265674121956023,高风险,0.35672841004359,低风险,0.6563223049730627,高风险,0.7084737795177651,高风险,0.5872996138577681,中风险,0.5738414981781392,中风险
3241.0,loc5,location5,0.850098683127642,高风险,0.728405109567027,高风险,0.878414037390267,高风险,0.8951924136088999,高风险,0.8428980044368196,高风险,0.8340038535220645,高风险
3248.0,loc5,location5,0.5528911200368826,中风险,0.2864503968514205,低风险,0.5093886157158561,中风险,0.615355086538593,高风险,0.4652514786940819,中风险,0.47039803303528993,中风险
3255.0,loc5,location5,0.6845602108450721,高风险,0.39272371430949904,低风险,0.7428005295994045,高风险,0.7896411772787993,高风险,0.6608705414618926,高风险,0.6417218070625677,高风险
3275.0,loc5,location5,0.513559008771756,中风险,0.3056060321598615,低风险,0.6179725397792074,高风险,0.5952760621308723,中风险,0.535043478024719,中风险,0.5062848780233137,中风险
3278.0,loc5,location5,0.5864919348422256,中风险,0.31864275424053856,低风险,0.624838988534851,高风险,0.7008216790052944,高风险,0.5583331175981827,中风险,0.5481011405935613,中风险
3287.0,loc5,location5,0.5561107211999653,中风险,0.43112508399205984,中风险,0.6824108665893593,高风险,0.6974258175177277,高风险,0.6235076016552152,高风险,0.6036539226997156,高风险
3295.0,loc5,location5,0.674626618595244,高风险,0.3912567313262609,低风险,0.7418388705860797,高风险,0.7824899485587229,高风险,0.6594144303922479,高风险,0.6385285168236878,高风险
3341.0,loc5,location5,0.5399648139292207,中风险,0.3485710180953204,低风险,0.5735783384649186,中风险,0.6215947067156696,高风险,0.5262235869304029,中风险,0.5145813544253028,中风险
3351.0,loc5,location5,0.5638504945351605,中风险,0.32313487720727835,低风险,0.6421766572711716,高风险,0.6650040352194564,高风险,0.5646987517491016,中风险,0.5434385232326354,中风险
3357.0,loc5,location5,0.4059278737144244,中风险,0.19653071414262047,低风险,0.3701576297922287,低风险,0.5128189343268106,中风险,0.34820087917591563,低风险,0.35983575942055324,低风险
3362.0,loc5,location5,0.5299358062030368,中风险,0.30717257982753954,低风险,0.5788316212176305,中风险,0.6299889173668222,高风险,0.5191326005722519,中风险,0.505331039470664,中风险
3445.0,loc5,location5,0.6096709566349201,高风险,0.34757605629784943,低风险,0.6638183248725538,高风险,0.7203606533195724,高风险,0.5928616803980902,中风险,0.5772516781633252,中风险
3482.0,loc5,location5,0.6492469364353606,高风险,0.4066887357720282,中风险,0.6966040457616306,高风险,0.758262751280895,高风险,0.6328485774060315,高风险,0.6205185109381846,高风险
3535.0,loc5,location5,0.2272317488397391,低风险,0.1322933711025821,低风险,0.3101465987604176,低风险,0.22799087920299482,低风险,0.24855696035574626,低风险,0.22347694968866483,低风险
3592.0,loc5,location5,0.4314807417610972,中风险,0.5449833797948774,中风险,0.5230647883200399,中风险,0.3834239860322803,低风险,0.505463327243499,中风险,0.4838240513823992,中风险
3640.0,loc5,location5,0.5871556077192892,中风险,0.34710849789667275,低风险,0.6178625886879516,高风险,0.6929517790315846,高风险,0.5632970707269628,中风险,0.5526409552054029,中风险
3659.0,loc5,location5,0.7977167821737748,高风险,0.7362473585205146,高风险,0.8228800809588218,高风险,0.8553180644243268,高风险,0.8087924824460677,高风险,0.8048151679678877,高风险
3678.0,loc5,location5,0.6566111660295011,高风险,0.35806254158790535,低风险,0.6582344383671386,高风险,0.7461434036897666,高风险,0.5934995207885314,中风险,0.5874801278816035,中风险
3688.0,loc5,location5,0.6155439928848331,高风险,0.3574224468151352,低风险,0.6824451123345936,高风险,0.7243966039427577,高风险,0.607322863797785,高风险,0.5880880543641622,中风险
3746.0,loc5,location5,0.5674510466446251,中风险,0.3253554895549317,低风险,0.6335111819049082,高风险,0.6740055208555564,高风险,0.5621820811088898,中风险,0.5442907307717988,中风险
3756.0,loc5,location5,0.28894625910943067,低风险,0.2028933770808986,低风险,0.358432518954149,低风险,0.3504800424708897,低风险,0.32230830662975407,低风险,0.3039353128353124,低风险
3764.0,loc5,location5,0.852184889227314,高风险,0.48741163277166377,中风险,0.9342221884432528,高风险,0.9841506062388325,高风险,0.8278055788770559,高风险,0.801928142484583,高风险
3790.0,loc5,location5,0.509595143168675,中风险,0.2952831456707395,低风险,0.5960659578725015,中风险,0.6592421365653288,高风险,0.5334972038115702,中风险,0.5168637467028566,中风险
3798.0,loc5,location5,0.6435089093896811,高风险,0.3648734180143272,低风险,0.7022367652622553,高风险,0.7664558492264709,高风险,0.6271935562181485,高风险,0.6111886775010178,高风险
3799.0,loc5,location5,0.7702016860024038,高风险,0.5903406932477447,中风险,0.814220854515226,高风险,0.8478618178469579,高风险,0.7627636061739556,高风险,0.750807788536643,高风险
3843.0,loc5,location5,0.4838122302435486,中风险,0.2968471648494419,低风险,0.49963115560904603,中风险,0.5993350237640315,中风险,0.4692017649801613,中风险,0.46527111474083976,中风险
3849.0,loc5,location5,0.4673380854279399,中风险,0.24517742492214886,低风险,0.5821201269026527,中风险,0.6812291018300944,高风险,0.5168331656504066,中风险,0.5028422178849653,中风险
3877.0,loc5,location5,0.43087648082984226,中风险,0.3341855357836472,低风险,0.33569598147478164,低风险,0.4937940086902381,中风险,0.36198099633928155,低风险,0.38789184198288895,低风险
3895.0,loc5,location5,0.6997815254151808,高风险,0.38478300989081626,低风险,0.7040516281974597,高风险,0.7826373684180514,高风险,0.6324098059838344,高风险,0.6238240021687758,高风险
3900.0,loc5,location5,0.4115787488608067,中风险,0.21713535592618866,低风险,0.5166644233927364,中风险,0.5765694943241118,中风险,0.4526710392930037,中风险,0.43678975788101226,中风险
3908.0,loc5,location5,0.5697330228890715,中风险,0.35199504650448105,低风险,0.5135128089355014,中风险,0.6399661199386422,高风险,0.4896769683567062,中风险,0.5018246584595416,中风险
3919.0,loc5,location5,0.6559820526749401,高风险,0.5764978144394042,中风险,0.6246031520450807,高风险,0.7207026382840158,高风险,0.6325167846948172,高风险,0.6406012015895001,高风险
3930.0,loc5,location5,0.5892019372799888,中风险,0.3437678181398391,低风险,0.6325943481796498,高风险,0.7019479179648709,高风险,0.5721480639843656,中风险,0.5594366947614532,中风险
3961.0,loc5,location5,0.4507573454201807,中风险,0.25951298893423697,低风险,0.41492057456422426,中风险,0.5029707874787452,中风险,0.3863376456653487,低风险,0.39246811699240214,低风险
3972.0,loc5,location5,0.5717459146041091,中风险,0.32957664978847834,低风险,0.7051043542873329,高风险,0.7019101608706841,高风险,0.6101043803096664,高风险,0.5788637216488317,中风险
4036.0,loc5,location5,0.4264187052641045,中风险,0.2170129089308513,低风险,0.5222188348255601,中风险,0.62855826093126,高风险,0.4655377801149727,中风险,0.45593000156255714,中风险
4042.0,loc5,location5,0.7026157291665397,高风险,0.5611384646109518,中风险,0.7384992466949434,高风险,0.7616294120180149,高风险,0.6972126037260487,高风险,0.6870890411079701,高风险
4056.0,loc5,location5,0.6071063283208827,高风险,0.4213321226467614,中风险,0.6777573478936463,高风险,0.7167454693810635,高风险,0.6202130280279693,高风险,0.6052783133071571,高风险
4068.0,loc5,location5,0.625774709577699,高风险,0.36824475873106877,低风险,0.687596448030688,高风险,0.7621121294077318,高风险,0.6203007004773311,高风险,0.6059844453898295,高风险
4087.0,loc5,location5,0.5896551085933668,中风险,0.3416555996103978,低风险,0.7180162896738984,高风险,0.7496556314635424,高风险,0.6299939941559478,高风险,0.6031091735826128,高风险
4092.0,loc5,location5,0.4899102147671765,中风险,0.25137213614030945,低风险,0.6023690201252855,高风险,0.7231292127845105,高风险,0.5372063220290709,中风险,0.5256234563500352,中风险
4191.0,loc5,location5,0.626185987200418,高风险,0.7004239417854685,高风险,0.6831143274698184,高风险,0.7647841824866943,高风险,0.7066371415318311,高风险,0.7161074839139938,高风险
4213.0,loc5,location5,0.577682780558549,中风险,0.3301058390516937,低风险,0.6535641416430658,高风险,0.7124298108418983,高风险,0.5824228197723528,中风险,0.5653665971788859,中风险
4269.0,loc5,location5,0.7123849480542941,高风险,0.41266403978489585,中风险,0.7591531620520566,高风险,0.8158010142011168,高风险,0.6800565451238413,高风险,0.6625394053460231,高风险
4275.0,loc5,location5,0.6631877100909862,高风险,0.378227468705106,低风险,0.7281284575758233,高风险,0.7982181898016385,高风险,0.6516519760023715,高风险,0.6348580386941892,高风险
4304.0,loc5,location5,0.47270600476861374,中风险,0.23818375741613912,低风险,0.5739456377010259,中风险,0.7157681792520293,高风险,0.5165960518440974,中风险,0.509299191456398,中风险
4311.0,loc5,location5,0.26919899700004407,低风险,0.13435898513077354,低风险,0.21435624161257205,低风险,0.3581527960844704,低风险,0.21877538882047046,低风险,0.23562267427593866,低风险
4339.0,loc5,location5,0.44352281354966683,中风险,0.2648223211677482,低风险,0.4570223584162365,中风险,0.5781923749751653,中风险,0.43322596832509286,中风险,0.43334568485305,中风险
4340.0,loc5,location5,0.6731913733003388,高风险,0.387532483058133,低风险,0.7363565361616274,高风险,0.806421529880475,高风险,0.6604219759672324,高风险,0.6434368497000785,高风险
4349.0,loc5,location5,0.6251962879634244,高风险,0.3609820563233228,低风险,0.6555529285445709,高风险,0.7330663027727656,高风险,0.5941382310799054,中风险,0.5832004292135531,中风险
4391.0,loc5,location5,0.6444762914622303,高风险,0.35024331993717595,低风险,0.6701385236796018,高风险,0.7517721708545431,高风险,0.6001230458475879,高风险,0.5907180048237736,中风险
4412.0,loc5,location5,0.3799263465756681,低风险,0.22026085142299223,低风险,0.5057019452209417,中风险,0.48993429190229637,中风险,0.4322317546090658,中风险,0.4052990295154101,中风险
4432.0,loc5,location5,0.46272517476072983,中风险,0.3874544945074779,低风险,0.4639696577548997,中风险,0.6307224490222902,高风险,0.4729451662251365,中风险,0.49404886709488927,中风险
4442.0,loc5,location5,0.6213754868567833,高风险,0.45212836441440185,中风险,0.6689931035828683,高风险,0.7518950282448966,高风险,0.6290780529338981,高风险,0.6243388320807223,高风险
4487.0,loc5,location5,0.4409355812379168,中风险,0.22672810449503117,低风险,0.5412439105064862,中风险,0.6647624522593959,高风险,0.48628237425851045,中风险,0.4775781557536378,中风险
4490.0,loc5,location5,0.6819895352873016,高风险,0.3911484502379556,低风险,0.7380325404738186,高风险,0.7897926284845533,高风险,0.6579244310057268,高风险,0.6396578730654425,高风险
4493.0,loc5,location5,0.41242342961243367,中风险,0.44371178507427633,中风险,0.4141323262759411,中风险,0.4642526312740144,中风险,0.428371404868045,中风险,0.4406989142080773,中风险
4518.0,loc5,location5,0.4628700705659661,中风险,0.2591065104209539,低风险,0.5609050385975143,中风险,0.64152758246618,高风险,0.5017487846171677,中风险,0.4871797104948827,中风险
4544.0,loc5,location5,0.521993457893539,中风险,0.2910297014045906,低风险,0.6043559406352553,高风险,0.6802856000292703,高风险,0.5396991027474346,中风险,0.525223747356372,中风险
4558.0,loc5,location5,0.4530150537165748,中风险,0.2436826654719544,低风险,0.5713608120572989,中风险,0.662861158448021,高风险,0.507849121893315,中风险,0.49263487865909145,中风险
4612.0,loc5,location5,0.546254337112798,中风险,0.30251548071991563,低风险,0.5495731369491532,中风险,0.6416285236234391,高风险,0.5013278831123222,中风险,0.4979057137641693,中风险
4661.0,loc5,location5,0.3905018971815404,低风险,0.19257864461027696,低风险,0.38593123732105483,低风险,0.43811682921809064,中风险,0.3408945939149994,低风险,0.3388755703831408,低风险
4708.0,loc5,location5,0.7672071625835856,高风险,0.6800762109996853,高风险,0.7967528049610239,高风险,0.834595702932222,高风险,0.7741397080418045,高风险,0.7704749062976437,高风险
4782.0,loc5,location5,0.6996749918061794,高风险,0.681474739547366,高风险,0.7127314561483001,高风险,0.7924168425098979,高风险,0.720103900772298,高风险,0.7288743460685213,高风险
4786.0,loc5,location5,0.6648718023100939,高风险,0.38765068074979114,低风险,0.734554558308419,高风险,0.7817273197154182,高风险,0.6545098139198947,高风险,0.6346441862578761,高风险
4811.0,loc5,location5,0.4815479847296594,中风险,0.24247840572898835,低风险,0.5854249638380731,中风险,0.7204367692695851,高风险,0.5246718210047907,中风险,0.5161133796122155,中风险
4826.0,loc5,location5,0.6901123880132107,高风险,0.4563933825139003,中风险,0.7396220726229826,高风险,0.808303647442699,高风险,0.6789433409328387,高风险,0.6681063675265273,高风险
4931.0,loc5,location5,0.44117554254297986,中风险,0.21108537200534194,低风险,0.4067141151300447,中风险,0.5655135884276145,中风险,0.381816492159215,低风险,0.39443769185433364,低风险
5014.0,loc5,location5,0.5303472110931174,中风险,0.3138917688219731,低风险,0.47553646846037545,中风险,0.6093085334082008,高风险,0.45354499143336896,中风险,0.466245590230183,中风险
5025.0,loc5,location5,0.6880335611191112,高风险,0.4009294923627418,中风险,0.7285662049650551,高风险,0.7867244581543353,高风险,0.6548097480064561,高风险,0.6387400518273774,高风险
5031.0,loc5,location5,0.5369711229366984,中风险,0.29929312013209824,低风险,0.6228937381129975,高风险,0.6881306012210239,高风险,0.5532693587182582,中风险,0.5367724864887066,中风险
5043.0,loc5,location5,0.40998778948192716,中风险,0.22285979910904916,低风险,0.522686241901245,中风险,0.5743219355315299,中风险,0.45794979204009006,中风险,0.43995599218060805,中风险
5058.0,loc5,location5,0.5645637769514157,中风险,0.3337191525327719,低风险,0.6467054808619361,高风险,0.6542674427292645,高风险,0.5687829771515613,中风险,0.5448973587079908,中风险
5115.0,loc5,location5,0.284426967161852,低风险,0.10333321684687956,低风险,0.2879825751147874,低风险,0.5097921601525435,中风险,0.2808435751218652,低风险,0.3003693173714035,低风险
5123.0,loc5,location5,0.2891964927906937,低风险,0.14890723639203512,低风险,0.3429239276803911,低风险,0.5502141770132007,中风险,0.3376917134786897,低风险,0.3473484470285423,低风险
5136.0,loc5,location5,0.3525935074083174,低风险,0.3076461004328271,低风险,0.27534200521651775,低风险,0.4130564737234203,中风险,0.3075530640157016,低风险,0.33201485979092166,低风险
5140.0,loc5,location5,0.15584301640979079,低风险,0.1762185684051032,低风险,0.12835557539181797,低风险,0.2611648548823438,低风险,0.1663062089244603,低风险,0.18857966622642164,低风险
5381.0,loc5,location5,0.29757457329211995,低风险,0.18444672552205865,低风险,0.41893402278381214,中风险,0.3069429862205792,低风险,0.3388586993497573,低风险,0.30344124484214996,低风险
5490.0,loc5,location5,0.619744940723589,高风险,0.3485524058131456,低风险,0.6716264610222389,高风险,0.7426935293653891,高风险,0.6013922999332274,高风险,0.5876241320669245,中风险
5505.0,loc5,location5,0.8766238343380464,高风险,0.5022549766010906,中风险,0.9562703921716832,高风险,1.028841167756741,高风险,0.8527048723091372,高风险,0.8291221788431716,高风险
5634.0,loc5,location5,0.6441967516420279,高风险,0.44812640444618096,中风险,0.7004282653170825,高风险,0.7294285181509776,高风险,0.6416544434980628,高风险,0.6259943959714137,高风险
5752.0,loc5,location5,0.5298520737269455,中风险,0.2913705562935112,低风险,0.5789366853545055,中风险,0.669741465416558,高风险,0.5207891396631833,中风险,0.5133495690215248,中风险
5765.0,loc5,location5,0.6425979833945111,高风险,0.5555792668215017,中风险,0.6431331447157367,高风险,0.705133490791909,高风险,0.6317532824455366,高风险,0.6346153007763825,高风险
5776.0,loc5,location5,0.6737636323212614,高风险,0.3815961834951215,低风险,0.7034571901635647,高风险,0.7804674402622702,高风险,0.633606322983629,高风险,0.6218402713069854,高风险
5806.0,loc5,location5,0.44474909407215235,中风险,0.23920497110220568,低风险,0.5599333155569995,中风险,0.6597095135164236,高风险,0.5000004697052483,中风险,0.48628260005854296,中风险
5833.0,loc5,location5,0.22985248231944574,低风险,0.14463397129135191,低风险,0.3098188165636083,低风险,0.38941198231995827,低风险,0.2887794878505439,低风险,0.2812882567249728,低风险
5873.0,loc5,location5,0.589140643033014,中风险,0.3016909510734213,低风险,0.5340252935848623,中风险,0.6594757064099576,高风险,0.4908173928817547,中风险,0.498397317022747,中风险
5879.0,loc5,location5,0.44283692746797276,中风险,0.2551816078799743,低风险,0.4253825502723571,中风险,0.5646392949302762,中风险,0.4086825851646729,中风险,0.4150678176942025,中风险
5885.0,loc5,location5,0.600781739633628,高风险,0.4079199658915348,中风险,0.5525338501690313,中风险,0.6618059364697152,高风险,0.5295632177925481,中风险,0.5407532508434271,中风险
5889.0,loc5,location5,0.3882979352073161,低风险,0.17865348483153023,低风险,0.3748016755665914,低风险,0.5157123969612809,中风险,0.3469272914380415,低风险,0.3563891857864675,低风险
5929.0,loc5,location5,0.4411659244777037,中风险,0.28634620709712,低风险,0.5191864937433945,中风险,0.4585504403022288,中风险,0.4502030908299146,中风险,0.42136104704758115,中风险
5930.0,loc5,location5,0.6712318620596229,高风险,0.38801354386377096,低风险,0.712641056032625,高风险,0.7747860943920957,高风险,0.6403218801895983,高风险,0.6251468980961639,高风险
5947.0,loc5,location5,0.6060175236302041,高风险,0.39238652566459264,低风险,0.5613443534629673,中风险,0.656187664753172,高风险,0.5289129387576836,中风险,0.5366395146269107,中风险
5948.0,loc5,location5,0.46115510526714526,中风险,0.21834785298258824,低风险,0.44127717307578107,中风险,0.5995721740926567,中风险,0.4089687478943359,中风险,0.41973240005034196,中风险
5963.0,loc5,location5,0.5106881816027499,中风险,0.27821562360261437,低风险,0.5709712634913898,中风险,0.6279446439701954,高风险,0.5056720982062004,中风险,0.4923771770213999,中风险
6013.0,loc5,location5,0.5215511586811001,中风险,0.3520295148614293,低风险,0.5954926942034421,中风险,0.6212052121253254,高风险,0.5394519206281645,中风险,0.5229091403967322,中风险
6029.0,loc5,location5,0.28799110002318484,低风险,0.18322618013362071,低风险,0.4108263121231712,中风险,0.30058665574119997,低风险,0.33357435601820784,低风险,0.29821304933266396,低风险
6081.0,loc5,location5,0.6163411814769651,高风险,0.6025110328320639,高风险,0.6865944330095409,高风险,0.8116313912981216,高风险,0.6924848036510745,高风险,0.7002456190465755,高风险
6135.0,loc5,location5,0.47355840125004217,中风险,0.25022019173716314,低风险,0.5883225089504365,中风险,0.7248037751138766,高风险,0.5312187195994843,中风险,0.5211154919338253,中风险
6139.0,loc5,location5,0.5475657690898343,中风险,0.3769940779940434,低风险,0.6212207936109758,高风险,0.7212354371851484,高风险,0.5789381479193116,中风险,0.5731501029300559,中风险
6169.0,loc5,location5,0.26735417488945423,低风险,0.1594948961395071,低风险,0.34798029198913677,低风险,0.4688683071994774,中风险,0.3291197389782002,低风险,0.3254478317760404,低风险
6179.0,loc5,location5,0.7462056714883862,高风险,0.7185250663751197,高风险,0.7699146401292789,高风险,0.8121034385577817,高风险,0.7654596022407006,高风险,0.7668477150207267,高风险
6199.0,loc5,location5,0.5696077284787765,中风险,0.5550227378219943,中风险,0.5657362179472901,中风险,0.637992987870742,高风险,0.5805362671898763,中风险,0.5862506478800088,中风险
6214.0,loc5,location5,0.3141779895351791,低风险,0.2747134173935498,低风险,0.24398560194508276,低风险,0.35244959684718263,低风险,0.2702965306964032,低风险,0.2903828720619384,低风险
6221.0,loc5,location5,0.1524216509692638,低风险,0.04569812922492715,低风险,0.1342580553572746,低风险,0.3497348362874338,低风险,0.15255646190133287,低风险,0.17656367362321185,低风险
6223.0,loc5,location5,0.3077067236155257,低风险,0.16586513588942317,低风险,0.24373217583514303,低风险,0.39516059434309236,低风险,0.24977996337155609,低风险,0.26825263535588617,低风险
6230.0,loc5,location5,0.48433429556330215,中风险,0.23098327325898668,低风险,0.4634557277529568,中风险,0.6042850790644427,高风险,0.4248068764721956,中风险,0.4329080266921287,中风险
6236.0,loc5,location5,0.14865834699684075,低风险,0.044569838391008185,低风险,0.13094321215873347,低风险,0.3410998524120999,低风险,0.1487898294349089,低风险,0.1722043009872805,低风险
6242.0,loc5,location5,0.3639682478027038,低风险,0.21246394048695555,低风险,0.4816307848832961,中风险,0.5121005654966638,中风险,0.4225721569752212,中风险,0.40206509695563847,中风险
6249.0,loc5,location5,0.4810100045182096,中风险,0.24595294633789866,低风险,0.5901799976011037,中风险,0.7118897909232159,高风险,0.5268415880973696,中风险,0.5160075782874061,中风险
6253.0,loc5,location5,0.4773084483465291,中风险,0.249855430553977,低风险,0.588537539952945,中风险,0.7451863274772327,高风险,0.5352883160658857,中风险,0.5278597659947182,中风险
6298.0,loc5,location5,0.9350936141052307,高风险,0.9695292958394331,高风险,0.9050298912491791,高风险,0.9308616313524383,高风险,0.9238921729674963,高风险,0.9351402728136836,高风险
6338.0,loc5,location5,0.24704291192130104,低风险,0.14583352732985086,低风险,0.31486056041422705,低风险,0.43931971367405476,中风险,0.30081525007469023,低风险,0.3000046004727109,低风险
6347.0,loc5,location5,0.6945502619029056,高风险,0.4085105922146959,中风险,0.7418195593157808,高风险,0.8019313178444875,高风险,0.6677806194425636,高风险,0.650753823124988,高风险
6348.0,loc5,location5,0.5286974985868944,中风险,0.2821422578917299,低风险,0.48674068269899834,中风险,0.6373454364511997,高风险,0.4568393227760349,中风险,0.4687427923473093,中风险
6361.0,loc5,location5,0.7453469690503209,高风险,0.7524167170249635,高风险,0.7689832646946976,高风险,0.8156275658536353,高风险,0.7754068497626657,高风险,0.7790091825244321,高风险
6393.0,loc5,location5,0.4266988678798333,中风险,0.33755846764004466,低风险,0.4671407751916818,中风险,0.6339715187493433,高风险,0.4673427397741267,中风险,0.47955692052702326,中风险
6444.0,loc5,location5,0.6350185820969679,高风险,0.37998557156709883,低风险,0.6689591465290374,高风险,0.7476932811581404,高风险,0.6109723199082009,高风险,0.5988793330847589,中风险
6453.0,loc5,location5,0.48301737776425874,中风险,0.2579770365273413,低风险,0.6025158477181974,高风险,0.7478883489780542,高风险,0.5461817893252526,中风险,0.5361270777411976,中风险
6483.0,loc5,location5,0.5901863229853986,中风险,0.39876543270015,低风险,0.5441538467685577,中风险,0.6547988320394902,高风险,0.5213855742496125,中风险,0.532572703836066,中风险
6503.0,loc5,location5,0.389962928881896,低风险,0.5908699899542468,中风险,0.4354201927598121,中风险,0.3197130949849513,低风险,0.455967742925807,中风险,0.4486677592330034,中风险
6514.0,loc5,location5,0.36472795785225864,低风险,0.272549227004856,低风险,0.3924437898201206,低风险,0.490244846949797,中风险,0.3840351947199057,低风险,0.3850792879249245,低风险
6537.0,loc5,location5,0.44894872162477045,中风险,0.23398291647893651,低风险,0.5535039251830949,中风险,0.6898744522198832,高风险,0.5005923177022868,中风险,0.49245376462730484,中风险
6558.0,loc5,location5,0.7036582083309366,高风险,0.42692075276744285,中风险,0.7625140766915776,高风险,0.8209141628710123,高风险,0.6870059245083329,高风险,0.6701163307766776,高风险
6577.0,loc5,location5,0.4089499926559986,中风险,0.19899450153522613,低风险,0.4849951626012705,中风险,0.6462435020022742,高风险,0.44373668217462253,中风险,0.44341105537959025,中风险
6600.0,loc5,location5,0.816338140785889,高风险,0.8348608004460645,高风险,0.8141520951004689,高风险,0.8426633013503227,高风险,0.8253619550172112,高风险,0.830558732298952,高风险
6631.0,loc5,location5,0.6348961275719431,高风险,0.36121726084016803,低风险,0.7199764583890046,高风险,0.7832743558971206,高风险,0.6407923319056505,高风险,0.6214893583754311,高风险
6644.0,loc5,location5,0.6894493547212266,高风险,0.3988847802159003,低风险,0.731575493063831,高风险,0.7931007990841544,高风险,0.6569919831187665,高风险,0.6411870241212951,高风险
6680.0,loc5,location5,0.3974254939988905,低风险,0.18775055193507917,低风险,0.39522650438369167,低风险,0.4873260972373878,中风险,0.35447368833431053,低风险,0.35676771785205286,低风险
6689.0,loc5,location5,0.36175918391854817,低风险,0.18332714431793576,低风险,0.28667076644042827,低风险,0.46544037964295243,中风险,0.29076758497898125,低风险,0.31181276346710546,低风险
83.0,loc5,location5,0.5999182225791015,中风险,0.5880623182336318,中风险,0.5504666756343597,中风险,0.6732179766609054,高风险,0.5791122786795593,中风险,0.6039156568429656,高风险
97.0,loc5,location5,0.6214933246608207,高风险,0.35462243393697757,低风险,0.6877711214256699,高风险,0.747736636510265,高风险,0.6137577522873564,高风险,0.5967100639576375,中风险
115.0,loc5,location5,0.7320276138351514,高风险,0.42416693786208376,中风险,0.7940581651104744,高风险,0.8586854240481978,高风险,0.7113329038073527,高风险,0.6923035090069186,高风险
211.0,loc5,location5,0.502231728192945,中风险,0.3999138429834875,低风险,0.5211721432806206,中风险,0.6327958968266896,高风险,0.5153497349754149,中风险,0.5179606276969325,中风险
272.0,loc5,location5,0.6526522738534224,高风险,0.37042241528021763,低风险,0.6993509549546916,高风险,0.7633151483225884,高风险,0.6258882012814889,高风险,0.6110295061858325,高风险
277.0,loc5,location5,0.4530540098248871,中风险,0.23412172631338304,低风险,0.5575023814449022,中风险,0.6833707604729776,高风险,0.5009471973894477,中风险,0.49166495607708754,中风险
286.0,loc5,location5,0.013804353773154601,低风险,0.00413873710552479,低风险,0.01215933354129661,低风险,0.031674393868832106,低风险,0.013816563178995017,低风险,0.015990821505217835,低风险
296.0,loc5,location5,0.6651701689307241,高风险,0.4153961226874273,中风险,0.706284531415034,高风险,0.7166738986662016,高风险,0.6319032207830758,高风险,0.6127848509228876,高风险
325.0,loc5,location5,0.6260056535925282,高风险,0.5881051678429428,中风险,0.6043999047917799,高风险,0.6880619121266932,高风险,0.6189587614674487,高风险,0.6268556615871386,高风险
372.0,loc5,location5,0.4923194633583114,中风险,0.4388376482645568,中风险,0.5935268425722791,中风险,0.6119006137604647,高风险,0.5608545771201098,中风险,0.5480883681991001,中风险
375.0,loc5,location5,0.4632371292059736,中风险,0.22756091088776725,低风险,0.4389483422256408,中风险,0.5481228838687641,中风险,0.39968006436239234,低风险,0.4048773789940573,中风险
404.0,loc5,location5,0.6607503402613594,高风险,0.37812648314011854,低风险,0.7118340356892706,高风险,0.7578878669150941,高风险,0.6336599803246588,高风险,0.6159494619148277,高风险
479.0,loc5,location5,0.5614048454731462,中风险,0.3165339383239118,低风险,0.6302922935640184,高风险,0.6737399274345458,高风险,0.5577163010181634,中风险,0.5401887197741587,中风险
545.0,loc5,location5,0.599684728374182,中风险,0.35001249119872874,低风险,0.6392605048087399,高风险,0.7059791557194108,高风险,0.5778822381213734,中风险,0.5650840505756265,中风险
677.0,loc5,location5,0.7012173788559953,高风险,0.3997448703192799,低风险,0.7862711732196768,高风险,0.8607222242353545,高风险,0.7019943821717024,高风险,0.6822460892581037,高风险
715.0,loc5,location5,0.6672042632941013,高风险,0.3786438015176216,低风险,0.7359227375330515,高风险,0.814901090408929,高风险,0.6594580184977034,高风险,0.6431558764865339,高风险
722.0,loc5,location5,0.6519382376165617,高风险,0.36847873507831536,低风险,0.7359041694348635,高风险,0.8161619929014543,高风险,0.6577944443940775,高风险,0.6401816324715444,高风险
728.0,loc5,location5,0.5278629713630157,中风险,0.39870943434460543,低风险,0.6021456956454585,高风险,0.7659585092938648,高风险,0.5837487577069613,中风险,0.5889378797613095,中风险
741.0,loc5,location5,0.5158206504849058,中风险,0.2716961358982547,低风险,0.6429165201609657,高风险,0.7604122681647612,高风险,0.5729924675876349,中风险,0.5583416414079938,中风险
744.0,loc5,location5,0.45135570918766127,中风险,0.24212753603745601,低风险,0.569057356320184,中风险,0.6548790077712264,高风险,0.5043777750338683,中风险,0.4886879667096221,中风险
756.0,loc5,location5,0.341117398465882,低风险,0.19033469483217094,低风险,0.4459257502273204,中风险,0.43105858707188904,中风险,0.3786907728175496,低风险,0.35577301071046014,低风险
808.0,loc5,location5,0.464170335998288,中风险,0.2416324899522308,低风险,0.5742628242557589,中风险,0.6915645665999679,高风险,0.5137393767649419,中风险,0.5024866269359859,中风险
925.0,loc5,location5,0.6572044514579228,高风险,0.3753035696556707,低风险,0.7128236257335842,高风险,0.7719026149178947,高风险,0.6367291111930722,高风险,0.6200099367690497,高风险
937.0,loc5,location5,0.6852758655245258,高风险,0.38997227373443444,低风险,0.7306610377726872,高风险,0.790865786230141,高风险,0.6531252615939683,高风险,0.6371663659124208,高风险
985.0,loc5,location5,0.6633168000113903,高风险,0.3728347037100571,低风险,0.734261021244652,高风险,0.8163102107557315,高风险,0.6571193224468471,高风险,0.6411353119034802,高风险
990.0,loc5,location5,0.6221131686262149,高风险,0.34316233414423264,低风险,0.6764468155701854,高风险,0.7673197422236374,高风险,0.6072960487287675,高风险,0.5956429639793518,中风险
1029.0,loc5,location5,0.6786269775778089,高风险,0.44646328136690044,中风险,0.7346781841340464,高风险,0.7862521839062661,高风险,0.6703869713351162,高风险,0.6557978831357376,高风险
1084.0,loc5,location5,0.5897099185222163,中风险,0.3385423277249181,低风险,0.6490185455340053,高风险,0.7205338773056282,高风险,0.5835819726827666,中风险,0.5693649168548505,中风险
1098.0,loc5,location5,0.9795776055135214,高风险,0.6984099599222219,高风险,1.0391447611490088,高风险,1.0749026069279093,高风险,0.957300489600595,高风险,0.9374857759997133,高风险
1102.0,loc5,location5,0.5359472373891291,中风险,0.38691394877491225,低风险,0.5987070487322508,中风险,0.6838357440044173,高风险,0.5627780245795291,中风险,0.5564855805038601,中风险
1106.0,loc5,location5,0.9281421319100251,高风险,0.7834272045863474,高风险,0.9597618821478028,高风险,1.0037719284193858,高风险,0.923122126949588,高风险,0.9156536717178454,高风险
1129.0,loc5,location5,0.46057014056718276,中风险,0.2518322147009545,低风险,0.5877653855777717,中风险,0.6564194129234269,高风险,0.5178559630395925,中风险,0.49867233773405095,中风险
1152.0,loc5,location5,0.4245986604922964,中风险,0.2571396840543018,低风险,0.33701939114153623,低风险,0.5546761217489125,中风险,0.3545383836916161,低风险,0.38294506564825015,低风险
1207.0,loc5,location5,0.630715374687143,高风险,0.657018252305514,高风险,0.70207609259326,高风险,0.8048918656088044,高风险,0.7143208428461771,高风险,0.7213287368358594,高风险
1215.0,loc5,location5,0.719760174165426,高风险,0.6224310360702877,高风险,0.7385512460664035,高风险,0.8043350111504429,高风险,0.7224331532411422,高风险,0.7217724310957114,高风险
1222.0,loc5,location5,0.48474696085088687,中风险,0.4015583521861705,中风险,0.5485648813758838,中风险,0.6743302625753856,高风险,0.5370255903134448,中风险,0.54148449871248,中风险
1251.0,loc5,location5,0.6758913841721438,高风险,0.389685126633853,低风险,0.7305463155229724,高风险,0.7737593010462269,高风险,0.6503027537176815,高风险,0.6313302477343508,高风险
1265.0,loc5,location5,0.5327823503587599,中风险,0.2999444202546534,低风险,0.5678115150903248,中风险,0.6508684242106231,高风险,0.5144550631022436,中风险,0.5062081198518671,中风险
1383.0,loc5,location5,0.6764694610992984,高风险,0.6521269127094782,高风险,0.6973076504911614,高风险,0.7546830744218694,高风险,0.6985789192457795,高风险,0.7013725458741698,高风险
1391.0,loc5,location5,0.8741673753260966,高风险,0.8576067160359294,高风险,0.8804935081638815,高风险,0.9040306674090527,高风险,0.8792311186853383,高风险,0.8807102972029547,高风险
1421.0,loc5,location5,0.56681378178934,中风险,0.5500539387604481,中风险,0.6498371577051776,高风险,0.7223344590280335,高风险,0.6417891153479586,高风险,0.6407418518312197,高风险
1492.0,loc5,location5,0.6235580630171924,高风险,0.35628267254309187,低风险,0.6621583046573719,高风险,0.7189091480309615,高风险,0.5931510236630056,中风险,0.5791167084104751,中风险
1572.0,loc5,location5,0.5445172571207926,中风险,0.32613828435006365,低风险,0.5438245066085605,中风险,0.6771070797465988,高风险,0.5151436661472673,中风险,0.5156899569017409,中风险
1769.0,loc5,location5,0.4890268483885593,中风险,0.23556768231071804,低风险,0.46290017826208046,中风险,0.6036254656011572,高风险,0.4254909831919646,中风险,0.4340311087246518,中风险
1806.0,loc5,location5,0.4309637954324536,中风险,0.22491079835735464,低风险,0.5300365069471692,中风险,0.6757998291411832,高风险,0.48293494885136906,中风险,0.47691571148190237,中风险
1825.0,loc5,location5,0.5171102545289298,中风险,0.28110649527982806,低风险,0.5984245288125631,中风险,0.7031492465301592,高风险,0.5383458944059142,中风险,0.5275600902075168,中风险
1833.0,loc5,location5,0.4336972352558354,中风险,0.30403907032160415,低风险,0.5488632963608929,中风险,0.5827148311192075,中风险,0.49629911322627174,中风险,0.4785390659339015,中风险
1838.0,loc5,location5,0.5747797404166702,中风险,0.32111542931355547,低风险,0.6358659089163105,高风险,0.7433543841928316,高风险,0.5754221550425356,中风险,0.5667785741408992,中风险
1843.0,loc5,location5,0.8795798504605284,高风险,0.7476308638525379,高风险,0.9128151153336505,高风险,0.9636460321367598,高风险,0.880724537146629,高风险,0.8746973371076495,高风险
1845.0,loc5,location5,0.30935554731553544,低风险,0.18556965833038458,低风险,0.42279582318881814,中风险,0.3671242610229249,低风险,0.35344904015123646,低风险,0.3251632475140425,低风险
1860.0,loc5,location5,1.0837970759974223,高风险,1.166263557925758,高风险,1.112099697610639,高风险,1.1547390858624051,高风险,1.1353250418490253,高风险,1.1443674471329341,高风险
1868.0,loc5,location5,0.5990224618125903,中风险,0.3448301290360827,低风险,0.6390748550466814,高风险,0.6944553157241273,高风险,0.5733249637471033,中风险,0.5594534332689638,中风险
1886.0,loc5,location5,0.4377796729029962,中风险,0.2214051532868469,低风险,0.5305237381023952,中风险,0.6815950398778816,高风险,0.48234189578210496,中风险,0.4778413104223746,中风险
1917.0,loc5,location5,0.7442522807305058,高风险,0.4487801901560786,中风险,0.8360156490628378,高风险,0.8873556439498252,高风险,0.7467754053304655,高风险,0.7240504943895805,高风险
1930.0,loc5,location5,0.4668221023082005,中风险,0.41406313195398115,中风险,0.5711046548046769,中风险,0.5669796385422448,中风险,0.5334339617832194,中风险,0.517382475100301,中风险
1953.0,loc5,location5,0.4600384947312643,中风险,0.23830080061140413,低风险,0.5675223053988555,中风险,0.6871388371151698,高风险,0.5081821569602017,中风险,0.49765398104180975,中风险
2027.0,loc5,location5,0.42953508214260894,中风险,0.23865696503360737,低风险,0.5539922644063878,中风险,0.6010657115604001,高风险,0.48522049112377963,中风险,0.4645716470001317,中风险
2062.0,loc5,location5,0.31235594042272263,低风险,0.11953179943564024,低风险,0.3288114646890733,低风险,0.5119825919497075,中风险,0.30713545101838347,低风险,0.32010861869147367,低风险
2073.0,loc5,location5,0.46937537357436077,中风险,0.28278242085027644,低风险,0.49261815159066585,中风险,0.617705115643197,高风险,0.46577353496016444,中风险,0.46436856269471305,中风险
2092.0,loc5,location5,0.6345722708309238,高风险,0.44041662454866787,中风险,0.6772960448862665,高风险,0.7553773154600013,高风险,0.6324447670936675,高风险,0.6243633282983119,高风险
2099.0,loc5,location5,0.45255464080499125,中风险,0.35440647612335857,低风险,0.46758276771794416,中风险,0.5582880662092131,中风险,0.45918194518928174,中风险,0.46009243668350525,中风险
2126.0,loc5,location5,0.4590037741687666,中风险,0.36449869892867526,低风险,0.5206561673178597,中风险,0.5791258521128151,中风险,0.49580101909900687,中风险,0.48809357278645005,中风险
2191.0,loc5,location5,0.6826646223215385,高风险,0.5126739195512351,中风险,0.6916397610910117,高风险,0.7361194120257953,高风险,0.6529449935281948,高风险,0.6468110308893473,高风险
2208.0,loc5,location5,0.2481281741922378,低风险,0.14825237899197974,低风险,0.33106241567694905,低风险,0.362512062849217,低风险,0.29390679520006896,低风险,0.28060895250604856,低风险
2278.0,loc5,location5,0.5752700626787165,中风险,0.3210974825274377,低风险,0.6208478881099762,高风险,0.7204873381954057,高风险,0.5627942286521456,中风险,0.5541442362776066,中风险
2332.0,loc5,location5,0.37727928488451407,低风险,0.2127467389945038,低风险,0.4845893321713125,中风险,0.5819586648637765,中风险,0.4383031563534484,中风险,0.4264315786765309,中风险
2342.0,loc5,location5,0.28264783074125505,低风险,0.12947268102981996,低风险,0.3193351390025979,低风险,0.5025402039742964,中风险,0.30712242366513104,低风险,0.3171160080022381,低风险
2351.0,loc5,location5,0.4092309655962788,中风险,0.2086011632914077,低风险,0.49768074504254967,中风险,0.6393961014453501,高风险,0.4530031414769329,中风险,0.4485593365931025,中风险
2394.0,loc5,location5,0.3996928077931809,低风险,0.22129152447398456,低风险,0.5163074787591063,中风险,0.542952772691919,中风险,0.4480149521900626,中风险,0.4268505919750033,中风险
2405.0,loc5,location5,0.5887934651026747,中风险,0.3268952076252691,低风险,0.627979719151674,高风险,0.6890622823616982,高风险,0.5603206599161855,中风险,0.5479790697128805,中风险
2449.0,loc5,location5,0.6639782040057747,高风险,0.41940666269712795,中风险,0.7126304607457232,高风险,0.7686799016837972,高风险,0.6473086071193789,高风险,0.6335723417088828,高风险
2522.0,loc5,location5,0.6888680449138581,高风险,0.3901038474517031,低风险,0.7316000912872469,高风险,0.7948654213056381,高风险,0.6541523915929413,高风险,0.6388564533481961,高风险
2544.0,loc5,location5,0.7026709079461891,高风险,0.40393492258358715,中风险,0.7582528581133329,高风险,0.8122853569626768,高风险,0.6766566332490498,高风险,0.6581577125531989,高风险
2586.0,loc5,location5,0.8715875468509316,高风险,0.7301178414667446,高风险,0.9476953388791848,高风险,1.0062254719239292,高风险,0.9046264478999458,高风险,0.8946795507566195,高风险
2693.0,loc5,location5,0.41496526516933113,中风险,0.23770098271944565,低风险,0.4937795429963125,中风险,0.57966329868916,中风险,0.4477290637103135,中风险,0.437047941468306,中风险
2784.0,loc5,location5,0.2912231725127704,低风险,0.11218100919350837,低风险,0.3080922770419887,低风险,0.4715203722643486,中风险,0.28619952289133904,低风险,0.2972645528332819,低风险
2822.0,loc5,location5,0.6093479962419553,高风险,0.679913081443355,高风险,0.669307750894988,高风险,0.7729275875662011,高风险,0.6966639365139066,高风险,0.707382806634848,高风险
2837.0,loc5,location5,0.6555850596767518,高风险,0.3725145273952108,低风险,0.7108361027177413,高风险,0.7673348290249883,高风险,0.6337283850035511,高风险,0.6168951530459801,高风险
2841.0,loc5,location5,0.6088379778607798,高风险,0.6971533022914069,高风险,0.6788964508922861,高风险,0.7182234888274439,高风险,0.6953134204597655,高风险,0.698091080670379,高风险
2925.0,loc5,location5,0.4566080466573209,中风险,0.23477823838590356,低风险,0.5608317211682196,中风险,0.6850452762363081,高风险,0.503014501822332,中风险,0.493551745263477,中风险
2993.0,loc5,location5,0.6825309013080689,高风险,0.48403936397412306,中风险,0.7363988877852178,高风险,0.7905639209804916,高风险,0.681628418098534,高风险,0.670334057579944,高风险
3003.0,loc5,location5,0.38293958843689,低风险,0.22031700052854242,低风险,0.5035373441702878,中风险,0.5319573458955531,中风险,0.4400378481535003,中风险,0.41860389686479443,中风险
3018.0,loc5,location5,0.6315007792661991,高风险,0.36429422109173054,低风险,0.6693599309789056,高风险,0.7521759472531223,高风险,0.6067075863320699,高风险,0.5952766997745861,中风险
3021.0,loc5,location5,0.730803429989458,高风险,0.41058202999248944,中风险,0.7601982824976287,高风险,0.8302740767140574,高风险,0.6807928864097667,高风险,0.6670181297347252,高风险
3112.0,loc5,location5,0.2577963807642688,低风险,0.16435410427403577,低风险,0.3681389274605079,低风险,0.2693244084683453,低风险,0.29900406637628096,低风险,0.26727248006762966,低风险
3151.0,loc5,location5,0.3995754478109513,低风险,0.23124052187760866,低风险,0.4138485662260555,中风险,0.584374989321509,中风险,0.40213031154591533,中风险,0.40982135914172435,中风险
3208.0,loc5,location5,0.19379722671969546,低风险,0.07374379487411482,低风险,0.16402223494750573,低风险,0.36849699638149264,低风险,0.17907066033255029,低风险,0.20208767540103773,低风险
3217.0,loc5,location5,0.6023759511163889,高风险,0.35663473840784204,低风险,0.6429383678811823,高风险,0.7233427452636815,高风险,0.5841906164668118,中风险,0.5743052838509018,中风险
3233.0,loc5,location5,0.55722635599997,中风险,0.46140742187558004,中风险,0.6398367252172261,高风险,0.7627915143477201,高风险,0.6202886504131593,高风险,0.6213452204801754,高风险
3294.0,loc5,location5,0.5524702382094088,中风险,0.3146670976849881,低风险,0.6256655507361413,高风险,0.6764892970422676,高风险,0.5560405223187985,中风险,0.5389406484877989,中风险
3306.0,loc5,location5,0.7767888032623962,高风险,0.7952796586990487,高风险,0.6926693999231449,高风险,0.7834537809688248,高风险,0.7301068089967506,高风险,0.7571342798636729,高风险
3354.0,loc5,location5,0.3063026497666609,低风险,0.21225721605683995,低风险,0.3294753126680506,低风险,0.38588344289063375,低风险,0.3069102835418793,低风险,0.30920532387184146,低风险
3430.0,loc5,location5,0.6547633484471873,高风险,0.36702348779591876,低风险,0.6789444358234022,高风险,0.7578352045001119,高风险,0.611534030376105,高风险,0.6012677093731442,高风险
3549.0,loc5,location5,0.6087121007948813,高风险,0.33829475112324253,低风险,0.6676961745559086,高风险,0.7572744654797589,高风险,0.5999208432727393,中风险,0.5877551303863033,中风险
3601.0,loc5,location5,0.46773382226047544,中风险,0.44077790739526157,中风险,0.55343962302297,中风险,0.571378417006393,中风险,0.5309539141808811,中风险,0.5218653158082083,中风险
3607.0,loc5,location5,0.45792694275408147,中风险,0.27641665283651906,低风险,0.47246250790105526,中风险,0.5854893198322105,中风险,0.4462015466285019,中风险,0.4447894935232616,中风险
3617.0,loc5,location5,0.512814172832131,中风险,0.2837361205064133,低风险,0.6095388391566808,高风险,0.694326222399588,高风险,0.544213239342642,中风险,0.529200394020894,中风险
3663.0,loc5,location5,0.67455448641178,高风险,0.3833131517368407,低风险,0.7330992421653632,高风险,0.8009830424332934,高风险,0.6555922517239122,高风险,0.6391318121118323,高风险
3699.0,loc5,location5,0.4000219744485514,中风险,0.28772797713766834,低风险,0.5159990146943096,中风险,0.5048502639159093,中风险,0.45858702880496927,中风险,0.4361924185826291,中风险
3732.0,loc5,location5,0.6156426044993518,高风险,0.3395445382903981,低风险,0.671240919040277,高风险,0.7443237259572246,高风险,0.5986444506363335,中风险,0.5850363944292999,中风险
3829.0,loc5,location5,0.24599391972213944,低风险,0.10477996212474172,低风险,0.20342643137560223,低风险,0.4133246290090946,中风险,0.21665731361292334,低风险,0.2405103408364795,低风险
3861.0,loc5,location5,0.5503411571526704,中风险,0.3094102748625776,低风险,0.6291774398658826,高风险,0.6984909964624609,高风险,0.5612931188952662,中风险,0.545692903730307,中风险
3863.0,loc5,location5,0.7586922767434894,高风险,0.7466536404047449,高风险,0.8383034003276286,高风险,0.9958424719727325,高风险,0.8487824196468094,高风险,0.8602665042350354,高风险
3874.0,loc5,location5,0.5949622712865673,中风险,0.34964266147707734,低风险,0.616753048899984,高风险,0.7200617810316087,高风险,0.566320710644362,中风险,0.5621524971362233,中风险
3884.0,loc5,location5,0.6339717094339568,高风险,0.39262375126362314,低风险,0.6694535407899465,高风险,0.7505049633993041,高风险,0.6123142023062127,高风险,0.6041940851509578,高风险
3899.0,loc5,location5,0.6940786791574296,高风险,0.398677845289652,低风险,0.7671367338458868,高风险,0.7939873286004354,高风险,0.6767132523497302,高风险,0.653267302578658,高风险
3927.0,loc5,location5,0.4549430173974748,中风险,0.2722678161383799,低风险,0.5740948515384114,中风险,0.6723750827095687,高风险,0.5198820433723161,中风险,0.5062459167954533,中风险
3929.0,loc5,location5,0.4991249668290397,中风险,0.2686328657478918,低风险,0.522178420532045,中风险,0.6434200861067537,高风险,0.4792633561886846,中风险,0.4780771241288968,中风险
3951.0,loc5,location5,0.3848208738926747,低风险,0.1944395219088432,低风险,0.46637487581432485,中风险,0.5968076086233964,中风险,0.4234186487021061,中风险,0.41920733544885486,中风险
3978.0,loc5,location5,0.2007430818855536,低风险,0.06865891273198352,低风险,0.19439369272341023,低风险,0.39358876341866333,低风险,0.1991211627011899,低风险,0.21888045629135233,低风险
3982.0,loc5,location5,0.7407806804176996,高风险,0.4613319121282853,中风险,0.7961358481094798,高风险,0.8431992974460262,高风险,0.7183721094676564,高风险,0.7002223525612638,高风险
4072.0,loc5,location5,0.6110633787129782,高风险,0.6451399136442896,高风险,0.6649671055146589,高风险,0.7869229849235422,高风险,0.6865640717049516,高风险,0.6990100013608301,高风险
4103.0,loc5,location5,0.7061281908616204,高风险,0.41064682250227424,中风险,0.776820739246039,高风险,0.8037429205902934,高风险,0.6874078468596225,高风险,0.6637368274462022,高风险
4143.0,loc5,location5,0.6242410190023735,高风险,0.3524742002213419,低风险,0.6866974496066537,高风险,0.7467138631041205,高风险,0.6117509154327326,高风险,0.5952951709773721,中风险
4184.0,loc5,location5,0.5602339596229178,中风险,0.31929031938984753,低风险,0.6054329924948195,高风险,0.7036332802775248,高风险,0.5514775439662924,中风险,0.5427855307207305,中风险
4227.0,loc5,location5,0.831399581672528,高风险,0.8092232239174203,高风险,0.8426231313612167,高风险,0.8806000601608203,高风险,0.8420287484259749,高风险,0.8441488051464857,高风险
4230.0,loc5,location5,0.4799858980538275,中风险,0.2508948295728629,低风险,0.5933049312763939,中风险,0.7316598861469523,高风险,0.5350294454666444,中风险,0.5252865489987364,中风险
4244.0,loc5,location5,0.4657413180081497,中风险,0.24055880832719756,低风险,0.5741387721088619,中风险,0.691654144378463,高风险,0.5130865084431282,中风险,0.5021172416048408,中风险
4249.0,loc5,location5,0.6301515852342785,高风险,0.5326931065798854,中风险,0.687195149531514,高风险,0.7661603837072558,高风险,0.6647328897348146,高风险,0.6620162132728851,高风险
4399.0,loc5,location5,0.5887570530016262,中风险,0.33805990190755575,低风险,0.6268503106517963,高风险,0.6923703998485958,高风险,0.5646454822730544,中风险,0.5524268708026493,中风险
4407.0,loc5,location5,0.48601110122971286,中风险,0.34159265121384963,低风险,0.5958219042523546,中风险,0.6795450451564532,高风险,0.5503207381283745,中风险,0.5389865335408858,中风险
4423.0,loc5,location5,0.5743852895069981,中风险,0.3842688885650263,低风险,0.5998277044281269,中风险,0.6930515490891672,高风险,0.5626251192188151,中风险,0.5590493806941068,中风险
4435.0,loc5,location5,0.4018356126303277,中风险,0.3239446930968552,低风险,0.4642445330790242,中风险,0.5385086025359992,中风险,0.4438478749472482,中风险,0.4422326095706262,中风险
4501.0,loc5,location5,0.5634833467346222,中风险,0.4221624775059805,中风险,0.6688007579980482,高风险,0.7845096899429228,高风险,0.6310067027145261,高风险,0.6251576418156505,高风险
4580.0,loc5,location5,0.42890805381294494,中风险,0.21561987410805164,低风险,0.5205380000184058,中风险,0.645551095631056,高风险,0.4675398574440343,中风险,0.4605696565858378,中风险
4668.0,loc5,location5,0.4658071049010121,中风险,0.2253056849407771,低风险,0.5530341721422856,中风险,0.715079206723602,高风险,0.5005680872563061,中风险,0.49780635460222156,中风险
4711.0,loc5,location5,0.7051574552594524,高风险,0.4008144354473151,中风险,0.7410653589381002,高风险,0.8044123477618776,高风险,0.6636701218454165,高风险,0.648764047382431,高风险
4717.0,loc5,location5,0.6466815532741454,高风险,0.37411335871549734,低风险,0.7084500028795047,高风险,0.7483779252718433,高风险,0.6298564748161015,高风险,0.6103137622889484,高风险
4738.0,loc5,location5,0.2666396333472053,低风险,0.16560251867091147,低风险,0.3563140113328288,低风险,0.4557081961964631,中风险,0.33330733471749724,低风险,0.3258749087334011,低风险
4764.0,loc5,location5,0.7422962407139273,高风险,0.4259199325886798,中风险,0.8053248940219003,高风险,0.8584648136970109,高风险,0.7170634796499974,高风险,0.6965698801025303,高风险
4791.0,loc5,location5,0.5897234726885546,中风险,0.3287519133667736,低风险,0.6430042827957845,高风险,0.7109589358008606,高风险,0.5743254678596511,中风险,0.5609050439878062,中风险
4821.0,loc5,location5,0.6753497823887266,高风险,0.39293860836357847,低风险,0.7287832210562608,高风险,0.7745525334858321,高风险,0.6507775313949051,高风险,0.6320914543018904,高风险
4828.0,loc5,location5,0.42555820887892304,中风险,0.429155346772094,中风险,0.33128116140776287,低风险,0.48935680457659303,中风险,0.38429008737073317,低风险,0.4165977709188166,中风险
4834.0,loc5,location5,0.5749146114344706,中风险,0.31905779615600394,低风险,0.6526653640218515,高风险,0.7306021449187567,高风险,0.5823833779109374,中风险,0.5674417683655374,中风险
4846.0,loc5,location5,0.45808692555687724,中风险,0.2435374003975281,低风险,0.5740573054146803,中风险,0.6720517738505679,高风险,0.5107437550851076,中风险,0.49654882655425875,中风险
4850.0,loc5,location5,0.7393110487994459,高风险,0.549620110663641,中风险,0.7543705687194352,高风险,0.8064335214572018,高风险,0.7098477277535361,高风险,0.703474733613426,高风险
5045.0,loc5,location5,0.5908782622302535,中风险,0.34061929671247276,低风险,0.6232257171926473,高风险,0.7016588186210587,高风险,0.5653666590814969,中风险,0.5551679441753928,中风险
5047.0,loc5,location5,0.64493908258891,高风险,0.5210494216658582,中风险,0.7042070192432999,高风险,0.7243122921599715,高风险,0.6623827233872763,高风险,0.6498562443563765,高风险
5053.0,loc5,location5,0.768978060630237,高风险,0.7258674229801029,高风险,0.7569610610459536,高风险,0.789079135250332,高风险,0.7535124905527486,高风险,0.7573025397587961,高风险
5111.0,loc5,location5,0.5963187475927385,中风险,0.3308127482478446,低风险,0.6826484864420999,高风险,0.7676825252033729,高风险,0.6094522708046011,高风险,0.5937145866311058,中风险
5119.0,loc5,location5,0.4914067319424478,中风险,0.2720260211895063,低风险,0.6068870088943151,高风险,0.6793881897883995,高风险,0.5376194653479415,中风险,0.5194337399574069,中风险
5194.0,loc5,location5,0.5670725809092921,中风险,0.5892075253919957,中风险,0.6370265859394596,高风险,0.7187378822965746,高风险,0.6443367783244164,高风险,0.64832399787601,高风险
5225.0,loc5,location5,0.5641819138554396,中风险,0.6466981789061412,高风险,0.6139500937141007,高风险,0.7027531642808752,高风险,0.6434752508747481,高风险,0.6544671456337057,高风险
5226.0,loc5,location5,0.6329085655936216,高风险,0.36337991004892817,低风险,0.7088881537403572,高风险,0.7592562529994451,高风险,0.6301994414679191,高风险,0.6105081055962435,高风险
5296.0,loc5,location5,0.8257417009700986,高风险,0.8386972147026625,高风险,0.820867066114853,高风险,0.8559364184705155,高风险,0.8326375051105963,高风险,0.8385002330960104,高风险
5350.0,loc5,location5,0.6346467773419516,高风险,0.35340655329341963,低风险,0.7074239838295672,高风险,0.7941918669722088,高风险,0.6330336392240028,高风险,0.6183408013650651,高风险
5374.0,loc5,location5,0.4147466764396666,中风险,0.21966662734391487,低风险,0.5147931015677253,中风险,0.6450147178926948,高风险,0.46746424610682813,中风险,0.459824815601445,中风险
5467.0,loc5,location5,0.41846980589941185,中风险,0.22518965248525957,低风险,0.5286363921613157,中风险,0.6054817222051369,高风险,0.4681093429289475,中风险,0.4531025889505707,中风险
5492.0,loc5,location5,0.6595342839274343,高风险,0.46700882228996415,中风险,0.7218725445364959,高风险,0.7941808715836342,高风险,0.6704808721229507,高风险,0.661020746136698,高风险
5531.0,loc5,location5,0.5919092472903386,中风险,0.33756798484015604,低风险,0.6541865028939511,高风险,0.7123773003450363,高风险,0.58404860249093,中风险,0.5680439293597145,中风险
5551.0,loc5,location5,0.6517857961238375,高风险,0.45472079439497426,中风险,0.6977051102217046,高风险,0.7516644505705796,高风险,0.6459028399437537,高风险,0.6346967850624194,高风险
5573.0,loc5,location5,0.636005353105985,高风险,0.4155026260485177,中风险,0.6989372563712886,高风险,0.730587222230428,高风险,0.6321140064408195,高风险,0.6150090348834115,高风险
5593.0,loc5,location5,0.43004615150123987,中风险,0.222984996194207,低风险,0.5269070283159714,中风险,0.6783833934282494,高风险,0.48113642171543197,中风险,0.47609180597947587,中风险
5602.0,loc5,location5,0.45702799477141925,中风险,0.41603087993910987,中风险,0.5542284352625845,中风险,0.5713076970443098,中风险,0.5260231172426809,中风险,0.513855670748668,中风险
5621.0,loc5,location5,1.0404590138086507,高风险,1.0812020864785121,高风险,1.0493440013110302,高风险,1.114036594561926,高风险,1.0707820781692219,高风险,1.0815275607838226,高风险
5688.0,loc5,location5,0.47173054000159553,中风险,0.42081383451943477,中风险,0.5853670654845666,中风险,0.5434452626928716,中风险,0.5381902341772339,中风险,0.516542054232291,中风险
5696.0,loc5,location5,0.2418443059421524,低风险,0.13460416358143165,低风险,0.28959177136984143,低风险,0.4500739102956393,中风险,0.2848459903553554,低风险,0.29142328174897075,低风险
5719.0,loc5,location5,0.5885240269457525,中风险,0.6321966889363555,高风险,0.6380514305071132,高风险,0.609494978430924,高风险,0.6336335570405216,高风险,0.6265810326247976,高风险
5726.0,loc5,location5,0.3270055926954857,低风险,0.16367146463087348,低风险,0.26000376512110174,低风险,0.43068001519770627,中风险,0.26478073765291965,低风险,0.2847850816498938,低风险
5847.0,loc5,location5,0.45300285553588265,中风险,0.2506634737496785,低风险,0.5610613176745126,中风险,0.6775027071485806,高风险,0.5067479836253009,中风险,0.4964091661909239,中风险
5954.0,loc5,location5,0.2895751316353178,低风险,0.1878838298122138,低风险,0.41724975883462945,中风险,0.30496896268518553,低风险,0.3397619910083184,低风险,0.3033675171106763,低风险
6011.0,loc5,location5,0.47555304522215963,中风险,0.250870192615503,低风险,0.5929543828881441,中风险,0.7032946202904387,高风险,0.5290373434121235,中风险,0.5157063985980285,中风险
6025.0,loc5,location5,0.6947237826665456,高风险,0.45215041873237666,中风险,0.7288846279947099,高风险,0.8252828653816431,高风险,0.6743233349556057,高风险,0.6687726373695765,高风险
6046.0,loc5,location5,0.4970480001409143,中风险,0.4617978149563484,中风险,0.5980244019665029,中风险,0.5966545963892873,中风险,0.5661381894969859,中风险,0.5521589377707129,中风险
6057.0,loc5,location5,0.4167371657784418,中风险,0.24860975735864851,低风险,0.493484907816449,中风险,0.4662598104351448,中风险,0.4261254104954282,中风险,0.4027848252034141,中风险
6124.0,loc5,location5,0.5313088065092861,中风险,0.49221093468949756,中风险,0.6265132538176605,高风险,0.662271986179968,高风险,0.6023051744454434,高风险,0.5936653915623754,中风险
6320.0,loc5,location5,0.9766127802028006,高风险,0.7782304047108219,高风险,1.0416378038943306,高风险,1.0585149782273802,高风险,0.9767148720242582,高风险,0.9594610622775108,高风险
6398.0,loc5,location5,0.6412836727241605,高风险,0.3201754860031157,低风险,0.6000598492690025,高风险,0.7393140866313502,高风险,0.5465998350414861,中风险,0.5531831406344895,中风险
6435.0,loc5,location5,0.6313307911233871,高风险,0.3621543680625249,低风险,0.6927218028148295,高风险,0.7413403658176287,高风险,0.6167558819969026,高风险,0.5987388455649945,中风险
6449.0,loc5,location5,0.37418861517327706,低风险,0.19219296435286914,低风险,0.2954238081906464,低风险,0.4689299852463018,中风险,0.29831275294840826,低风险,0.3188489192632724,低风险
6470.0,loc5,location5,0.5972067997514588,中风险,0.3344759861247541,低风险,0.6873203160020629,高风险,0.7619988346490753,高风险,0.6121076397145856,高风险,0.5945983789252974,中风险
6473.0,loc5,location5,0.6258332455662906,高风险,0.3847514367122833,低风险,0.6936211815529617,高风险,0.7741250998551955,高风险,0.6297227853708823,高风险,0.6174992393734802,高风险
6489.0,loc5,location5,0.6520507542203083,高风险,0.4294768613631896,中风险,0.6131419986040362,高风险,0.7435432911622799,高风险,0.583631205849392,中风险,0.5953873837098352,中风险
6612.0,loc5,location5,0.5760549902538314,中风险,0.33359081639803806,低风险,0.6425906600519463,高风险,0.674017739847572,高风险,0.5693754677240723,中风险,0.5500664054325187,中风险
6622.0,loc5,location5,0.5706447754746381,中风险,0.33416793504530673,低风险,0.6306389335973247,高风险,0.6428790105413652,高风险,0.5565299572814448,中风险,0.5358952930613322,中风险
6659.0,loc5,location5,0.6778358482347735,高风险,0.3399835166210103,低风险,0.6306016483532871,高风险,0.7775029119923206,高风险,0.5753843322724991,中风险,0.5826960256555394,中风险
6669.0,loc5,location5,0.5339908966833566,中风险,0.30072978848650517,低风险,0.6255886532020046,高风险,0.6962873430680816,高风险,0.557466895569402,中风险,0.5408685949188639,中风险
6694.0,loc5,location5,0.47616453981568413,中风险,0.2440637323542089,低风险,0.5836514494590991,中风险,0.7167993628105946,高风险,0.5241253619219846,中风险,0.5148381815413008,中风险
6723.0,loc5,location5,0.15974233931316914,低风险,0.0529941591465885,低风险,0.1403551275586352,低风险,0.3627340271515047,低风险,0.16029037202871596,低风险,0.18536110461890945,低风险
